"row_id","incident_datetime","incident_date","incident_time","incident_year","incident_day_of_week","report_datetime","incident_id","incident_number","cad_number","report_type_code","report_type_description","filed_online","incident_code","incident_category","incident_subcategory","incident_description","resolution","intersection","cnn","police_district","analysis_neighborhood","supervisor_district","supervisor_district_2012","latitude","longitude","point","data_as_of","data_loaded_at"
"152278216710","2025-10-31T17:55:00.000","2025-10-31T00:00:00.000","17:55","2025","Friday","2025-10-31T17:55:00.000","1522782","250613625","253042598","II","Initial",,"16710","Drug Offense","Drug Violation","Narcotics Paraphernalia, Possession of","Cite or Arrest Adult","24TH ST \ LILAC ST","24074000","Mission","Mission","9","9","37.75226974487305","-122.41787719726562","POINT (-122.417877197 37.752269745)","2025-11-04T09:37:41.000","2025-11-05T09:59:28.000"
"160140806244","2026-09-09T21:15:00.000","2026-09-09T00:00:00.000","21:15","2026","Wednesday","2026-09-10T08:43:00.000","1601408","266108260",,"II","Coplogic Initial","true","06244","Larceny Theft","Larceny - From Vehicle","Theft, From Locked Vehicle, >$950","Open or Active",,,"Richmond",,,,,,,"2026-09-23T09:46:19.000","2026-09-24T09:59:33.000"
"160150707060","2026-09-22T18:21:00.000","2026-09-22T00:00:00.000","18:21","2026","Tuesday","2026-09-22T18:21:00.000","1601507","260514881",,"VS","Vehicle Supplement",,"07060",,,"Vehicle, Seizure Order Service","Open or Active",,,"Out of SF",,,,,,,"2026-09-23T09:46:19.000","2026-09-24T09:59:33.000"
"148998204134","2025-06-13T12:41:00.000","2025-06-13T00:00:00.000","12:41","2025","Friday","2025-06-13T12:46:00.000","1489982","250329888","251641497","II","Initial",,"04134","Assault","Simple Assault","Battery","Open or Active","JOHN F SHELLEY DR \ MANSELL ST","20872000","Ingleside","McLaren Park","9","9","37.7181282043457","-122.41417694091797","POINT (-122.414176941 37.718128204)","2025-06-14T09:37:39.000","2025-06-15T09:53:25.000"
"152328663010","2025-11-03T14:00:00.000","2025-11-03T00:00:00.000","14:00","2025","Monday","2025-11-03T14:00:00.000","1523286","250269557",,"IS","Initial Supplement",,"63010","Warrant","Other","Warrant Arrest, Local SF Warrant","Cite or Arrest Adult",,,"Out of SF",,,,,,,"2025-11-04T09:37:41.000","2025-11-05T09:59:28.000"
"149000206224","2025-05-21T00:00:00.000","2025-05-21T00:00:00.000","00:00","2025","Wednesday","2025-05-21T08:15:00.000","1490002","256057940",,"II","Coplogic Initial","true","06224","Larceny Theft","Larceny - From Vehicle","Theft, From Unlocked Vehicle, >$950","Open or Active",,,"Ingleside",,,,,,,"2025-06-14T09:37:39.000","2025-06-15T09:53:25.000"
"152326906304","2025-10-23T00:00:00.000","2025-10-23T00:00:00.000","00:00","2025","Thursday","2025-11-03T13:24:00.000","1523269","250618885","253071894","II","Initial",,"06304","Larceny Theft","Larceny Theft - From Building","Theft, From Building, >$950","Open or Active","38TH AVE \ CABRILLO ST","27865000","Richmond","Outer Richmond","1","1","37.773799896240234","-122.49825286865234","POINT (-122.498252869 37.773799896)","2025-11-04T09:37:41.000","2025-11-05T09:59:28.000"
"153811216100","2026-01-08T13:44:00.000","2026-01-08T00:00:00.000","13:44","2026","Thursday","2026-01-08T13:44:00.000","1538112","260013827","260081972","II","Initial",,"16100","Drug Offense","Drug Violation","Heroin Offense","Cite or Arrest Adult","LARKIN ST \ OFARRELL ST","25152000","Tenderloin","Tenderloin","5","6","37.7851676940918","-122.41790008544922","POINT (-122.417900085 37.785167694)","2026-01-09T09:37:35.000","2026-01-10T09:57:31.000"
"148983205043","2025-06-11T08:00:00.000","2025-06-11T00:00:00.000","08:00","2025","Wednesday","2025-06-12T11:27:00.000","1489832","250327597","251630592","II","Initial",,"05043","Burglary","Burglary - Residential","Burglary, Residence, Unlawful Entry","Open or Active","GOUGH ST \ HAIGHT ST","24410000","Northern","Hayes Valley","6","5","37.77315139770508","-122.42222595214844","POINT (-122.422225952 37.773151398)","2025-06-13T09:38:27.000","2025-06-14T09:53:06.000"
"148969503014","2025-06-12T00:09:00.000","2025-06-12T00:00:00.000","00:09","2025","Thursday","2025-06-12T00:09:00.000","1489695","250326840","251630020","II","Initial",,"03014","Robbery","Robbery - Street","Robbery, Street or Public Place, W/ Force","Cite or Arrest Adult","18TH ST \ MISSION ST","24149000","Mission","Mission","9","9","37.761837005615234","-122.41935729980469","POINT (-122.4193573 37.761837006)","2025-06-13T09:38:27.000","2025-06-14T09:53:06.000"
"148977109027","2025-05-23T00:00:00.000","2025-05-23T00:00:00.000","00:00","2025","Friday","2025-06-12T12:24:00.000","1489771","250327694","251631515","II","Initial",,"09027","Fraud","Fraud","False Personation","Open or Active","LANE ST \ MCKINNON AVE","20205000","Bayview","Bayview Hunters Point","10","10","37.734825134277344","-122.38738250732422","POINT (-122.387382507 37.734825134)","2025-06-13T09:38:27.000","2025-06-14T09:53:06.000"
"148991707041","2025-06-13T02:55:00.000","2025-06-13T00:00:00.000","02:55","2025","Friday","2025-06-13T02:55:00.000","1489917","250328385",,"VS","Vehicle Supplement",,"07041","Recovered Vehicle","Recovered Vehicle","Vehicle, Recovered, Auto","Open or Active",,,"Out of SF",,,,,,,"2025-06-14T09:37:39.000","2025-06-15T09:53:25.000"
"148969804014","2025-06-11T22:05:00.000","2025-06-11T00:00:00.000","22:05","2025","Wednesday","2025-06-11T22:09:00.000","1489698","250326715","251623047","II","Initial",,"04014","Assault","Aggravated Assault","Assault, Aggravated, W/ Force","Open or Active","BANCROFT AVE \ KEITH ST","20487000","Bayview","Bayview Hunters Point","10","10","37.72560501098633","-122.39279174804688","POINT (-122.392791748 37.725605011)","2025-06-13T09:38:27.000","2025-06-14T09:53:06.000"
"148975664070","2025-06-12T08:51:00.000","2025-06-12T00:00:00.000","08:51","2025","Thursday","2025-06-12T08:54:00.000","1489756","250327456","251630777","II","Initial",,"64070","Suspicious Occ","Suspicious Occ","Suspicious Occurrence","Open or Active","08TH AVE \ ANZA ST","27282000","Richmond","Inner Richmond","1","1","37.778995513916016","-122.4662857055664","POINT (-122.466285706 37.778995514)","2025-06-13T09:38:27.000","2025-06-14T09:53:06.000"
"148972006372","2025-06-05T08:30:00.000","2025-06-05T00:00:00.000","08:30","2025","Thursday","2025-06-09T17:47:00.000","1489720","256057837",,"II","Coplogic Initial","true","06372","Larceny Theft","Larceny Theft - Other","Theft, Other Property, $50-$200","Open or Active",,,"Mission",,,,,,,"2025-06-13T09:38:27.000","2025-06-14T09:53:06.000"
"148980006224","2025-06-09T20:25:00.000","2025-06-09T00:00:00.000","20:25","2025","Monday","2025-06-09T21:29:00.000","1489800","250322519",,"IS","Coplogic Supplement","true","06224","Larceny Theft","Larceny - From Vehicle","Theft, From Unlocked Vehicle, >$950","Open or Active","22ND ST \ HARRISON ST","23994000","Mission","Mission","9","9","37.75583267211914","-122.41220092773438","POINT (-122.412200928 37.755832672)","2025-06-13T09:38:27.000","2025-06-14T09:53:06.000"
"148982603074","2025-06-12T16:19:00.000","2025-06-12T00:00:00.000","16:19","2025","Thursday","2025-06-12T16:19:00.000","1489826","250328294","251632286","II","Initial",,"03074","Robbery","Robbery - Other","Robbery, W/ Force","Cite or Arrest Adult","CHESTNUT ST \ STEINER ST","26771000","Northern","Marina","2","2","37.80060958862305","-122.4378890991211","POINT (-122.437889099 37.800609589)","2025-06-13T09:38:27.000","2025-06-14T09:53:06.000"
"148982007021","2025-06-11T16:00:00.000","2025-06-11T00:00:00.000","16:00","2025","Wednesday","2025-06-12T16:00:00.000","1489820","250328216","251632133","VI","Vehicle Initial",,"07021","Motor Vehicle Theft","Motor Vehicle Theft","Vehicle, Stolen, Auto","Open or Active","HARRISON ST \ NORWICH ST","21166000","Ingleside","Bernal Heights","9","9","37.7452392578125","-122.41145324707031","POINT (-122.411453247 37.745239258)","2025-06-13T09:38:27.000","2025-06-14T09:53:06.000"
"148969704136","2025-05-18T00:01:00.000","2025-05-18T00:00:00.000","00:01","2025","Sunday","2025-06-11T04:59:00.000","1489697","250324781","251620251","II","Initial",,"04136","Assault","Simple Assault","Battery with Serious Injuries","Open or Active","MASON ST \ SUTTER ST","24920000","Central","Nob Hill","3","3","37.78901672363281","-122.41024017333984","POINT (-122.410240173 37.789016724)","2025-06-13T09:38:27.000","2025-06-14T09:53:06.000"
"148969968020","2025-06-11T22:15:00.000","2025-06-11T00:00:00.000","22:15","2025","Wednesday","2025-06-11T22:18:00.000","1489699","250326765","251623068","II","Initial",,"68020","Miscellaneous Investigation","Miscellaneous Investigation","Miscellaneous Investigation","Open or Active","CONGO ST \ HEARST AVE","22139000","Ingleside","West of Twin Peaks","7","7","37.73072052001953","-122.4420166015625","POINT (-122.442016602 37.73072052)","2025-06-13T09:38:27.000","2025-06-14T09:53:06.000"
"148982215161","2025-06-12T12:49:00.000","2025-06-12T00:00:00.000","12:49","2025","Thursday","2025-06-12T12:55:00.000","1489822","250327810","251631615","II","Initial",,"15161","Offences Against The Family And Children","Other","Violation of Restraining Order","Cite or Arrest Adult","CASTRO ST \ VALLEY ST","22005000","Ingleside","Noe Valley","8","8","37.74411392211914","-122.43339538574219","POINT (-122.433395386 37.744113922)","2025-06-13T09:38:27.000","2025-06-14T09:53:06.000"
"148969430190","2025-06-11T21:01:00.000","2025-06-11T00:00:00.000","21:01","2025","Wednesday","2025-06-11T21:01:00.000","1489694","250326674","251622859","II","Initial",,"30190","Other Offenses","Other","Municipal Police Code Violation (general)","Cite or Arrest Adult","ELLIS ST \ HYDE ST","25144000","Tenderloin","Tenderloin","5","6","37.78445053100586","-122.41606903076172","POINT (-122.416069031 37.784450531)","2025-06-13T09:38:27.000","2025-06-14T09:53:06.000"
"148981916704","2025-06-12T14:55:00.000","2025-06-12T00:00:00.000","14:55","2025","Thursday","2025-06-12T14:56:00.000","1489819","250328034","251632006","II","Initial",,"16704","Drug Offense","Drug Violation","Loitering Where Narcotics are Sold/Used","Cite or Arrest Adult","17TH ST \ CAPP ST","24140000","Mission","Mission","9","9","37.76349639892578","-122.41848754882812","POINT (-122.418487549 37.763496399)","2025-06-13T09:38:27.000","2025-06-14T09:53:06.000"
"148975207023","2025-06-10T17:00:00.000","2025-06-10T00:00:00.000","17:00","2025","Tuesday","2025-06-12T10:57:00.000","1489752","250327440","251631218","VI","Vehicle Initial",,"07023","Motor Vehicle Theft","Motor Vehicle Theft","Vehicle, Stolen, Motorcycle","Open or Active","COLUMBUS AVE \ GIBB ST \ ILS LN","24782000","Central","Chinatown","3","3","37.79606246948242","-122.40406799316406","POINT (-122.404067993 37.796062469)","2025-06-13T09:38:27.000","2025-06-14T09:53:06.000"
"148978161030","2025-05-12T00:00:00.000","2025-05-12T00:00:00.000","00:00","2025","Monday","2025-06-12T11:46:00.000","1489781","250327735","251631390","II","Initial",,"61030","Other","Other","Death Report, Cause Unknown","Open or Active","CHUMASERO DR \ GALINDO AVE","22555000","Taraval","Lakeshore","7","7","37.71367263793945","-122.47313690185547","POINT (-122.473136902 37.713672638)","2025-06-13T09:38:27.000","2025-06-14T09:53:06.000"
"148975916710","2025-06-12T09:07:00.000","2025-06-12T00:00:00.000","09:07","2025","Thursday","2025-06-12T09:07:00.000","1489759","250327246","251630816","II","Initial",,"16710","Drug Offense","Drug Violation","Narcotics Paraphernalia, Possession of","Cite or Arrest Adult","06TH ST \ MISSION ST","24293000","Southern","South of Market","6","6","37.78097152709961","-122.40870666503906","POINT (-122.408706665 37.780971527)","2025-06-13T09:38:27.000","2025-06-14T09:53:06.000"
"148979006224","2025-06-08T19:00:00.000","2025-06-08T00:00:00.000","19:00","2025","Sunday","2025-06-09T12:28:00.000","1489790","256057821",,"II","Coplogic Initial","true","06224","Larceny Theft","Larceny - From Vehicle","Theft, From Unlocked Vehicle, >$950","Open or Active","DUBOCE AVE \ ELGIN PARK","25847000","Mission","Mission","9","8","37.76982116699219","-122.42314910888672","POINT (-122.423149109 37.769821167)","2025-06-13T09:38:27.000","2025-06-14T09:53:06.000"
"148986862050","2025-06-12T19:45:00.000","2025-06-12T00:00:00.000","19:45","2025","Thursday","2025-06-12T19:45:00.000","1489868","250328755","251632940","II","Initial",,"62050","Warrant","Warrant","Warrant Arrest, Enroute To Outside Jurisdiction","Cite or Arrest Adult","ANTONIO ST \ JONES ST","24931000","Tenderloin","Tenderloin","5","6","37.785308837890625","-122.41287231445312","POINT (-122.412872314 37.785308838)","2025-06-13T09:38:27.000","2025-06-14T09:53:06.000"
"148979906244","2025-05-07T17:00:00.000","2025-05-07T00:00:00.000","17:00","2025","Wednesday","2025-05-22T22:04:00.000","1489799","250256786",,"IS","Coplogic Supplement","true","06244","Larceny Theft","Larceny - From Vehicle","Theft, From Locked Vehicle, >$950","Open or Active",,,"Central",,,,,,,"2025-06-13T09:38:27.000","2025-06-14T09:53:06.000"
"148987606361","2025-06-12T20:14:00.000","2025-06-12T00:00:00.000","20:14","2025","Thursday","2025-06-12T20:16:00.000","1489876","250328818","251633027","II","Initial",,"06361","Larceny Theft","Larceny Theft - Shoplifting","Theft, Shoplifting, <$50","Cite or Arrest Adult","40TH AVE \ TARAVAL ST","23440000","Taraval","Sunset/Parkside","4","4","37.7420539855957","-122.4981918334961","POINT (-122.498191833 37.742053986)","2025-06-13T09:38:27.000","2025-06-14T09:53:06.000"
"148984416710","2025-06-12T14:25:00.000","2025-06-12T00:00:00.000","14:25","2025","Thursday","2025-06-12T14:25:00.000","1489844","250327989","251631926","II","Initial",,"16710","Drug Offense","Drug Violation","Narcotics Paraphernalia, Possession of","Cite or Arrest Adult","06TH ST \ MISSION ST","24293000","Southern","South of Market","6","6","37.78097152709961","-122.40870666503906","POINT (-122.408706665 37.780971527)","2025-06-13T09:38:27.000","2025-06-14T09:53:06.000"
"148968206302","2025-06-11T03:58:00.000","2025-06-11T00:00:00.000","03:58","2025","Wednesday","2025-06-11T17:20:00.000","1489682","250326583","251622320","II","Initial",,"06302","Larceny Theft","Larceny Theft - From Building","Theft, From Building, $50-$200","Open or Active","06TH ST \ HOWARD ST","23946000","Southern","South of Market","6","6","37.77973937988281","-122.40715789794922","POINT (-122.407157898 37.77973938)","2025-06-13T09:38:27.000","2025-06-14T09:53:06.000"
"148984304014","2025-06-12T15:35:00.000","2025-06-12T00:00:00.000","15:35","2025","Thursday","2025-06-12T15:39:00.000","1489843","250328175","251632141","II","Initial",,"04014","Assault","Aggravated Assault","Assault, Aggravated, W/ Force","Open or Active","16TH ST \ SOUTH VAN NESS AVE","24142000","Mission","Mission","9","9","37.76518249511719","-122.41748809814453","POINT (-122.417488098 37.765182495)","2025-06-13T09:38:27.000","2025-06-14T09:53:06.000"
"148974007055","2025-06-12T08:41:00.000","2025-06-12T00:00:00.000","08:41","2025","Thursday","2025-06-12T08:41:00.000","1489740","250327202","251630745","VI","Vehicle Initial",,"07055","Motor Vehicle Theft","Motor Vehicle Theft","Vehicle, Recovered, Stolen outside SF","Open or Active","MONETA WAY \ WHIPPLE AVE","21568000","Ingleside","Outer Mission","11","11","37.712764739990234","-122.45014190673828","POINT (-122.450141907 37.71276474)","2025-06-13T09:38:27.000","2025-06-14T09:53:06.000"
"148973816660","2025-06-12T07:24:00.000","2025-06-12T00:00:00.000","07:24","2025","Thursday","2025-06-12T07:27:00.000","1489738","250327111","251630533","II","Initial",,"16660","Drug Offense","Drug Violation","Controlled Substance Offense","Cite or Arrest Adult","06TH ST \ STEVENSON ST","24295000","Tenderloin","South of Market","6","6","37.78175354003906","-122.4096908569336","POINT (-122.409690857 37.78175354)","2025-06-13T09:38:27.000","2025-06-14T09:53:06.000"
"148937207043","2025-02-24T03:25:00.000","2025-02-24T00:00:00.000","03:25","2025","Monday","2025-06-10T17:00:00.000","1489372","250126929","250633455","VS","Vehicle Supplement",,"07043","Recovered Vehicle","Recovered Vehicle","Vehicle, Recovered, Motorcycle","Open or Active","19TH ST \ CASTRO ST","25811000","Mission","Castro/Upper Market","8","8","37.7592887878418","-122.43485260009766","POINT (-122.4348526 37.759288788)","2025-06-13T09:38:27.000","2025-06-14T09:53:06.000"
"148974304014","2025-06-12T10:22:00.000","2025-06-12T00:00:00.000","10:22","2025","Thursday","2025-06-12T10:22:00.000","1489743","250312394",,"IS","Initial Supplement",,"04014","Assault","Aggravated Assault","Assault, Aggravated, W/ Force","Open or Active","FILLMORE ST \ TURK ST","25973000","Northern","Western Addition","5","5","37.780494689941406","-122.43214416503906","POINT (-122.432144165 37.78049469)","2025-06-13T09:38:27.000","2025-06-14T09:53:06.000"
"148971616662","2025-06-12T03:10:00.000","2025-06-12T00:00:00.000","03:10","2025","Thursday","2025-06-12T03:11:00.000","1489716","250326981","251630241","II","Initial",,"16662","Drug Offense","Drug Violation","Controlled Substance, Possession For Sale","Cite or Arrest Adult","FRANKLIN ST \ LILY ST","24455000","Northern","Hayes Valley","6","5","37.77476119995117","-122.42086029052734","POINT (-122.420860291 37.7747612)","2025-06-13T09:38:27.000","2025-06-14T09:53:06.000"
"148988619057","2025-06-12T00:01:00.000","2025-06-12T00:00:00.000","00:01","2025","Thursday","2025-06-12T19:38:00.000","1489886","250328830","251632923","II","Initial",,"19057","Disorderly Conduct","Intimidation","Terrorist Threats","Open or Active","HILL ST \ VALENCIA ST","24118000","Mission","Mission","9","8","37.756103515625","-122.4210433959961","POINT (-122.421043396 37.756103516)","2025-06-13T09:38:27.000","2025-06-14T09:53:06.000"
"148983006304","2025-05-12T14:43:00.000","2025-05-12T00:00:00.000","14:43","2025","Monday","2025-06-12T16:01:00.000","1489830","250328181","251632232","II","Initial",,"06304","Larceny Theft","Larceny Theft - From Building","Theft, From Building, >$950","Open or Active","GOUGH ST \ OAK ST","25906000","Northern","Hayes Valley","5","5","37.775020599365234","-122.42259979248047","POINT (-122.422599792 37.775020599)","2025-06-13T09:38:27.000","2025-06-14T09:53:06.000"
"148799804134","2025-03-01T00:00:00.000","2025-03-01T00:00:00.000","00:00","2025","Saturday","2025-06-04T09:40:00.000","1487998","250311700","251550929","II","Initial",,"04134","Assault","Simple Assault","Battery","Open or Active","LAGUNA ST \ PAGE ST","25908000","Park","Hayes Valley","5","5","37.77366638183594","-122.42569732666016","POINT (-122.425697327 37.773666382)","2025-06-13T09:38:27.000","2025-06-14T09:53:06.000"
"148968728150","2025-06-10T12:00:00.000","2025-06-10T00:00:00.000","12:00","2025","Tuesday","2025-06-11T16:21:00.000","1489687","250326129","251620819","IS","Initial Supplement",,"28150","Malicious Mischief","Vandalism","Malicious Mischief, Vandalism to Property","Open or Active","21ST ST \ DOUGLASS ST \ ROMAIN ST","26090000","Mission","Noe Valley","8","8","37.75543212890625","-122.4388656616211","POINT (-122.438865662 37.755432129)","2025-06-13T09:38:27.000","2025-06-14T09:53:06.000"
"148969527170","2025-06-12T00:09:00.000","2025-06-12T00:00:00.000","00:09","2025","Thursday","2025-06-12T00:09:00.000","1489695","250326840","251630020","II","Initial",,"27170","Other Miscellaneous","Other","Resisting, Delaying, or Obstructing  Peace Officer Duties","Cite or Arrest Adult","18TH ST \ MISSION ST","24149000","Mission","Mission","9","9","37.761837005615234","-122.41935729980469","POINT (-122.4193573 37.761837006)","2025-06-13T09:38:27.000","2025-06-14T09:53:06.000"
"148974728150","2025-06-11T02:00:00.000","2025-06-11T00:00:00.000","02:00","2025","Wednesday","2025-06-12T08:45:00.000","1489747","250327218","251630707","II","Initial",,"28150","Malicious Mischief","Vandalism","Malicious Mischief, Vandalism to Property","Open or Active","BEALE ST \ HARRISON ST","24495000","Southern","Financial District/South Beach","6","6","37.78745651245117","-122.39118194580078","POINT (-122.391181946 37.787456512)","2025-06-13T09:38:27.000","2025-06-14T09:53:06.000"
"148969526080","2025-06-12T00:09:00.000","2025-06-12T00:00:00.000","00:09","2025","Thursday","2025-06-12T00:09:00.000","1489695","250326840","251630020","II","Initial",,"26080","Other Miscellaneous","Other","Conspiracy","Cite or Arrest Adult","18TH ST \ MISSION ST","24149000","Mission","Mission","9","9","37.761837005615234","-122.41935729980469","POINT (-122.4193573 37.761837006)","2025-06-13T09:38:27.000","2025-06-14T09:53:06.000"
"148980964070","2025-06-12T13:40:00.000","2025-06-12T00:00:00.000","13:40","2025","Thursday","2025-06-12T13:55:00.000","1489809","250327901","251631834","II","Initial",,"64070","Suspicious Occ","Suspicious Occ","Suspicious Occurrence","Open or Active","03RD ST \ MINNA ST","24609000","Southern","Financial District/South Beach","6","6","37.78582763671875","-122.4014892578125","POINT (-122.401489258 37.785827637)","2025-06-13T09:38:27.000","2025-06-14T09:53:06.000"
"148974616710","2025-06-12T09:47:00.000","2025-06-12T00:00:00.000","09:47","2025","Thursday","2025-06-12T09:47:00.000","1489746","250327321","251630960","II","Initial",,"16710","Drug Offense","Drug Violation","Narcotics Paraphernalia, Possession of","Cite or Arrest Adult","ELLIS ST \ HYDE ST","25144000","Tenderloin","Tenderloin","5","6","37.78445053100586","-122.41606903076172","POINT (-122.416069031 37.784450531)","2025-06-13T09:38:27.000","2025-06-14T09:53:06.000"
"148972528100","2025-06-10T15:00:00.000","2025-06-10T00:00:00.000","15:00","2025","Tuesday","2025-06-11T10:55:00.000","1489725","250325212","251620338","II","Initial",,"28100","Malicious Mischief","Vandalism","Malicious Mischief, Breaking Windows","Open or Active","HOWARD ST \ WASHBURN ST","24307000","Southern","South of Market","6","6","37.774662017822266","-122.41358947753906","POINT (-122.413589478 37.774662018)","2025-06-13T09:38:27.000","2025-06-14T09:53:06.000"
"148974404134","2025-06-12T08:30:00.000","2025-06-12T00:00:00.000","08:30","2025","Thursday","2025-06-12T08:34:00.000","1489744","250327183","251630715","II","Initial",,"04134","Assault","Simple Assault","Battery","Open or Active","STONECREST DR \ WINSTON DR","23067000","Taraval","West of Twin Peaks","7","7","37.72688674926758","-122.47423553466797","POINT (-122.474235535 37.726886749)","2025-06-13T09:38:27.000","2025-06-14T09:53:06.000"
"148978863010","2025-06-12T13:40:00.000","2025-06-12T00:00:00.000","13:40","2025","Thursday","2025-06-12T13:42:00.000","1489788","250327882","251631782","II","Initial",,"63010","Warrant","Other","Warrant Arrest, Local SF Warrant","Cite or Arrest Adult","06TH ST \ MISSION ST","24293000","Southern","South of Market","6","6","37.78097152709961","-122.40870666503906","POINT (-122.408706665 37.780971527)","2025-06-13T09:38:27.000","2025-06-14T09:53:06.000"
"148968927130","2025-06-11T18:02:00.000","2025-06-11T00:00:00.000","18:02","2025","Wednesday","2025-06-11T18:02:00.000","1489689","250326458","251622442","II","Initial",,"27130","Other Miscellaneous","Other","Burglary Tools, Possession Of","Cite or Arrest Adult","12TH ST \ STEVENSON ST","24389000","Southern","Mission","6","6","37.77389144897461","-122.41966247558594","POINT (-122.419662476 37.773891449)","2025-06-13T09:38:27.000","2025-06-14T09:53:06.000"
"148982515410","2025-06-06T12:00:00.000","2025-06-06T00:00:00.000","12:00","2025","Friday","2025-06-12T16:30:00.000","1489825","250328266","251632348","II","Initial",,"15410",,,"Cryptocurrency Related Crime (secondary code only)","Open or Active","19TH ST \ SOUTH VAN NESS AVE","24129000","Mission","Mission","9","9","37.76036834716797","-122.41702270507812","POINT (-122.417022705 37.760368347)","2025-06-13T09:38:27.000","2025-06-14T09:53:06.000"
"148978271013","2025-06-12T06:00:00.000","2025-06-12T00:00:00.000","06:00","2025","Thursday","2025-06-12T13:46:00.000","1489782","250327860","251631802","VI","Vehicle Initial",,"71013","Larceny Theft","Theft From Vehicle","License Plate, Stolen","Open or Active","JERROLD AVE \ RANKIN ST","33114000","Bayview","Bayview Hunters Point","10","10","37.74210739135742","-122.39506530761719","POINT (-122.395065308 37.742107391)","2025-06-13T09:38:27.000","2025-06-14T09:53:06.000"
"148911851040","2025-06-09T15:45:00.000","2025-06-09T00:00:00.000","15:45","2025","Monday","2025-06-09T15:53:00.000","1489118","250322058","251602071","II","Initial",,"51040","Non-Criminal","Non-Criminal","Aided Case","Open or Active","MISSION ST \ PARK ST","21831000","Ingleside","Bernal Heights","8","9","37.73673629760742","-122.42423248291016","POINT (-122.424232483 37.736736298)","2025-06-13T09:38:27.000","2025-06-14T09:53:06.000"
"148969363010","2025-06-11T21:00:00.000","2025-06-11T00:00:00.000","21:00","2025","Wednesday","2025-06-11T21:37:00.000","1489693","250326787","251622886","II","Initial",,"63010","Warrant","Other","Warrant Arrest, Local SF Warrant","Cite or Arrest Adult","HARRIET ST \ HOWARD ST","24281000","Southern","South of Market","6","6","37.779319763183594","-122.4076919555664","POINT (-122.407691956 37.779319763)","2025-06-13T09:38:27.000","2025-06-14T09:53:06.000"
"148973106246","2025-01-04T23:00:00.000","2025-01-04T00:00:00.000","23:00","2025","Saturday","2025-06-12T08:00:00.000","1489731","250327177","251630726","VI","Vehicle Initial",,"06246","Larceny Theft","Larceny Theft - Other","License Plate or Tab, Theft of","Open or Active","GEARY BLVD \ PRESIDIO AVE","26834000","Richmond","Lone Mountain/USF","2","2","37.78248977661133","-122.4458236694336","POINT (-122.445823669 37.782489777)","2025-06-13T09:38:27.000","2025-06-14T09:53:06.000"
"148975963010","2025-06-12T09:07:00.000","2025-06-12T00:00:00.000","09:07","2025","Thursday","2025-06-12T09:07:00.000","1489759","250327246","251630816","II","Initial",,"63010","Warrant","Other","Warrant Arrest, Local SF Warrant","Cite or Arrest Adult","06TH ST \ MISSION ST","24293000","Southern","South of Market","6","6","37.78097152709961","-122.40870666503906","POINT (-122.408706665 37.780971527)","2025-06-13T09:38:27.000","2025-06-14T09:53:06.000"
"148980216710","2025-06-12T13:18:00.000","2025-06-12T00:00:00.000","13:18","2025","Thursday","2025-06-12T13:18:00.000","1489802","250327785","251631699","II","Initial",,"16710","Drug Offense","Drug Violation","Narcotics Paraphernalia, Possession of","Cite or Arrest Adult","04TH ST \ KING ST","23798000","Southern","Mission Bay","6","6","37.77633285522461","-122.39403533935547","POINT (-122.394035339 37.776332855)","2025-06-13T09:38:27.000","2025-06-14T09:53:06.000"
"148980705083","2025-06-11T22:30:00.000","2025-06-11T00:00:00.000","22:30","2025","Wednesday","2025-06-12T13:49:00.000","1489807","250328006","251631810","II","Initial",,"05083","Burglary","Burglary - Hot Prowl","Burglary, Hot Prowl, Unlawful Entry","Open or Active","16TH ST \ JOSE SARRIA CT \ POND ST","25800000","Mission","Castro/Upper Market","8","8","37.76428985595703","-122.43228149414062","POINT (-122.432281494 37.764289856)","2025-06-13T09:38:27.000","2025-06-14T09:53:06.000"
"148976362050","2025-06-12T11:18:00.000","2025-06-12T00:00:00.000","11:18","2025","Thursday","2025-06-12T11:18:00.000","1489763","250327547","251631296","II","Initial",,"62050","Warrant","Warrant","Warrant Arrest, Enroute To Outside Jurisdiction","Cite or Arrest Adult","EDDY ST \ JONES ST","24929000","Tenderloin","Tenderloin","5","6","37.783931732177734","-122.41259765625","POINT (-122.412597656 37.783931732)","2025-06-13T09:38:27.000","2025-06-14T09:53:06.000"
"148972416710","2025-06-12T00:27:00.000","2025-06-12T00:00:00.000","00:27","2025","Thursday","2025-06-12T00:27:00.000","1489724","250326903","251630052","II","Initial",,"16710","Drug Offense","Drug Violation","Narcotics Paraphernalia, Possession of","Cite or Arrest Adult","LARKIN ST \ TURK ST","25147000","Tenderloin","Tenderloin","5","6","37.782379150390625","-122.4173355102539","POINT (-122.41733551 37.78237915)","2025-06-13T09:38:27.000","2025-06-14T09:53:06.000"
"148971527195","2025-06-12T04:28:00.000","2025-06-12T00:00:00.000","04:28","2025","Thursday","2025-06-12T04:28:00.000","1489715","250327036","251630313","II","Initial",,"27195","Other Miscellaneous","Trespass","Trespassing","Open or Active","FREMONT ST \ FRONT ST \ MARKET ST","30730000","Central","Financial District/South Beach","6","6","37.791717529296875","-122.39826202392578","POINT (-122.398262024 37.791717529)","2025-06-13T09:38:27.000","2025-06-14T09:53:06.000"
"148970715200","2025-06-12T01:57:00.000","2025-06-12T00:00:00.000","01:57","2025","Thursday","2025-06-12T01:57:00.000","1489707","250326925","251630163","II","Initial",,"15200","Offences Against The Family And Children","Other","Domestic Violence (secondary only)","Cite or Arrest Adult","GONZALEZ DR \ JOSEPHA AVE","23036000","Taraval","Lakeshore","7","7","37.71601486206055","-122.47750091552734","POINT (-122.477500916 37.716014862)","2025-06-13T09:38:27.000","2025-06-14T09:53:06.000"
"148986765010","2025-06-12T19:33:00.000","2025-06-12T00:00:00.000","19:33","2025","Thursday","2025-06-12T19:33:00.000","1489867","250328727","251632912","II","Initial",,"65010","Traffic Violation Arrest","Traffic Violation Arrest","Traffic Violation Arrest","Cite or Arrest Adult","INGALLS ST \ THOMAS AVE","20146000","Bayview","Bayview Hunters Point","10","10","37.72723388671875","-122.38568115234375","POINT (-122.385681152 37.727233887)","2025-06-13T09:38:27.000","2025-06-14T09:53:06.000"
"148982403022","2025-06-12T11:49:00.000","2025-06-12T00:00:00.000","11:49","2025","Thursday","2025-06-12T12:21:00.000","1489824","250327973","251631512","II","Initial",,"03022","Robbery","Robbery - Commercial","Robbery, Comml. Establ. W/ A Knife","Open or Active","18TH ST \ COLLINGWOOD ST","25815000","Mission","Castro/Upper Market","8","8","37.76082229614258","-122.43611145019531","POINT (-122.43611145 37.760822296)","2025-06-13T09:38:27.000","2025-06-14T09:53:06.000"
"148971816220","2025-06-11T12:37:00.000","2025-06-11T00:00:00.000","12:37","2025","Wednesday","2025-06-11T12:37:00.000","1489718","250325541","251621398","IS","Initial Supplement",,"16220","Drug Offense","Drug Violation","Opiates, Possession For Sale","Cite or Arrest Adult","HYDE ST \ OFARRELL ST","25145000","Tenderloin","Tenderloin","5","6","37.785377502441406","-122.416259765625","POINT (-122.416259766 37.785377502)","2025-06-13T09:38:27.000","2025-06-14T09:53:06.000"
"148934651040","2025-06-10T14:01:00.000","2025-06-10T00:00:00.000","14:01","2025","Tuesday","2025-06-10T14:01:00.000","1489346","250323733","251611770","II","Initial",,"51040","Non-Criminal","Non-Criminal","Aided Case","Open or Active","RANDOLPH ST \ VERNON ST","22539000","Taraval","Oceanview/Merced/Ingleside","11","11","37.71426773071289","-122.4679946899414","POINT (-122.46799469 37.714267731)","2025-06-13T09:38:27.000","2025-06-14T09:53:06.000"
"148970465030","2025-06-12T00:22:00.000","2025-06-12T00:00:00.000","00:22","2025","Thursday","2025-06-12T00:24:00.000","1489704","250326862","251630049","II","Initial",,"65030","Other Miscellaneous","Other","Driving, Speeding","Open or Active","21ST ST \ VALENCIA ST","24119000","Mission","Mission","9","8","37.756900787353516","-122.4211196899414","POINT (-122.42111969 37.756900787)","2025-06-13T09:38:27.000","2025-06-14T09:53:06.000"
"148970627175","2025-06-12T02:09:00.000","2025-06-12T00:00:00.000","02:09","2025","Thursday","2025-06-12T02:09:00.000","1489706","250326931","251630179","II","Initial",,"27175","Other Miscellaneous","Other","Evading a Police Officer Recklessly","Open or Active","FRANKLIN ST \ OFARRELL ST \ STARR KING WAY","25196000","Northern","Western Addition","2","5","37.7845458984375","-122.42283630371094","POINT (-122.422836304 37.784545898)","2025-06-13T09:38:27.000","2025-06-14T09:53:06.000"
"148976027199","2025-06-12T09:37:00.000","2025-06-12T00:00:00.000","09:37","2025","Thursday","2025-06-12T09:37:00.000","1489760","250327337","251630923","II","Initial",,"27199","Other Miscellaneous","Loitering","Lodging Without Permission","Cite or Arrest Adult","EVANS AVE \ SELBY ST","33107000","Bayview","Bayview Hunters Point","10","10","37.74616241455078","-122.39405059814453","POINT (-122.394050598 37.746162415)","2025-06-13T09:38:27.000","2025-06-14T09:53:06.000"
"148977209026","2025-05-19T12:00:00.000","2025-05-19T00:00:00.000","12:00","2025","Monday","2025-06-12T12:57:00.000","1489772","250327757","251631623","II","Initial",,"09026","Fraud","Fraud","False Personation and Cheat Crimes (general)","Open or Active","CLAYTON ST \ CORBETT AVE","26193000","Park","Castro/Upper Market","8","8","37.758724212646484","-122.4460220336914","POINT (-122.446022034 37.758724213)","2025-06-13T09:38:27.000","2025-06-14T09:53:06.000"
"148979206244","2025-06-09T00:00:00.000","2025-06-09T00:00:00.000","00:00","2025","Monday","2025-06-10T13:45:00.000","1489792","256057865",,"II","Coplogic Initial","true","06244","Larceny Theft","Larceny - From Vehicle","Theft, From Locked Vehicle, >$950","Open or Active","30TH AVE \ LAWTON ST","27683000","Richmond","Sunset/Parkside","4","4","37.7574462890625","-122.48851776123047","POINT (-122.488517761 37.757446289)","2025-06-13T09:38:27.000","2025-06-14T09:53:06.000"
"148956706244","2025-06-11T10:45:00.000","2025-06-11T00:00:00.000","10:45","2025","Wednesday","2025-06-11T13:58:00.000","1489567","250325858","251621675","II","Initial",,"06244","Larceny Theft","Larceny - From Vehicle","Theft, From Locked Vehicle, >$950","Open or Active","AVERY ST \ POST ST","26597000","Northern","Japantown","5","5","37.78504943847656","-122.43390655517578","POINT (-122.433906555 37.785049438)","2025-06-13T09:38:27.000","2025-06-14T09:53:06.000"
"148981507041","2025-06-12T15:25:00.000","2025-06-12T00:00:00.000","15:25","2025","Thursday","2025-06-12T16:30:00.000","1489815","250327644","251632199","VS","Vehicle Supplement",,"07041","Recovered Vehicle","Recovered Vehicle","Vehicle, Recovered, Auto","Open or Active","PIERCE ST \ SACRAMENTO ST","26638000","Richmond","Pacific Heights","2","2","37.78942108154297","-122.43731689453125","POINT (-122.437316895 37.789421082)","2025-06-13T09:38:27.000","2025-06-14T09:53:06.000"
"148980165015","2025-06-12T13:45:00.000","2025-06-12T00:00:00.000","13:45","2025","Thursday","2025-06-12T13:45:00.000","1489801","250327939","251631776","II","Initial",,"65015","Other Miscellaneous","Other","Driving, No License Issued","Cite or Arrest Adult","SCOTT ST \ WASHINGTON ST","26852000","Northern","Pacific Heights","2","2","37.79097366333008","-122.4393081665039","POINT (-122.439308167 37.790973663)","2025-06-13T09:38:27.000","2025-06-14T09:53:06.000"
"148974705071","2025-06-11T02:00:00.000","2025-06-11T00:00:00.000","02:00","2025","Wednesday","2025-06-12T08:45:00.000","1489747","250327218","251630707","II","Initial",,"05071","Burglary","Burglary - Other","Burglary, Other Bldg., Forcible Entry","Open or Active","BEALE ST \ HARRISON ST","24495000","Southern","Financial District/South Beach","6","6","37.78745651245117","-122.39118194580078","POINT (-122.391181946 37.787456512)","2025-06-13T09:38:27.000","2025-06-14T09:53:06.000"
"148974964085","2025-06-12T09:40:00.000","2025-06-12T00:00:00.000","09:40","2025","Thursday","2025-06-12T10:02:00.000","1489749","250327387","251630976","II","Initial",,"64085","Other Miscellaneous","Other","Investigative Detention","Open or Active","24TH ST \ HARRISON ST","23978000","Mission","Mission","9","9","37.752628326416016","-122.41190338134766","POINT (-122.411903381 37.752628326)","2025-06-13T09:38:27.000","2025-06-14T09:53:06.000"
"148970215161","2025-06-11T22:50:00.000","2025-06-11T00:00:00.000","22:50","2025","Wednesday","2025-06-11T22:54:00.000","1489702","250326806","251623157","II","Initial",,"15161","Offences Against The Family And Children","Other","Violation of Restraining Order","Cite or Arrest Adult","DETROIT ST \ STAPLES AVE","22153000","Ingleside","West of Twin Peaks","7","7","37.729095458984375","-122.44428253173828","POINT (-122.444282532 37.729095459)","2025-06-13T09:38:27.000","2025-06-14T09:53:06.000"
"148973962050","2025-06-12T08:01:00.000","2025-06-12T00:00:00.000","08:01","2025","Thursday","2025-06-12T08:01:00.000","1489739","250327149","251630612","II","Initial",,"62050","Warrant","Warrant","Warrant Arrest, Enroute To Outside Jurisdiction","Cite or Arrest Adult","06TH ST \ STEVENSON ST","24295000","Tenderloin","South of Market","6","6","37.78175354003906","-122.4096908569336","POINT (-122.409690857 37.78175354)","2025-06-13T09:38:27.000","2025-06-14T09:53:06.000"
"148981328160","2025-06-10T15:50:00.000","2025-06-10T00:00:00.000","15:50","2025","Tuesday","2025-06-12T16:18:00.000","1489813","250328238","251632310","II","Initial",,"28160","Malicious Mischief","Vandalism","Malicious Mischief, Vandalism to Vehicle","Open or Active","BROTHERHOOD WAY \ LAKE MERCED BLVD","33540000","Taraval","Lakeshore","7","7","37.71469497680664","-122.4852294921875","POINT (-122.485229492 37.714694977)","2025-06-13T09:38:27.000","2025-06-14T09:53:06.000"
"148982707021","2025-06-12T16:05:00.000","2025-06-12T00:00:00.000","16:05","2025","Thursday","2025-06-12T17:10:00.000","1489827","250328385","251632465","VI","Vehicle Initial",,"07021","Motor Vehicle Theft","Motor Vehicle Theft","Vehicle, Stolen, Auto","Open or Active","BAKER ST \ POST ST","26814000","Richmond","Presidio Heights","5","2","37.783897399902344","-122.44298553466797","POINT (-122.442985535 37.7838974)","2025-06-13T09:38:27.000","2025-06-14T09:53:06.000"
"148985026040","2025-06-12T15:30:00.000","2025-06-12T00:00:00.000","15:30","2025","Thursday","2025-06-12T18:00:00.000","1489850","250328476","251632622","II","Initial",,"26040","Other Miscellaneous","Extortion-Blackmail","Extortion, Attempted","Open or Active","CHESLEY ST \ HARRISON ST","24252000","Southern","South of Market","6","6","37.77463912963867","-122.40740203857422","POINT (-122.407402039 37.77463913)","2025-06-13T09:38:27.000","2025-06-14T09:53:06.000"
"148986471013","2025-06-10T17:45:00.000","2025-06-10T00:00:00.000","17:45","2025","Tuesday","2025-06-12T19:42:00.000","1489864","250328749","251632929","VI","Vehicle Initial",,"71013","Larceny Theft","Theft From Vehicle","License Plate, Stolen","Open or Active","HOWARD ST \ RUSS ST","24287000","Southern","South of Market","6","6","37.77886199951172","-122.40827178955078","POINT (-122.40827179 37.778862)","2025-06-13T09:38:27.000","2025-06-14T09:53:06.000"
"148983816710","2025-06-12T14:41:00.000","2025-06-12T00:00:00.000","14:41","2025","Thursday","2025-06-12T14:41:00.000","1489838","250328012","251631973","II","Initial",,"16710","Drug Offense","Drug Violation","Narcotics Paraphernalia, Possession of","Cite or Arrest Adult","06TH ST \ MISSION ST","24293000","Tenderloin","South of Market","6","6","37.78097152709961","-122.40870666503906","POINT (-122.408706665 37.780971527)","2025-06-13T09:38:27.000","2025-06-14T09:53:06.000"
"148978609250","2025-06-12T11:00:00.000","2025-06-12T00:00:00.000","11:00","2025","Thursday","2025-06-12T13:26:00.000","1489786","250327804","251631730","II","Initial",,"09250","Fraud","Fraud","Fraudulent Use Of Automated Teller Card","Open or Active","BROADWAY \ STOCKTON ST","25057000","Central","Chinatown","3","3","37.79762649536133","-122.40861511230469","POINT (-122.408615112 37.797626495)","2025-06-13T09:38:27.000","2025-06-14T09:53:06.000"
"148972465010","2025-06-12T00:27:00.000","2025-06-12T00:00:00.000","00:27","2025","Thursday","2025-06-12T00:27:00.000","1489724","250326903","251630052","II","Initial",,"65010","Traffic Violation Arrest","Traffic Violation Arrest","Traffic Violation Arrest","Cite or Arrest Adult","LARKIN ST \ TURK ST","25147000","Tenderloin","Tenderloin","5","6","37.782379150390625","-122.4173355102539","POINT (-122.41733551 37.78237915)","2025-06-13T09:38:27.000","2025-06-14T09:53:06.000"
"148988171013","2025-06-12T02:00:00.000","2025-06-12T00:00:00.000","02:00","2025","Thursday","2025-06-12T21:03:00.000","1489881","250328852","251633155","VI","Vehicle Initial",,"71013","Larceny Theft","Theft From Vehicle","License Plate, Stolen","Open or Active","BURNETT AVE \ HOPKINS AVE","26119000","Park","Twin Peaks","8","8","37.753135681152344","-122.44464111328125","POINT (-122.444641113 37.753135681)","2025-06-13T09:38:27.000","2025-06-14T09:53:06.000"
"148988615200","2025-06-12T00:01:00.000","2025-06-12T00:00:00.000","00:01","2025","Thursday","2025-06-12T19:38:00.000","1489886","250328830","251632923","II","Initial",,"15200","Offences Against The Family And Children","Other","Domestic Violence (secondary only)","Open or Active","HILL ST \ VALENCIA ST","24118000","Mission","Mission","9","8","37.756103515625","-122.4210433959961","POINT (-122.421043396 37.756103516)","2025-06-13T09:38:27.000","2025-06-14T09:53:06.000"
"148981771000","2025-06-11T14:45:00.000","2025-06-11T00:00:00.000","14:45","2025","Wednesday","2025-06-12T16:00:00.000","1489817","250328153","251632210","II","Initial",,"71000","Lost Property","Lost Property","Lost Property","Open or Active","GOLDEN GATE AVE \ POLK ST","24463000","Tenderloin","Tenderloin","5","6","37.78123474121094","-122.41880798339844","POINT (-122.418807983 37.781234741)","2025-06-13T09:38:27.000","2025-06-14T09:53:06.000"
"148976971013","2024-06-12T12:00:00.000","2024-06-12T00:00:00.000","12:00","2024","Wednesday","2025-06-12T12:06:00.000","1489769","250327650","251631463","VI","Vehicle Initial",,"71013","Larceny Theft","Theft From Vehicle","License Plate, Stolen","Open or Active","BOUTWELL ST \ INDUSTRIAL ST \ LOOMIS ST","20779000","Bayview","Bayview Hunters Point","10","10","37.73832321166992","-122.40564727783203","POINT (-122.405647278 37.738323212)","2025-06-13T09:38:27.000","2025-06-14T09:53:06.000"
"148972604013","2025-06-11T22:18:00.000","2025-06-11T00:00:00.000","22:18","2025","Wednesday","2025-06-11T22:40:00.000","1489726","250326771","251623088","II","Initial",,"04013","Assault","Aggravated Assault","Assault, Aggravated, W/ Other Weapon","Open or Active","PACIFIC AVE \ POLK ST","25316000","Northern","Russian Hill","3","3","37.79502868652344","-122.42158508300781","POINT (-122.421585083 37.795028687)","2025-06-13T09:38:27.000","2025-06-14T09:53:06.000"
"148985868020","2025-06-12T18:25:00.000","2025-06-12T00:00:00.000","18:25","2025","Thursday","2025-06-12T18:28:00.000","1489858","250328539","251632717","II","Initial",,"68020","Miscellaneous Investigation","Miscellaneous Investigation","Miscellaneous Investigation","Open or Active","LARKIN ST \ OFARRELL ST","25152000","Tenderloin","Tenderloin","5","6","37.7851676940918","-122.41790008544922","POINT (-122.417900085 37.785167694)","2025-06-13T09:38:27.000","2025-06-14T09:53:06.000"
"148978416704","2025-06-12T13:11:00.000","2025-06-12T00:00:00.000","13:11","2025","Thursday","2025-06-12T13:11:00.000","1489784","250327779","251631677","II","Initial",,"16704","Drug Offense","Drug Violation","Loitering Where Narcotics are Sold/Used","Cite or Arrest Adult","ADA CT \ OFARRELL ST","25142000","Tenderloin","Tenderloin","5","6","37.78544998168945","-122.4156723022461","POINT (-122.415672302 37.785449982)","2025-06-13T09:38:27.000","2025-06-14T09:53:06.000"
"148989068020","2025-06-12T21:32:00.000","2025-06-12T00:00:00.000","21:32","2025","Thursday","2025-06-12T21:32:00.000","1489890","250328921","251633227","II","Initial",,"68020","Miscellaneous Investigation","Miscellaneous Investigation","Miscellaneous Investigation","Open or Active","OAKDALE AVE \ RANKIN ST","20748000","Bayview","Bayview Hunters Point","10","10","37.73884582519531","-122.39781188964844","POINT (-122.39781189 37.738845825)","2025-06-13T09:38:27.000","2025-06-14T09:53:06.000"
"148975164070","2025-06-07T12:00:00.000","2025-06-07T00:00:00.000","12:00","2025","Saturday","2025-06-12T09:45:00.000","1489751","250327412","251630958","II","Initial",,"64070","Suspicious Occ","Suspicious Occ","Suspicious Occurrence","Open or Active","15TH AVE \ WEST PORTAL AVE","22940000","Taraval","West of Twin Peaks","7","7","37.73658752441406","-122.47057342529297","POINT (-122.470573425 37.736587524)","2025-06-13T09:38:27.000","2025-06-14T09:53:06.000"
"148984562050","2025-06-12T15:14:00.000","2025-06-12T00:00:00.000","15:14","2025","Thursday","2025-06-12T15:14:00.000","1489845","250328090","251632060","II","Initial",,"62050","Warrant","Warrant","Warrant Arrest, Enroute To Outside Jurisdiction","Cite or Arrest Adult","06TH ST \ MINNA ST","24285000","Southern","South of Market","6","6","37.78053665161133","-122.40815734863281","POINT (-122.408157349 37.780536652)","2025-06-13T09:38:27.000","2025-06-14T09:53:06.000"
"148969151040","2025-06-11T20:40:00.000","2025-06-11T00:00:00.000","20:40","2025","Wednesday","2025-06-11T20:45:00.000","1489691","250326696","251622846","II","Initial",,"51040","Non-Criminal","Non-Criminal","Aided Case","Open or Active","EDDY ST \ STEINER ST","26049000","Northern","Western Addition","5","5","37.781219482421875","-122.43397521972656","POINT (-122.43397522 37.781219482)","2025-06-13T09:38:27.000","2025-06-14T09:53:06.000"
"148987463010","2025-06-12T20:23:00.000","2025-06-12T00:00:00.000","20:23","2025","Thursday","2025-06-12T20:23:00.000","1489874","240438596","251633054","IS","Initial Supplement",,"63010","Warrant","Other","Warrant Arrest, Local SF Warrant","Cite or Arrest Adult","ELLIS ST \ LEAVENWORTH ST","25139000","Tenderloin","Tenderloin","5","6","37.7846565246582","-122.4144287109375","POINT (-122.414428711 37.784656525)","2025-06-13T09:38:27.000","2025-06-14T09:53:06.000"
"148976504013","2025-06-12T10:15:00.000","2025-06-12T00:00:00.000","10:15","2025","Thursday","2025-06-12T10:20:00.000","1489765","250327428","251631063","II","Initial",,"04013","Assault","Aggravated Assault","Assault, Aggravated, W/ Other Weapon","Open or Active","DR CARLTON B GOODLETT PL \ MCALLISTER ST \ POLK ST","24462000","Northern","Tenderloin","5","6","37.7802619934082","-122.4186019897461","POINT (-122.41860199 37.780261993)","2025-06-13T09:38:27.000","2025-06-14T09:53:06.000"
"148971612164","2025-06-12T03:10:00.000","2025-06-12T00:00:00.000","03:10","2025","Thursday","2025-06-12T03:11:00.000","1489716","250326981","251630241","II","Initial",,"12164","Weapons Carrying Etc","Weapons Offense","Switchblade Knife, Possession","Cite or Arrest Adult","FRANKLIN ST \ LILY ST","24455000","Northern","Hayes Valley","6","5","37.77476119995117","-122.42086029052734","POINT (-122.420860291 37.7747612)","2025-06-13T09:38:27.000","2025-06-14T09:53:06.000"
"148976605083","2025-06-11T13:00:00.000","2025-06-11T00:00:00.000","13:00","2025","Wednesday","2025-06-12T09:27:00.000","1489766","250327581","251630887","II","Initial",,"05083","Burglary","Burglary - Hot Prowl","Burglary, Hot Prowl, Unlawful Entry","Open or Active","17TH ST \ ABBEY ST","25721000","Mission","Castro/Upper Market","8","8","37.76297378540039","-122.42716979980469","POINT (-122.4271698 37.762973785)","2025-06-13T09:38:27.000","2025-06-14T09:53:06.000"
"148984112100","2025-06-12T17:09:00.000","2025-06-12T00:00:00.000","17:09","2025","Thursday","2025-06-12T17:09:00.000","1489841","250311346","251632462","IS","Initial Supplement",,"12100","Weapons Carrying Etc","Weapons Offense","Firearm, Possession of Loaded","Cite or Arrest Adult","GRIFFITH ST \ OAKDALE AVE","20065000","Bayview","Bayview Hunters Point","10","10","37.728233337402344","-122.3791732788086","POINT (-122.379173279 37.728233337)","2025-06-13T09:38:27.000","2025-06-14T09:53:06.000"
"148982316220","2025-02-26T23:00:00.000","2025-02-26T00:00:00.000","23:00","2025","Wednesday","2025-06-12T12:15:00.000","1489823","250114899",,"IS","Initial Supplement",,"16220","Drug Offense","Drug Violation","Opiates, Possession For Sale","Cite or Arrest Adult","BOARDMAN PL \ BRYANT ST","23914000","Southern","South of Market","6","6","37.77516174316406","-122.40363311767578","POINT (-122.403633118 37.775161743)","2025-06-13T09:38:27.000","2025-06-14T09:53:06.000"
"148979806244","2025-05-07T17:00:00.000","2025-05-07T00:00:00.000","17:00","2025","Wednesday","2025-06-11T20:22:00.000","1489798","250256786",,"IS","Coplogic Supplement","true","06244","Larceny Theft","Larceny - From Vehicle","Theft, From Locked Vehicle, >$950","Open or Active","KEARNY ST \ SACRAMENTO ST","24733000","Central","Chinatown","3","3","37.79356384277344","-122.40460968017578","POINT (-122.40460968 37.793563843)","2025-06-13T09:38:27.000","2025-06-14T09:53:06.000"
"148978606114","2025-06-12T11:00:00.000","2025-06-12T00:00:00.000","11:00","2025","Thursday","2025-06-12T13:26:00.000","1489786","250327804","251631730","II","Initial",,"06114","Larceny Theft","Larceny Theft - Pickpocket","Theft, Pickpocket, >$950","Open or Active","BROADWAY \ STOCKTON ST","25057000","Central","Chinatown","3","3","37.79762649536133","-122.40861511230469","POINT (-122.408615112 37.797626495)","2025-06-13T09:38:27.000","2025-06-14T09:53:06.000"
"148970427177","2025-06-12T00:22:00.000","2025-06-12T00:00:00.000","00:22","2025","Thursday","2025-06-12T00:24:00.000","1489704","250326862","251630049","II","Initial",,"27177","Other Miscellaneous","Other","Evading a Police Vehicle or Bicycle","Open or Active","21ST ST \ VALENCIA ST","24119000","Mission","Mission","9","8","37.756900787353516","-122.4211196899414","POINT (-122.42111969 37.756900787)","2025-06-13T09:38:27.000","2025-06-14T09:53:06.000"
"148976264085","2025-06-12T11:00:00.000","2025-06-12T00:00:00.000","11:00","2025","Thursday","2025-06-12T11:11:00.000","1489762","250327553","251631276","II","Initial",,"64085","Other Miscellaneous","Other","Investigative Detention","Open or Active","GEARY ST \ LEAVENWORTH ST","25154000","Tenderloin","Tenderloin","5","6","37.78651809692383","-122.41481018066406","POINT (-122.414810181 37.786518097)","2025-06-13T09:38:27.000","2025-06-14T09:53:06.000"
"148977004138","2025-06-09T18:00:00.000","2025-06-09T00:00:00.000","18:00","2025","Monday","2025-06-12T12:19:00.000","1489770","250327688","251631506","II","Initial",,"04138","Assault","Simple Assault","Battery, former Spouse or Dating Relationship","Open or Active","HARBOR RD \ NORTHRIDGE RD","20060000","Bayview","Bayview Hunters Point","10","10","37.73101043701172","-122.37699890136719","POINT (-122.376998901 37.731010437)","2025-06-13T09:38:27.000","2025-06-14T09:53:06.000"
"148986627195","2025-06-12T05:00:00.000","2025-06-12T00:00:00.000","05:00","2025","Thursday","2025-06-12T17:45:00.000","1489866","250328620","251632575","II","Initial",,"27195","Other Miscellaneous","Trespass","Trespassing","Open or Active","BROOK ST \ MISSION ST \ SANTA MARINA ST","21264000","Ingleside","Bernal Heights","9","9","37.74064254760742","-122.42308807373047","POINT (-122.423088074 37.740642548)","2025-06-13T09:38:27.000","2025-06-14T09:53:06.000"
"148982628150","2025-06-12T16:19:00.000","2025-06-12T00:00:00.000","16:19","2025","Thursday","2025-06-12T16:19:00.000","1489826","250328294","251632286","II","Initial",,"28150","Malicious Mischief","Vandalism","Malicious Mischief, Vandalism to Property","Cite or Arrest Adult","CHESTNUT ST \ STEINER ST","26771000","Northern","Marina","2","2","37.80060958862305","-122.4378890991211","POINT (-122.437889099 37.800609589)","2025-06-13T09:38:27.000","2025-06-14T09:53:06.000"
"148982510125","2025-06-06T12:00:00.000","2025-06-06T00:00:00.000","12:00","2025","Friday","2025-06-12T16:30:00.000","1489825","250328266","251632348","II","Initial",,"10125","Fraud","Fraud","Theft, False Pretenses, Felony","Open or Active","19TH ST \ SOUTH VAN NESS AVE","24129000","Mission","Mission","9","9","37.76036834716797","-122.41702270507812","POINT (-122.417022705 37.760368347)","2025-06-13T09:38:27.000","2025-06-14T09:53:06.000"
"148982215201","2025-06-12T12:49:00.000","2025-06-12T00:00:00.000","12:49","2025","Thursday","2025-06-12T12:55:00.000","1489822","250327810","251631615","II","Initial",,"15201","Offences Against The Family And Children","Stalking","Stalking","Cite or Arrest Adult","CASTRO ST \ VALLEY ST","22005000","Ingleside","Noe Valley","8","8","37.74411392211914","-122.43339538574219","POINT (-122.433395386 37.744113922)","2025-06-13T09:38:27.000","2025-06-14T09:53:06.000"
"148979106372","2025-05-30T21:59:00.000","2025-05-30T00:00:00.000","21:59","2025","Friday","2025-06-05T11:12:00.000","1489791","256057796",,"II","Coplogic Initial","true","06372","Larceny Theft","Larceny Theft - Other","Theft, Other Property, $50-$200","Open or Active","19TH ST \ LEXINGTON ST","24155000","Mission","Mission","9","9","37.76014709472656","-122.42066192626953","POINT (-122.420661926 37.760147095)","2025-06-13T09:38:27.000","2025-06-14T09:53:06.000"
"148976807021","2025-06-12T10:00:00.000","2025-06-12T00:00:00.000","10:00","2025","Thursday","2025-06-12T10:55:00.000","1489768","250327644","251631208","VI","Vehicle Initial",,"07021","Motor Vehicle Theft","Motor Vehicle Theft","Vehicle, Stolen, Auto","Open or Active","PIERCE ST \ SACRAMENTO ST","26638000","Northern","Pacific Heights","2","2","37.78942108154297","-122.43731689453125","POINT (-122.437316895 37.789421082)","2025-06-13T09:38:27.000","2025-06-14T09:53:06.000"
"148977809027","2025-06-04T09:20:00.000","2025-06-04T00:00:00.000","09:20","2025","Wednesday","2025-06-12T13:26:00.000","1489778","250327791","251631729","II","Initial",,"09027","Fraud","Fraud","False Personation","Open or Active","42ND AVE \ MORAGA ST","27771000","Taraval","Sunset/Parkside","4","4","37.755001068115234","-122.50125122070312","POINT (-122.501251221 37.755001068)","2025-06-13T09:38:27.000","2025-06-14T09:53:06.000"
"148984816210","2025-06-12T14:55:00.000","2025-06-12T00:00:00.000","14:55","2025","Thursday","2025-06-12T14:55:00.000","1489848","250328040","251632003","II","Initial",,"16210","Drug Offense","Drug Violation","Opiates Offense","Cite or Arrest Adult","06TH ST \ NATOMA ST","24282000","Southern","South of Market","6","6","37.7801628112793","-122.4076919555664","POINT (-122.407691956 37.780162811)","2025-06-13T09:38:27.000","2025-06-14T09:53:06.000"
"148981264070","2025-05-15T21:00:00.000","2025-05-15T00:00:00.000","21:00","2025","Thursday","2025-06-12T15:58:00.000","1489812","250328169","251632212","II","Initial",,"64070","Suspicious Occ","Suspicious Occ","Suspicious Occurrence","Open or Active","OXFORD ST \ SILLIMAN ST","20983000","Ingleside","Excelsior","11","9","37.72737121582031","-122.41988372802734","POINT (-122.419883728 37.727371216)","2025-06-13T09:38:27.000","2025-06-14T09:53:06.000"
"148977106373","2025-05-23T00:00:00.000","2025-05-23T00:00:00.000","00:00","2025","Friday","2025-06-12T12:24:00.000","1489771","250327694","251631515","II","Initial",,"06373","Larceny Theft","Larceny Theft - Other","Theft, Other Property, $200-$950","Open or Active","LANE ST \ MCKINNON AVE","20205000","Bayview","Bayview Hunters Point","10","10","37.734825134277344","-122.38738250732422","POINT (-122.387382507 37.734825134)","2025-06-13T09:38:27.000","2025-06-14T09:53:06.000"
"148984107060","2025-06-12T17:09:00.000","2025-06-12T00:00:00.000","17:09","2025","Thursday","2025-06-12T17:09:00.000","1489841","250311346","251632462","IS","Initial Supplement",,"07060",,,"Vehicle, Seizure Order Service","Cite or Arrest Adult","GRIFFITH ST \ OAKDALE AVE","20065000","Bayview","Bayview Hunters Point","10","10","37.728233337402344","-122.3791732788086","POINT (-122.379173279 37.728233337)","2025-06-13T09:38:27.000","2025-06-14T09:53:06.000"
"148980304134","2025-06-12T12:50:00.000","2025-06-12T00:00:00.000","12:50","2025","Thursday","2025-06-12T13:05:00.000","1489803","250327826","251631657","II","Initial",,"04134","Assault","Simple Assault","Battery","Open or Active","MISSION ST \ NORTON ST","21742000","Ingleside","Outer Mission","11","11","37.724586486816406","-122.43486785888672","POINT (-122.434867859 37.724586487)","2025-06-13T09:38:27.000","2025-06-14T09:53:06.000"
"148970004014","2025-06-11T11:55:00.000","2025-06-11T00:00:00.000","11:55","2025","Wednesday","2025-06-12T00:07:00.000","1489700","250326878","251630013","II","Initial",,"04014","Assault","Aggravated Assault","Assault, Aggravated, W/ Force","Cite or Arrest Adult","25TH AVE \ JUDAH ST","27416000","Taraval","Sunset/Parkside","4","4","37.761417388916016","-122.4834213256836","POINT (-122.483421326 37.761417389)","2025-06-13T09:38:27.000","2025-06-14T09:53:06.000"
"148979706374","2025-06-07T17:00:00.000","2025-06-07T00:00:00.000","17:00","2025","Saturday","2025-06-08T09:39:00.000","1489797","256057859",,"II","Coplogic Initial","true","06374","Larceny Theft","Larceny Theft - Other","Theft, Other Property, >$950","Open or Active",,,"Richmond",,,,,,,"2025-06-13T09:38:27.000","2025-06-14T09:53:06.000"
"148980606111","2025-06-11T17:30:00.000","2025-06-11T00:00:00.000","17:30","2025","Wednesday","2025-06-12T15:10:00.000","1489806","250328056","251632044","II","Initial",,"06111","Larceny Theft","Larceny Theft - Pickpocket","Theft, Pickpocket, <$50","Open or Active","LEAVENWORTH ST \ MCALLISTER ST","24324000","Tenderloin","Tenderloin","5","6","37.78092575073242","-122.4136734008789","POINT (-122.413673401 37.780925751)","2025-06-13T09:38:27.000","2025-06-14T09:53:06.000"
"148969803074","2025-06-11T22:05:00.000","2025-06-11T00:00:00.000","22:05","2025","Wednesday","2025-06-11T22:09:00.000","1489698","250326715","251623047","II","Initial",,"03074","Robbery","Robbery - Other","Robbery, W/ Force","Open or Active","BANCROFT AVE \ KEITH ST","20487000","Bayview","Bayview Hunters Point","10","10","37.72560501098633","-122.39279174804688","POINT (-122.392791748 37.725605011)","2025-06-13T09:38:27.000","2025-06-14T09:53:06.000"
"148968404134","2025-06-11T21:51:00.000","2025-06-11T00:00:00.000","21:51","2025","Wednesday","2025-06-11T21:54:00.000","1489684","250326743","251623006","II","Initial",,"04134","Assault","Simple Assault","Battery","Cite or Arrest Adult","OAK ST \ PIERCE ST","26002000","Northern","Hayes Valley","5","5","37.7735481262207","-122.43411254882812","POINT (-122.434112549 37.773548126)","2025-06-13T09:38:27.000","2025-06-14T09:53:06.000"
"148970972000","2025-06-12T03:00:00.000","2025-06-12T00:00:00.000","03:00","2025","Thursday","2025-06-12T04:08:00.000","1489709","250326975","251630293","II","Initial",,"72000","Non-Criminal","Non-Criminal","Found  Property","Open or Active","PAGE ST \ STANYAN ST","26440000","Park","Golden Gate Park","5","5","37.77009963989258","-122.45372772216797","POINT (-122.453727722 37.77009964)","2025-06-13T09:38:27.000","2025-06-14T09:53:06.000"
"148977715151","2025-06-12T12:15:00.000","2025-06-12T00:00:00.000","12:15","2025","Thursday","2025-06-12T12:17:00.000","1489777","250327713","251631502","II","Initial",,"15151","Offences Against The Family And Children","Other","Stay Away Order Violation, DVU related","Open or Active","21ST ST \ SAN CARLOS ST","24147000","Mission","Mission","9","9","37.756988525390625","-122.41968536376953","POINT (-122.419685364 37.756988525)","2025-06-13T09:38:27.000","2025-06-14T09:53:06.000"
"148972807021","2025-06-11T16:00:00.000","2025-06-11T00:00:00.000","16:00","2025","Wednesday","2025-06-12T08:26:00.000","1489728","250327155","251630691","VI","Vehicle Initial",,"07021","Motor Vehicle Theft","Motor Vehicle Theft","Vehicle, Stolen, Auto","Open or Active","GENEVA AVE \ LONDON ST","21475000","Ingleside","Excelsior","11","11","37.71603775024414","-122.44025421142578","POINT (-122.440254211 37.71603775)","2025-06-13T09:38:27.000","2025-06-14T09:53:06.000"
"148978416710","2025-06-12T13:11:00.000","2025-06-12T00:00:00.000","13:11","2025","Thursday","2025-06-12T13:11:00.000","1489784","250327779","251631677","II","Initial",,"16710","Drug Offense","Drug Violation","Narcotics Paraphernalia, Possession of","Cite or Arrest Adult","ADA CT \ OFARRELL ST","25142000","Tenderloin","Tenderloin","5","6","37.78544998168945","-122.4156723022461","POINT (-122.415672302 37.785449982)","2025-06-13T09:38:27.000","2025-06-14T09:53:06.000"
"148985174000","2025-06-04T09:00:00.000","2025-06-04T00:00:00.000","09:00","2025","Wednesday","2025-06-12T16:34:00.000","1489851","250328335","251631674","II","Initial",,"74000","Missing Person","Missing Adult","Missing Adult","Open or Active","CUMBERLAND ST \ GUERRERO ST","25675000","Mission","Mission","9","8","37.75916290283203","-122.42361450195312","POINT (-122.423614502 37.759162903)","2025-06-13T09:38:27.000","2025-06-14T09:53:06.000"
"148984962050","2025-06-12T15:35:00.000","2025-06-12T00:00:00.000","15:35","2025","Thursday","2025-06-12T15:35:00.000","1489849","250328131","251632123","II","Initial",,"62050","Warrant","Warrant","Warrant Arrest, Enroute To Outside Jurisdiction","Cite or Arrest Adult","06TH ST \ MINNA ST","24285000","Southern","South of Market","6","6","37.78053665161133","-122.40815734863281","POINT (-122.408157349 37.780536652)","2025-06-13T09:38:27.000","2025-06-14T09:53:06.000"
"148967464060","2025-05-30T16:00:00.000","2025-05-30T00:00:00.000","16:00","2025","Friday","2025-06-11T17:14:00.000","1489674","250326210","251622298","II","Initial",,"64060","Suspicious Occ","Suspicious Occ","Suspicious Act Towards Female","Open or Active","39TH AVE \ ORTEGA ST","27750000","Taraval","Sunset/Parkside","4","4","37.751426696777344","-122.49777221679688","POINT (-122.497772217 37.751426697)","2025-06-13T09:38:27.000","2025-06-14T09:53:06.000"
"148982662050","2025-06-12T16:19:00.000","2025-06-12T00:00:00.000","16:19","2025","Thursday","2025-06-12T16:19:00.000","1489826","250328294","251632286","II","Initial",,"62050","Warrant","Warrant","Warrant Arrest, Enroute To Outside Jurisdiction","Cite or Arrest Adult","CHESTNUT ST \ STEINER ST","26771000","Northern","Marina","2","2","37.80060958862305","-122.4378890991211","POINT (-122.437889099 37.800609589)","2025-06-13T09:38:27.000","2025-06-14T09:53:06.000"
"148968916704","2025-06-11T18:02:00.000","2025-06-11T00:00:00.000","18:02","2025","Wednesday","2025-06-11T18:02:00.000","1489689","250326458","251622442","II","Initial",,"16704","Drug Offense","Drug Violation","Loitering Where Narcotics are Sold/Used","Cite or Arrest Adult","12TH ST \ STEVENSON ST","24389000","Southern","Mission","6","6","37.77389144897461","-122.41966247558594","POINT (-122.419662476 37.773891449)","2025-06-13T09:38:27.000","2025-06-14T09:53:06.000"
"148984127175","2025-06-12T17:09:00.000","2025-06-12T00:00:00.000","17:09","2025","Thursday","2025-06-12T17:09:00.000","1489841","250311346","251632462","IS","Initial Supplement",,"27175","Other Miscellaneous","Other","Evading a Police Officer Recklessly","Cite or Arrest Adult","GRIFFITH ST \ OAKDALE AVE","20065000","Bayview","Bayview Hunters Point","10","10","37.728233337402344","-122.3791732788086","POINT (-122.379173279 37.728233337)","2025-06-13T09:38:27.000","2025-06-14T09:53:06.000"
"148980564070","2025-06-11T14:30:00.000","2025-06-11T00:00:00.000","14:30","2025","Wednesday","2025-06-12T13:49:00.000","1489805","250327876","251631811","II","Initial",,"64070","Suspicious Occ","Suspicious Occ","Suspicious Occurrence","Open or Active","KENNETH REXROTH PL \ VALLEJO ST","25333000","Central","Chinatown","3","3","37.79868698120117","-122.40794372558594","POINT (-122.407943726 37.798686981)","2025-06-13T09:38:27.000","2025-06-14T09:53:06.000"
"148981016710","2025-06-12T09:54:00.000","2025-06-12T00:00:00.000","09:54","2025","Thursday","2025-06-12T09:55:00.000","1489810","250327359","251630988","II","Initial",,"16710","Drug Offense","Drug Violation","Narcotics Paraphernalia, Possession of","Open or Active","JENNINGS ST \ QUESADA AVE","20153000","Bayview","Bayview Hunters Point","10","10","37.730167388916016","-122.38584899902344","POINT (-122.385848999 37.730167389)","2025-06-13T09:38:27.000","2025-06-14T09:53:06.000"
"148977704138","2025-06-12T12:15:00.000","2025-06-12T00:00:00.000","12:15","2025","Thursday","2025-06-12T12:17:00.000","1489777","250327713","251631502","II","Initial",,"04138","Assault","Simple Assault","Battery, former Spouse or Dating Relationship","Open or Active","21ST ST \ SAN CARLOS ST","24147000","Mission","Mission","9","9","37.756988525390625","-122.41968536376953","POINT (-122.419685364 37.756988525)","2025-06-13T09:38:27.000","2025-06-14T09:53:06.000"
"148976264070","2025-06-12T11:00:00.000","2025-06-12T00:00:00.000","11:00","2025","Thursday","2025-06-12T11:11:00.000","1489762","250327553","251631276","II","Initial",,"64070","Suspicious Occ","Suspicious Occ","Suspicious Occurrence","Open or Active","GEARY ST \ LEAVENWORTH ST","25154000","Tenderloin","Tenderloin","5","6","37.78651809692383","-122.41481018066406","POINT (-122.414810181 37.786518097)","2025-06-13T09:38:27.000","2025-06-14T09:53:06.000"
"148967914022","2025-06-11T17:19:00.000","2025-06-11T00:00:00.000","17:19","2025","Wednesday","2025-06-11T17:23:00.000","1489679","250326317","251622317","II","Initial",,"14022",,,"Sex Offender Failure to Register, Transient Violation","Cite or Arrest Adult","GIRARD ST \ SILLIMAN ST","20896000","Bayview","Portola","9","9","37.73097610473633","-122.40608978271484","POINT (-122.406089783 37.730976105)","2025-06-13T09:38:27.000","2025-06-14T09:53:06.000"
"148966506244","2025-06-11T18:00:00.000","2025-06-11T00:00:00.000","18:00","2025","Wednesday","2025-06-11T19:55:00.000","1489665","250326492","251622718","II","Initial",,"06244","Larceny Theft","Larceny - From Vehicle","Theft, From Locked Vehicle, >$950","Open or Active","LAGUNA ST \ POST ST","26505000","Northern","Japantown","5","5","37.78578567504883","-122.42814636230469","POINT (-122.428146362 37.785785675)","2025-06-13T09:38:27.000","2025-06-14T09:53:06.000"
"148964407041","2025-06-11T18:12:00.000","2025-06-11T00:00:00.000","18:12","2025","Wednesday","2025-06-11T18:12:00.000","1489644","250319754",,"VS","Vehicle Supplement",,"07041","Recovered Vehicle","Recovered Vehicle","Vehicle, Recovered, Auto","Open or Active",,,"Out of SF",,,,,,,"2025-06-13T09:38:27.000","2025-06-14T09:53:06.000"
"148985904134","2025-06-12T15:00:00.000","2025-06-12T00:00:00.000","15:00","2025","Thursday","2025-06-12T15:16:00.000","1489859","250328197","251632066","II","Initial",,"04134","Assault","Simple Assault","Battery","Open or Active","02ND ST \ CLEMENTINA ST","24535000","Southern","Financial District/South Beach","6","6","37.78596496582031","-122.39723205566406","POINT (-122.397232056 37.785964966)","2025-06-13T09:38:27.000","2025-06-14T09:53:06.000"
"148971728100","2025-06-12T03:30:00.000","2025-06-12T00:00:00.000","03:30","2025","Thursday","2025-06-12T04:56:00.000","1489717","250327042","251630341","II","Initial",,"28100","Malicious Mischief","Vandalism","Malicious Mischief, Breaking Windows","Open or Active","10TH ST \ FELL ST \ MARKET ST \ POLK ST","30746000","Tenderloin","Tenderloin","6","6","37.77654266357422","-122.4175033569336","POINT (-122.417503357 37.776542664)","2025-06-13T09:38:27.000","2025-06-14T09:53:06.000"
"148986765015","2025-06-12T19:33:00.000","2025-06-12T00:00:00.000","19:33","2025","Thursday","2025-06-12T19:33:00.000","1489867","250328727","251632912","II","Initial",,"65015","Other Miscellaneous","Other","Driving, No License Issued","Cite or Arrest Adult","INGALLS ST \ THOMAS AVE","20146000","Bayview","Bayview Hunters Point","10","10","37.72723388671875","-122.38568115234375","POINT (-122.385681152 37.727233887)","2025-06-13T09:38:27.000","2025-06-14T09:53:06.000"
"148982806372","2025-06-12T16:15:00.000","2025-06-12T00:00:00.000","16:15","2025","Thursday","2025-06-12T17:10:00.000","1489828","250328379","251632464","II","Initial",,"06372","Larceny Theft","Larceny Theft - Other","Theft, Other Property, $50-$200","Open or Active","COLE ST \ PAGE ST","26418000","Park","Haight Ashbury","5","5","37.7705192565918","-122.45040893554688","POINT (-122.450408936 37.770519257)","2025-06-13T09:38:27.000","2025-06-14T09:53:06.000"
"148979406224","2025-06-10T13:01:00.000","2025-06-10T00:00:00.000","13:01","2025","Tuesday","2025-06-11T13:45:00.000","1489794","256057871",,"II","Coplogic Initial","true","06224","Larceny Theft","Larceny - From Vehicle","Theft, From Unlocked Vehicle, >$950","Open or Active","FORD ST \ NOE ST","25802000","Mission","Castro/Upper Market","8","8","37.76182174682617","-122.43286895751953","POINT (-122.432868958 37.761821747)","2025-06-13T09:38:27.000","2025-06-14T09:53:06.000"
"148977909026","2025-05-28T20:00:00.000","2025-05-28T00:00:00.000","20:00","2025","Wednesday","2025-06-12T12:56:00.000","1489779","250327741","251631619","II","Initial",,"09026","Fraud","Fraud","False Personation and Cheat Crimes (general)","Open or Active","BROADWAY \ TURK MURPHY LN","25066000","Central","Chinatown","3","3","37.79749298095703","-122.4096908569336","POINT (-122.409690857 37.797492981)","2025-06-13T09:38:27.000","2025-06-14T09:53:06.000"
"148970807021","2025-06-11T19:00:00.000","2025-06-11T00:00:00.000","19:00","2025","Wednesday","2025-06-12T03:34:00.000","1489708","250326969","251630265","VI","Vehicle Initial",,"07021","Motor Vehicle Theft","Motor Vehicle Theft","Vehicle, Stolen, Auto","Open or Active","BUCHANAN ST \ IVY ST","25936000","Northern","Hayes Valley","5","5","37.77671813964844","-122.42800903320312","POINT (-122.428009033 37.77671814)","2025-06-13T09:38:27.000","2025-06-14T09:53:06.000"
"148985719057","2025-06-12T14:00:00.000","2025-06-12T00:00:00.000","14:00","2025","Thursday","2025-06-12T14:18:00.000","1489857","250328125","251631899","II","Initial",,"19057","Disorderly Conduct","Intimidation","Terrorist Threats","Open or Active","07TH ST \ CHARLES J BRENHAM PL \ MARKET ST","30742000","Tenderloin","South of Market","6","6","37.780479431152344","-122.41251373291016","POINT (-122.412513733 37.780479431)","2025-06-13T09:38:27.000","2025-06-14T09:53:06.000"
"148983827170","2025-06-12T14:41:00.000","2025-06-12T00:00:00.000","14:41","2025","Thursday","2025-06-12T14:41:00.000","1489838","250328012","251631973","II","Initial",,"27170","Other Miscellaneous","Other","Resisting, Delaying, or Obstructing  Peace Officer Duties","Cite or Arrest Adult","06TH ST \ MISSION ST","24293000","Tenderloin","South of Market","6","6","37.78097152709961","-122.40870666503906","POINT (-122.408706665 37.780971527)","2025-06-13T09:38:27.000","2025-06-14T09:53:06.000"
"148971616652","2025-06-12T03:10:00.000","2025-06-12T00:00:00.000","03:10","2025","Thursday","2025-06-12T03:11:00.000","1489716","250326981","251630241","II","Initial",,"16652","Drug Offense","Drug Violation","Methamphetamine, Possession For Sale","Cite or Arrest Adult","FRANKLIN ST \ LILY ST","24455000","Northern","Hayes Valley","6","5","37.77476119995117","-122.42086029052734","POINT (-122.420860291 37.7747612)","2025-06-13T09:38:27.000","2025-06-14T09:53:06.000"
"148977364000","2025-06-12T11:20:00.000","2025-06-12T00:00:00.000","11:20","2025","Thursday","2025-06-12T11:25:00.000","1489773","250327575","251631258","II","Initial",,"64000","Civil Sidewalks","Other","Civil Sidewalks, Violation","Cite or Arrest Adult","16TH ST \ CAPP ST","24168000","Mission","Mission","9","9","37.76511001586914","-122.418701171875","POINT (-122.418701172 37.765110016)","2025-06-13T09:38:27.000","2025-06-14T09:53:06.000"
"148977304154","2025-06-12T11:20:00.000","2025-06-12T00:00:00.000","11:20","2025","Thursday","2025-06-12T11:25:00.000","1489773","250327575","251631258","II","Initial",,"04154","Assault","Simple Assault","Battery, Of A Police Officer","Cite or Arrest Adult","16TH ST \ CAPP ST","24168000","Mission","Mission","9","9","37.76511001586914","-122.418701171875","POINT (-122.418701172 37.765110016)","2025-06-13T09:38:27.000","2025-06-14T09:53:06.000"
"148983603011","2025-06-07T02:30:00.000","2025-06-07T00:00:00.000","02:30","2025","Saturday","2025-06-07T03:06:00.000","1489836","250317827",,"IS","Initial Supplement",,"03011","Robbery","Robbery - Street","Robbery, Street or Public Place, W/ Gun","Open or Active","17TH ST \ HAMPSHIRE ST","24025000","Mission","Mission","9","10","37.764427185058594","-122.4084243774414","POINT (-122.408424377 37.764427185)","2025-06-13T09:38:27.000","2025-06-14T09:53:06.000"
"148969604134","2025-06-11T23:05:00.000","2025-06-11T00:00:00.000","23:05","2025","Wednesday","2025-06-11T23:05:00.000","1489696","250326856","251623169","II","Initial",,"04134","Assault","Simple Assault","Battery","Open or Active","BAKER ST \ FELL ST","26350000","Park","Hayes Valley","5","5","37.77363586425781","-122.44092559814453","POINT (-122.440925598 37.773635864)","2025-06-13T09:38:27.000","2025-06-14T09:53:06.000"
"148972106372","2025-06-08T00:00:00.000","2025-06-08T00:00:00.000","00:00","2025","Sunday","2025-06-08T18:37:00.000","1489721","256057815",,"II","Coplogic Initial","true","06372","Larceny Theft","Larceny Theft - Other","Theft, Other Property, $50-$200","Open or Active","18TH ST \ CASTRO ST","25813000","Mission","Castro/Upper Market","8","8","37.760887145996094","-122.43499755859375","POINT (-122.434997559 37.760887146)","2025-06-13T09:38:27.000","2025-06-14T09:53:06.000"
"148957010045","2025-05-30T11:12:00.000","2025-05-30T00:00:00.000","11:12","2025","Friday","2025-06-11T12:07:00.000","1489570","250325648","251621290","II","Initial",,"10045","Embezzlement","Embezzlement","Embezzlement, Grand Theft By Employee","Open or Active","CLAYTON ST \ PARNASSUS AVE","26401000","Park","Haight Ashbury","8","5","37.765140533447266","-122.4476318359375","POINT (-122.447631836 37.765140533)","2025-06-13T09:38:27.000","2025-06-14T09:53:06.000"
"148983607021","2025-06-07T02:30:00.000","2025-06-07T00:00:00.000","02:30","2025","Saturday","2025-06-07T03:06:00.000","1489836","250317827",,"IS","Initial Supplement",,"07021","Motor Vehicle Theft","Motor Vehicle Theft","Vehicle, Stolen, Auto","Open or Active","17TH ST \ HAMPSHIRE ST","24025000","Mission","Mission","9","10","37.764427185058594","-122.4084243774414","POINT (-122.408424377 37.764427185)","2025-06-13T09:38:27.000","2025-06-14T09:53:06.000"
"148975871013","2025-06-09T12:00:00.000","2025-06-09T00:00:00.000","12:00","2025","Monday","2025-06-12T11:28:00.000","1489758","250327531","251631334","VI","Vehicle Initial",,"71013","Larceny Theft","Theft From Vehicle","License Plate, Stolen","Open or Active","10TH ST \ MISSION ST","24414000","Southern","South of Market","6","6","37.775272369384766","-122.41590881347656","POINT (-122.415908813 37.775272369)","2025-06-13T09:38:27.000","2025-06-14T09:53:06.000"
"148976119010","2025-06-12T08:43:00.000","2025-06-12T00:00:00.000","08:43","2025","Thursday","2025-06-12T08:43:00.000","1489761","250327199","251630748","II","Initial",,"19010","Disorderly Conduct","Disorderly Conduct","Public Nuisance, Committing","Cite or Arrest Adult","LYON ST \ OAK ST","26327000","Park","Golden Gate Park","5","5","37.77250289916992","-122.44237518310547","POINT (-122.442375183 37.772502899)","2025-06-13T09:38:27.000","2025-06-14T09:53:06.000"
"148966851050","2025-06-11T19:53:00.000","2025-06-11T00:00:00.000","19:53","2025","Wednesday","2025-06-11T19:53:00.000","1489668","250326555","251622711","IS","Initial Supplement",,"51050","Non-Criminal","Non-Criminal","Aided case, Naloxone Deployment","Open or Active","15TH ST \ MISSION ST","24171000","Mission","Mission","9","9","37.76667404174805","-122.4198226928711","POINT (-122.419822693 37.766674042)","2025-06-13T09:38:27.000","2025-06-14T09:53:06.000"
"148987819057","2025-06-09T08:00:00.000","2025-06-09T00:00:00.000","08:00","2025","Monday","2025-06-12T15:41:00.000","1489878","250328250","251632151","II","Initial",,"19057","Disorderly Conduct","Intimidation","Terrorist Threats","Open or Active","BANCROFT AVE \ KEITH ST","20487000","Bayview","Bayview Hunters Point","10","10","37.72560501098633","-122.39279174804688","POINT (-122.392791748 37.725605011)","2025-06-13T09:38:27.000","2025-06-14T09:53:06.000"
"148967927170","2025-06-11T17:19:00.000","2025-06-11T00:00:00.000","17:19","2025","Wednesday","2025-06-11T17:23:00.000","1489679","250326317","251622317","II","Initial",,"27170","Other Miscellaneous","Other","Resisting, Delaying, or Obstructing  Peace Officer Duties","Cite or Arrest Adult","GIRARD ST \ SILLIMAN ST","20896000","Bayview","Portola","9","9","37.73097610473633","-122.40608978271484","POINT (-122.406089783 37.730976105)","2025-06-13T09:38:27.000","2025-06-14T09:53:06.000"
"148988406374","2025-06-10T23:30:00.000","2025-06-10T00:00:00.000","23:30","2025","Tuesday","2025-06-12T21:24:00.000","1489884","250328896","251633209","II","Initial",,"06374","Larceny Theft","Larceny Theft - Other","Theft, Other Property, >$950","Open or Active","VAN NESS AVE \ WILLOW ST","25189000","Northern","Tenderloin","5","6","37.78337097167969","-122.42082977294922","POINT (-122.420829773 37.783370972)","2025-06-13T09:38:27.000","2025-06-14T09:53:06.000"
"148967916710","2025-06-11T17:19:00.000","2025-06-11T00:00:00.000","17:19","2025","Wednesday","2025-06-11T17:23:00.000","1489679","250326317","251622317","II","Initial",,"16710","Drug Offense","Drug Violation","Narcotics Paraphernalia, Possession of","Cite or Arrest Adult","GIRARD ST \ SILLIMAN ST","20896000","Bayview","Portola","9","9","37.73097610473633","-122.40608978271484","POINT (-122.406089783 37.730976105)","2025-06-13T09:38:27.000","2025-06-14T09:53:06.000"
"148969075000","2025-06-11T22:39:00.000","2025-06-11T00:00:00.000","22:39","2025","Wednesday","2025-06-11T22:42:00.000","1489690","250326793","251623120","II","Initial",,"75000","Missing Person","Missing Person","Found Person","Cite or Arrest Adult","21ST ST \ SHOTWELL ST","24080000","Mission","Mission","9","9","37.757232666015625","-122.4156265258789","POINT (-122.415626526 37.757232666)","2025-06-13T09:38:27.000","2025-06-14T09:53:06.000"
"148975427170","2025-06-12T10:01:00.000","2025-06-12T00:00:00.000","10:01","2025","Thursday","2025-06-12T10:01:00.000","1489754","250327406","251631011","II","Initial",,"27170","Other Miscellaneous","Other","Resisting, Delaying, or Obstructing  Peace Officer Duties","Cite or Arrest Adult","15TH ST \ WIESE ST","24179000","Mission","Mission","9","9","37.766624450683594","-122.42063903808594","POINT (-122.420639038 37.766624451)","2025-06-13T09:38:27.000","2025-06-14T09:53:06.000"
"148967762050","2025-06-11T20:03:00.000","2025-06-11T00:00:00.000","20:03","2025","Wednesday","2025-06-11T20:30:00.000","1489677","250326646","251622805","II","Initial",,"62050","Warrant","Warrant","Warrant Arrest, Enroute To Outside Jurisdiction","Cite or Arrest Adult","16TH ST \ MISSOURI ST","23787000","Southern","Mission Bay","10","10","37.76642990112305","-122.39689636230469","POINT (-122.396896362 37.766429901)","2025-06-13T09:38:27.000","2025-06-14T09:53:06.000"
"148978419095","2025-06-12T13:11:00.000","2025-06-12T00:00:00.000","13:11","2025","Thursday","2025-06-12T13:11:00.000","1489784","250327779","251631677","II","Initial",,"19095","Disorderly Conduct","Drug Violation","Drugs, Under Influence  in a Public Place","Cite or Arrest Adult","ADA CT \ OFARRELL ST","25142000","Tenderloin","Tenderloin","5","6","37.78544998168945","-122.4156723022461","POINT (-122.415672302 37.785449982)","2025-06-13T09:38:27.000","2025-06-14T09:53:06.000"
"148978728100","2025-06-12T12:29:00.000","2025-06-12T00:00:00.000","12:29","2025","Thursday","2025-06-12T13:17:00.000","1489787","250322898","251631536","IS","Initial Supplement",,"28100","Malicious Mischief","Vandalism","Malicious Mischief, Breaking Windows","Open or Active","SACRAMENTO ST \ VAN NESS AVE","26536000","Northern","Nob Hill","3","3","37.791290283203125","-122.42251586914062","POINT (-122.422515869 37.791290283)","2025-06-13T09:38:27.000","2025-06-14T09:53:06.000"
"148970503084","2025-05-24T03:15:00.000","2025-05-24T00:00:00.000","03:15","2025","Saturday","2025-05-24T03:27:00.000","1489705","250290245",,"IS","Initial Supplement",,"03084","Robbery","Robbery - Carjacking","Carjacking with Bodily Force","Cite or Arrest Adult","16TH ST \ HOFF ST","24175000","Mission","Mission","9","9","37.76499557495117","-122.42057800292969","POINT (-122.420578003 37.764995575)","2025-06-13T09:38:27.000","2025-06-14T09:53:06.000"
"148980804144","2025-05-14T07:00:00.000","2025-05-14T00:00:00.000","07:00","2025","Wednesday","2025-06-12T13:50:00.000","1489808","250327917","251631648","II","Initial",,"04144","Assault","Simple Assault","Battery, Sexual","Open or Active","FILLMORE ST \ HAYES ST","25953000","Northern","Hayes Valley","5","5","37.77583312988281","-122.43119812011719","POINT (-122.43119812 37.77583313)","2025-06-13T09:38:27.000","2025-06-14T09:53:06.000"
"148982316623","2025-02-26T23:00:00.000","2025-02-26T00:00:00.000","23:00","2025","Wednesday","2025-06-12T12:15:00.000","1489823","250114899",,"IS","Initial Supplement",,"16623","Drug Offense","Drug Violation","Cocaine, Base/rock, Possession For Sale","Cite or Arrest Adult","BOARDMAN PL \ BRYANT ST","23914000","Southern","South of Market","6","6","37.77516174316406","-122.40363311767578","POINT (-122.403633118 37.775161743)","2025-06-13T09:38:27.000","2025-06-14T09:53:06.000"
"148987561030","2025-06-12T14:00:00.000","2025-06-12T00:00:00.000","14:00","2025","Thursday","2025-06-12T15:38:00.000","1489875","250328147","251632048","II","Initial",,"61030","Other","Other","Death Report, Cause Unknown","Open or Active","JOHN MUIR DR \ SKYLINE BLVD","23323000","Taraval","Lakeshore","7","7","37.718955993652344","-122.5002212524414","POINT (-122.500221252 37.718955994)","2025-06-13T09:38:27.000","2025-06-14T09:53:06.000"
"148982168000","2025-06-12T14:20:00.000","2025-06-12T00:00:00.000","14:20","2025","Thursday","2025-06-12T14:40:00.000","1489821","250328078","251631961","II","Initial",,"68000","Fire Report","Fire Report","Fire Report","Open or Active","COOK ST \ GEARY BLVD","26924000","Richmond","Presidio Heights","2","1","37.78185272216797","-122.45214080810547","POINT (-122.452140808 37.781852722)","2025-06-13T09:38:27.000","2025-06-14T09:53:06.000"
"148970104013","2025-06-11T23:59:00.000","2025-06-11T00:00:00.000","23:59","2025","Wednesday","2025-06-12T00:11:00.000","1489701","250326884","251630005","II","Initial",,"04013","Assault","Aggravated Assault","Assault, Aggravated, W/ Other Weapon","Open or Active","ARBOR ST \ CONRAD ST","21987000","Ingleside","Glen Park","8","8","37.73732376098633","-122.43628692626953","POINT (-122.436286926 37.737323761)","2025-06-13T09:38:27.000","2025-06-14T09:53:06.000"
"148973707026","2025-06-10T15:00:00.000","2025-06-10T00:00:00.000","15:00","2025","Tuesday","2025-06-12T09:21:00.000","1489737","250327252","251630708","VI","Vehicle Initial",,"07026","Motor Vehicle Theft","Motor Vehicle Theft","Vehicle, Stolen, Other Vehicle","Open or Active","COLIN PL \ JONES ST","24963000","Tenderloin","Tenderloin","3","3","37.787384033203125","-122.41329193115234","POINT (-122.413291931 37.787384033)","2025-06-13T09:38:27.000","2025-06-14T09:53:06.000"
"148969004013","2025-06-11T22:39:00.000","2025-06-11T00:00:00.000","22:39","2025","Wednesday","2025-06-11T22:42:00.000","1489690","250326793","251623120","II","Initial",,"04013","Assault","Aggravated Assault","Assault, Aggravated, W/ Other Weapon","Cite or Arrest Adult","21ST ST \ SHOTWELL ST","24080000","Mission","Mission","9","9","37.757232666015625","-122.4156265258789","POINT (-122.415626526 37.757232666)","2025-06-13T09:38:27.000","2025-06-14T09:53:06.000"
"148975563010","2025-06-12T09:51:00.000","2025-06-12T00:00:00.000","09:51","2025","Thursday","2025-06-12T09:51:00.000","1489755","250327365","251630982","II","Initial",,"63010","Warrant","Other","Warrant Arrest, Local SF Warrant","Cite or Arrest Adult","HARRIET ST \ HOWARD ST","24281000","Southern","South of Market","6","6","37.779319763183594","-122.4076919555664","POINT (-122.407691956 37.779319763)","2025-06-13T09:38:27.000","2025-06-14T09:53:06.000"
"148971816652","2025-06-11T12:37:00.000","2025-06-11T00:00:00.000","12:37","2025","Wednesday","2025-06-11T12:37:00.000","1489718","250325541","251621398","IS","Initial Supplement",,"16652","Drug Offense","Drug Violation","Methamphetamine, Possession For Sale","Cite or Arrest Adult","HYDE ST \ OFARRELL ST","25145000","Tenderloin","Tenderloin","5","6","37.785377502441406","-122.416259765625","POINT (-122.416259766 37.785377502)","2025-06-13T09:38:27.000","2025-06-14T09:53:06.000"
"148971328160","2025-06-11T10:30:00.000","2025-06-11T00:00:00.000","10:30","2025","Wednesday","2025-06-11T23:41:00.000","1489713","250326828","251623214","II","Initial",,"28160","Malicious Mischief","Vandalism","Malicious Mischief, Vandalism to Vehicle","Open or Active","05TH ST \ CLEMENTINA ST","23939000","Southern","South of Market","6","6","37.78070068359375","-122.40392303466797","POINT (-122.403923035 37.780700684)","2025-06-13T09:38:27.000","2025-06-14T09:53:06.000"
"148986628150","2025-06-12T05:00:00.000","2025-06-12T00:00:00.000","05:00","2025","Thursday","2025-06-12T17:45:00.000","1489866","250328620","251632575","II","Initial",,"28150","Malicious Mischief","Vandalism","Malicious Mischief, Vandalism to Property","Open or Active","BROOK ST \ MISSION ST \ SANTA MARINA ST","21264000","Ingleside","Bernal Heights","9","9","37.74064254760742","-122.42308807373047","POINT (-122.423088074 37.740642548)","2025-06-13T09:38:27.000","2025-06-14T09:53:06.000"
"148986928100","2025-06-12T19:25:00.000","2025-06-12T00:00:00.000","19:25","2025","Thursday","2025-06-12T19:34:00.000","1489869","250328824","251632887","II","Initial",,"28100","Malicious Mischief","Vandalism","Malicious Mischief, Breaking Windows","Open or Active","ELLIS ST \ POWELL ST","24894000","Central","Financial District/South Beach","3","3","37.785491943359375","-122.40785217285156","POINT (-122.407852173 37.785491943)","2025-06-13T09:38:27.000","2025-06-14T09:53:06.000"
"148985704013","2025-06-12T14:00:00.000","2025-06-12T00:00:00.000","14:00","2025","Thursday","2025-06-12T14:18:00.000","1489857","250328125","251631899","II","Initial",,"04013","Assault","Aggravated Assault","Assault, Aggravated, W/ Other Weapon","Open or Active","07TH ST \ CHARLES J BRENHAM PL \ MARKET ST","30742000","Tenderloin","South of Market","6","6","37.780479431152344","-122.41251373291016","POINT (-122.412513733 37.780479431)","2025-06-13T09:38:27.000","2025-06-14T09:53:06.000"
"148968963010","2025-06-11T18:02:00.000","2025-06-11T00:00:00.000","18:02","2025","Wednesday","2025-06-11T18:02:00.000","1489689","250326458","251622442","II","Initial",,"63010","Warrant","Other","Warrant Arrest, Local SF Warrant","Cite or Arrest Adult","12TH ST \ STEVENSON ST","24389000","Southern","Mission","6","6","37.77389144897461","-122.41966247558594","POINT (-122.419662476 37.773891449)","2025-06-13T09:38:27.000","2025-06-14T09:53:06.000"
"148988905151","2025-05-17T04:18:00.000","2025-05-17T00:00:00.000","04:18","2025","Saturday","2025-06-12T22:00:00.000","1489889","250276574","251370415","IS","Initial Supplement",,"05151","Burglary","Burglary - Other","Burglary, Non-residential, Forcible Entry","Cite or Arrest Adult","GRANT AVE \ HARLAN PL","24738000","Central","Financial District/South Beach","3","3","37.79008102416992","-122.4054946899414","POINT (-122.40549469 37.790081024)","2025-06-13T09:38:27.000","2025-06-14T09:53:06.000"
"148979306363","2025-06-10T20:24:00.000","2025-06-10T00:00:00.000","20:24","2025","Tuesday","2025-06-11T14:37:00.000","1489793","256057934",,"II","Coplogic Initial","true","06363","Larceny Theft","Larceny Theft - Shoplifting","Theft, Shoplifting, $200-$950","Open or Active","SAN BRUNO AVE \ THORNTON AVE","33183000","Bayview","Portola","9","9","37.730316162109375","-122.40470886230469","POINT (-122.404708862 37.730316162)","2025-06-13T09:38:27.000","2025-06-14T09:53:06.000"
"148970728100","2025-06-12T01:57:00.000","2025-06-12T00:00:00.000","01:57","2025","Thursday","2025-06-12T01:57:00.000","1489707","250326925","251630163","II","Initial",,"28100","Malicious Mischief","Vandalism","Malicious Mischief, Breaking Windows","Cite or Arrest Adult","GONZALEZ DR \ JOSEPHA AVE","23036000","Taraval","Lakeshore","7","7","37.71601486206055","-122.47750091552734","POINT (-122.477500916 37.716014862)","2025-06-13T09:38:27.000","2025-06-14T09:53:06.000"
"148980406234","2025-06-10T21:00:00.000","2025-06-10T00:00:00.000","21:00","2025","Tuesday","2025-06-12T14:45:00.000","1489804","250328028","251631985","II","Initial",,"06234","Larceny Theft","Larceny - Auto Parts","Theft, Vehicle Strip, >$950","Open or Active","ELLINGTON AVE \ FOOTE AVE","21511000","Ingleside","Outer Mission","11","11","37.71319580078125","-122.4454574584961","POINT (-122.445457458 37.713195801)","2025-06-13T09:38:27.000","2025-06-14T09:53:06.000"
"148977909029","2025-05-28T20:00:00.000","2025-05-28T00:00:00.000","20:00","2025","Wednesday","2025-06-12T12:56:00.000","1489779","250327741","251631619","II","Initial",,"09029","Fraud","Fraud","False Personation to Receive Money or Property","Open or Active","BROADWAY \ TURK MURPHY LN","25066000","Central","Chinatown","3","3","37.79749298095703","-122.4096908569336","POINT (-122.409690857 37.797492981)","2025-06-13T09:38:27.000","2025-06-14T09:53:06.000"
"148986507023","2025-06-12T18:30:00.000","2025-06-12T00:00:00.000","18:30","2025","Thursday","2025-06-12T19:06:00.000","1489865","250328705","251632822","VI","Vehicle Initial",,"07023","Motor Vehicle Theft","Motor Vehicle Theft","Vehicle, Stolen, Motorcycle","Open or Active","DRUMMOND ALY \ QUINT ST","20690000","Bayview","Bayview Hunters Point","10","10","37.73746871948242","-122.39623260498047","POINT (-122.396232605 37.737468719)","2025-06-13T09:38:27.000","2025-06-14T09:53:06.000"
"148985564010","2025-06-12T16:30:00.000","2025-06-12T00:00:00.000","16:30","2025","Thursday","2025-06-12T16:45:00.000","1489855","250328341","251632345","II","Initial",,"64010","Non-Criminal","Other","Dog, Bite or Attack","Open or Active","DR CARLTON B GOODLETT PL \ MCALLISTER ST \ POLK ST","24462000","Tenderloin","Tenderloin","5","6","37.7802619934082","-122.4186019897461","POINT (-122.41860199 37.780261993)","2025-06-13T09:38:27.000","2025-06-14T09:53:06.000"
"148972416650","2025-06-12T00:27:00.000","2025-06-12T00:00:00.000","00:27","2025","Thursday","2025-06-12T00:27:00.000","1489724","250326903","251630052","II","Initial",,"16650","Drug Offense","Drug Violation","Methamphetamine Offense","Cite or Arrest Adult","LARKIN ST \ TURK ST","25147000","Tenderloin","Tenderloin","5","6","37.782379150390625","-122.4173355102539","POINT (-122.41733551 37.78237915)","2025-06-13T09:38:27.000","2025-06-14T09:53:06.000"
"148985607052","2025-06-07T08:36:00.000","2025-06-07T00:00:00.000","08:36","2025","Saturday","2025-06-12T12:34:00.000","1489856","250328517","251631542","VI","Vehicle Initial",,"07052","Embezzlement","Embezzlement","Vehicle, Embezzled","Open or Active","MCCOPPIN ST \ VALENCIA ST","25853000","Southern","Mission","6","6","37.7715950012207","-122.42252349853516","POINT (-122.422523499 37.771595001)","2025-06-13T09:38:27.000","2025-06-14T09:53:06.000"
"148988806243","2025-06-12T04:42:00.000","2025-06-12T00:00:00.000","04:42","2025","Thursday","2025-06-12T06:26:00.000","1489888","250328868","251630419","II","Initial",,"06243","Larceny Theft","Larceny - From Vehicle","Theft, From Locked Vehicle, $200-$950","Open or Active","22ND ST \ SAN BRUNO AVE","23731000","Mission","Mission","10","10","37.75695037841797","-122.40473175048828","POINT (-122.40473175 37.756950378)","2025-06-13T09:38:27.000","2025-06-14T09:53:06.000"
"148984606374","2025-06-11T20:00:00.000","2025-06-11T00:00:00.000","20:00","2025","Wednesday","2025-06-12T15:32:00.000","1489846","250328432","251632116","II","Initial",,"06374","Larceny Theft","Larceny Theft - Other","Theft, Other Property, >$950","Open or Active","PINE ST \ POLK ST","25222000","Northern","Nob Hill","3","3","37.78961944580078","-122.42049407958984","POINT (-122.42049408 37.789619446)","2025-06-13T09:38:27.000","2025-06-14T09:53:06.000"
"148976363010","2025-06-12T11:18:00.000","2025-06-12T00:00:00.000","11:18","2025","Thursday","2025-06-12T11:18:00.000","1489763","250327547","251631296","II","Initial",,"63010","Warrant","Other","Warrant Arrest, Local SF Warrant","Cite or Arrest Adult","EDDY ST \ JONES ST","24929000","Tenderloin","Tenderloin","5","6","37.783931732177734","-122.41259765625","POINT (-122.412597656 37.783931732)","2025-06-13T09:38:27.000","2025-06-14T09:53:06.000"
"148969305151","2025-06-11T21:00:00.000","2025-06-11T00:00:00.000","21:00","2025","Wednesday","2025-06-11T21:37:00.000","1489693","250326787","251622886","II","Initial",,"05151","Burglary","Burglary - Other","Burglary, Non-residential, Forcible Entry","Cite or Arrest Adult","HARRIET ST \ HOWARD ST","24281000","Southern","South of Market","6","6","37.779319763183594","-122.4076919555664","POINT (-122.407691956 37.779319763)","2025-06-13T09:38:27.000","2025-06-14T09:53:06.000"
"148934675025","2025-06-10T14:01:00.000","2025-06-10T00:00:00.000","14:01","2025","Tuesday","2025-06-10T14:01:00.000","1489346","250323733","251611770","II","Initial",,"75025","Non-Criminal","Non-Criminal","Search Warrant Service","Open or Active","RANDOLPH ST \ VERNON ST","22539000","Taraval","Oceanview/Merced/Ingleside","11","11","37.71426773071289","-122.4679946899414","POINT (-122.46799469 37.714267731)","2025-06-13T09:38:27.000","2025-06-14T09:53:06.000"
"148969205013","2025-02-01T00:00:00.000","2025-02-01T00:00:00.000","00:00","2025","Saturday","2025-06-11T18:46:00.000","1489692","250326414","251622499","II","Initial",,"05013","Burglary","Burglary - Residential","Burglary, Apartment House, Unlawful Entry","Open or Active","CHURCH ST \ MARKET ST","25881000","Mission","Castro/Upper Market","8","8","37.76750564575195","-122.42894744873047","POINT (-122.428947449 37.767505646)","2025-06-13T09:38:27.000","2025-06-14T09:53:06.000"
"148983107020","2025-06-10T06:00:00.000","2025-06-10T00:00:00.000","06:00","2025","Tuesday","2025-06-12T12:42:00.000","1489831","250327854","251631571","VI","Vehicle Initial",,"07020","Motor Vehicle Theft","Motor Vehicle Theft","Vehicle, Stolen & Recovered","Open or Active","GONZALEZ DR \ RIVAS AVE","23093000","Taraval","Lakeshore","7","7","37.717529296875","-122.4815444946289","POINT (-122.481544495 37.717529297)","2025-06-13T09:38:27.000","2025-06-14T09:53:06.000"
"148973507052","2025-05-27T19:00:00.000","2025-05-27T00:00:00.000","19:00","2025","Tuesday","2025-06-12T09:28:00.000","1489735","250327268","251630893","VI","Vehicle Initial",,"07052","Embezzlement","Embezzlement","Vehicle, Embezzled","Open or Active","DAVIDSON AVE \ PHELPS ST","20246000","Bayview","Bayview Hunters Point","10","10","37.74361038208008","-122.38790130615234","POINT (-122.387901306 37.743610382)","2025-06-13T09:38:27.000","2025-06-14T09:53:06.000"
"148978007041","2025-06-12T12:28:00.000","2025-06-12T00:00:00.000","12:28","2025","Thursday","2025-06-12T12:28:00.000","1489780","250327155",,"VS","Vehicle Supplement",,"07041","Recovered Vehicle","Recovered Vehicle","Vehicle, Recovered, Auto","Open or Active",,,"Out of SF",,,,,,,"2025-06-13T09:38:27.000","2025-06-14T09:53:06.000"
"148975909027","2025-06-12T09:07:00.000","2025-06-12T00:00:00.000","09:07","2025","Thursday","2025-06-12T09:07:00.000","1489759","250327246","251630816","II","Initial",,"09027","Fraud","Fraud","False Personation","Cite or Arrest Adult","06TH ST \ MISSION ST","24293000","Southern","South of Market","6","6","37.78097152709961","-122.40870666503906","POINT (-122.408706665 37.780971527)","2025-06-13T09:38:27.000","2025-06-14T09:53:06.000"
"148975527199","2025-06-12T09:51:00.000","2025-06-12T00:00:00.000","09:51","2025","Thursday","2025-06-12T09:51:00.000","1489755","250327365","251630982","II","Initial",,"27199","Other Miscellaneous","Loitering","Lodging Without Permission","Cite or Arrest Adult","HARRIET ST \ HOWARD ST","24281000","Southern","South of Market","6","6","37.779319763183594","-122.4076919555664","POINT (-122.407691956 37.779319763)","2025-06-13T09:38:27.000","2025-06-14T09:53:06.000"
"148977428150","2025-06-11T20:00:00.000","2025-06-11T00:00:00.000","20:00","2025","Wednesday","2025-06-12T12:02:00.000","1489774","250327707","251631444","IS","Initial Supplement",,"28150","Malicious Mischief","Vandalism","Malicious Mischief, Vandalism to Property","Open or Active","MARKET ST \ MCALLISTER ST","30740000","Tenderloin","Tenderloin","5","6","37.78117752075195","-122.41169738769531","POINT (-122.411697388 37.781177521)","2025-06-13T09:38:27.000","2025-06-14T09:53:06.000"
"148982227170","2025-06-12T12:49:00.000","2025-06-12T00:00:00.000","12:49","2025","Thursday","2025-06-12T12:55:00.000","1489822","250327810","251631615","II","Initial",,"27170","Other Miscellaneous","Other","Resisting, Delaying, or Obstructing  Peace Officer Duties","Cite or Arrest Adult","CASTRO ST \ VALLEY ST","22005000","Ingleside","Noe Valley","8","8","37.74411392211914","-122.43339538574219","POINT (-122.433395386 37.744113922)","2025-06-13T09:38:27.000","2025-06-14T09:53:06.000"
"148972707041","2025-06-12T04:26:00.000","2025-06-12T00:00:00.000","04:26","2025","Thursday","2025-06-12T04:26:00.000","1489727","250320886",,"VS","Vehicle Supplement",,"07041","Recovered Vehicle","Recovered Vehicle","Vehicle, Recovered, Auto","Open or Active",,,"Out of SF",,,,,,,"2025-06-13T09:38:27.000","2025-06-14T09:53:06.000"
"148986007041","2025-06-12T18:00:00.000","2025-06-12T00:00:00.000","18:00","2025","Thursday","2025-06-12T18:20:00.000","1489860","250327854",,"VS","Vehicle Supplement",,"07041","Recovered Vehicle","Recovered Vehicle","Vehicle, Recovered, Auto","Open or Active",,,"Out of SF",,,,,,,"2025-06-13T09:38:27.000","2025-06-14T09:53:06.000"
"148971705051","2025-06-12T03:30:00.000","2025-06-12T00:00:00.000","03:30","2025","Thursday","2025-06-12T04:56:00.000","1489717","250327042","251630341","II","Initial",,"05051","Burglary","Burglary - Commercial","Burglary, Store, Forcible Entry","Open or Active","10TH ST \ FELL ST \ MARKET ST \ POLK ST","30746000","Tenderloin","Tenderloin","6","6","37.77654266357422","-122.4175033569336","POINT (-122.417503357 37.776542664)","2025-06-13T09:38:27.000","2025-06-14T09:53:06.000"
"148982375025","2025-02-26T23:00:00.000","2025-02-26T00:00:00.000","23:00","2025","Wednesday","2025-06-12T12:15:00.000","1489823","250114899",,"IS","Initial Supplement",,"75025","Non-Criminal","Non-Criminal","Search Warrant Service","Cite or Arrest Adult","BOARDMAN PL \ BRYANT ST","23914000","Southern","South of Market","6","6","37.77516174316406","-122.40363311767578","POINT (-122.403633118 37.775161743)","2025-06-13T09:38:27.000","2025-06-14T09:53:06.000"
"148984816710","2025-06-12T14:55:00.000","2025-06-12T00:00:00.000","14:55","2025","Thursday","2025-06-12T14:55:00.000","1489848","250328040","251632003","II","Initial",,"16710","Drug Offense","Drug Violation","Narcotics Paraphernalia, Possession of","Cite or Arrest Adult","06TH ST \ NATOMA ST","24282000","Southern","South of Market","6","6","37.7801628112793","-122.4076919555664","POINT (-122.407691956 37.780162811)","2025-06-13T09:38:27.000","2025-06-14T09:53:06.000"
"148985816660","2025-06-12T18:25:00.000","2025-06-12T00:00:00.000","18:25","2025","Thursday","2025-06-12T18:28:00.000","1489858","250328539","251632717","II","Initial",,"16660","Drug Offense","Drug Violation","Controlled Substance Offense","Open or Active","LARKIN ST \ OFARRELL ST","25152000","Tenderloin","Tenderloin","5","6","37.7851676940918","-122.41790008544922","POINT (-122.417900085 37.785167694)","2025-06-13T09:38:27.000","2025-06-14T09:53:06.000"
"148978816710","2025-06-12T13:40:00.000","2025-06-12T00:00:00.000","13:40","2025","Thursday","2025-06-12T13:42:00.000","1489788","250327882","251631782","II","Initial",,"16710","Drug Offense","Drug Violation","Narcotics Paraphernalia, Possession of","Cite or Arrest Adult","06TH ST \ MISSION ST","24293000","Southern","South of Market","6","6","37.78097152709961","-122.40870666503906","POINT (-122.408706665 37.780971527)","2025-06-13T09:38:27.000","2025-06-14T09:53:06.000"
"148984606126","2025-06-11T20:00:00.000","2025-06-11T00:00:00.000","20:00","2025","Wednesday","2025-06-12T15:32:00.000","1489846","250328432","251632116","II","Initial",,"06126","Larceny Theft","Larceny Theft - Other","Theft of Computers or Cell Phones","Open or Active","PINE ST \ POLK ST","25222000","Northern","Nob Hill","3","3","37.78961944580078","-122.42049407958984","POINT (-122.42049408 37.789619446)","2025-06-13T09:38:27.000","2025-06-14T09:53:06.000"
"148969819057","2025-06-11T22:05:00.000","2025-06-11T00:00:00.000","22:05","2025","Wednesday","2025-06-11T22:09:00.000","1489698","250326715","251623047","II","Initial",,"19057","Disorderly Conduct","Intimidation","Terrorist Threats","Open or Active","BANCROFT AVE \ KEITH ST","20487000","Bayview","Bayview Hunters Point","10","10","37.72560501098633","-122.39279174804688","POINT (-122.392791748 37.725605011)","2025-06-13T09:38:27.000","2025-06-14T09:53:06.000"
"148987604134","2025-06-12T20:14:00.000","2025-06-12T00:00:00.000","20:14","2025","Thursday","2025-06-12T20:16:00.000","1489876","250328818","251633027","II","Initial",,"04134","Assault","Simple Assault","Battery","Cite or Arrest Adult","40TH AVE \ TARAVAL ST","23440000","Taraval","Sunset/Parkside","4","4","37.7420539855957","-122.4981918334961","POINT (-122.498191833 37.742053986)","2025-06-13T09:38:27.000","2025-06-14T09:53:06.000"
"148971128160","2025-06-12T02:07:00.000","2025-06-12T00:00:00.000","02:07","2025","Thursday","2025-06-12T02:07:00.000","1489711","250326947","251630176","II","Initial",,"28160","Malicious Mischief","Vandalism","Malicious Mischief, Vandalism to Vehicle","Open or Active","03RD ST \ SAINT FRANCIS PL","24592000","Southern","South of Market","6","6","37.782997131347656","-122.39794158935547","POINT (-122.397941589 37.782997131)","2025-06-13T09:38:27.000","2025-06-14T09:53:06.000"
"148976761030","2025-06-12T11:45:00.000","2025-06-12T00:00:00.000","11:45","2025","Thursday","2025-06-12T11:58:00.000","1489767","250327666","251631389","II","Initial",,"61030","Other","Other","Death Report, Cause Unknown","Open or Active","JONES ST \ OFARRELL ST","24945000","Tenderloin","Tenderloin","5","6","37.785789489746094","-122.41297149658203","POINT (-122.412971497 37.78578949)","2025-06-13T09:38:27.000","2025-06-14T09:53:06.000"
"148973307023","2025-06-11T19:00:00.000","2025-06-11T00:00:00.000","19:00","2025","Wednesday","2025-06-12T09:31:00.000","1489733","250327274","251630902","VI","Vehicle Initial",,"07023","Motor Vehicle Theft","Motor Vehicle Theft","Vehicle, Stolen, Motorcycle","Open or Active","ALABAMA ST \ MARIPOSA ST","24045000","Mission","Mission","9","9","37.762916564941406","-122.41217041015625","POINT (-122.41217041 37.762916565)","2025-06-13T09:38:27.000","2025-06-14T09:53:06.000"
"148987107026","2025-06-11T09:45:00.000","2025-06-11T00:00:00.000","09:45","2025","Wednesday","2025-06-12T18:01:00.000","1489871","250328482","251632624","VI","Vehicle Initial",,"07026","Motor Vehicle Theft","Motor Vehicle Theft","Vehicle, Stolen, Other Vehicle","Open or Active","CLAY ST \ DRUMM ST","24575000","Central","Financial District/South Beach","3","3","37.795467376708984","-122.39677429199219","POINT (-122.396774292 37.795467377)","2025-06-13T09:38:27.000","2025-06-14T09:53:06.000"
"148975409027","2025-06-12T10:01:00.000","2025-06-12T00:00:00.000","10:01","2025","Thursday","2025-06-12T10:01:00.000","1489754","250327406","251631011","II","Initial",,"09027","Fraud","Fraud","False Personation","Cite or Arrest Adult","15TH ST \ WIESE ST","24179000","Mission","Mission","9","9","37.766624450683594","-122.42063903808594","POINT (-122.420639038 37.766624451)","2025-06-13T09:38:27.000","2025-06-14T09:53:06.000"
"148973664070","2025-06-11T15:00:00.000","2025-06-11T00:00:00.000","15:00","2025","Wednesday","2025-06-12T09:41:00.000","1489736","250327309","251630944","II","Initial",,"64070","Suspicious Occ","Suspicious Occ","Suspicious Occurrence","Open or Active","FILBERT ST \ NAPIER LN","24865000","Central","North Beach","3","3","37.80206298828125","-122.40379333496094","POINT (-122.403793335 37.802062988)","2025-06-13T09:38:27.000","2025-06-14T09:53:06.000"
"148967726170","2025-06-11T20:03:00.000","2025-06-11T00:00:00.000","20:03","2025","Wednesday","2025-06-11T20:30:00.000","1489677","250326646","251622805","II","Initial",,"26170","Other Miscellaneous","Other","Probation Violation","Cite or Arrest Adult","16TH ST \ MISSOURI ST","23787000","Southern","Mission Bay","10","10","37.76642990112305","-122.39689636230469","POINT (-122.396896362 37.766429901)","2025-06-13T09:38:27.000","2025-06-14T09:53:06.000"
"148977605013","2025-06-11T23:04:00.000","2025-06-11T00:00:00.000","23:04","2025","Wednesday","2025-06-12T10:50:00.000","1489776","250327462","251630674","II","Initial",,"05013","Burglary","Burglary - Residential","Burglary, Apartment House, Unlawful Entry","Open or Active","22ND ST \ PENNSYLVANIA AVE","23625000","Bayview","Potrero Hill","10","10","37.757652282714844","-122.39311981201172","POINT (-122.393119812 37.757652283)","2025-06-13T09:38:27.000","2025-06-14T09:53:06.000"
"148987262030","2025-06-12T20:15:00.000","2025-06-12T00:00:00.000","20:15","2025","Thursday","2025-06-12T20:15:00.000","1489872","250328799","251633019","II","Initial",,"62030","Warrant","Warrant","Warrant Arrest, Enroute To Parole","Cite or Arrest Adult","ELLIS ST \ JONES ST","24936000","Tenderloin","Tenderloin","5","6","37.78486633300781","-122.41278076171875","POINT (-122.412780762 37.784866333)","2025-06-13T09:38:27.000","2025-06-14T09:53:06.000"
"148985462050","2025-06-12T18:05:00.000","2025-06-12T00:00:00.000","18:05","2025","Thursday","2025-06-12T18:05:00.000","1489854","250328608","251632640","II","Initial",,"62050","Warrant","Warrant","Warrant Arrest, Enroute To Outside Jurisdiction","Cite or Arrest Adult","LA SALLE AVE \ NEWCOMB AVE","20196000","Bayview","Bayview Hunters Point","10","10","37.733070373535156","-122.38500213623047","POINT (-122.385002136 37.733070374)","2025-06-13T09:38:27.000","2025-06-14T09:53:06.000"
"148964906153","2025-06-11T17:30:00.000","2025-06-11T00:00:00.000","17:30","2025","Wednesday","2025-06-11T19:16:00.000","1489649","250326436","251622622","II","Initial",,"06153","Larceny Theft","Larceny Theft - Other","Theft, From Person, $200-$950 (other than Pickpocket)","Open or Active","05TH ST \ CYRIL MAGNIN ST \ MARKET ST","30739000","Tenderloin","South of Market","6","6","37.783992767333984","-122.40806579589844","POINT (-122.408065796 37.783992767)","2025-06-13T09:38:27.000","2025-06-14T09:53:06.000"
"148983571000","2025-06-12T12:00:00.000","2025-06-12T00:00:00.000","12:00","2025","Thursday","2025-06-12T17:26:00.000","1489835","250328448","251632523","II","Initial",,"71000","Lost Property","Lost Property","Lost Property","Open or Active","NORTH POINT ST \ STOCKTON ST","25478000","Central","North Beach","3","3","37.80696105957031","-122.4104995727539","POINT (-122.410499573 37.80696106)","2025-06-13T09:38:27.000","2025-06-14T09:53:06.000"
"148982527070","2025-06-06T12:00:00.000","2025-06-06T00:00:00.000","12:00","2025","Friday","2025-06-12T16:30:00.000","1489825","250328266","251632348","II","Initial",,"27070","Other Miscellaneous","Other","Impersonating A Police Officer","Open or Active","19TH ST \ SOUTH VAN NESS AVE","24129000","Mission","Mission","9","9","37.76036834716797","-122.41702270507812","POINT (-122.417022705 37.760368347)","2025-06-13T09:38:27.000","2025-06-14T09:53:06.000"
"148969462050","2025-06-11T21:01:00.000","2025-06-11T00:00:00.000","21:01","2025","Wednesday","2025-06-11T21:01:00.000","1489694","250326674","251622859","II","Initial",,"62050","Warrant","Warrant","Warrant Arrest, Enroute To Outside Jurisdiction","Cite or Arrest Adult","ELLIS ST \ HYDE ST","25144000","Tenderloin","Tenderloin","5","6","37.78445053100586","-122.41606903076172","POINT (-122.416069031 37.784450531)","2025-06-13T09:38:27.000","2025-06-14T09:53:06.000"
"148971572000","2025-06-12T04:28:00.000","2025-06-12T00:00:00.000","04:28","2025","Thursday","2025-06-12T04:28:00.000","1489715","250327036","251630313","II","Initial",,"72000","Non-Criminal","Non-Criminal","Found  Property","Open or Active","FREMONT ST \ FRONT ST \ MARKET ST","30730000","Central","Financial District/South Beach","6","6","37.791717529296875","-122.39826202392578","POINT (-122.398262024 37.791717529)","2025-06-13T09:38:27.000","2025-06-14T09:53:06.000"
"148983704134","2025-06-12T16:20:00.000","2025-06-12T00:00:00.000","16:20","2025","Thursday","2025-06-12T16:27:00.000","1489837","250328329","251632323","II","Initial",,"04134","Assault","Simple Assault","Battery","Open or Active","BUCHANAN ST \ TURK ST","54063000","Northern","Western Addition","5","5","37.780914306640625","-122.4288558959961","POINT (-122.428855896 37.780914307)","2025-06-13T09:38:27.000","2025-06-14T09:53:06.000"
"148974105113","2025-06-05T18:00:00.000","2025-06-05T00:00:00.000","18:00","2025","Thursday","2025-06-12T09:40:00.000","1489741","250327280","251630602","II","Initial",,"05113","Burglary","Burglary - Residential","Burglary, Apt Under Constr., Unlawful Entry","Open or Active","06TH ST \ TEHAMA ST","24280000","Southern","South of Market","6","6","37.77931594848633","-122.40663146972656","POINT (-122.40663147 37.779315948)","2025-06-13T09:38:27.000","2025-06-14T09:53:06.000"
"148975416621","2025-06-12T10:01:00.000","2025-06-12T00:00:00.000","10:01","2025","Thursday","2025-06-12T10:01:00.000","1489754","250327406","251631011","II","Initial",,"16621","Drug Offense","Drug Violation","Cocaine, Base/rock Offense","Cite or Arrest Adult","15TH ST \ WIESE ST","24179000","Mission","Mission","9","9","37.766624450683594","-122.42063903808594","POINT (-122.420639038 37.766624451)","2025-06-13T09:38:27.000","2025-06-14T09:53:06.000"
"148967705013","2025-06-11T20:03:00.000","2025-06-11T00:00:00.000","20:03","2025","Wednesday","2025-06-11T20:30:00.000","1489677","250326646","251622805","II","Initial",,"05013","Burglary","Burglary - Residential","Burglary, Apartment House, Unlawful Entry","Cite or Arrest Adult","16TH ST \ MISSOURI ST","23787000","Southern","Mission Bay","10","10","37.76642990112305","-122.39689636230469","POINT (-122.396896362 37.766429901)","2025-06-13T09:38:27.000","2025-06-14T09:53:06.000"
"148979506374","2025-06-04T18:20:00.000","2025-06-04T00:00:00.000","18:20","2025","Wednesday","2025-06-05T13:08:00.000","1489795","256057809",,"II","Coplogic Initial","true","06374","Larceny Theft","Larceny Theft - Other","Theft, Other Property, >$950","Open or Active","17TH ST \ SOUTH VAN NESS AVE","24139000","Mission","Mission","9","9","37.763572692871094","-122.4173355102539","POINT (-122.41733551 37.763572693)","2025-06-13T09:38:27.000","2025-06-14T09:53:06.000"
"148975707026","2025-06-11T08:05:00.000","2025-06-11T00:00:00.000","08:05","2025","Wednesday","2025-06-12T11:03:00.000","1489757","250327484","251631246","VI","Vehicle Initial",,"07026","Motor Vehicle Theft","Motor Vehicle Theft","Vehicle, Stolen, Other Vehicle","Open or Active",,,"Southern",,,,,,,"2025-06-13T09:38:27.000","2025-06-14T09:53:06.000"
"148967551040","2025-06-11T17:24:00.000","2025-06-11T00:00:00.000","17:24","2025","Wednesday","2025-06-11T17:24:00.000","1489675","250326345","251622334","II","Initial",,"51040","Non-Criminal","Non-Criminal","Aided Case","Open or Active","DAVIS ST \ VALLEJO ST","24801000","Southern","Financial District/South Beach","3","3","37.799827575683594","-122.39888000488281","POINT (-122.398880005 37.799827576)","2025-06-13T09:38:27.000","2025-06-14T09:53:06.000"
"148979606372","2025-06-10T18:35:00.000","2025-06-10T00:00:00.000","18:35","2025","Tuesday","2025-06-10T21:09:00.000","1489796","256057843",,"II","Coplogic Initial","true","06372","Larceny Theft","Larceny Theft - Other","Theft, Other Property, $50-$200","Open or Active","17TH ST \ DOLORES ST","25703000","Mission","Castro/Upper Market","8","8","37.763031005859375","-122.42623138427734","POINT (-122.426231384 37.763031006)","2025-06-13T09:38:27.000","2025-06-14T09:53:06.000"
"148973963010","2025-06-12T08:01:00.000","2025-06-12T00:00:00.000","08:01","2025","Thursday","2025-06-12T08:01:00.000","1489739","250327149","251630612","II","Initial",,"63010","Warrant","Other","Warrant Arrest, Local SF Warrant","Cite or Arrest Adult","06TH ST \ STEVENSON ST","24295000","Tenderloin","South of Market","6","6","37.78175354003906","-122.4096908569336","POINT (-122.409690857 37.78175354)","2025-06-13T09:38:27.000","2025-06-14T09:53:06.000"
"148981919095","2025-06-12T14:55:00.000","2025-06-12T00:00:00.000","14:55","2025","Thursday","2025-06-12T14:56:00.000","1489819","250328034","251632006","II","Initial",,"19095","Disorderly Conduct","Drug Violation","Drugs, Under Influence  in a Public Place","Cite or Arrest Adult","17TH ST \ CAPP ST","24140000","Mission","Mission","9","9","37.76349639892578","-122.41848754882812","POINT (-122.418487549 37.763496399)","2025-06-13T09:38:27.000","2025-06-14T09:53:06.000"
"148981428160","2025-06-12T10:00:00.000","2025-06-12T00:00:00.000","10:00","2025","Thursday","2025-06-12T15:23:00.000","1489814","250328084","251632092","II","Initial",,"28160","Malicious Mischief","Vandalism","Malicious Mischief, Vandalism to Vehicle","Open or Active","LAGUNA ST \ LILY ST","25911000","Northern","Hayes Valley","5","5","37.774131774902344","-122.42579650878906","POINT (-122.425796509 37.774131775)","2025-06-13T09:38:27.000","2025-06-14T09:53:06.000"
"148972328150","2025-06-11T09:10:00.000","2025-06-11T00:00:00.000","09:10","2025","Wednesday","2025-06-11T09:24:00.000","1489723","250325096","251620749","II","Initial",,"28150","Malicious Mischief","Vandalism","Malicious Mischief, Vandalism to Property","Open or Active","09TH ST \ TEHAMA ST","24297000","Southern","South of Market","6","6","37.774566650390625","-122.41262817382812","POINT (-122.412628174 37.77456665)","2025-06-13T09:38:27.000","2025-06-14T09:53:06.000"
"148988009026","2025-06-12T12:00:00.000","2025-06-12T00:00:00.000","12:00","2025","Thursday","2025-06-12T21:02:00.000","1489880","250328846","251633149","II","Initial",,"09026","Fraud","Fraud","False Personation and Cheat Crimes (general)","Open or Active","POST ST \ SCOTT ST","26622000","Northern","Japantown","5","5","37.78453063964844","-122.43801879882812","POINT (-122.438018799 37.78453064)","2025-06-13T09:38:27.000","2025-06-14T09:53:06.000"
"155344228160","2026-03-06T22:13:00.000","2026-03-06T00:00:00.000","22:13","2026","Friday","2026-03-06T22:17:00.000","1553442","260129026","260653655","II","Initial",,"28160","Malicious Mischief","Vandalism","Malicious Mischief, Vandalism to Vehicle","Open or Active","AUSTIN ST \ VAN NESS AVE","30075000","Northern","Western Addition","2","2","37.788944244384766","-122.4221420288086","POINT (-122.422142029 37.788944244)","2026-03-07T09:34:07.000","2026-03-08T09:57:29.000"
"151376228150","2025-09-22T08:38:00.000","2025-09-22T00:00:00.000","08:38","2025","Monday","2025-09-22T10:31:00.000","1513762","256099782",,"II","Coplogic Initial","true","28150","Malicious Mischief","Vandalism","Malicious Mischief, Vandalism to Property","Open or Active","DIVISADERO ST \ PAGE ST","26029000","Northern","Haight Ashbury","5","5","37.7722053527832","-122.4372329711914","POINT (-122.437232971 37.772205353)","2025-09-24T09:37:10.000","2025-09-25T09:53:28.000"
"151362806374","2025-09-19T12:30:00.000","2025-09-19T00:00:00.000","12:30","2025","Friday","2025-09-19T13:15:00.000","1513628","256099704",,"II","Coplogic Initial","true","06374","Larceny Theft","Larceny Theft - Other","Theft, Other Property, >$950","Open or Active","FREDERICK ST \ STANYAN ST","26427000","Park","Haight Ashbury","8","5","37.76637268066406","-122.45294952392578","POINT (-122.452949524 37.766372681)","2025-09-24T09:37:10.000","2025-09-25T09:53:28.000"
"151365507041","2025-09-17T07:15:00.000","2025-09-17T00:00:00.000","07:15","2025","Wednesday","2025-09-23T07:30:00.000","1513655","250525105","252660530","VS","Vehicle Supplement",,"07041","Recovered Vehicle","Recovered Vehicle","Vehicle, Recovered, Auto","Open or Active","03RD ST \ KEY AVE","20466000","Bayview","Bayview Hunters Point","10","10","37.71947479248047","-122.39695739746094","POINT (-122.396957397 37.719474792)","2025-09-24T09:37:10.000","2025-09-25T09:53:28.000"
"151373906224","2025-09-14T09:07:00.000","2025-09-14T00:00:00.000","09:07","2025","Sunday","2025-09-22T10:08:00.000","1513739","256100113",,"II","Coplogic Initial","true","06224","Larceny Theft","Larceny - From Vehicle","Theft, From Unlocked Vehicle, >$950","Open or Active","35TH AVE \ BALBOA ST","27850000","Richmond","Outer Richmond","1","1","37.775814056396484","-122.49517822265625","POINT (-122.495178223 37.775814056)","2025-09-24T09:37:10.000","2025-09-25T09:53:28.000"
"151367805071","2025-09-19T17:00:00.000","2025-09-19T00:00:00.000","17:00","2025","Friday","2025-09-23T09:50:00.000","1513678","250535223","252661052","II","Initial",,"05071","Burglary","Burglary - Other","Burglary, Other Bldg., Forcible Entry","Open or Active","03RD ST \ EGBERT AVE","20457000","Bayview","Bayview Hunters Point","10","10","37.72397232055664","-122.39492797851562","POINT (-122.394927979 37.723972321)","2025-09-24T09:37:10.000","2025-09-25T09:53:28.000"
"151372862070","2025-09-23T13:22:00.000","2025-09-23T00:00:00.000","13:22","2025","Tuesday","2025-09-23T13:22:00.000","1513728","250531710","252661890","IS","Initial Supplement",,"62070","Warrant","Other","Parole Search","Cite or Arrest Adult","10TH ST \ FOLSOM ST","24233000","Southern","South of Market","6","6","37.77281188964844","-122.41282653808594","POINT (-122.412826538 37.77281189)","2025-09-24T09:37:10.000","2025-09-25T09:53:28.000"
"151384668020","2025-09-23T20:22:00.000","2025-09-23T00:00:00.000","20:22","2025","Tuesday","2025-09-23T20:22:00.000","1513846","250536776","252663410","II","Initial",,"68020","Miscellaneous Investigation","Miscellaneous Investigation","Miscellaneous Investigation","Open or Active","MASON ST \ OFARRELL ST","24913000","Tenderloin","Tenderloin","5","6","37.78620147705078","-122.40968322753906","POINT (-122.409683228 37.786201477)","2025-09-24T09:37:10.000","2025-09-25T09:53:28.000"
"151372928160","2025-09-23T13:45:00.000","2025-09-23T00:00:00.000","13:45","2025","Tuesday","2025-09-23T13:45:00.000","1513729","250535803","252661986","II","Initial",,"28160","Malicious Mischief","Vandalism","Malicious Mischief, Vandalism to Vehicle","Open or Active","BRODERICK ST \ OAK ST","26036000","Park","Haight Ashbury","5","5","37.77292251586914","-122.4390869140625","POINT (-122.439086914 37.772922516)","2025-09-24T09:37:10.000","2025-09-25T09:53:28.000"
"151378306302","2025-09-20T04:48:00.000","2025-09-20T00:00:00.000","04:48","2025","Saturday","2025-09-23T15:35:00.000","1513783","250536055","252662427","II","Initial",,"06302","Larceny Theft","Larceny Theft - From Building","Theft, From Building, $50-$200","Open or Active","ALPINE TER \ WALLER ST","26019000","Park","Haight Ashbury","8","5","37.77021408081055","-122.43780517578125","POINT (-122.437805176 37.770214081)","2025-09-24T09:37:10.000","2025-09-25T09:53:28.000"
"151366509016","2025-09-01T00:00:00.000","2025-09-01T00:00:00.000","00:00","2025","Monday","2025-09-23T09:51:00.000","1513665","250535079","252661056","II","Initial",,"09016","Forgery And Counterfeiting","Forgery And Counterfeiting","Checks or Legal Instruments, Uttering Forged","Open or Active","MIDDLEFIELD DR \ OCEAN AVE","23133000","Taraval","Sunset/Parkside","4","7","37.73223876953125","-122.48627471923828","POINT (-122.486274719 37.73223877)","2025-09-24T09:37:10.000","2025-09-25T09:53:28.000"
"151383604011","2025-09-23T17:31:00.000","2025-09-23T00:00:00.000","17:31","2025","Tuesday","2025-09-23T17:40:00.000","1513836","250536419","252662899","II","Initial",,"04011","Assault","Aggravated Assault","Assault, Aggravated, W/ Gun","Open or Active","25TH ST \ CONNECTICUT ST","23634000","Bayview","Potrero Hill","10","10","37.75231170654297","-122.39651489257812","POINT (-122.396514893 37.752311707)","2025-09-24T09:37:10.000","2025-09-25T09:53:28.000"
"155277609269","2026-03-04T14:26:00.000","2026-03-04T00:00:00.000","14:26","2026","Wednesday","2026-03-04T14:26:00.000","1552776","260084806",,"IS","Initial Supplement",,"09269","Fraud","Fraud","Cellular or Cordless Phone Communications, Intercepting","Open or Active","FELL ST \ GOUGH ST","25916000","Northern","Hayes Valley","5","5","37.77595138549805","-122.42279052734375","POINT (-122.422790527 37.775951385)","2026-03-07T09:34:07.000","2026-03-08T09:57:29.000"
"155323965016","2026-03-06T09:41:00.000","2026-03-06T00:00:00.000","09:41","2026","Friday","2026-03-06T09:41:00.000","1553239","260127456","260650987","II","Initial",,"65016","Other Miscellaneous","Other","Driving, License Suspended or Revoked","Cite or Arrest Adult","BAY SHORE BLVD \ SUNNYDALE AVE","20306000","Ingleside","Bayview Hunters Point","10","10","37.70885467529297","-122.40511322021484","POINT (-122.40511322 37.708854675)","2026-03-07T09:34:07.000","2026-03-08T09:57:29.000"
"155334506363","2026-02-27T16:38:00.000","2026-02-27T00:00:00.000","16:38","2026","Friday","2026-03-06T14:54:00.000","1553345","260128181","260652146","II","Initial",,"06363","Larceny Theft","Larceny Theft - Shoplifting","Theft, Shoplifting, $200-$950","Cite or Arrest Adult","15TH ST \ BRYANT ST","24213000","Mission","Mission","9","10","37.766902923583984","-122.41060638427734","POINT (-122.410606384 37.766902924)","2026-03-07T09:34:07.000","2026-03-08T09:57:29.000"
"155323212030","2026-03-06T10:22:00.000","2026-03-06T00:00:00.000","10:22","2026","Friday","2026-03-06T10:29:00.000","1553232","260127547","260651128","II","Initial",,"12030","Weapons Offense","Weapons Offense","Weapon, Deadly, Imitation or Laser Scope, Exhibiting","Cite or Arrest Adult","14TH ST \ MISSION ST","24372000","Mission","Mission","9","9","37.768272399902344","-122.41998291015625","POINT (-122.41998291 37.7682724)","2026-03-07T09:34:07.000","2026-03-08T09:57:29.000"
"155338463010","2026-03-06T19:00:00.000","2026-03-06T00:00:00.000","19:00","2026","Friday","2026-03-06T19:00:00.000","1553384","260101096","260652962","IS","Initial Supplement",,"63010","Warrant","Other","Warrant Arrest, Local SF Warrant","Cite or Arrest Adult","05TH ST \ CLARA ST","23910000","Southern","South of Market","6","6","37.779457092285156","-122.40237426757812","POINT (-122.402374268 37.779457092)","2026-03-07T09:34:07.000","2026-03-08T09:57:29.000"
"155330406224","2026-02-21T00:00:00.000","2026-02-21T00:00:00.000","00:00","2026","Saturday","2026-03-05T12:52:00.000","1553304","266018067",,"II","Coplogic Initial","true","06224","Larceny Theft","Larceny - From Vehicle","Theft, From Unlocked Vehicle, >$950","Open or Active","19TH ST \ YUKON ST","26155000","Mission","Castro/Upper Market","8","8","37.75893783569336","-122.44217681884766","POINT (-122.442176819 37.758937836)","2026-03-07T09:34:07.000","2026-03-08T09:57:29.000"
"155337307026","2026-02-26T13:00:00.000","2026-02-26T00:00:00.000","13:00","2026","Thursday","2026-03-06T18:33:00.000","1553373","260128686","260652991","VS","Vehicle Supplement",,"07026","Motor Vehicle Theft","Motor Vehicle Theft","Vehicle, Stolen, Other Vehicle","Open or Active","22ND ST \ DOLORES ST","25631000","Mission","Noe Valley","8","8","37.755027770996094","-122.42546081542969","POINT (-122.425460815 37.755027771)","2026-03-07T09:34:07.000","2026-03-08T09:57:29.000"
"155282475030","2025-10-19T20:12:00.000","2025-10-19T00:00:00.000","20:12","2025","Sunday","2026-03-04T17:32:00.000","1552824","250589684",,"IS","Initial Supplement",,"75030","Case Closure","Case Closure","Case Closure","Cite or Arrest Adult","FOLSOM ST \ POWHATTAN AVE","21153000","Ingleside","Bernal Heights","9","9","37.74147415161133","-122.41321563720703","POINT (-122.413215637 37.741474152)","2026-03-07T09:34:07.000","2026-03-08T09:57:29.000"
"155316006113","2026-03-06T01:03:00.000","2026-03-06T00:00:00.000","01:03","2026","Friday","2026-03-06T01:06:00.000","1553160","260127086","260650108","II","Initial",,"06113","Larceny Theft","Larceny Theft - Pickpocket","Theft, Pickpocket, $200-$950","Open or Active","16TH ST \ VALENCIA ST","24183000","Mission","Mission","9","8","37.76491928100586","-122.42189025878906","POINT (-122.421890259 37.764919281)","2026-03-07T09:34:07.000","2026-03-08T09:57:29.000"
"155314564085","2026-03-05T19:24:00.000","2026-03-05T00:00:00.000","19:24","2026","Thursday","2026-03-05T19:24:00.000","1553145","260126721","260643148","II","Initial",,"64085","Other Miscellaneous","Other","Investigative Detention","Open or Active","16TH ST \ WIESE ST","24180000","Mission","Mission","9","9","37.7650032043457","-122.42047882080078","POINT (-122.420478821 37.765003204)","2026-03-07T09:34:07.000","2026-03-08T09:57:29.000"
"155340664070","2026-03-06T20:10:00.000","2026-03-06T00:00:00.000","20:10","2026","Friday","2026-03-06T20:12:00.000","1553406","260128846","260653291","II","Initial",,"64070","Suspicious Occ","Suspicious Occ","Suspicious Occurrence","Open or Active","06TH ST \ GOLDEN GATE AVE \ MARKET ST \ TAYLOR ST","24922000","Tenderloin","South of Market","6","6","37.782230377197266","-122.41029357910156","POINT (-122.410293579 37.782230377)","2026-03-07T09:34:07.000","2026-03-08T09:57:29.000"
"155260905051","2025-11-21T01:38:00.000","2025-11-21T00:00:00.000","01:38","2025","Friday","2026-03-03T18:33:00.000","1552609","250655564",,"IS","Initial Supplement",,"05051","Burglary","Burglary - Commercial","Burglary, Store, Forcible Entry","Cite or Arrest Adult","BAY ST \ COLUMBUS AVE","25533000","Central","Russian Hill","3","2","37.80516815185547","-122.41722869873047","POINT (-122.417228699 37.805168152)","2026-03-07T09:34:07.000","2026-03-08T09:57:29.000"
"155342116710","2026-03-06T23:38:00.000","2026-03-06T00:00:00.000","23:38","2026","Friday","2026-03-06T23:38:00.000","1553421","260129214","260653884","II","Initial",,"16710","Drug Offense","Drug Violation","Narcotics Paraphernalia, Possession of","Cite or Arrest Adult","18TH ST \ MISSION ST","24149000","Mission","Mission","9","9","37.761837005615234","-122.41935729980469","POINT (-122.4193573 37.761837006)","2026-03-07T09:34:07.000","2026-03-08T09:57:29.000"
"155320305071","2026-03-05T21:00:00.000","2026-03-05T00:00:00.000","21:00","2026","Thursday","2026-03-06T09:00:00.000","1553203","260127337","260650533","II","Initial",,"05071","Burglary","Burglary - Other","Burglary, Other Bldg., Forcible Entry","Open or Active","JONES ST \ PACIFIC AVE","25132000","Central","Nob Hill","3","3","37.795875549316406","-122.41500854492188","POINT (-122.415008545 37.795875549)","2026-03-07T09:34:07.000","2026-03-08T09:57:29.000"
"155338616623","2026-03-06T16:48:00.000","2026-03-06T00:00:00.000","16:48","2026","Friday","2026-03-06T16:48:00.000","1553386","260128567","260652622","II","Initial",,"16623","Drug Offense","Drug Violation","Cocaine, Base/rock, Possession For Sale","Cite or Arrest Adult","GOLDEN GATE AVE \ LEAVENWORTH ST","24334000","Tenderloin","Tenderloin","5","6","37.781864166259766","-122.41386413574219","POINT (-122.413864136 37.781864166)","2026-03-07T09:34:07.000","2026-03-08T09:57:29.000"
"155322428150","2026-02-25T03:38:00.000","2026-02-25T00:00:00.000","03:38","2026","Wednesday","2026-03-06T10:46:00.000","1553224","260127525","260651224","II","Initial",,"28150","Malicious Mischief","Vandalism","Malicious Mischief, Vandalism to Property","Open or Active","GENEVA AVE \ LINDA VISTA STPS","33347000","Ingleside","Excelsior","11","11","37.71226501464844","-122.42969512939453","POINT (-122.429695129 37.712265015)","2026-03-07T09:34:07.000","2026-03-08T09:57:29.000"
"155333864070","2025-10-03T00:00:00.000","2025-10-03T00:00:00.000","00:00","2025","Friday","2026-03-06T15:45:00.000","1553338","260128200","260652367","II","Initial",,"64070","Suspicious Occ","Suspicious Occ","Suspicious Occurrence","Open or Active","LEAVENWORTH ST \ UNITED NATIONS PLZ","30044000","Tenderloin","Tenderloin","5","6","37.779991149902344","-122.41349029541016","POINT (-122.413490295 37.77999115)","2026-03-07T09:34:07.000","2026-03-08T09:57:29.000"
"155321126029","2026-03-06T09:18:00.000","2026-03-06T00:00:00.000","09:18","2026","Friday","2026-03-06T09:20:00.000","1553211","260127462","260650894","II","Initial",,"26029","Arson","Arson","Arson, Attempted","Cite or Arrest Adult","08TH ST \ STEVENSON ST","24327000","Tenderloin","South of Market","6","6","37.77824020385742","-122.41414642333984","POINT (-122.414146423 37.778240204)","2026-03-07T09:34:07.000","2026-03-08T09:57:29.000"
"148978564010","2025-06-11T07:00:00.000","2025-06-11T00:00:00.000","07:00","2025","Wednesday","2025-06-12T13:52:00.000","1489785","250327898","251631825","II","Initial",,"64010","Non-Criminal","Other","Dog, Bite or Attack","Open or Active","GENEVA AVE \ LINDA VISTA STPS","33347000","Ingleside","Excelsior","11","11","37.71226501464844","-122.42969512939453","POINT (-122.429695129 37.712265015)","2025-06-14T09:37:39.000","2025-06-15T09:53:25.000"
"155338671024","2026-03-06T16:48:00.000","2026-03-06T00:00:00.000","16:48","2026","Friday","2026-03-06T16:48:00.000","1553386","260128567","260652622","II","Initial",,"71024","Non-Criminal","Non-Criminal","Stay Away or Court Order, Non-DV Related","Cite or Arrest Adult","GOLDEN GATE AVE \ LEAVENWORTH ST","24334000","Tenderloin","Tenderloin","5","6","37.781864166259766","-122.41386413574219","POINT (-122.413864136 37.781864166)","2026-03-07T09:34:07.000","2026-03-08T09:57:29.000"
"155095716652","2026-02-24T18:50:00.000","2026-02-24T00:00:00.000","18:50","2026","Tuesday","2026-02-25T11:30:00.000","1550957","250658358",,"IS","Initial Supplement",,"16652","Drug Offense","Drug Violation","Methamphetamine, Possession For Sale","Cite or Arrest Adult","BOARDMAN PL \ BRYANT ST","23914000","Southern","South of Market","6","6","37.77516174316406","-122.40363311767578","POINT (-122.403633118 37.775161743)","2026-03-07T09:34:07.000","2026-03-08T09:57:29.000"
"155336615201","2024-03-01T08:00:00.000","2024-03-01T00:00:00.000","08:00","2024","Friday","2026-03-06T18:11:00.000","1553366","260128620","260652924","II","Initial",,"15201","Offences Against The Family And Children","Stalking","Stalking","Open or Active","21ST AVE \ RIVERA ST","23208000","Taraval","Sunset/Parkside","4","4","37.74668502807617","-122.47809600830078","POINT (-122.478096008 37.746685028)","2026-03-07T09:34:07.000","2026-03-08T09:57:29.000"
"155317127175","2026-03-06T01:15:00.000","2026-03-06T00:00:00.000","01:15","2026","Friday","2026-03-06T01:15:00.000","1553171","260127133","260650116","II","Initial",,"27175","Other Miscellaneous","Other","Evading a Police Officer Recklessly","Open or Active","08TH ST \ HOWARD ST","24299000","Southern","South of Market","6","6","37.776222229003906","-122.41160583496094","POINT (-122.411605835 37.776222229)","2026-03-07T09:34:07.000","2026-03-08T09:57:29.000"
"155338551040","2026-03-06T19:23:00.000","2026-03-06T00:00:00.000","19:23","2026","Friday","2026-03-06T19:23:00.000","1553385","260128818","260653142","II","Initial",,"51040","Non-Criminal","Non-Criminal","Aided Case","Open or Active","EDDY ST \ MASON ST","24897000","Tenderloin","Tenderloin","5","6","37.78434753417969","-122.40930938720703","POINT (-122.409309387 37.784347534)","2026-03-07T09:34:07.000","2026-03-08T09:57:29.000"
"155337416710","2026-03-06T18:21:00.000","2026-03-06T00:00:00.000","18:21","2026","Friday","2026-03-06T18:21:00.000","1553374","260128749","260652957","II","Initial",,"16710","Drug Offense","Drug Violation","Narcotics Paraphernalia, Possession of","Cite or Arrest Adult","15TH ST \ CAPP ST","24367000","Mission","Mission","9","9","37.76673889160156","-122.41873168945312","POINT (-122.418731689 37.766738892)","2026-03-07T09:34:07.000","2026-03-08T09:57:29.000"
"155334874000","2026-01-02T10:00:00.000","2026-01-02T00:00:00.000","10:00","2026","Friday","2026-03-06T16:38:00.000","1553348","260128385","260652574","II","Initial",,"74000","Missing Person","Missing Adult","Missing Adult","Open or Active","BUSH ST \ HYDE ST","25174000","Tenderloin","Nob Hill","3","3","37.78910827636719","-122.4170150756836","POINT (-122.417015076 37.789108276)","2026-03-07T09:34:07.000","2026-03-08T09:57:29.000"
"155322812030","2026-03-06T10:05:00.000","2026-03-06T00:00:00.000","10:05","2026","Friday","2026-03-06T10:15:00.000","1553228","260127503","260651105","II","Initial",,"12030","Weapons Offense","Weapons Offense","Weapon, Deadly, Imitation or Laser Scope, Exhibiting","Open or Active","25TH ST \ POTRERO AVE","23952000","Mission","Mission","9","9","37.75172805786133","-122.40621948242188","POINT (-122.406219482 37.751728058)","2026-03-07T09:34:07.000","2026-03-08T09:57:29.000"
"155325765010","2026-03-06T11:40:00.000","2026-03-06T00:00:00.000","11:40","2026","Friday","2026-03-06T11:40:00.000","1553257","260127729","260651447","II","Initial",,"65010","Traffic Violation Arrest","Traffic Violation Arrest","Traffic Violation Arrest","Cite or Arrest Adult","BUCHANAN ST \ UNION ST","26659000","Northern","Marina","2","2","37.797508239746094","-122.43220520019531","POINT (-122.4322052 37.79750824)","2026-03-07T09:34:07.000","2026-03-08T09:57:29.000"
"155335709029","2026-02-20T12:00:00.000","2026-02-20T00:00:00.000","12:00","2026","Friday","2026-03-06T17:59:00.000","1553357","260128589","260652886","II","Initial",,"09029","Fraud","Fraud","False Personation to Receive Money or Property","Open or Active","GREENWICH ST \ KRAMER PL","25392000","Central","North Beach","3","3","37.802467346191406","-122.40826416015625","POINT (-122.40826416 37.802467346)","2026-03-07T09:34:07.000","2026-03-08T09:57:29.000"
"155335568020","2026-03-05T14:21:00.000","2026-03-05T00:00:00.000","14:21","2026","Thursday","2026-03-06T15:31:00.000","1553355","260128169","260652326","II","Initial",,"68020","Miscellaneous Investigation","Miscellaneous Investigation","Miscellaneous Investigation","Open or Active","02ND ST \ TABER PL","24489000","Southern","Financial District/South Beach","6","6","37.78282165527344","-122.39329528808594","POINT (-122.393295288 37.782821655)","2026-03-07T09:34:07.000","2026-03-08T09:57:29.000"
"155341219010","2026-03-06T14:24:00.000","2026-03-06T00:00:00.000","14:24","2026","Friday","2026-03-06T14:24:00.000","1553412","260128078","260652100","IS","Initial Supplement",,"19010","Disorderly Conduct","Disorderly Conduct","Public Nuisance, Committing","Cite or Arrest Adult","LEAVENWORTH ST \ TURK ST","24934000","Tenderloin","Tenderloin","5","6","37.78279495239258","-122.41405487060547","POINT (-122.414054871 37.782794952)","2026-03-07T09:34:07.000","2026-03-08T09:57:29.000"
"155318909320","2026-03-03T15:45:00.000","2026-03-03T00:00:00.000","15:45","2026","Tuesday","2026-03-05T14:47:00.000","1553189","260126191","260642202","II","Initial",,"09320","Fraud","Fraud","Access Card, incl. Credit, Phone, ATM, Fraudulent Use of","Open or Active","GEARY ST \ LARKIN ST","25170000","Tenderloin","Tenderloin","3","6","37.786102294921875","-122.4180908203125","POINT (-122.41809082 37.786102295)","2026-03-07T09:34:07.000","2026-03-08T09:57:29.000"
"155319071000","2026-03-03T00:00:00.000","2026-03-03T00:00:00.000","00:00","2026","Tuesday","2026-03-05T14:13:00.000","1553190","260126107","260642087","II","Initial",,"71000","Lost Property","Lost Property","Lost Property","Open or Active","06TH ST \ MISSION ST","24293000","Tenderloin","South of Market","6","6","37.78097152709961","-122.40870666503906","POINT (-122.408706665 37.780971527)","2026-03-07T09:34:07.000","2026-03-08T09:57:29.000"
"155339268020","2026-03-06T20:44:00.000","2026-03-06T00:00:00.000","20:44","2026","Friday","2026-03-06T20:54:00.000","1553392","260128937","260653409","II","Initial",,"68020","Miscellaneous Investigation","Miscellaneous Investigation","Miscellaneous Investigation","Open or Active","CARRIZAL ST \ PARQUE DR","20426000","Ingleside","Visitacion Valley","10","10","37.70991134643555","-122.42031860351562","POINT (-122.420318604 37.709911346)","2026-03-07T09:34:07.000","2026-03-08T09:57:29.000"
"155095715162","2026-02-24T18:50:00.000","2026-02-24T00:00:00.000","18:50","2026","Tuesday","2026-02-25T11:30:00.000","1550957","250658358",,"IS","Initial Supplement",,"15162","Offences Against The Family And Children","Other","Violation of Stay Away Order","Cite or Arrest Adult","BOARDMAN PL \ BRYANT ST","23914000","Southern","South of Market","6","6","37.77516174316406","-122.40363311767578","POINT (-122.403633118 37.775161743)","2026-03-07T09:34:07.000","2026-03-08T09:57:29.000"
"155325806301","2026-03-06T00:00:00.000","2026-03-06T00:00:00.000","00:00","2026","Friday","2026-03-06T00:00:00.000","1553258","260093324",,"IS","Initial Supplement",,"06301","Larceny Theft","Larceny Theft - From Building","Theft, From Building, <$50","Cite or Arrest Adult","HARLAN PL \ MARK LN","50227000","Central","Financial District/South Beach","3","3","37.790199279785156","-122.40467071533203","POINT (-122.404670715 37.79019928)","2026-03-07T09:34:07.000","2026-03-08T09:57:29.000"
"155316004134","2026-03-06T01:03:00.000","2026-03-06T00:00:00.000","01:03","2026","Friday","2026-03-06T01:06:00.000","1553160","260127086","260650108","II","Initial",,"04134","Assault","Simple Assault","Battery","Open or Active","16TH ST \ VALENCIA ST","24183000","Mission","Mission","9","8","37.76491928100586","-122.42189025878906","POINT (-122.421890259 37.764919281)","2026-03-07T09:34:07.000","2026-03-08T09:57:29.000"
"155337828100","2026-03-06T09:48:00.000","2026-03-06T00:00:00.000","09:48","2026","Friday","2026-03-06T15:03:00.000","1553378","260128103","260651392","II","Initial",,"28100","Malicious Mischief","Vandalism","Malicious Mischief, Breaking Windows","Open or Active","09TH ST \ HARRISON ST","24209000","Southern","South of Market","6","6","37.772525787353516","-122.41007995605469","POINT (-122.410079956 37.772525787)","2026-03-07T09:34:07.000","2026-03-08T09:57:29.000"
"155309471013","2025-03-08T12:25:00.000","2025-03-08T00:00:00.000","12:25","2025","Saturday","2025-03-08T20:13:00.000","1553094","259000912",,"II","Initial",,"71013","Larceny Theft","Theft From Vehicle","License Plate, Stolen","Open or Active","39TH AVE \ ANZA ST","27889000","Richmond","Outer Richmond","1","1","37.77748107910156","-122.49958801269531","POINT (-122.499588013 37.777481079)","2026-03-07T09:34:07.000","2026-03-08T09:57:29.000"
"155095716622","2026-02-24T18:50:00.000","2026-02-24T00:00:00.000","18:50","2026","Tuesday","2026-02-25T11:30:00.000","1550957","250658358",,"IS","Initial Supplement",,"16622","Drug Offense","Drug Violation","Cocaine, Possession For Sale","Cite or Arrest Adult","BOARDMAN PL \ BRYANT ST","23914000","Southern","South of Market","6","6","37.77516174316406","-122.40363311767578","POINT (-122.403633118 37.775161743)","2026-03-07T09:34:07.000","2026-03-08T09:57:29.000"
"155321462050","2026-03-06T08:05:00.000","2026-03-06T00:00:00.000","08:05","2026","Friday","2026-03-06T08:06:00.000","1553214","260127309","260650649","II","Initial",,"62050","Warrant","Warrant","Warrant Arrest, Enroute To Outside Jurisdiction","Cite or Arrest Adult","CEDAR ST \ POLK ST","25199000","Tenderloin","Tenderloin","3","6","37.78635787963867","-122.41983032226562","POINT (-122.419830322 37.78635788)","2026-03-07T09:34:07.000","2026-03-08T09:57:29.000"
"155339362050","2026-03-06T19:56:00.000","2026-03-06T00:00:00.000","19:56","2026","Friday","2026-03-06T19:56:00.000","1553393","260128852","260653250","II","Initial",,"62050","Warrant","Warrant","Warrant Arrest, Enroute To Outside Jurisdiction","Cite or Arrest Adult","ESMERALDA AVE \ HOLLADAY AVE","21088000","Bayview","Bernal Heights","9","9","37.743350982666016","-122.40670776367188","POINT (-122.406707764 37.743350983)","2026-03-07T09:34:07.000","2026-03-08T09:57:29.000"
"155326268020","2025-12-01T13:00:00.000","2025-12-01T00:00:00.000","13:00","2025","Monday","2026-03-06T13:51:00.000","1553262","260127989","260651980","II","Initial",,"68020","Miscellaneous Investigation","Miscellaneous Investigation","Miscellaneous Investigation","Open or Active","23RD ST \ MISSION ST","24094000","Mission","Mission","9","9","37.75383758544922","-122.41859436035156","POINT (-122.41859436 37.753837585)","2026-03-07T09:34:07.000","2026-03-08T09:57:29.000"
"155325871024","2026-03-06T00:00:00.000","2026-03-06T00:00:00.000","00:00","2026","Friday","2026-03-06T00:00:00.000","1553258","260093324",,"IS","Initial Supplement",,"71024","Non-Criminal","Non-Criminal","Stay Away or Court Order, Non-DV Related","Cite or Arrest Adult","HARLAN PL \ MARK LN","50227000","Central","Financial District/South Beach","3","3","37.790199279785156","-122.40467071533203","POINT (-122.404670715 37.79019928)","2026-03-07T09:34:07.000","2026-03-08T09:57:29.000"
"155338216710","2026-03-06T17:09:00.000","2026-03-06T00:00:00.000","17:09","2026","Friday","2026-03-06T17:09:00.000","1553382","260128460","260652707","II","Initial",,"16710","Drug Offense","Drug Violation","Narcotics Paraphernalia, Possession of","Cite or Arrest Adult","16TH ST \ WIESE ST","24180000","Mission","Mission","9","9","37.7650032043457","-122.42047882080078","POINT (-122.420478821 37.765003204)","2026-03-07T09:34:07.000","2026-03-08T09:57:29.000"
"155318804074","2026-03-06T04:30:00.000","2026-03-06T00:00:00.000","04:30","2026","Friday","2026-03-06T04:48:00.000","1553188","260127177","260650331","II","Initial",,"04074","Assault","Aggravated Assault","Assault, Aggravated, On Police Officer, W/ Force","Cite or Arrest Adult","MOJAVE ST \ PERALTA AVE","33303000","Ingleside","Bernal Heights","9","9","37.73884963989258","-122.4089584350586","POINT (-122.408958435 37.73884964)","2026-03-07T09:34:07.000","2026-03-08T09:57:29.000"
"155346765016","2026-03-06T09:41:00.000","2026-03-06T00:00:00.000","09:41","2026","Friday","2026-03-06T09:41:00.000","1553467","260127456","260650987","IS","Initial Supplement",,"65016","Other Miscellaneous","Other","Driving, License Suspended or Revoked","Cite or Arrest Adult","BAY SHORE BLVD \ LELAND AVE","20313000","Ingleside","Bayview Hunters Point","10","10","37.71118927001953","-122.40364837646484","POINT (-122.403648376 37.71118927)","2026-03-07T09:34:07.000","2026-03-08T09:57:29.000"
"155339806124","2026-03-05T05:00:00.000","2026-03-05T00:00:00.000","05:00","2026","Thursday","2026-03-06T18:50:00.000","1553398","260128711","260652093","II","Initial",,"06124","Larceny Theft","Larceny Theft - Other","Theft, Drunk Roll, >$950","Open or Active","06TH ST \ GOLDEN GATE AVE \ MARKET ST \ TAYLOR ST","24922000","Tenderloin","South of Market","6","6","37.782230377197266","-122.41029357910156","POINT (-122.410293579 37.782230377)","2026-03-07T09:34:07.000","2026-03-08T09:57:29.000"
"155333719057","2025-03-06T08:33:00.000","2025-03-06T00:00:00.000","08:33","2025","Thursday","2026-03-06T14:53:00.000","1553337","260128062","260652183","II","Initial",,"19057","Disorderly Conduct","Intimidation","Terrorist Threats","Open or Active","FONT BLVD \ GONZALEZ DR","33481000","Taraval","Lakeshore","7","7","37.71678924560547","-122.47592163085938","POINT (-122.475921631 37.716789246)","2026-03-07T09:34:07.000","2026-03-08T09:57:29.000"
"155340761030","2026-02-20T00:01:00.000","2026-02-20T00:00:00.000","00:01","2026","Friday","2026-03-06T22:13:00.000","1553407","260129032","260653657","II","Initial",,"61030","Other","Other","Death Report, Cause Unknown","Open or Active","FILBERT ST \ OCTAVIA ST","26718000","Northern","Marina","2","2","37.798858642578125","-122.4291000366211","POINT (-122.429100037 37.798858643)","2026-03-07T09:34:07.000","2026-03-08T09:57:29.000"
"155325901001","2026-03-05T00:00:00.000","2026-03-05T00:00:00.000","00:00","2026","Thursday","2026-03-05T00:00:00.000","1553259","230310813","231243033","IS","Initial Supplement",,"01001","Homicide","Homicide","Homicide, W/ Gun","Open or Active","JENNINGS ST \ NEWHALL ST","20178000","Northern","Bayview Hunters Point","10","10","37.739219665527344","-122.37772369384766","POINT (-122.377723694 37.739219666)","2026-03-07T09:34:07.000","2026-03-08T09:57:29.000"
"155321871000","2026-03-06T08:10:00.000","2026-03-06T00:00:00.000","08:10","2026","Friday","2026-03-06T11:19:00.000","1553218","260127638","260651360","II","Initial",,"71000","Lost Property","Lost Property","Lost Property","Open or Active","BITTING AVE \ NEWHALL ST","34008000","Bayview","Bayview Hunters Point","10","10","37.72727584838867","-122.39908599853516","POINT (-122.399085999 37.727275848)","2026-03-07T09:34:07.000","2026-03-08T09:57:29.000"
"155336162050","2026-03-06T17:29:00.000","2026-03-06T00:00:00.000","17:29","2026","Friday","2026-03-06T17:29:00.000","1553361","260128523","260652805","II","Initial",,"62050","Warrant","Warrant","Warrant Arrest, Enroute To Outside Jurisdiction","Cite or Arrest Adult","16TH ST \ WIESE ST","24180000","Mission","Mission","9","9","37.7650032043457","-122.42047882080078","POINT (-122.420478821 37.765003204)","2026-03-07T09:34:07.000","2026-03-08T09:57:29.000"
"155341604013","2026-03-06T23:00:00.000","2026-03-06T00:00:00.000","23:00","2026","Friday","2026-03-06T23:17:00.000","1553416","260129236","260653825","II","Initial",,"04013","Assault","Aggravated Assault","Assault, Aggravated, W/ Other Weapon","Open or Active","HAHN ST \ SUNRISE WAY","20406000","Ingleside","Visitacion Valley","10","10","37.7099494934082","-122.41688537597656","POINT (-122.416885376 37.709949493)","2026-03-07T09:34:07.000","2026-03-08T09:57:29.000"
"155253327195","2026-03-03T01:30:00.000","2026-03-03T00:00:00.000","01:30","2026","Tuesday","2026-03-03T11:08:00.000","1552533","260121395","260621399","II","Initial",,"27195","Other Miscellaneous","Trespass","Trespassing","Open or Active","09TH TI ST \ AVENUE B","34070000","Southern","Treasure Island","6","6","37.82317352294922","-122.37490844726562","POINT (-122.374908447 37.823173523)","2026-03-07T09:34:07.000","2026-03-08T09:57:29.000"
"155307964015","2026-03-05T14:06:00.000","2026-03-05T00:00:00.000","14:06","2026","Thursday","2026-03-05T14:06:00.000","1553079","260126179","260642057","II","Initial",,"64015","Non-Criminal","Other","Aided Case, Injured or Sick Person","Open or Active","PALOU AVE \ RANKIN ST","20749000","Bayview","Bayview Hunters Point","10","10","37.738216400146484","-122.39837646484375","POINT (-122.398376465 37.7382164)","2026-03-07T09:34:07.000","2026-03-08T09:57:29.000"
"155335463010","2026-03-06T17:20:00.000","2026-03-06T00:00:00.000","17:20","2026","Friday","2026-03-06T17:20:00.000","1553354","260128551","260652759","II","Initial",,"63010","Warrant","Other","Warrant Arrest, Local SF Warrant","Cite or Arrest Adult","EDDY ST \ MASON ST","24897000","Tenderloin","Tenderloin","5","6","37.78434753417969","-122.40930938720703","POINT (-122.409309387 37.784347534)","2026-03-07T09:34:07.000","2026-03-08T09:57:29.000"
"155325112030","2024-03-06T12:24:00.000","2024-03-06T00:00:00.000","12:24","2024","Wednesday","2026-03-06T12:26:00.000","1553251","260127860","260651623","II","Initial",,"12030","Weapons Offense","Weapons Offense","Weapon, Deadly, Imitation or Laser Scope, Exhibiting","Open or Active","TURK ST \ WEBSTER ST","25972000","Northern","Western Addition","5","5","37.78071594238281","-122.43042755126953","POINT (-122.430427551 37.780715942)","2026-03-07T09:34:07.000","2026-03-08T09:57:29.000"
"155343464010","2026-03-06T16:00:00.000","2026-03-06T00:00:00.000","16:00","2026","Friday","2026-03-06T22:11:00.000","1553434","260129258","260653651","II","Initial",,"64010","Non-Criminal","Other","Dog, Bite or Attack","Open or Active","SANTA FE AVE \ SILVER AVE","20744000","Bayview","Bayview Hunters Point","10","10","37.734886169433594","-122.40155792236328","POINT (-122.401557922 37.734886169)","2026-03-07T09:34:07.000","2026-03-08T09:57:29.000"
"155324806374","2026-03-06T12:30:00.000","2026-03-06T00:00:00.000","12:30","2026","Friday","2026-03-06T13:00:00.000","1553248","260127854","260651764","II","Initial",,"06374","Larceny Theft","Larceny Theft - Other","Theft, Other Property, >$950","Open or Active","05TH ST \ CYRIL MAGNIN ST \ MARKET ST","30739000","Tenderloin","South of Market","6","6","37.783992767333984","-122.40806579589844","POINT (-122.408065796 37.783992767)","2026-03-07T09:34:07.000","2026-03-08T09:57:29.000"
"155334068020","2026-03-04T16:00:00.000","2026-03-04T00:00:00.000","16:00","2026","Wednesday","2026-03-06T15:18:00.000","1553340","260128238","260652273","II","Initial",,"68020","Miscellaneous Investigation","Miscellaneous Investigation","Miscellaneous Investigation","Open or Active","37TH AVE \ PACHECO ST","23422000","Taraval","Sunset/Parkside","4","4","37.74966049194336","-122.49549865722656","POINT (-122.495498657 37.749660492)","2026-03-07T09:34:07.000","2026-03-08T09:57:29.000"
"155340568050","2026-03-06T14:58:00.000","2026-03-06T00:00:00.000","14:58","2026","Friday","2026-03-06T15:00:00.000","1553405","260128153","260652204","IS","Initial Supplement",,"68050","Traffic Collision","Traffic Collision","Traffic Collision","Open or Active","07TH AVE \ IRVING ST","27149000","Taraval","Inner Sunset","7","5","37.764129638671875","-122.46417236328125","POINT (-122.464172363 37.764129639)","2026-03-07T09:34:07.000","2026-03-08T09:57:29.000"
"155325505153","2026-02-27T16:45:00.000","2026-02-27T00:00:00.000","16:45","2026","Friday","2026-02-28T14:53:00.000","1553255","260116346","260592108","IS","Initial Supplement",,"05153","Burglary","Burglary - Other","Burglary, Non-residential, Unlawful Entry","Open or Active","MASON ST \ SUTTER ST","24920000","Central","Nob Hill","3","3","37.78901672363281","-122.41024017333984","POINT (-122.410240173 37.789016724)","2026-03-07T09:34:07.000","2026-03-08T09:57:29.000"
"155341575000","2026-03-05T22:59:00.000","2026-03-05T00:00:00.000","22:59","2026","Thursday","2026-03-05T22:59:00.000","1553415","260117435","260600976","IS","Initial Supplement",,"75000","Missing Person","Missing Person","Found Person","Open or Active","16TH ST \ BRYANT ST","24048000","Mission","Mission","9","10","37.76560592651367","-122.41048431396484","POINT (-122.410484314 37.765605927)","2026-03-07T09:34:07.000","2026-03-08T09:57:29.000"
"155339728165","2026-03-06T10:08:00.000","2026-03-06T00:00:00.000","10:08","2026","Friday","2026-03-06T19:38:00.000","1553397","260128783","260653136","II","Initial",,"28165","Malicious Mischief","Vandalism","Malicious Mischief, Graffiti, Real or Personal Property","Cite or Arrest Adult","KEITH ST \ PALOU AVE","20157000","Bayview","Bayview Hunters Point","10","10","37.73185729980469","-122.38716888427734","POINT (-122.387168884 37.7318573)","2026-03-07T09:34:07.000","2026-03-08T09:57:29.000"
"155334904014","2026-03-05T10:29:00.000","2026-03-05T00:00:00.000","10:29","2026","Thursday","2026-03-06T16:33:00.000","1553349","260125660","260641178","IS","Initial Supplement",,"04014","Assault","Aggravated Assault","Assault, Aggravated, W/ Force","Cite or Arrest Adult","16TH ST \ WIESE ST","24180000","Mission","Mission","9","9","37.7650032043457","-122.42047882080078","POINT (-122.420478821 37.765003204)","2026-03-07T09:34:07.000","2026-03-08T09:57:29.000"
"155337565010","2026-03-06T18:42:00.000","2026-03-06T00:00:00.000","18:42","2026","Friday","2026-03-06T18:42:00.000","1553375","260128733","260653044","II","Initial",,"65010","Traffic Violation Arrest","Traffic Violation Arrest","Traffic Violation Arrest","Cite or Arrest Adult","23RD ST \ MISSION ST","24094000","Mission","Mission","9","9","37.75383758544922","-122.41859436035156","POINT (-122.41859436 37.753837585)","2026-03-07T09:34:07.000","2026-03-08T09:57:29.000"
"155320263010","2026-03-06T08:53:00.000","2026-03-06T00:00:00.000","08:53","2026","Friday","2026-03-06T08:53:00.000","1553202","260127321","260650809","II","Initial",,"63010","Warrant","Other","Warrant Arrest, Local SF Warrant","Cite or Arrest Adult","CEDAR ST \ LARKIN ST","25172000","Northern","Tenderloin","3","6","37.78656768798828","-122.41818237304688","POINT (-122.418182373 37.786567688)","2026-03-07T09:34:07.000","2026-03-08T09:57:29.000"
"155345875000","2026-02-27T00:21:00.000","2026-02-27T00:00:00.000","00:21","2026","Friday","2026-03-07T04:30:00.000","1553458","260112980","260660410","IS","Initial Supplement",,"75000","Missing Person","Missing Person","Found Person","Open or Active","LYON ST \ PAGE ST","26325000","Park","Haight Ashbury","5","5","37.77157211303711","-122.44218444824219","POINT (-122.442184448 37.771572113)","2026-03-07T09:34:07.000","2026-03-08T09:57:29.000"
"155345727195","2026-03-06T23:54:00.000","2026-03-06T00:00:00.000","23:54","2026","Friday","2026-03-07T03:57:00.000","1553457","260129496","260660364","II","Initial",,"27195","Other Miscellaneous","Trespass","Trespassing","Open or Active","30TH ST \ CASTRO ST","22007000","Ingleside","Noe Valley","8","8","37.74190139770508","-122.43325805664062","POINT (-122.433258057 37.741901398)","2026-03-07T09:34:07.000","2026-03-08T09:57:29.000"
"155320816710","2026-03-06T08:00:00.000","2026-03-06T00:00:00.000","08:00","2026","Friday","2026-03-06T08:00:00.000","1553208","260127280","260650636","II","Initial",,"16710","Drug Offense","Drug Violation","Narcotics Paraphernalia, Possession of","Cite or Arrest Adult","MISSION ST \ YERBA BUENA LN","54125000","Tenderloin","Financial District/South Beach","6","6","37.78512191772461","-122.40350341796875","POINT (-122.403503418 37.785121918)","2026-03-07T09:34:07.000","2026-03-08T09:57:29.000"
"155324909320","2025-12-16T00:00:00.000","2025-12-16T00:00:00.000","00:00","2025","Tuesday","2026-03-06T12:15:00.000","1553249","260127757","260651583","II","Initial",,"09320","Fraud","Fraud","Access Card, incl. Credit, Phone, ATM, Fraudulent Use of","Open or Active","ROBBLEE AVE \ THOMAS AVE","20740000","Bayview","Bayview Hunters Point","10","10","37.735286712646484","-122.39990997314453","POINT (-122.399909973 37.735286713)","2026-03-07T09:34:07.000","2026-03-08T09:57:29.000"
"155337106371","2026-03-05T16:50:00.000","2026-03-05T00:00:00.000","16:50","2026","Thursday","2026-03-06T19:00:00.000","1553371","260128705","260653073","II","Initial",,"06371","Larceny Theft","Larceny Theft - Other","Theft, Other Property, <$50","Open or Active","21ST ST \ CHATTANOOGA ST","25661000","Mission","Noe Valley","8","8","37.756561279296875","-122.42678833007812","POINT (-122.42678833 37.756561279)","2026-03-07T09:34:07.000","2026-03-08T09:57:29.000"
"155339604134","2026-03-06T20:34:00.000","2026-03-06T00:00:00.000","20:34","2026","Friday","2026-03-06T20:45:00.000","1553396","260128909","260653386","II","Initial",,"04134","Assault","Simple Assault","Battery","Open or Active","STEINER ST \ TURK ST","26048000","Northern","Western Addition","5","5","37.7802848815918","-122.43378448486328","POINT (-122.433784485 37.780284882)","2026-03-07T09:34:07.000","2026-03-08T09:57:29.000"
"155334368055","2026-03-06T15:03:00.000","2026-03-06T00:00:00.000","15:03","2026","Friday","2026-03-06T15:14:00.000","1553343","260128197","260652221","II","Initial",,"68055","Other Offenses","Other Offenses","Discharging Offensive or Injurious Substance in Public Area","Open or Active","03RD ST \ EGBERT AVE","20457000","Bayview","Bayview Hunters Point","10","10","37.72397232055664","-122.39492797851562","POINT (-122.394927979 37.723972321)","2026-03-07T09:34:07.000","2026-03-08T09:57:29.000"
"155324216710","2026-03-06T11:14:00.000","2026-03-06T00:00:00.000","11:14","2026","Friday","2026-03-06T11:14:00.000","1553242","260127694","260651340","II","Initial",,"16710","Drug Offense","Drug Violation","Narcotics Paraphernalia, Possession of","Cite or Arrest Adult","OFARRELL ST \ POLK ST","25179000","Tenderloin","Tenderloin","5","6","37.78496170043945","-122.41954803466797","POINT (-122.419548035 37.7849617)","2026-03-07T09:34:07.000","2026-03-08T09:57:29.000"
"155337274000","2026-03-05T12:00:00.000","2026-03-05T00:00:00.000","12:00","2026","Thursday","2026-03-06T18:42:00.000","1553372","260128727","260653043","II","Initial",,"74000","Missing Person","Missing Adult","Missing Adult","Open or Active","07TH AVE \ JUDAH ST","27143000","Park","Inner Sunset","7","5","37.76226806640625","-122.46404266357422","POINT (-122.464042664 37.762268066)","2026-03-07T09:34:07.000","2026-03-08T09:57:29.000"
"155253305151","2026-03-03T01:30:00.000","2026-03-03T00:00:00.000","01:30","2026","Tuesday","2026-03-03T11:08:00.000","1552533","260121395","260621399","II","Initial",,"05151","Burglary","Burglary - Other","Burglary, Non-residential, Forcible Entry","Open or Active","09TH TI ST \ AVENUE B","34070000","Southern","Treasure Island","6","6","37.82317352294922","-122.37490844726562","POINT (-122.374908447 37.823173523)","2026-03-07T09:34:07.000","2026-03-08T09:57:29.000"
"155321726150","2026-03-06T09:12:00.000","2026-03-06T00:00:00.000","09:12","2026","Friday","2026-03-06T09:15:00.000","1553217","260127406","260650871","II","Initial",,"26150","Other Miscellaneous","Other","Parole Violation, Adult","Cite or Arrest Adult","24TH ST \ OSAGE ALY","24089000","Mission","Mission","9","9","37.75220489501953","-122.41901397705078","POINT (-122.419013977 37.752204895)","2026-03-07T09:34:07.000","2026-03-08T09:57:29.000"
"155342705083","2026-03-06T04:00:00.000","2026-03-06T00:00:00.000","04:00","2026","Friday","2026-03-06T21:49:00.000","1553427","260129004","260653405","II","Initial",,"05083","Burglary","Burglary - Hot Prowl","Burglary, Hot Prowl, Unlawful Entry","Open or Active","MISSION ST \ VIRGINIA AVE","21331000","Ingleside","Bernal Heights","9","9","37.74312210083008","-122.4214859008789","POINT (-122.421485901 37.743122101)","2026-03-07T09:34:07.000","2026-03-08T09:57:29.000"
"155315362050","2026-03-06T00:00:00.000","2026-03-06T00:00:00.000","00:00","2026","Friday","2026-03-06T00:00:00.000","1553153","260126981","260643801","II","Initial",,"62050","Warrant","Warrant","Warrant Arrest, Enroute To Outside Jurisdiction","Cite or Arrest Adult","22ND ST \ CAPP ST","24082000","Mission","Mission","9","9","37.75550079345703","-122.41765594482422","POINT (-122.417655945 37.755500793)","2026-03-07T09:34:07.000","2026-03-08T09:57:29.000"
"155336628135","2024-03-01T08:00:00.000","2024-03-01T00:00:00.000","08:00","2024","Friday","2026-03-06T18:11:00.000","1553366","260128620","260652924","II","Initial",,"28135","Malicious Mischief","Other","Phone Calls, Harassing","Open or Active","21ST AVE \ RIVERA ST","23208000","Taraval","Sunset/Parkside","4","4","37.74668502807617","-122.47809600830078","POINT (-122.478096008 37.746685028)","2026-03-07T09:34:07.000","2026-03-08T09:57:29.000"
"155320004134","2026-03-06T08:48:00.000","2026-03-06T00:00:00.000","08:48","2026","Friday","2026-03-06T08:48:00.000","1553200","260127359","260650791","II","Initial",,"04134","Assault","Simple Assault","Battery","Open or Active","BRODERICK ST \ SACRAMENTO ST","26823000","Richmond","Pacific Heights","2","2","37.788780212402344","-122.44229888916016","POINT (-122.442298889 37.788780212)","2026-03-07T09:34:07.000","2026-03-08T09:57:29.000"
"155336816660","2026-03-06T16:55:00.000","2026-03-06T00:00:00.000","16:55","2026","Friday","2026-03-06T16:55:00.000","1553368","260128410","260652649","II","Initial",,"16660","Drug Offense","Drug Violation","Controlled Substance Offense","Cite or Arrest Adult","EDDY ST \ LEAVENWORTH ST","24935000","Tenderloin","Tenderloin","5","6","37.783721923828125","-122.41423797607422","POINT (-122.414237976 37.783721924)","2026-03-07T09:34:07.000","2026-03-08T09:57:29.000"
"155343828100","2026-03-05T22:55:00.000","2026-03-05T00:00:00.000","22:55","2026","Thursday","2026-03-07T02:25:00.000","1553438","260129402","260651277","II","Initial",,"28100","Malicious Mischief","Vandalism","Malicious Mischief, Breaking Windows","Open or Active","BATTERY ST \ FILBERT ST","30719000","Central","Financial District/South Beach","3","3","37.802310943603516","-122.40179443359375","POINT (-122.401794434 37.802310944)","2026-03-07T09:34:07.000","2026-03-08T09:57:29.000"
"155321609269","2026-03-06T08:36:00.000","2026-03-06T00:00:00.000","08:36","2026","Friday","2026-03-06T08:36:00.000","1553216","260127519","260650743","IS","Initial Supplement",,"09269","Fraud","Fraud","Cellular or Cordless Phone Communications, Intercepting","Cite or Arrest Adult","BAY SHORE BLVD \ SUNNYDALE AVE","20306000","Ingleside","Bayview Hunters Point","10","10","37.70885467529297","-122.40511322021484","POINT (-122.40511322 37.708854675)","2026-03-07T09:34:07.000","2026-03-08T09:57:29.000"
"155336416710","2026-03-06T15:49:00.000","2026-03-06T00:00:00.000","15:49","2026","Friday","2026-03-06T15:49:00.000","1553364","260128307","260652381","II","Initial",,"16710","Drug Offense","Drug Violation","Narcotics Paraphernalia, Possession of","Cite or Arrest Adult","DUBOCE AVE \ GUERRERO ST","25860000","Mission","Mission","8","8","37.76973342895508","-122.4245834350586","POINT (-122.424583435 37.769733429)","2026-03-07T09:34:07.000","2026-03-08T09:57:29.000"
"155337565015","2026-03-06T18:42:00.000","2026-03-06T00:00:00.000","18:42","2026","Friday","2026-03-06T18:42:00.000","1553375","260128733","260653044","II","Initial",,"65015","Other Miscellaneous","Other","Driving, No License Issued","Cite or Arrest Adult","23RD ST \ MISSION ST","24094000","Mission","Mission","9","9","37.75383758544922","-122.41859436035156","POINT (-122.41859436 37.753837585)","2026-03-07T09:34:07.000","2026-03-08T09:57:29.000"
"155336816710","2026-03-06T16:55:00.000","2026-03-06T00:00:00.000","16:55","2026","Friday","2026-03-06T16:55:00.000","1553368","260128410","260652649","II","Initial",,"16710","Drug Offense","Drug Violation","Narcotics Paraphernalia, Possession of","Cite or Arrest Adult","EDDY ST \ LEAVENWORTH ST","24935000","Tenderloin","Tenderloin","5","6","37.783721923828125","-122.41423797607422","POINT (-122.414237976 37.783721924)","2026-03-07T09:34:07.000","2026-03-08T09:57:29.000"
"155319019057","2026-03-03T00:00:00.000","2026-03-03T00:00:00.000","00:00","2026","Tuesday","2026-03-05T14:13:00.000","1553190","260126107","260642087","II","Initial",,"19057","Disorderly Conduct","Intimidation","Terrorist Threats","Open or Active","06TH ST \ MISSION ST","24293000","Tenderloin","South of Market","6","6","37.78097152709961","-122.40870666503906","POINT (-122.408706665 37.780971527)","2026-03-07T09:34:07.000","2026-03-08T09:57:29.000"
"155343065050","2026-03-06T23:46:00.000","2026-03-06T00:00:00.000","23:46","2026","Friday","2026-03-06T23:52:00.000","1553430","260129270","260653903","II","Initial",,"65050","Other Miscellaneous","Other","Driving While Under The Influence Of Alcohol","Cite or Arrest Adult","CHICAGO WAY \ LAPHAM WAY \ LINDA VISTA STPS","21370000","Ingleside","Excelsior","11","11","37.710872650146484","-122.4301528930664","POINT (-122.430152893 37.71087265)","2026-03-07T09:34:07.000","2026-03-08T09:57:29.000"
"155305575000","2025-02-11T13:13:00.000","2025-02-11T00:00:00.000","13:13","2025","Tuesday","2025-02-11T13:13:00.000","1553055","210644745",,"IS","Initial Supplement",,"75000","Missing Person","Missing Person","Found Person","Open or Active","03RD ST \ MISSION ROCK ST","23579000","Out of SF","Mission Bay","6","6","37.77293014526367","-122.38971710205078","POINT (-122.389717102 37.772930145)","2026-03-07T09:34:07.000","2026-03-08T09:57:29.000"
"155321116650","2026-03-06T09:18:00.000","2026-03-06T00:00:00.000","09:18","2026","Friday","2026-03-06T09:20:00.000","1553211","260127462","260650894","II","Initial",,"16650","Drug Offense","Drug Violation","Methamphetamine Offense","Cite or Arrest Adult","08TH ST \ STEVENSON ST","24327000","Tenderloin","South of Market","6","6","37.77824020385742","-122.41414642333984","POINT (-122.414146423 37.778240204)","2026-03-07T09:34:07.000","2026-03-08T09:57:29.000"
"155334304134","2026-03-06T15:03:00.000","2026-03-06T00:00:00.000","15:03","2026","Friday","2026-03-06T15:14:00.000","1553343","260128197","260652221","II","Initial",,"04134","Assault","Simple Assault","Battery","Open or Active","03RD ST \ EGBERT AVE","20457000","Bayview","Bayview Hunters Point","10","10","37.72397232055664","-122.39492797851562","POINT (-122.394927979 37.723972321)","2026-03-07T09:34:07.000","2026-03-08T09:57:29.000"
"155341312100","2026-03-06T20:41:00.000","2026-03-06T00:00:00.000","20:41","2026","Friday","2026-03-06T20:41:00.000","1553413","260128971","260653166","II","Initial",,"12100","Weapons Carrying Etc","Weapons Offense","Firearm, Possession of Loaded","Cite or Arrest Adult","10TH ST \ FELL ST \ MARKET ST \ POLK ST","30746000","Tenderloin","Tenderloin","6","6","37.77654266357422","-122.4175033569336","POINT (-122.417503357 37.776542664)","2026-03-07T09:34:07.000","2026-03-08T09:57:29.000"
"155321572000","2026-03-05T11:30:00.000","2026-03-05T00:00:00.000","11:30","2026","Thursday","2026-03-05T11:30:00.000","1553215","260127484","260651087","II","Initial",,"72000","Non-Criminal","Non-Criminal","Found  Property","Open or Active","FILLMORE ST \ TURK ST","25973000","Northern","Western Addition","5","5","37.780494689941406","-122.43214416503906","POINT (-122.432144165 37.78049469)","2026-03-07T09:34:07.000","2026-03-08T09:57:29.000"
"155321316710","2026-03-06T07:44:00.000","2026-03-06T00:00:00.000","07:44","2026","Friday","2026-03-06T07:44:00.000","1553213","260127224","260650454","II","Initial",,"16710","Drug Offense","Drug Violation","Narcotics Paraphernalia, Possession of","Cite or Arrest Adult","GOUGH ST \ PAGE ST","24456000","Northern","Hayes Valley","6","5","37.774085998535156","-122.42240905761719","POINT (-122.422409058 37.774085999)","2026-03-07T09:34:07.000","2026-03-08T09:57:29.000"
"155339906374","2026-03-06T16:00:00.000","2026-03-06T00:00:00.000","16:00","2026","Friday","2026-03-06T17:42:00.000","1553399","260128573","260652816","II","Initial",,"06374","Larceny Theft","Larceny Theft - Other","Theft, Other Property, >$950","Open or Active","VAN NESS AVE \ WILLOW ST","30707000","Northern","Western Addition","2","6","37.78335189819336","-122.42097473144531","POINT (-122.420974731 37.783351898)","2026-03-07T09:34:07.000","2026-03-08T09:57:29.000"
"155325409027","2026-03-06T00:00:00.000","2026-03-06T00:00:00.000","00:00","2026","Friday","2026-03-06T11:58:00.000","1553254","260127741","260651515","II","Initial",,"09027","Fraud","Fraud","False Personation","Open or Active","BONVIEW ST \ CORTLAND AVE","21248000","Ingleside","Bernal Heights","9","9","37.739532470703125","-122.4191665649414","POINT (-122.419166565 37.739532471)","2026-03-07T09:34:07.000","2026-03-08T09:57:29.000"
"155318906113","2026-03-03T15:45:00.000","2026-03-03T00:00:00.000","15:45","2026","Tuesday","2026-03-05T14:47:00.000","1553189","260126191","260642202","II","Initial",,"06113","Larceny Theft","Larceny Theft - Pickpocket","Theft, Pickpocket, $200-$950","Open or Active","GEARY ST \ LARKIN ST","25170000","Tenderloin","Tenderloin","3","6","37.786102294921875","-122.4180908203125","POINT (-122.41809082 37.786102295)","2026-03-07T09:34:07.000","2026-03-08T09:57:29.000"
"155338364060","2026-02-11T00:00:00.000","2026-02-11T00:00:00.000","00:00","2026","Wednesday","2026-03-06T19:46:00.000","1553383","260128802","260653211","II","Initial",,"64060","Suspicious Occ","Suspicious Occ","Suspicious Act Towards Female","Open or Active","FULTON ST \ LA PLAYA","27978000","Richmond","Outer Richmond","1","1","37.77139663696289","-122.50989532470703","POINT (-122.509895325 37.771396637)","2026-03-07T09:34:07.000","2026-03-08T09:57:29.000"
"155282405043","2025-10-19T20:12:00.000","2025-10-19T00:00:00.000","20:12","2025","Sunday","2026-03-04T17:32:00.000","1552824","250589684",,"IS","Initial Supplement",,"05043","Burglary","Burglary - Residential","Burglary, Residence, Unlawful Entry","Cite or Arrest Adult","FOLSOM ST \ POWHATTAN AVE","21153000","Ingleside","Bernal Heights","9","9","37.74147415161133","-122.41321563720703","POINT (-122.413215637 37.741474152)","2026-03-07T09:34:07.000","2026-03-08T09:57:29.000"
"155341704013","2026-03-06T22:48:00.000","2026-03-06T00:00:00.000","22:48","2026","Friday","2026-03-06T22:54:00.000","1553417","260129076","260653751","II","Initial",,"04013","Assault","Aggravated Assault","Assault, Aggravated, W/ Other Weapon","Open or Active","JONES ST \ OFARRELL ST","24945000","Tenderloin","Tenderloin","5","6","37.785789489746094","-122.41297149658203","POINT (-122.412971497 37.78578949)","2026-03-07T09:34:07.000","2026-03-08T09:57:29.000"
"155278807041","2026-02-27T22:00:00.000","2026-02-27T00:00:00.000","22:00","2026","Friday","2026-03-04T14:34:00.000","1552788","260123971","260632150","VI","Vehicle Initial",,"07041","Recovered Vehicle","Recovered Vehicle","Vehicle, Recovered, Auto","Unfounded",,,"Northern",,,,,,,"2026-03-07T09:34:07.000","2026-03-08T09:57:29.000"
"155339365010","2026-03-06T19:56:00.000","2026-03-06T00:00:00.000","19:56","2026","Friday","2026-03-06T19:56:00.000","1553393","260128852","260653250","II","Initial",,"65010","Traffic Violation Arrest","Traffic Violation Arrest","Traffic Violation Arrest","Cite or Arrest Adult","ESMERALDA AVE \ HOLLADAY AVE","21088000","Bayview","Bernal Heights","9","9","37.743350982666016","-122.40670776367188","POINT (-122.406707764 37.743350983)","2026-03-07T09:34:07.000","2026-03-08T09:57:29.000"
"155333364070","2026-03-06T12:45:00.000","2026-03-06T00:00:00.000","12:45","2026","Friday","2026-03-06T13:46:00.000","1553333","260127967","260651945","II","Initial",,"64070","Suspicious Occ","Suspicious Occ","Suspicious Occurrence","Open or Active","21ST ST \ FAIR OAKS ST","25629000","Mission","Mission","8","8","37.7567024230957","-122.42444610595703","POINT (-122.424446106 37.756702423)","2026-03-07T09:34:07.000","2026-03-08T09:57:29.000"
"155321906363","2026-03-06T10:30:00.000","2026-03-06T00:00:00.000","10:30","2026","Friday","2026-03-06T11:10:00.000","1553219","260127597","260651312","II","Initial",,"06363","Larceny Theft","Larceny Theft - Shoplifting","Theft, Shoplifting, $200-$950","Open or Active","FRONT ST \ SACRAMENTO ST","24691000","Central","Financial District/South Beach","3","3","37.79428482055664","-122.39897155761719","POINT (-122.398971558 37.794284821)","2026-03-07T09:34:07.000","2026-03-08T09:57:29.000"
"155323606303","2026-03-04T16:34:00.000","2026-03-04T00:00:00.000","16:34","2026","Wednesday","2026-03-06T12:37:00.000","1553236","260127785","260651670","II","Initial",,"06303","Larceny Theft","Larceny Theft - From Building","Theft, From Building, $200-$950","Open or Active","18TH AVE \ ANZA ST","27495000","Richmond","Outer Richmond","1","1","37.77850341796875","-122.47709655761719","POINT (-122.477096558 37.778503418)","2026-03-07T09:34:07.000","2026-03-08T09:57:29.000"
"155336365010","2026-03-06T17:39:00.000","2026-03-06T00:00:00.000","17:39","2026","Friday","2026-03-06T17:39:00.000","1553363","260128608","260652834","II","Initial",,"65010","Traffic Violation Arrest","Traffic Violation Arrest","Traffic Violation Arrest","Cite or Arrest Adult","03RD ST \ NEWCOMB AVE","20660000","Bayview","Bayview Hunters Point","10","10","37.735591888427734","-122.39041900634766","POINT (-122.390419006 37.735591888)","2026-03-07T09:34:07.000","2026-03-08T09:57:29.000"
"155318705041","2026-03-06T05:33:00.000","2026-03-06T00:00:00.000","05:33","2026","Friday","2026-03-06T05:33:00.000","1553187","260127183","260650380","II","Initial",,"05041","Burglary","Burglary - Residential","Burglary, Residence, Forcible Entry","Open or Active","14TH ST \ LANDERS ST","25874000","Mission","Castro/Upper Market","8","8","37.767791748046875","-122.42786407470703","POINT (-122.427864075 37.767791748)","2026-03-07T09:34:07.000","2026-03-08T09:57:29.000"
"155277626142","2026-03-04T14:26:00.000","2026-03-04T00:00:00.000","14:26","2026","Wednesday","2026-03-04T14:26:00.000","1552776","260084806",,"IS","Initial Supplement",,"26142","Other Miscellaneous","Kidnapping","False Imprisonment","Open or Active","FELL ST \ GOUGH ST","25916000","Northern","Hayes Valley","5","5","37.77595138549805","-122.42279052734375","POINT (-122.422790527 37.775951385)","2026-03-07T09:34:07.000","2026-03-08T09:57:29.000"
"155340828150","2026-03-06T22:47:00.000","2026-03-06T00:00:00.000","22:47","2026","Friday","2026-03-06T22:52:00.000","1553408","260129117","260653744","II","Initial",,"28150","Malicious Mischief","Vandalism","Malicious Mischief, Vandalism to Property","Cite or Arrest Adult","COLE ST \ WALLER ST","26413000","Park","Haight Ashbury","8","5","37.768592834472656","-122.45052337646484","POINT (-122.450523376 37.768592834)","2026-03-07T09:34:07.000","2026-03-08T09:57:29.000"
"155318804154","2026-03-06T04:30:00.000","2026-03-06T00:00:00.000","04:30","2026","Friday","2026-03-06T04:48:00.000","1553188","260127177","260650331","II","Initial",,"04154","Assault","Simple Assault","Battery, Of A Police Officer","Cite or Arrest Adult","MOJAVE ST \ PERALTA AVE","33303000","Ingleside","Bernal Heights","9","9","37.73884963989258","-122.4089584350586","POINT (-122.408958435 37.73884964)","2026-03-07T09:34:07.000","2026-03-08T09:57:29.000"
"155320505153","2026-03-06T08:24:00.000","2026-03-06T00:00:00.000","08:24","2026","Friday","2026-03-06T08:24:00.000","1553205","260125381","260650722","IS","Initial Supplement",,"05153","Burglary","Burglary - Other","Burglary, Non-residential, Unlawful Entry","Cite or Arrest Adult","ELLIS ST \ LEAVENWORTH ST","25139000","Tenderloin","Tenderloin","5","6","37.7846565246582","-122.4144287109375","POINT (-122.414428711 37.784656525)","2026-03-07T09:34:07.000","2026-03-08T09:57:29.000"
"155320812015","2026-03-06T08:00:00.000","2026-03-06T00:00:00.000","08:00","2026","Friday","2026-03-06T08:00:00.000","1553208","260127280","260650636","II","Initial",,"12015","Weapons Offense","Weapons Offense","Weapon, Carrying Concealed","Cite or Arrest Adult","MISSION ST \ YERBA BUENA LN","54125000","Tenderloin","Financial District/South Beach","6","6","37.78512191772461","-122.40350341796875","POINT (-122.403503418 37.785121918)","2026-03-07T09:34:07.000","2026-03-08T09:57:29.000"
"155341404136","2026-02-06T03:00:00.000","2026-02-06T00:00:00.000","03:00","2026","Friday","2026-03-06T19:49:00.000","1553414","260129098","260653219","II","Initial",,"04136","Assault","Simple Assault","Battery with Serious Injuries","Open or Active","HOWARD ST \ RUSS ST","24287000","Southern","South of Market","6","6","37.77886199951172","-122.40827178955078","POINT (-122.40827179 37.778862)","2026-03-07T09:34:07.000","2026-03-08T09:57:29.000"
"155337764070","2025-09-10T08:00:00.000","2025-09-10T00:00:00.000","08:00","2025","Wednesday","2026-03-06T17:03:00.000","1553377","260128501","260652677","II","Initial",,"64070","Suspicious Occ","Suspicious Occ","Suspicious Occurrence","Open or Active","CLARION ALY \ VALENCIA ST","24173000","Mission","Mission","9","9","37.762916564941406","-122.42169189453125","POINT (-122.421691895 37.762916565)","2026-03-07T09:34:07.000","2026-03-08T09:57:29.000"
"148992171000","2025-05-05T08:50:00.000","2025-05-05T00:00:00.000","08:50","2025","Monday","2025-05-05T18:30:00.000","1489921","256057906",,"II","Coplogic Initial","true","71000","Lost Property","Lost Property","Lost Property","Open or Active","MISSION ST \ RUTH ST","21746000","Ingleside","Outer Mission","11","11","37.723045349121094","-122.43604278564453","POINT (-122.436042786 37.723045349)","2025-06-14T09:37:39.000","2025-06-15T09:53:25.000"
"155339728160","2026-03-06T10:08:00.000","2026-03-06T00:00:00.000","10:08","2026","Friday","2026-03-06T19:38:00.000","1553397","260128783","260653136","II","Initial",,"28160","Malicious Mischief","Vandalism","Malicious Mischief, Vandalism to Vehicle","Cite or Arrest Adult","KEITH ST \ PALOU AVE","20157000","Bayview","Bayview Hunters Point","10","10","37.73185729980469","-122.38716888427734","POINT (-122.387168884 37.7318573)","2026-03-07T09:34:07.000","2026-03-08T09:57:29.000"
"155317405071","2026-03-06T04:10:00.000","2026-03-06T00:00:00.000","04:10","2026","Friday","2026-03-06T04:12:00.000","1553174","260127161","260650299","II","Initial",,"05071","Burglary","Burglary - Other","Burglary, Other Bldg., Forcible Entry","Open or Active","MISSION ST \ WASHBURN ST","24417000","Southern","South of Market","6","6","37.7758903503418","-122.41513061523438","POINT (-122.415130615 37.77589035)","2026-03-07T09:34:07.000","2026-03-08T09:57:29.000"
"155319907021","2026-03-05T22:00:00.000","2026-03-05T00:00:00.000","22:00","2026","Thursday","2026-03-06T09:17:00.000","1553199","260127387","260650878","VI","Vehicle Initial",,"07021","Motor Vehicle Theft","Motor Vehicle Theft","Vehicle, Stolen, Auto","Open or Active","WAYLAND ST \ YALE ST","20936000","Bayview","Portola","9","9","37.72308349609375","-122.41592407226562","POINT (-122.415924072 37.723083496)","2026-03-07T09:34:07.000","2026-03-08T09:57:29.000"
"155326516710","2026-03-06T13:32:00.000","2026-03-06T00:00:00.000","13:32","2026","Friday","2026-03-06T13:32:00.000","1553265","260128034","260651895","II","Initial",,"16710","Drug Offense","Drug Violation","Narcotics Paraphernalia, Possession of","Cite or Arrest Adult","24TH ST \ OSAGE ALY","24089000","Mission","Mission","9","9","37.75220489501953","-122.41901397705078","POINT (-122.419013977 37.752204895)","2026-03-07T09:34:07.000","2026-03-08T09:57:29.000"
"155323301001","2026-03-05T00:00:00.000","2026-03-05T00:00:00.000","00:00","2026","Thursday","2026-03-05T00:00:00.000","1553233","240462539","242062448","IS","Initial Supplement",,"01001","Homicide","Homicide","Homicide, W/ Gun","Cite or Arrest Adult","JENNINGS ST \ NEWHALL ST","20178000","Bayview","Bayview Hunters Point","10","10","37.739219665527344","-122.37772369384766","POINT (-122.377723694 37.739219666)","2026-03-07T09:34:07.000","2026-03-08T09:57:29.000"
"155277603051","2026-03-04T14:26:00.000","2026-03-04T00:00:00.000","14:26","2026","Wednesday","2026-03-04T14:26:00.000","1552776","260084806",,"IS","Initial Supplement",,"03051","Robbery","Robbery - Commercial","Robbery, Residence, W/ Gun","Open or Active","FELL ST \ GOUGH ST","25916000","Northern","Hayes Valley","5","5","37.77595138549805","-122.42279052734375","POINT (-122.422790527 37.775951385)","2026-03-07T09:34:07.000","2026-03-08T09:57:29.000"
"155343106374","2026-03-06T23:07:00.000","2026-03-06T00:00:00.000","23:07","2026","Friday","2026-03-06T23:07:00.000","1553431","260129195","260653795","II","Initial",,"06374","Larceny Theft","Larceny Theft - Other","Theft, Other Property, >$950","Open or Active","ALAMEDA ST \ BRYANT ST","24215000","Mission","Mission","9","10","37.7681770324707","-122.41072845458984","POINT (-122.410728455 37.768177032)","2026-03-07T09:34:07.000","2026-03-08T09:57:29.000"
"155318827195","2026-03-06T04:30:00.000","2026-03-06T00:00:00.000","04:30","2026","Friday","2026-03-06T04:48:00.000","1553188","260127177","260650331","II","Initial",,"27195","Other Miscellaneous","Trespass","Trespassing","Cite or Arrest Adult","MOJAVE ST \ PERALTA AVE","33303000","Ingleside","Bernal Heights","9","9","37.73884963989258","-122.4089584350586","POINT (-122.408958435 37.73884964)","2026-03-07T09:34:07.000","2026-03-08T09:57:29.000"
"155329406363","2026-02-26T16:46:00.000","2026-02-26T00:00:00.000","16:46","2026","Thursday","2026-03-05T14:43:00.000","1553294","266018039",,"II","Coplogic Initial","true","06363","Larceny Theft","Larceny Theft - Shoplifting","Theft, Shoplifting, $200-$950","Open or Active","CASTRO ST \ JERSEY ST","25739000","Mission","Noe Valley","8","8","37.75049591064453","-122.43400573730469","POINT (-122.434005737 37.750495911)","2026-03-07T09:34:07.000","2026-03-08T09:57:29.000"
"155340106372","2026-01-30T08:00:00.000","2026-01-30T00:00:00.000","08:00","2026","Friday","2026-03-06T21:00:00.000","1553401","260128965","260653476","II","Initial",,"06372","Larceny Theft","Larceny Theft - Other","Theft, Other Property, $50-$200","Open or Active","08TH ST \ MISSION ST","24311000","Southern","South of Market","6","6","37.77745819091797","-122.41315460205078","POINT (-122.413154602 37.777458191)","2026-03-07T09:34:07.000","2026-03-08T09:57:29.000"
"155342828160","2026-03-06T22:57:00.000","2026-03-06T00:00:00.000","22:57","2026","Friday","2026-03-06T22:57:00.000","1553428","260129123","260653771","II","Initial",,"28160","Malicious Mischief","Vandalism","Malicious Mischief, Vandalism to Vehicle","Open or Active","QUESADA AVE \ SELBY ST","20756000","Bayview","Bayview Hunters Point","10","10","37.7386474609375","-122.40081024169922","POINT (-122.400810242 37.738647461)","2026-03-07T09:34:07.000","2026-03-08T09:57:29.000"
"155346805081","2026-03-06T08:36:00.000","2026-03-06T00:00:00.000","08:36","2026","Friday","2026-03-06T08:36:00.000","1553468","260127519","260650743","IS","Initial Supplement",,"05081","Burglary","Burglary - Hot Prowl","Burglary, Hot Prowl, Forcible Entry","Cite or Arrest Adult","BAY SHORE BLVD \ LELAND AVE","20313000","Ingleside","Bayview Hunters Point","10","10","37.71118927001953","-122.40364837646484","POINT (-122.403648376 37.71118927)","2026-03-07T09:34:07.000","2026-03-08T09:57:29.000"
"155322009027","2026-01-19T00:00:00.000","2026-01-19T00:00:00.000","00:00","2026","Monday","2026-03-06T09:31:00.000","1553220","260127412","260650945","II","Initial",,"09027","Fraud","Fraud","False Personation","Open or Active","HAROLD AVE \ OCEAN AVE","22217000","Ingleside","West of Twin Peaks","11","7","37.723243713378906","-122.45310974121094","POINT (-122.453109741 37.723243713)","2026-03-07T09:34:07.000","2026-03-08T09:57:29.000"
"155335274000","2026-03-03T18:00:00.000","2026-03-03T00:00:00.000","18:00","2026","Tuesday","2026-03-06T14:42:00.000","1553352","260128476","260652148","II","Initial",,"74000","Missing Person","Missing Adult","Missing Adult","Open or Active","FILLMORE ST \ GOLDEN GATE AVE","25971000","Northern","Western Addition","5","5","37.779563903808594","-122.43195343017578","POINT (-122.43195343 37.779563904)","2026-03-07T09:34:07.000","2026-03-08T09:57:29.000"
"155319428160","2026-03-06T07:20:00.000","2026-03-06T00:00:00.000","07:20","2026","Friday","2026-03-06T07:28:00.000","1553194","260127202","260650559","II","Initial",,"28160","Malicious Mischief","Vandalism","Malicious Mischief, Vandalism to Vehicle","Open or Active","EDDY ST \ TAYLOR ST","24925000","Tenderloin","Tenderloin","5","6","37.784141540527344","-122.41094970703125","POINT (-122.410949707 37.784141541)","2026-03-07T09:34:07.000","2026-03-08T09:57:29.000"
"155342204144","2026-03-06T21:00:00.000","2026-03-06T00:00:00.000","21:00","2026","Friday","2026-03-06T23:40:00.000","1553422","260129208","260653672","II","Initial",,"04144","Assault","Simple Assault","Battery, Sexual","Open or Active","DR CARLTON B GOODLETT PL \ GROVE ST \ POLK ST","24437000","Northern","Tenderloin","5","6","37.77848815917969","-122.41822814941406","POINT (-122.418228149 37.778488159)","2026-03-07T09:34:07.000","2026-03-08T09:57:29.000"
"155335416650","2026-03-06T17:20:00.000","2026-03-06T00:00:00.000","17:20","2026","Friday","2026-03-06T17:20:00.000","1553354","260128551","260652759","II","Initial",,"16650","Drug Offense","Drug Violation","Methamphetamine Offense","Cite or Arrest Adult","EDDY ST \ MASON ST","24897000","Tenderloin","Tenderloin","5","6","37.78434753417969","-122.40930938720703","POINT (-122.409309387 37.784347534)","2026-03-07T09:34:07.000","2026-03-08T09:57:29.000"
"155341604134","2026-03-06T23:00:00.000","2026-03-06T00:00:00.000","23:00","2026","Friday","2026-03-06T23:17:00.000","1553416","260129236","260653825","II","Initial",,"04134","Assault","Simple Assault","Battery","Open or Active","HAHN ST \ SUNRISE WAY","20406000","Ingleside","Visitacion Valley","10","10","37.7099494934082","-122.41688537597656","POINT (-122.416885376 37.709949493)","2026-03-07T09:34:07.000","2026-03-08T09:57:29.000"
"155304904014","2026-02-28T04:50:00.000","2026-02-28T00:00:00.000","04:50","2026","Saturday","2026-02-28T05:18:00.000","1553049","269000281",,"II","Initial",,"04014","Assault","Aggravated Assault","Assault, Aggravated, W/ Force","Open or Active",,,"Out of SF",,,,,,,"2026-03-07T09:34:07.000","2026-03-08T09:57:29.000"
"155344203074","2026-03-06T22:13:00.000","2026-03-06T00:00:00.000","22:13","2026","Friday","2026-03-06T22:17:00.000","1553442","260129026","260653655","II","Initial",,"03074","Robbery","Robbery - Other","Robbery, W/ Force","Open or Active","AUSTIN ST \ VAN NESS AVE","30075000","Northern","Western Addition","2","2","37.788944244384766","-122.4221420288086","POINT (-122.422142029 37.788944244)","2026-03-07T09:34:07.000","2026-03-08T09:57:29.000"
"155337909015","2026-03-03T00:00:00.000","2026-03-03T00:00:00.000","00:00","2026","Tuesday","2026-03-06T16:11:00.000","1553379","260128335","260652458","II","Initial",,"09015","Forgery And Counterfeiting","Forgery And Counterfeiting","Forgery, Checks, Felony","Open or Active","07TH AVE \ CALIFORNIA ST \ CORNWALL ST","27593000","Richmond","Inner Richmond","1","1","37.78485107421875","-122.46562957763672","POINT (-122.465629578 37.784851074)","2026-03-07T09:34:07.000","2026-03-08T09:57:29.000"
"155317064085","2026-03-06T00:46:00.000","2026-03-06T00:00:00.000","00:46","2026","Friday","2026-03-06T00:46:00.000","1553170","260101096","260650075","IS","Initial Supplement",,"64085","Other Miscellaneous","Other","Investigative Detention","Open or Active","05TH ST \ CYRIL MAGNIN ST \ MARKET ST","30739000","Southern","South of Market","6","6","37.783992767333984","-122.40806579589844","POINT (-122.408065796 37.783992767)","2026-03-07T09:34:07.000","2026-03-08T09:57:29.000"
"155336516710","2026-03-06T17:53:00.000","2026-03-06T00:00:00.000","17:53","2026","Friday","2026-03-06T17:53:00.000","1553365","260128595","260652875","II","Initial",,"16710","Drug Offense","Drug Violation","Narcotics Paraphernalia, Possession of","Cite or Arrest Adult","17TH ST \ MISSION ST","24165000","Mission","Mission","9","9","37.763427734375","-122.41950988769531","POINT (-122.419509888 37.763427734)","2026-03-07T09:34:07.000","2026-03-08T09:57:29.000"
"155335304134","2026-03-06T17:15:00.000","2026-03-06T00:00:00.000","17:15","2026","Friday","2026-03-06T17:15:00.000","1553353","260128517","260652741","II","Initial",,"04134","Assault","Simple Assault","Battery","Open or Active","22ND ST \ CAPP ST","24082000","Mission","Mission","9","9","37.75550079345703","-122.41765594482422","POINT (-122.417655945 37.755500793)","2026-03-07T09:34:07.000","2026-03-08T09:57:29.000"
"155316804134","2026-03-06T00:55:00.000","2026-03-06T00:00:00.000","00:55","2026","Friday","2026-03-06T01:00:00.000","1553168","260127064","260650098","II","Initial",,"04134","Assault","Simple Assault","Battery","Open or Active","MARKET ST \ SOUTH VAN NESS AVE \ VAN NESS AVE","30748000","Southern","Mission","6","6","37.775146484375","-122.41925811767578","POINT (-122.419258118 37.775146484)","2026-03-07T09:34:07.000","2026-03-08T09:57:29.000"
"155323709029","2026-03-05T05:50:00.000","2026-03-05T00:00:00.000","05:50","2026","Thursday","2026-03-06T11:37:00.000","1553237","260127688","260651442","II","Initial",,"09029","Fraud","Fraud","False Personation to Receive Money or Property","Open or Active","MISSION ST \ RICHLAND AVE","21827000","Ingleside","Bernal Heights","8","8","37.736061096191406","-122.42446899414062","POINT (-122.424468994 37.736061096)","2026-03-07T09:34:07.000","2026-03-08T09:57:29.000"
"155342507041","2026-03-06T00:00:00.000","2026-03-06T00:00:00.000","00:00","2026","Friday","2026-03-06T23:35:00.000","1553425","260128341",,"VS","Vehicle Supplement",,"07041","Recovered Vehicle","Recovered Vehicle","Vehicle, Recovered, Auto","Open or Active",,,"Out of SF",,,,,,,"2026-03-07T09:34:07.000","2026-03-08T09:57:29.000"
"155333227130","2026-03-06T12:54:00.000","2026-03-06T00:00:00.000","12:54","2026","Friday","2026-03-06T12:54:00.000","1553332","260127876","260651716","II","Initial",,"27130","Other Miscellaneous","Other","Burglary Tools, Possession Of","Cite or Arrest Adult","OFARRELL ST \ POWELL ST","24904000","Tenderloin","Tenderloin","3","3","37.78641128540039","-122.40803527832031","POINT (-122.408035278 37.786411285)","2026-03-07T09:34:07.000","2026-03-08T09:57:29.000"
"155341312015","2026-03-06T20:41:00.000","2026-03-06T00:00:00.000","20:41","2026","Friday","2026-03-06T20:41:00.000","1553413","260128971","260653166","II","Initial",,"12015","Weapons Offense","Weapons Offense","Weapon, Carrying Concealed","Cite or Arrest Adult","10TH ST \ FELL ST \ MARKET ST \ POLK ST","30746000","Tenderloin","Tenderloin","6","6","37.77654266357422","-122.4175033569336","POINT (-122.417503357 37.776542664)","2026-03-07T09:34:07.000","2026-03-08T09:57:29.000"
"155341212120","2026-03-06T14:24:00.000","2026-03-06T00:00:00.000","14:24","2026","Friday","2026-03-06T14:24:00.000","1553412","260128078","260652100","IS","Initial Supplement",,"12120","Weapons Carrying Etc","Weapons Offense","Weapon, Prohibited, Possession, Sale, Mfg., Import","Cite or Arrest Adult","LEAVENWORTH ST \ TURK ST","24934000","Tenderloin","Tenderloin","5","6","37.78279495239258","-122.41405487060547","POINT (-122.414054871 37.782794952)","2026-03-07T09:34:07.000","2026-03-08T09:57:29.000"
"155320668020","2026-03-06T09:30:00.000","2026-03-06T00:00:00.000","09:30","2026","Friday","2026-03-06T09:46:00.000","1553206","260127478","260651003","II","Initial",,"68020","Miscellaneous Investigation","Miscellaneous Investigation","Miscellaneous Investigation","Open or Active","04TH ST \ TOWNSEND ST","23821000","Southern","South of Market","6","6","37.7770881652832","-122.39498138427734","POINT (-122.394981384 37.777088165)","2026-03-07T09:34:07.000","2026-03-08T09:57:29.000"
"155334107023","2026-02-13T00:00:00.000","2026-02-13T00:00:00.000","00:00","2026","Friday","2026-03-06T16:12:00.000","1553341","260128341","260652459","VI","Vehicle Initial",,"07023","Motor Vehicle Theft","Motor Vehicle Theft","Vehicle, Stolen, Motorcycle","Open or Active","BRODERICK ST \ BUSH ST","26816000","Richmond","Pacific Heights","2","2","37.78596878051758","-122.44172668457031","POINT (-122.441726685 37.785968781)","2026-03-07T09:34:07.000","2026-03-08T09:57:29.000"
"155344728160","2026-03-06T22:00:00.000","2026-03-06T00:00:00.000","22:00","2026","Friday","2026-03-07T03:15:00.000","1553447","260129430","260660316","II","Initial",,"28160","Malicious Mischief","Vandalism","Malicious Mischief, Vandalism to Vehicle","Open or Active","05TH ST \ BLUXOME ST","23824000","Southern","Mission Bay","6","6","37.77593994140625","-122.3979721069336","POINT (-122.397972107 37.775939941)","2026-03-07T09:34:07.000","2026-03-08T09:57:29.000"
"155326404014","2026-03-05T10:25:00.000","2026-03-05T00:00:00.000","10:25","2026","Thursday","2026-03-05T10:29:00.000","1553264","260125660",,"IS","Initial Supplement",,"04014","Assault","Aggravated Assault","Assault, Aggravated, W/ Force","Open or Active","15TH ST \ MISSION ST","24171000","Mission","Mission","9","9","37.76667404174805","-122.4198226928711","POINT (-122.419822693 37.766674042)","2026-03-07T09:34:07.000","2026-03-08T09:57:29.000"
"155333416710","2026-03-06T10:24:00.000","2026-03-06T00:00:00.000","10:24","2026","Friday","2026-03-06T10:24:00.000","1553334","260127490","260651137","II","Initial",,"16710","Drug Offense","Drug Violation","Narcotics Paraphernalia, Possession of","Cite or Arrest Adult","EDDY ST \ JONES ST","24929000","Tenderloin","Tenderloin","5","6","37.783931732177734","-122.41259765625","POINT (-122.412597656 37.783931732)","2026-03-07T09:34:07.000","2026-03-08T09:57:29.000"
"155342364070","2026-03-06T23:30:00.000","2026-03-06T00:00:00.000","23:30","2026","Friday","2026-03-06T23:54:00.000","1553423","260129242","260653924","II","Initial",,"64070","Suspicious Occ","Suspicious Occ","Suspicious Occurrence","Open or Active","25TH ST \ SAN BRUNO AVE","23716000","Mission","Mission","10","10","37.75184631347656","-122.40424346923828","POINT (-122.404243469 37.751846313)","2026-03-07T09:34:07.000","2026-03-08T09:57:29.000"
"155321605081","2026-03-06T08:36:00.000","2026-03-06T00:00:00.000","08:36","2026","Friday","2026-03-06T08:36:00.000","1553216","260127519","260650743","IS","Initial Supplement",,"05081","Burglary","Burglary - Hot Prowl","Burglary, Hot Prowl, Forcible Entry","Cite or Arrest Adult","BAY SHORE BLVD \ SUNNYDALE AVE","20306000","Ingleside","Bayview Hunters Point","10","10","37.70885467529297","-122.40511322021484","POINT (-122.40511322 37.708854675)","2026-03-07T09:34:07.000","2026-03-08T09:57:29.000"
"155321219095","2026-03-06T08:23:00.000","2026-03-06T00:00:00.000","08:23","2026","Friday","2026-03-06T08:28:00.000","1553212","260127343","260650734","II","Initial",,"19095","Disorderly Conduct","Drug Violation","Drugs, Under Influence  in a Public Place","Cite or Arrest Adult","TURK ST \ VAN NESS AVE","25184000","Northern","Western Addition","5","5","37.781959533691406","-122.42063903808594","POINT (-122.420639038 37.781959534)","2026-03-07T09:34:07.000","2026-03-08T09:57:29.000"
"155320475000","2026-03-05T15:30:00.000","2026-03-05T00:00:00.000","15:30","2026","Thursday","2026-03-06T07:33:00.000","1553204","260127218","260650560","II","Initial",,"75000","Missing Person","Missing Person","Found Person","Open or Active","CLAY ST \ GRANT AVE","30770000","Central","Chinatown","3","3","37.79426193237305","-122.40630340576172","POINT (-122.406303406 37.794261932)","2026-03-07T09:34:07.000","2026-03-08T09:57:29.000"
"155342672000","2026-03-06T18:40:00.000","2026-03-06T00:00:00.000","18:40","2026","Friday","2026-03-06T19:06:00.000","1553426","260128824","260653102","II","Initial",,"72000","Non-Criminal","Non-Criminal","Found  Property","Open or Active","NORTH POINT ST \ POWELL ST","25480000","Central","North Beach","3","3","37.806758880615234","-122.41213989257812","POINT (-122.412139893 37.806758881)","2026-03-07T09:34:07.000","2026-03-08T09:57:29.000"
"155341171000","2026-03-06T14:30:00.000","2026-03-06T00:00:00.000","14:30","2026","Friday","2026-03-06T23:15:00.000","1553411","260129145","260653819","II","Initial",,"71000","Lost Property","Lost Property","Lost Property","Open or Active","06TH ST \ HARRISON ST","23919000","Southern","South of Market","6","6","37.77727127075195","-122.40406799316406","POINT (-122.404067993 37.777271271)","2026-03-07T09:34:07.000","2026-03-08T09:57:29.000"
"155343328161","2026-03-06T23:11:00.000","2026-03-06T00:00:00.000","23:11","2026","Friday","2026-03-06T23:13:00.000","1553433","260129151","260653811","II","Initial",,"28161","Malicious Mischief","Vandalism","Malicious Mischief, Tire Slashing","Open or Active","MISSION ST \ VIRGINIA AVE","21331000","Ingleside","Bernal Heights","9","9","37.74312210083008","-122.4214859008789","POINT (-122.421485901 37.743122101)","2026-03-07T09:34:07.000","2026-03-08T09:57:29.000"
"155325765016","2026-03-06T11:40:00.000","2026-03-06T00:00:00.000","11:40","2026","Friday","2026-03-06T11:40:00.000","1553257","260127729","260651447","II","Initial",,"65016","Other Miscellaneous","Other","Driving, License Suspended or Revoked","Cite or Arrest Adult","BUCHANAN ST \ UNION ST","26659000","Northern","Marina","2","2","37.797508239746094","-122.43220520019531","POINT (-122.4322052 37.79750824)","2026-03-07T09:34:07.000","2026-03-08T09:57:29.000"
"155345428160","2026-03-06T16:10:00.000","2026-03-06T00:00:00.000","16:10","2026","Friday","2026-03-07T03:18:00.000","1553454","260129446","260660321","II","Initial",,"28160","Malicious Mischief","Vandalism","Malicious Mischief, Vandalism to Vehicle","Open or Active","04TH ST \ FREELON ST","23832000","Southern","South of Market","6","6","37.778751373291016","-122.39706420898438","POINT (-122.397064209 37.778751373)","2026-03-07T09:34:07.000","2026-03-08T09:57:29.000"
"155340304134","2026-03-06T20:54:00.000","2026-03-06T00:00:00.000","20:54","2026","Friday","2026-03-06T21:00:00.000","1553403","260128943","260653434","II","Initial",,"04134","Assault","Simple Assault","Battery","Open or Active","FRESNO ST \ GRANT AVE","25331000","Central","North Beach","3","3","37.79848861694336","-122.40715026855469","POINT (-122.407150269 37.798488617)","2026-03-07T09:34:07.000","2026-03-08T09:57:29.000"
"155336705013","2026-02-26T13:00:00.000","2026-02-26T00:00:00.000","13:00","2026","Thursday","2026-03-06T18:33:00.000","1553367","260128686","260652991","II","Initial",,"05013","Burglary","Burglary - Residential","Burglary, Apartment House, Unlawful Entry","Open or Active","22ND ST \ DOLORES ST","25631000","Mission","Noe Valley","8","8","37.755027770996094","-122.42546081542969","POINT (-122.425460815 37.755027771)","2026-03-07T09:34:07.000","2026-03-08T09:57:29.000"
"155346809269","2026-03-06T08:36:00.000","2026-03-06T00:00:00.000","08:36","2026","Friday","2026-03-06T08:36:00.000","1553468","260127519","260650743","IS","Initial Supplement",,"09269","Fraud","Fraud","Cellular or Cordless Phone Communications, Intercepting","Cite or Arrest Adult","BAY SHORE BLVD \ LELAND AVE","20313000","Ingleside","Bayview Hunters Point","10","10","37.71118927001953","-122.40364837646484","POINT (-122.403648376 37.71118927)","2026-03-07T09:34:07.000","2026-03-08T09:57:29.000"
"155327506372","2026-03-05T16:00:00.000","2026-03-05T00:00:00.000","16:00","2026","Thursday","2026-03-05T21:24:00.000","1553275","266018120",,"II","Coplogic Initial","true","06372","Larceny Theft","Larceny Theft - Other","Theft, Other Property, $50-$200","Open or Active","22ND ST \ VALENCIA ST","24115000","Mission","Mission","9","8","37.75529479980469","-122.42096710205078","POINT (-122.420967102 37.7552948)","2026-03-07T09:34:07.000","2026-03-08T09:57:29.000"
"155324216210","2026-03-06T11:14:00.000","2026-03-06T00:00:00.000","11:14","2026","Friday","2026-03-06T11:14:00.000","1553242","260127694","260651340","II","Initial",,"16210","Drug Offense","Drug Violation","Opiates Offense","Cite or Arrest Adult","OFARRELL ST \ POLK ST","25179000","Tenderloin","Tenderloin","5","6","37.78496170043945","-122.41954803466797","POINT (-122.419548035 37.7849617)","2026-03-07T09:34:07.000","2026-03-08T09:57:29.000"
"155321712080","2026-03-06T09:12:00.000","2026-03-06T00:00:00.000","09:12","2026","Friday","2026-03-06T09:15:00.000","1553217","260127406","260650871","II","Initial",,"12080","Weapons Carrying Etc","Weapons Offense","Firearm, Possession By Prohibited Person","Cite or Arrest Adult","24TH ST \ OSAGE ALY","24089000","Mission","Mission","9","9","37.75220489501953","-122.41901397705078","POINT (-122.419013977 37.752204895)","2026-03-07T09:34:07.000","2026-03-08T09:57:29.000"
"155260975030","2025-11-21T01:38:00.000","2025-11-21T00:00:00.000","01:38","2025","Friday","2026-03-03T18:33:00.000","1552609","250655564",,"IS","Initial Supplement",,"75030","Case Closure","Case Closure","Case Closure","Cite or Arrest Adult","BAY ST \ COLUMBUS AVE","25533000","Central","Russian Hill","3","2","37.80516815185547","-122.41722869873047","POINT (-122.417228699 37.805168152)","2026-03-07T09:34:07.000","2026-03-08T09:57:29.000"
"155316216710","2026-03-06T00:22:00.000","2026-03-06T00:00:00.000","00:22","2026","Friday","2026-03-06T00:23:00.000","1553162","260127042","260650032","II","Initial",,"16710","Drug Offense","Drug Violation","Narcotics Paraphernalia, Possession of","Cite or Arrest Adult","GOLDEN GATE AVE \ JONES ST","24326000","Tenderloin","Tenderloin","5","6","37.782073974609375","-122.41222381591797","POINT (-122.412223816 37.782073975)","2026-03-07T09:34:07.000","2026-03-08T09:57:29.000"
"155320819057","2026-03-06T08:00:00.000","2026-03-06T00:00:00.000","08:00","2026","Friday","2026-03-06T08:00:00.000","1553208","260127280","260650636","II","Initial",,"19057","Disorderly Conduct","Intimidation","Terrorist Threats","Cite or Arrest Adult","MISSION ST \ YERBA BUENA LN","54125000","Tenderloin","Financial District/South Beach","6","6","37.78512191772461","-122.40350341796875","POINT (-122.403503418 37.785121918)","2026-03-07T09:34:07.000","2026-03-08T09:57:29.000"
"155315327170","2026-03-06T00:00:00.000","2026-03-06T00:00:00.000","00:00","2026","Friday","2026-03-06T00:00:00.000","1553153","260126981","260643801","II","Initial",,"27170","Other Miscellaneous","Other","Resisting, Delaying, or Obstructing  Peace Officer Duties","Cite or Arrest Adult","22ND ST \ CAPP ST","24082000","Mission","Mission","9","9","37.75550079345703","-122.41765594482422","POINT (-122.417655945 37.755500793)","2026-03-07T09:34:07.000","2026-03-08T09:57:29.000"
"155326562050","2026-03-06T13:32:00.000","2026-03-06T00:00:00.000","13:32","2026","Friday","2026-03-06T13:32:00.000","1553265","260128034","260651895","II","Initial",,"62050","Warrant","Warrant","Warrant Arrest, Enroute To Outside Jurisdiction","Cite or Arrest Adult","24TH ST \ OSAGE ALY","24089000","Mission","Mission","9","9","37.75220489501953","-122.41901397705078","POINT (-122.419013977 37.752204895)","2026-03-07T09:34:07.000","2026-03-08T09:57:29.000"
"155334206153","2026-03-06T15:00:00.000","2026-03-06T00:00:00.000","15:00","2026","Friday","2026-03-06T16:30:00.000","1553342","260128379","260652542","II","Initial",,"06153","Larceny Theft","Larceny Theft - Other","Theft, From Person, $200-$950 (other than Pickpocket)","Open or Active","14TH ST \ FOLSOM ST","24336000","Mission","Mission","9","9","37.76853561401367","-122.41561126708984","POINT (-122.415611267 37.768535614)","2026-03-07T09:34:07.000","2026-03-08T09:57:29.000"
"155316351050","2026-03-06T01:06:00.000","2026-03-06T00:00:00.000","01:06","2026","Friday","2026-03-06T01:06:00.000","1553163","260127070","260650107","II","Initial",,"51050","Non-Criminal","Non-Criminal","Aided case, Naloxone Deployment","Open or Active","MARKET ST \ MASON ST \ TURK ST","24898000","Southern","South of Market","6","6","37.783287048339844","-122.40895080566406","POINT (-122.408950806 37.783287048)","2026-03-07T09:34:07.000","2026-03-08T09:57:29.000"
"155322206233","2026-03-05T16:00:00.000","2026-03-05T00:00:00.000","16:00","2026","Thursday","2026-03-06T11:29:00.000","1553222","260127650","260651405","II","Initial",,"06233","Larceny Theft","Larceny - Auto Parts","Theft, Vehicle Strip, $200-$950","Open or Active","CAYUGA AVE \ SANTA ROSA AVE","21801000","Ingleside","Outer Mission","11","11","37.727169036865234","-122.43680572509766","POINT (-122.436805725 37.727169037)","2026-03-07T09:34:07.000","2026-03-08T09:57:29.000"
"155321603071","2026-03-06T08:36:00.000","2026-03-06T00:00:00.000","08:36","2026","Friday","2026-03-06T08:36:00.000","1553216","260127519","260650743","IS","Initial Supplement",,"03071","Robbery","Robbery - Other","Robbery, W/ Gun","Cite or Arrest Adult","BAY SHORE BLVD \ SUNNYDALE AVE","20306000","Ingleside","Bayview Hunters Point","10","10","37.70885467529297","-122.40511322021484","POINT (-122.40511322 37.708854675)","2026-03-07T09:34:07.000","2026-03-08T09:57:29.000"
"155323404134","2026-03-06T09:54:00.000","2026-03-06T00:00:00.000","09:54","2026","Friday","2026-03-06T09:54:00.000","1553234","260127531","260651019","II","Initial",,"04134","Assault","Simple Assault","Battery","Cite or Arrest Adult","06TH ST \ NATOMA ST","24282000","Southern","South of Market","6","6","37.7801628112793","-122.4076919555664","POINT (-122.407691956 37.780162811)","2026-03-07T09:34:07.000","2026-03-08T09:57:29.000"
"148996875000","2022-06-13T11:16:00.000","2022-06-13T00:00:00.000","11:16","2022","Monday","2025-06-13T11:16:00.000","1489968","250329656","251641177","II","Initial",,"75000","Missing Person","Missing Person","Found Person","Open or Active","LYON ST \ PAGE ST","26325000","Park","Haight Ashbury","5","5","37.77157211303711","-122.44218444824219","POINT (-122.442184448 37.771572113)","2025-06-14T09:37:39.000","2025-06-15T09:53:25.000"
"151364528160","2025-09-21T20:17:00.000","2025-09-21T00:00:00.000","20:17","2025","Sunday","2025-09-23T06:07:00.000","1513645","250533700","252651779","IS","Initial Supplement",,"28160","Malicious Mischief","Vandalism","Malicious Mischief, Vandalism to Vehicle","Open or Active","GEARY ST \ LEAVENWORTH ST","25154000","Central","Tenderloin","5","6","37.78651809692383","-122.41481018066406","POINT (-122.414810181 37.786518097)","2025-09-24T09:37:10.000","2025-09-25T09:53:28.000"
"151379619089","2025-09-23T12:50:00.000","2025-09-23T00:00:00.000","12:50","2025","Tuesday","2025-09-23T17:25:00.000","1513796","250536378","252662893","II","Initial",,"19089","Disorderly Conduct","Other","Incident On School Grounds","Open or Active","23RD ST \ BARTLETT ST","24096000","Mission","Mission","9","9","37.75376892089844","-122.41970825195312","POINT (-122.419708252 37.753768921)","2025-09-24T09:37:10.000","2025-09-25T09:53:28.000"
"151371162050","2025-09-23T11:42:00.000","2025-09-23T00:00:00.000","11:42","2025","Tuesday","2025-09-23T11:42:00.000","1513711","250535405","252661498","II","Initial",,"62050","Warrant","Warrant","Warrant Arrest, Enroute To Outside Jurisdiction","Cite or Arrest Adult","JULIA ST \ MINNA ST","24303000","Southern","South of Market","6","6","37.777618408203125","-122.41187286376953","POINT (-122.411872864 37.777618408)","2025-09-24T09:37:10.000","2025-09-25T09:53:28.000"
"151381863010","2025-09-23T16:18:00.000","2025-09-23T00:00:00.000","16:18","2025","Tuesday","2025-09-23T16:46:00.000","1513818","250536384","252662623","II","Initial",,"63010","Warrant","Other","Warrant Arrest, Local SF Warrant","Open or Active","46TH AVE \ JUDAH ST","27947000","Taraval","Sunset/Parkside","4","4","37.76042556762695","-122.50592803955078","POINT (-122.50592804 37.760425568)","2025-09-24T09:37:10.000","2025-09-25T09:53:28.000"
"151384364070","2025-09-21T20:30:00.000","2025-09-21T00:00:00.000","20:30","2025","Sunday","2025-09-23T20:30:00.000","1513843","250536760","252663417","II","Initial",,"64070","Suspicious Occ","Suspicious Occ","Suspicious Occurrence","Open or Active","16TH ST \ MARKET ST \ NOE ST","25804000","Mission","Castro/Upper Market","8","8","37.76419448852539","-122.43307495117188","POINT (-122.433074951 37.764194489)","2025-09-24T09:37:10.000","2025-09-25T09:53:28.000"
"151363271000","2025-09-18T07:16:00.000","2025-09-18T00:00:00.000","07:16","2025","Thursday","2025-09-19T13:05:00.000","1513632","256099691",,"II","Coplogic Initial","true","71000","Lost Property","Lost Property","Lost Property","Open or Active","PAGE ST \ STANYAN ST","26440000","Park","Golden Gate Park","5","5","37.77009963989258","-122.45372772216797","POINT (-122.453727722 37.77009964)","2025-09-24T09:37:10.000","2025-09-25T09:53:28.000"
"151359064085","2025-09-22T21:00:00.000","2025-09-22T00:00:00.000","21:00","2025","Monday","2025-09-22T21:22:00.000","1513590","250534695","252653301","II","Initial",,"64085","Other Miscellaneous","Other","Investigative Detention","Open or Active","PINE ST \ STOCKTON ST","24979000","Central","Financial District/South Beach","3","3","37.791297912597656","-122.4073257446289","POINT (-122.407325745 37.791297913)","2025-09-24T09:37:10.000","2025-09-25T09:53:28.000"
"151381207023","2025-09-22T15:25:00.000","2025-09-22T00:00:00.000","15:25","2025","Monday","2025-09-23T18:10:00.000","1513812","250536475","252662992","VI","Vehicle Initial",,"07023","Motor Vehicle Theft","Motor Vehicle Theft","Vehicle, Stolen, Motorcycle","Open or Active","JENNINGS ST \ QUESADA AVE","20153000","Bayview","Bayview Hunters Point","10","10","37.730167388916016","-122.38584899902344","POINT (-122.385848999 37.730167389)","2025-09-24T09:37:10.000","2025-09-25T09:53:28.000"
"151337905041","2025-09-21T08:00:00.000","2025-09-21T00:00:00.000","08:00","2025","Sunday","2025-09-21T16:39:00.000","1513379","250532699","252642278","II","Initial",,"05041","Burglary","Burglary - Residential","Burglary, Residence, Forcible Entry","Open or Active","PIERCE ST \ UNION ST","26681000","Northern","Marina","2","2","37.796669006347656","-122.43878173828125","POINT (-122.438781738 37.796669006)","2025-09-24T09:37:10.000","2025-09-25T09:53:28.000"
"151367226100","2025-09-22T07:00:00.000","2025-09-22T00:00:00.000","07:00","2025","Monday","2025-09-23T10:00:00.000","1513672","250535132","252660792","II","Initial",,"26100","Other Miscellaneous","Extortion-Blackmail","Extortion or Blackmail","Open or Active","17TH ST \ ABBEY ST","25721000","Mission","Castro/Upper Market","8","8","37.76297378540039","-122.42716979980469","POINT (-122.4271698 37.762973785)","2025-09-24T09:37:10.000","2025-09-25T09:53:28.000"
"151371771000","2025-09-11T19:30:00.000","2025-09-11T00:00:00.000","19:30","2025","Thursday","2025-09-23T13:36:00.000","1513717","250535734","252661938","II","Initial",,"71000","Lost Property","Lost Property","Lost Property","Open or Active","BOARDMAN PL \ BRYANT ST","23914000","Southern","South of Market","6","6","37.77516174316406","-122.40363311767578","POINT (-122.403633118 37.775161743)","2025-09-24T09:37:10.000","2025-09-25T09:53:28.000"
"151375706372","2025-09-19T23:00:00.000","2025-09-19T00:00:00.000","23:00","2025","Friday","2025-09-20T09:05:00.000","1513757","256100022",,"II","Coplogic Initial","true","06372","Larceny Theft","Larceny Theft - Other","Theft, Other Property, $50-$200","Open or Active","14TH ST \ GUERRERO ST","25835000","Mission","Mission","8","8","37.76800537109375","-122.42440795898438","POINT (-122.424407959 37.768005371)","2025-09-24T09:37:10.000","2025-09-25T09:53:28.000"
"151275219095","2025-09-18T15:22:00.000","2025-09-18T00:00:00.000","15:22","2025","Thursday","2025-09-18T15:22:00.000","1512752","250525939","252612369","II","Initial",,"19095","Disorderly Conduct","Drug Violation","Drugs, Under Influence  in a Public Place","Cite or Arrest Adult","08TH ST \ MINNA ST","24310000","Southern","South of Market","6","6","37.77702713012695","-122.41261291503906","POINT (-122.412612915 37.77702713)","2025-09-24T09:37:10.000","2025-09-25T09:53:28.000"
"151378505141","2025-09-22T16:30:00.000","2025-09-22T00:00:00.000","16:30","2025","Monday","2025-09-23T09:15:00.000","1513785","250535063","252660928","II","Initial",,"05141","Burglary","Burglary - Residential","Burglary, Residence Under Constr, Forcible Entry","Open or Active","BELVEDERE ST \ PARNASSUS AVE","26275000","Park","Haight Ashbury","8","5","37.765037536621094","-122.44844055175781","POINT (-122.448440552 37.765037537)","2025-09-24T09:37:10.000","2025-09-25T09:53:28.000"
"151382909029","2025-09-10T00:00:00.000","2025-09-10T00:00:00.000","00:00","2025","Wednesday","2025-09-23T19:16:00.000","1513829","250536635","252663226","II","Initial",,"09029","Fraud","Fraud","False Personation to Receive Money or Property","Open or Active","COLLEEN WAY \ TOPAZ WAY","33495000","Ingleside","Glen Park","8","8","37.73990249633789","-122.43804168701172","POINT (-122.438041687 37.739902496)","2025-09-24T09:37:10.000","2025-09-25T09:53:28.000"
"151368205042","2025-09-21T06:02:00.000","2025-09-21T00:00:00.000","06:02","2025","Sunday","2025-09-23T10:38:00.000","1513682","250535251","252661216","II","Initial",,"05042","Burglary","Burglary - Residential","Burglary, Residence, Att. Forcible Entry","Open or Active","19TH ST \ GUERRERO ST","25676000","Mission","Mission","9","8","37.75996780395508","-122.42364501953125","POINT (-122.42364502 37.759967804)","2025-09-24T09:37:10.000","2025-09-25T09:53:28.000"
"151384704011","2025-09-23T15:47:00.000","2025-09-23T00:00:00.000","15:47","2025","Tuesday","2025-09-23T15:53:00.000","1513847","250536196","252662489","II","Initial",,"04011","Assault","Aggravated Assault","Assault, Aggravated, W/ Gun","Open or Active","MINNA ST \ RUSS ST","24292000","Southern","South of Market","6","6","37.779659271240234","-122.40928649902344","POINT (-122.409286499 37.779659271)","2025-09-24T09:37:10.000","2025-09-25T09:53:28.000"
"151381827170","2025-09-23T16:18:00.000","2025-09-23T00:00:00.000","16:18","2025","Tuesday","2025-09-23T16:46:00.000","1513818","250536384","252662623","II","Initial",,"27170","Other Miscellaneous","Other","Resisting, Delaying, or Obstructing  Peace Officer Duties","Open or Active","46TH AVE \ JUDAH ST","27947000","Taraval","Sunset/Parkside","4","4","37.76042556762695","-122.50592803955078","POINT (-122.50592804 37.760425568)","2025-09-24T09:37:10.000","2025-09-25T09:53:28.000"
"154488864085","2026-01-31T19:47:00.000","2026-01-31T00:00:00.000","19:47","2026","Saturday","2026-01-31T19:47:00.000","1544888","260061428","260313123","II","Initial",,"64085","Other Miscellaneous","Other","Investigative Detention","Open or Active","HAHN ST \ HARMONIA ST","35144000","Ingleside","Visitacion Valley","10","10","37.71116256713867","-122.41633605957031","POINT (-122.41633606 37.711162567)","2026-03-07T09:34:07.000","2026-03-08T09:57:29.000"
"155340264085","2026-03-06T17:23:00.000","2026-03-06T00:00:00.000","17:23","2026","Friday","2026-03-06T21:24:00.000","1553402","260128993","260653518","II","Initial",,"64085","Other Miscellaneous","Other","Investigative Detention","Open or Active","03RD ST \ WARRIORS WAY","34162000","Southern","Mission Bay","6","6","37.768821716308594","-122.3893051147461","POINT (-122.389305115 37.768821716)","2026-03-07T09:34:07.000","2026-03-08T09:57:29.000"
"155342204134","2026-03-06T21:00:00.000","2026-03-06T00:00:00.000","21:00","2026","Friday","2026-03-06T23:40:00.000","1553422","260129208","260653672","II","Initial",,"04134","Assault","Simple Assault","Battery","Open or Active","DR CARLTON B GOODLETT PL \ GROVE ST \ POLK ST","24437000","Northern","Tenderloin","5","6","37.77848815917969","-122.41822814941406","POINT (-122.418228149 37.778488159)","2026-03-07T09:34:07.000","2026-03-08T09:57:29.000"
"155333609150","2025-12-08T00:00:00.000","2025-12-08T00:00:00.000","00:00","2025","Monday","2026-03-06T15:15:00.000","1553336","260128125","260652266","II","Initial",,"09150","Forgery And Counterfeiting","Forgery And Counterfeiting","Checks, Blank or Forged, Fraudulent Possession","Open or Active","HURON AVE \ LAWRENCE AVE","21553000","Ingleside","Outer Mission","11","11","37.71023178100586","-122.451904296875","POINT (-122.451904297 37.710231781)","2026-03-07T09:34:07.000","2026-03-08T09:57:29.000"
"155333263010","2026-03-06T12:54:00.000","2026-03-06T00:00:00.000","12:54","2026","Friday","2026-03-06T12:54:00.000","1553332","260127876","260651716","II","Initial",,"63010","Warrant","Other","Warrant Arrest, Local SF Warrant","Cite or Arrest Adult","OFARRELL ST \ POWELL ST","24904000","Tenderloin","Tenderloin","3","3","37.78641128540039","-122.40803527832031","POINT (-122.408035278 37.786411285)","2026-03-07T09:34:07.000","2026-03-08T09:57:29.000"
"155324506301","2026-03-06T07:30:00.000","2026-03-06T00:00:00.000","07:30","2026","Friday","2026-03-06T08:43:00.000","1553245","260127365","260650742","II","Initial",,"06301","Larceny Theft","Larceny Theft - From Building","Theft, From Building, <$50","Cite or Arrest Adult","02ND ST \ SOUTH PARK","24484000","Southern","Financial District/South Beach","6","6","37.78245544433594","-122.3928451538086","POINT (-122.392845154 37.782455444)","2026-03-07T09:34:07.000","2026-03-08T09:57:29.000"
"155344468020","2026-03-06T23:40:00.000","2026-03-06T00:00:00.000","23:40","2026","Friday","2026-03-07T00:21:00.000","1553444","260129305","260653898","II","Initial",,"68020","Miscellaneous Investigation","Miscellaneous Investigation","Miscellaneous Investigation","Open or Active","DIAMOND HEIGHTS BLVD \ DUNCAN ST","22038000","Ingleside","Noe Valley","8","8","37.745296478271484","-122.4400863647461","POINT (-122.440086365 37.745296478)","2026-03-07T09:34:07.000","2026-03-08T09:57:29.000"
"155339468000","2026-03-06T14:24:00.000","2026-03-06T00:00:00.000","14:24","2026","Friday","2026-03-06T14:24:00.000","1553394","260128078","260652100","II","Initial",,"68000","Fire Report","Fire Report","Fire Report","Open or Active","LEAVENWORTH ST \ TURK ST","24934000","Tenderloin","Tenderloin","5","6","37.78279495239258","-122.41405487060547","POINT (-122.414054871 37.782794952)","2026-03-07T09:34:07.000","2026-03-08T09:57:29.000"
"155334009029","2026-03-04T16:00:00.000","2026-03-04T00:00:00.000","16:00","2026","Wednesday","2026-03-06T15:18:00.000","1553340","260128238","260652273","II","Initial",,"09029","Fraud","Fraud","False Personation to Receive Money or Property","Open or Active","37TH AVE \ PACHECO ST","23422000","Taraval","Sunset/Parkside","4","4","37.74966049194336","-122.49549865722656","POINT (-122.495498657 37.749660492)","2026-03-07T09:34:07.000","2026-03-08T09:57:29.000"
"155335863010","2026-03-06T16:11:00.000","2026-03-06T00:00:00.000","16:11","2026","Friday","2026-03-06T16:11:00.000","1553358","260128329","260652457","II","Initial",,"63010","Warrant","Other","Warrant Arrest, Local SF Warrant","Cite or Arrest Adult","DUBOCE AVE \ GUERRERO ST","25860000","Mission","Mission","8","8","37.76973342895508","-122.4245834350586","POINT (-122.424583435 37.769733429)","2026-03-07T09:34:07.000","2026-03-08T09:57:29.000"
"155333216710","2026-03-06T12:54:00.000","2026-03-06T00:00:00.000","12:54","2026","Friday","2026-03-06T12:54:00.000","1553332","260127876","260651716","II","Initial",,"16710","Drug Offense","Drug Violation","Narcotics Paraphernalia, Possession of","Cite or Arrest Adult","OFARRELL ST \ POWELL ST","24904000","Tenderloin","Tenderloin","3","3","37.78641128540039","-122.40803527832031","POINT (-122.408035278 37.786411285)","2026-03-07T09:34:07.000","2026-03-08T09:57:29.000"
"155319312030","2026-02-21T14:15:00.000","2026-02-21T00:00:00.000","14:15","2026","Saturday","2026-03-06T08:19:00.000","1553193","260127252","260650704","II","Initial",,"12030","Weapons Offense","Weapons Offense","Weapon, Deadly, Imitation or Laser Scope, Exhibiting","Open or Active","JEFFERSON ST \ SCOTT ST","26996000","Northern","Marina","2","2","37.80485153198242","-122.44212341308594","POINT (-122.442123413 37.804851532)","2026-03-07T09:34:07.000","2026-03-08T09:57:29.000"
"155321006373","2026-03-06T09:34:00.000","2026-03-06T00:00:00.000","09:34","2026","Friday","2026-03-06T09:34:00.000","1553210","260127440","260650961","II","Initial",,"06373","Larceny Theft","Larceny Theft - Other","Theft, Other Property, $200-$950","Open or Active","MISSION ST \ SYCAMORE ST","24163000","Mission","Mission","9","9","37.76271438598633","-122.41944122314453","POINT (-122.419441223 37.762714386)","2026-03-07T09:34:07.000","2026-03-08T09:57:29.000"
"155305273010","2024-07-24T00:00:00.000","2024-07-24T00:00:00.000","00:00","2024","Wednesday","2024-07-24T00:00:00.000","1553052","210421101",,"IS","Initial Supplement",,"73010","Non-Criminal","Non-Criminal","Firearm, Turned In by Public","Open or Active",,,"Out of SF",,,,,,,"2026-03-07T09:34:07.000","2026-03-08T09:57:29.000"
"155342064085","2026-03-06T23:51:00.000","2026-03-06T00:00:00.000","23:51","2026","Friday","2026-03-06T23:51:00.000","1553420","260129264","260653915","II","Initial",,"64085","Other Miscellaneous","Other","Investigative Detention","Open or Active","ELLIS ST \ TAYLOR ST","24926000","Tenderloin","Tenderloin","5","6","37.78507614135742","-122.41114044189453","POINT (-122.411140442 37.785076141)","2026-03-07T09:34:07.000","2026-03-08T09:57:29.000"
"155334406373","2026-03-06T15:28:00.000","2026-03-06T00:00:00.000","15:28","2026","Friday","2026-03-06T15:47:00.000","1553344","260128294","260652335","II","Initial",,"06373","Larceny Theft","Larceny Theft - Other","Theft, Other Property, $200-$950","Open or Active","ESMERALDA AVE \ HOLLADAY AVE","21088000","Bayview","Bernal Heights","9","9","37.743350982666016","-122.40670776367188","POINT (-122.406707764 37.743350983)","2026-03-07T09:34:07.000","2026-03-08T09:57:29.000"
"155335616660","2026-03-06T16:17:00.000","2026-03-06T00:00:00.000","16:17","2026","Friday","2026-03-06T16:17:00.000","1553356","260128363","260652478","II","Initial",,"16660","Drug Offense","Drug Violation","Controlled Substance Offense","Cite or Arrest Adult","GEARY ST \ JONES ST","24960000","Central","Tenderloin","5","6","37.78672790527344","-122.41316223144531","POINT (-122.413162231 37.786727905)","2026-03-07T09:34:07.000","2026-03-08T09:57:29.000"
"155309206240","2026-03-05T14:35:00.000","2026-03-05T00:00:00.000","14:35","2026","Thursday","2026-03-05T14:54:00.000","1553092","260126204","260642172","II","Initial",,"06240","Larceny Theft","Larceny - From Vehicle","Theft, From Locked Vehicle, Att.","Open or Active","25TH ST \ DE HARO ST","23692000","Bayview","Potrero Hill","10","10","37.7520751953125","-122.4004135131836","POINT (-122.400413513 37.752075195)","2026-03-07T09:34:07.000","2026-03-08T09:57:29.000"
"155321216710","2026-03-06T08:23:00.000","2026-03-06T00:00:00.000","08:23","2026","Friday","2026-03-06T08:28:00.000","1553212","260127343","260650734","II","Initial",,"16710","Drug Offense","Drug Violation","Narcotics Paraphernalia, Possession of","Cite or Arrest Adult","TURK ST \ VAN NESS AVE","25184000","Northern","Western Addition","5","5","37.781959533691406","-122.42063903808594","POINT (-122.420639038 37.781959534)","2026-03-07T09:34:07.000","2026-03-08T09:57:29.000"
"155334428150","2026-03-06T15:28:00.000","2026-03-06T00:00:00.000","15:28","2026","Friday","2026-03-06T15:47:00.000","1553344","260128294","260652335","II","Initial",,"28150","Malicious Mischief","Vandalism","Malicious Mischief, Vandalism to Property","Open or Active","ESMERALDA AVE \ HOLLADAY AVE","21088000","Bayview","Bernal Heights","9","9","37.743350982666016","-122.40670776367188","POINT (-122.406707764 37.743350983)","2026-03-07T09:34:07.000","2026-03-08T09:57:29.000"
"155325006303","2026-03-05T17:09:00.000","2026-03-05T00:00:00.000","17:09","2026","Thursday","2026-03-06T13:30:00.000","1553250","260127923","260651875","II","Initial",,"06303","Larceny Theft","Larceny Theft - From Building","Theft, From Building, $200-$950","Open or Active","17TH AVE \ TARAVAL ST","23179000","Taraval","West of Twin Peaks","7","7","37.74314498901367","-122.47355651855469","POINT (-122.473556519 37.743144989)","2026-03-07T09:34:07.000","2026-03-08T09:57:29.000"
"155322506304","2026-03-02T09:00:00.000","2026-03-02T00:00:00.000","09:00","2026","Monday","2026-03-06T10:02:00.000","1553225","260127707","260651049","II","Initial",,"06304","Larceny Theft","Larceny Theft - From Building","Theft, From Building, >$950","Open or Active","BELVEDERE ST \ HAIGHT ST","26412000","Park","Haight Ashbury","5","5","37.76966094970703","-122.44964599609375","POINT (-122.449645996 37.76966095)","2026-03-07T09:34:07.000","2026-03-08T09:57:29.000"
"155324072000","2025-03-05T15:00:00.000","2025-03-05T00:00:00.000","15:00","2025","Wednesday","2026-03-06T10:57:00.000","1553240","260127569","260651263","II","Initial",,"72000","Non-Criminal","Non-Criminal","Found  Property","Open or Active","GREAT HWY \ LINCOLN WAY","27965000","Taraval","Sunset/Parkside","4","4","37.76396942138672","-122.50983428955078","POINT (-122.50983429 37.763969421)","2026-03-07T09:34:07.000","2026-03-08T09:57:29.000"
"155337463010","2026-03-06T18:21:00.000","2026-03-06T00:00:00.000","18:21","2026","Friday","2026-03-06T18:21:00.000","1553374","260128749","260652957","II","Initial",,"63010","Warrant","Other","Warrant Arrest, Local SF Warrant","Cite or Arrest Adult","15TH ST \ CAPP ST","24367000","Mission","Mission","9","9","37.76673889160156","-122.41873168945312","POINT (-122.418731689 37.766738892)","2026-03-07T09:34:07.000","2026-03-08T09:57:29.000"
"155338706154","2026-03-06T15:30:00.000","2026-03-06T00:00:00.000","15:30","2026","Friday","2026-03-06T19:36:00.000","1553387","260128777","260653175","II","Initial",,"06154","Larceny Theft","Larceny Theft - Other","Theft, From Person, >$950 (other than Pickpocket)","Open or Active","STOCKTON ST \ WASHINGTON ST","25026000","Central","Chinatown","3","3","37.79494094848633","-122.4080810546875","POINT (-122.408081055 37.794940948)","2026-03-07T09:34:07.000","2026-03-08T09:57:29.000"
"155324307021","2026-02-28T13:15:00.000","2026-02-28T00:00:00.000","13:15","2026","Saturday","2026-03-06T13:17:00.000","1553243","260127901","260651814","VI","Vehicle Initial",,"07021","Motor Vehicle Theft","Motor Vehicle Theft","Vehicle, Stolen, Auto","Open or Active","LAGUNA ST \ TURK ST","25962000","Northern","Western Addition","5","5","37.7811164855957","-122.42720031738281","POINT (-122.427200317 37.781116486)","2026-03-07T09:34:07.000","2026-03-08T09:57:29.000"
"155325607021","2026-03-06T11:21:00.000","2026-03-06T00:00:00.000","11:21","2026","Friday","2026-03-06T11:21:00.000","1553256","260113499","260651379","VS","Vehicle Supplement",,"07021","Motor Vehicle Theft","Motor Vehicle Theft","Vehicle, Stolen, Auto","Open or Active","BOWDOIN ST \ SILVER AVE","20924000","Bayview","Portola","9","9","37.730247497558594","-122.41233825683594","POINT (-122.412338257 37.730247498)","2026-03-07T09:34:07.000","2026-03-08T09:57:29.000"
"155341227300","2026-03-06T14:24:00.000","2026-03-06T00:00:00.000","14:24","2026","Friday","2026-03-06T14:24:00.000","1553412","260128078","260652100","IS","Initial Supplement",,"27300","Other Miscellaneous","Other","State Code Misdemeanor (general)","Cite or Arrest Adult","LEAVENWORTH ST \ TURK ST","24934000","Tenderloin","Tenderloin","5","6","37.78279495239258","-122.41405487060547","POINT (-122.414054871 37.782794952)","2026-03-07T09:34:07.000","2026-03-08T09:57:29.000"
"155340005041","2026-03-03T10:00:00.000","2026-03-03T00:00:00.000","10:00","2026","Tuesday","2026-03-06T18:59:00.000","1553400","260128921","260653088","II","Initial",,"05041","Burglary","Burglary - Residential","Burglary, Residence, Forcible Entry","Open or Active","SAN ANSELMO AVE \ SAN BUENAVENTURA WAY","22904000","Taraval","West of Twin Peaks","7","7","37.73359680175781","-122.46489715576172","POINT (-122.464897156 37.733596802)","2026-03-07T09:34:07.000","2026-03-08T09:57:29.000"
"155322104134","2026-03-05T21:28:00.000","2026-03-05T00:00:00.000","21:28","2026","Thursday","2026-03-05T21:28:00.000","1553221","260126878","260643496","IS","Initial Supplement",,"04134","Assault","Simple Assault","Battery","Open or Active","GOLDEN GATE AVE \ LEAVENWORTH ST","24334000","Tenderloin","Tenderloin","5","6","37.781864166259766","-122.41386413574219","POINT (-122.413864136 37.781864166)","2026-03-07T09:34:07.000","2026-03-08T09:57:29.000"
"155340619057","2026-03-06T20:10:00.000","2026-03-06T00:00:00.000","20:10","2026","Friday","2026-03-06T20:12:00.000","1553406","260128846","260653291","II","Initial",,"19057","Disorderly Conduct","Intimidation","Terrorist Threats","Open or Active","06TH ST \ GOLDEN GATE AVE \ MARKET ST \ TAYLOR ST","24922000","Tenderloin","South of Market","6","6","37.782230377197266","-122.41029357910156","POINT (-122.410293579 37.782230377)","2026-03-07T09:34:07.000","2026-03-08T09:57:29.000"
"155336316710","2026-03-06T17:39:00.000","2026-03-06T00:00:00.000","17:39","2026","Friday","2026-03-06T17:39:00.000","1553363","260128608","260652834","II","Initial",,"16710","Drug Offense","Drug Violation","Narcotics Paraphernalia, Possession of","Cite or Arrest Adult","03RD ST \ NEWCOMB AVE","20660000","Bayview","Bayview Hunters Point","10","10","37.735591888427734","-122.39041900634766","POINT (-122.390419006 37.735591888)","2026-03-07T09:34:07.000","2026-03-08T09:57:29.000"
"155335616710","2026-03-06T16:17:00.000","2026-03-06T00:00:00.000","16:17","2026","Friday","2026-03-06T16:17:00.000","1553356","260128363","260652478","II","Initial",,"16710","Drug Offense","Drug Violation","Narcotics Paraphernalia, Possession of","Cite or Arrest Adult","GEARY ST \ JONES ST","24960000","Central","Tenderloin","5","6","37.78672790527344","-122.41316223144531","POINT (-122.413162231 37.786727905)","2026-03-07T09:34:07.000","2026-03-08T09:57:29.000"
"155318609027","2026-02-06T00:00:00.000","2026-02-06T00:00:00.000","00:00","2026","Friday","2026-03-05T10:53:00.000","1553186","260125682","260641271","II","Initial",,"09027","Fraud","Fraud","False Personation","Open or Active","COLBY ST \ OLMSTEAD ST","20856000","Bayview","Portola","9","9","37.72051239013672","-122.41048431396484","POINT (-122.410484314 37.72051239)","2026-03-07T09:34:07.000","2026-03-08T09:57:29.000"
"155336007021","2026-03-05T17:00:00.000","2026-03-05T00:00:00.000","17:00","2026","Thursday","2026-03-06T18:24:00.000","1553360","260128658","260652968","VI","Vehicle Initial",,"07021","Motor Vehicle Theft","Motor Vehicle Theft","Vehicle, Stolen, Auto","Open or Active","GIRARD ST \ OLMSTEAD ST","20577000","Bayview","Portola","9","9","37.722572326660156","-122.40260314941406","POINT (-122.402603149 37.722572327)","2026-03-07T09:34:07.000","2026-03-08T09:57:29.000"
"155322371013","2026-03-04T19:00:00.000","2026-03-04T00:00:00.000","19:00","2026","Wednesday","2026-03-06T11:34:00.000","1553223","260127666","260651433","VI","Vehicle Initial",,"71013","Larceny Theft","Theft From Vehicle","License Plate, Stolen","Open or Active","16TH ST \ SOUTH VAN NESS AVE","24142000","Mission","Mission","9","9","37.76518249511719","-122.41748809814453","POINT (-122.417488098 37.765182495)","2026-03-07T09:34:07.000","2026-03-08T09:57:29.000"
"155336363010","2026-03-06T17:39:00.000","2026-03-06T00:00:00.000","17:39","2026","Friday","2026-03-06T17:39:00.000","1553363","260128608","260652834","II","Initial",,"63010","Warrant","Other","Warrant Arrest, Local SF Warrant","Cite or Arrest Adult","03RD ST \ NEWCOMB AVE","20660000","Bayview","Bayview Hunters Point","10","10","37.735591888427734","-122.39041900634766","POINT (-122.390419006 37.735591888)","2026-03-07T09:34:07.000","2026-03-08T09:57:29.000"
"155334604014","2026-03-06T12:22:00.000","2026-03-06T00:00:00.000","12:22","2026","Friday","2026-03-06T12:24:00.000","1553346","260127804","260651613","II","Initial",,"04014","Assault","Aggravated Assault","Assault, Aggravated, W/ Force","Open or Active","MARKET ST \ MASON ST \ TURK ST","24898000","Tenderloin","South of Market","6","6","37.783287048339844","-122.40895080566406","POINT (-122.408950806 37.783287048)","2026-03-07T09:34:07.000","2026-03-08T09:57:29.000"
"155322906363","2025-08-04T14:09:00.000","2025-08-04T00:00:00.000","14:09","2025","Monday","2026-03-06T12:00:00.000","1553229","250430554",,"IS","Initial Supplement",,"06363","Larceny Theft","Larceny Theft - Shoplifting","Theft, Shoplifting, $200-$950","Cite or Arrest Adult","07TH ST \ BRYANT ST","23875000","Southern","South of Market","6","6","37.7742805480957","-122.40474700927734","POINT (-122.404747009 37.774280548)","2026-03-07T09:34:07.000","2026-03-08T09:57:29.000"
"155363871000","2026-03-04T14:00:00.000","2026-03-04T00:00:00.000","14:00","2026","Wednesday","2026-03-05T22:24:00.000","1553638","266018089",,"IS","Coplogic Supplement","true","71000","Lost Property","Lost Property","Lost Property","Open or Active",,,"Out of SF",,,,,,,"2026-03-07T09:34:07.000","2026-03-08T09:57:29.000"
"155336116710","2026-03-06T17:29:00.000","2026-03-06T00:00:00.000","17:29","2026","Friday","2026-03-06T17:29:00.000","1553361","260128523","260652805","II","Initial",,"16710","Drug Offense","Drug Violation","Narcotics Paraphernalia, Possession of","Cite or Arrest Adult","16TH ST \ WIESE ST","24180000","Mission","Mission","9","9","37.7650032043457","-122.42047882080078","POINT (-122.420478821 37.765003204)","2026-03-07T09:34:07.000","2026-03-08T09:57:29.000"
"155346803071","2026-03-06T08:36:00.000","2026-03-06T00:00:00.000","08:36","2026","Friday","2026-03-06T08:36:00.000","1553468","260127519","260650743","IS","Initial Supplement",,"03071","Robbery","Robbery - Other","Robbery, W/ Gun","Cite or Arrest Adult","BAY SHORE BLVD \ LELAND AVE","20313000","Ingleside","Bayview Hunters Point","10","10","37.71118927001953","-122.40364837646484","POINT (-122.403648376 37.71118927)","2026-03-07T09:34:07.000","2026-03-08T09:57:29.000"
"155320705082","2026-03-06T06:50:00.000","2026-03-06T00:00:00.000","06:50","2026","Friday","2026-03-06T07:47:00.000","1553207","260127246","260650605","II","Initial",,"05082","Burglary","Burglary - Hot Prowl","Burglary, Hot Prowl, Att. Forcible Entry","Cite or Arrest Adult","16TH ST \ MARKET ST \ NOE ST","25804000","Mission","Castro/Upper Market","8","8","37.76419448852539","-122.43307495117188","POINT (-122.433074951 37.764194489)","2026-03-07T09:34:07.000","2026-03-08T09:57:29.000"
"155323404013","2026-03-06T09:54:00.000","2026-03-06T00:00:00.000","09:54","2026","Friday","2026-03-06T09:54:00.000","1553234","260127531","260651019","II","Initial",,"04013","Assault","Aggravated Assault","Assault, Aggravated, W/ Other Weapon","Cite or Arrest Adult","06TH ST \ NATOMA ST","24282000","Southern","South of Market","6","6","37.7801628112793","-122.4076919555664","POINT (-122.407691956 37.780162811)","2026-03-07T09:34:07.000","2026-03-08T09:57:29.000"
"155319107021","2026-03-06T08:00:00.000","2026-03-06T00:00:00.000","08:00","2026","Friday","2026-03-06T08:20:00.000","1553191","260127268","260650711","VI","Vehicle Initial",,"07021","Motor Vehicle Theft","Motor Vehicle Theft","Vehicle, Stolen, Auto","Open or Active","08TH ST \ MISSION ST","24311000","Southern","South of Market","6","6","37.77745819091797","-122.41315460205078","POINT (-122.413154602 37.777458191)","2026-03-07T09:34:07.000","2026-03-08T09:57:29.000"
"155337651040","2026-03-06T18:25:00.000","2026-03-06T00:00:00.000","18:25","2026","Friday","2026-03-06T18:26:00.000","1553376","260128755","260652984","II","Initial",,"51040","Non-Criminal","Non-Criminal","Aided Case","Open or Active","35TH AVE \ ULLOA ST","23374000","Taraval","Sunset/Parkside","4","4","37.74042892456055","-122.49270629882812","POINT (-122.492706299 37.740428925)","2026-03-07T09:34:07.000","2026-03-08T09:57:29.000"
"155339528150","2026-03-06T18:00:00.000","2026-03-06T00:00:00.000","18:00","2026","Friday","2026-03-06T18:14:00.000","1553395","260128670","260652896","II","Initial",,"28150","Malicious Mischief","Vandalism","Malicious Mischief, Vandalism to Property","Open or Active","BATTERY ST \ PINE ST","24671000","Central","Financial District/South Beach","3","3","37.792259216308594","-122.39976501464844","POINT (-122.399765015 37.792259216)","2026-03-07T09:34:07.000","2026-03-08T09:57:29.000"
"155320227199","2026-03-06T08:53:00.000","2026-03-06T00:00:00.000","08:53","2026","Friday","2026-03-06T08:53:00.000","1553202","260127321","260650809","II","Initial",,"27199","Other Miscellaneous","Loitering","Lodging Without Permission","Cite or Arrest Adult","CEDAR ST \ LARKIN ST","25172000","Northern","Tenderloin","3","6","37.78656768798828","-122.41818237304688","POINT (-122.418182373 37.786567688)","2026-03-07T09:34:07.000","2026-03-08T09:57:29.000"
"155327106372","2026-03-05T14:16:00.000","2026-03-05T00:00:00.000","14:16","2026","Thursday","2026-03-05T16:42:00.000","1553271","266018108",,"II","Coplogic Initial","true","06372","Larceny Theft","Larceny Theft - Other","Theft, Other Property, $50-$200","Open or Active","26TH ST \ VIRGIL ST","24061000","Mission","Mission","9","9","37.74920654296875","-122.41539001464844","POINT (-122.415390015 37.749206543)","2026-03-07T09:34:07.000","2026-03-08T09:57:29.000"
"155324106301","2026-03-05T12:00:00.000","2026-03-05T00:00:00.000","12:00","2026","Thursday","2026-03-06T12:57:00.000","1553241","260127826","260651740","II","Initial",,"06301","Larceny Theft","Larceny Theft - From Building","Theft, From Building, <$50","Open or Active","ELLIS ST \ HYDE ST","25144000","Tenderloin","Tenderloin","5","6","37.78445053100586","-122.41606903076172","POINT (-122.416069031 37.784450531)","2026-03-07T09:34:07.000","2026-03-08T09:57:29.000"
"155320963010","2026-03-06T08:24:00.000","2026-03-06T00:00:00.000","08:24","2026","Friday","2026-03-06T08:24:00.000","1553209","260127434","260650722","II","Initial",,"63010","Warrant","Other","Warrant Arrest, Local SF Warrant","Cite or Arrest Adult","ELLIS ST \ LEAVENWORTH ST","25139000","Tenderloin","Tenderloin","5","6","37.7846565246582","-122.4144287109375","POINT (-122.414428711 37.784656525)","2026-03-07T09:34:07.000","2026-03-08T09:57:29.000"
"155317326031","2026-03-06T04:05:00.000","2026-03-06T00:00:00.000","04:05","2026","Friday","2026-03-06T04:05:00.000","1553173","260127155","260650295","II","Initial",,"26031","Arson","Arson","Arson of Vehicle","Open or Active","HIGHLAND AVE \ LEESE ST \ MISSION ST","21829000","Ingleside","Bernal Heights","8","8","37.73740768432617","-122.42404174804688","POINT (-122.424041748 37.737407684)","2026-03-07T09:34:07.000","2026-03-08T09:57:29.000"
"155324416710","2026-03-06T12:43:00.000","2026-03-06T00:00:00.000","12:43","2026","Friday","2026-03-06T12:43:00.000","1553244","260127791","260651685","II","Initial",,"16710","Drug Offense","Drug Violation","Narcotics Paraphernalia, Possession of","Cite or Arrest Adult","17TH ST \ MISSION ST","24165000","Mission","Mission","9","9","37.763427734375","-122.41950988769531","POINT (-122.419509888 37.763427734)","2026-03-07T09:34:07.000","2026-03-08T09:57:29.000"
"155341664010","2026-03-06T23:00:00.000","2026-03-06T00:00:00.000","23:00","2026","Friday","2026-03-06T23:17:00.000","1553416","260129236","260653825","II","Initial",,"64010","Non-Criminal","Other","Dog, Bite or Attack","Open or Active","HAHN ST \ SUNRISE WAY","20406000","Ingleside","Visitacion Valley","10","10","37.7099494934082","-122.41688537597656","POINT (-122.416885376 37.709949493)","2026-03-07T09:34:07.000","2026-03-08T09:57:29.000"
"155338109024","2025-09-10T11:15:00.000","2025-09-10T00:00:00.000","11:15","2025","Wednesday","2026-03-06T17:23:00.000","1553381","260128498","260652776","II","Initial",,"09024","Fraud","Fraud","Fraudulent Game or Trick, Obtaining Money or Property","Open or Active","SAN BRUNO AVE \ THORNTON AVE","33183000","Bayview","Portola","9","9","37.730316162109375","-122.40470886230469","POINT (-122.404708862 37.730316162)","2026-03-07T09:34:07.000","2026-03-08T09:57:29.000"
"155324773010","2026-03-06T13:13:00.000","2026-03-06T00:00:00.000","13:13","2026","Friday","2026-03-06T13:13:00.000","1553247","260127898","260651798","II","Initial",,"73010","Non-Criminal","Non-Criminal","Firearm, Turned In by Public","Open or Active","CENTRAL AVE \ OAK ST","26326000","Park","Golden Gate Park","5","5","37.77229690551758","-122.44402313232422","POINT (-122.444023132 37.772296906)","2026-03-07T09:34:07.000","2026-03-08T09:57:29.000"
"155322616710","2026-03-06T10:57:00.000","2026-03-06T00:00:00.000","10:57","2026","Friday","2026-03-06T10:57:00.000","1553226","260127575","260651265","II","Initial",,"16710","Drug Offense","Drug Violation","Narcotics Paraphernalia, Possession of","Cite or Arrest Adult","09TH ST \ JESSIE ST","24416000","Tenderloin","South of Market","6","6","37.77671813964844","-122.41532135009766","POINT (-122.41532135 37.77671814)","2026-03-07T09:34:07.000","2026-03-08T09:57:29.000"
"155345603074","2025-03-07T04:25:00.000","2025-03-07T00:00:00.000","04:25","2025","Friday","2026-03-07T04:30:00.000","1553456","260129515","260660394","II","Initial",,"03074","Robbery","Robbery - Other","Robbery, W/ Force","Open or Active","23RD ST \ MISSION ST","24094000","Mission","Mission","9","9","37.75383758544922","-122.41859436035156","POINT (-122.41859436 37.753837585)","2026-03-07T09:34:07.000","2026-03-08T09:57:29.000"
"155322406371","2026-02-25T03:38:00.000","2026-02-25T00:00:00.000","03:38","2026","Wednesday","2026-03-06T10:46:00.000","1553224","260127525","260651224","II","Initial",,"06371","Larceny Theft","Larceny Theft - Other","Theft, Other Property, <$50","Open or Active","GENEVA AVE \ LINDA VISTA STPS","33347000","Ingleside","Excelsior","11","11","37.71226501464844","-122.42969512939453","POINT (-122.429695129 37.712265015)","2026-03-07T09:34:07.000","2026-03-08T09:57:29.000"
"155323116710","2026-03-06T11:15:00.000","2026-03-06T00:00:00.000","11:15","2026","Friday","2026-03-06T11:15:00.000","1553231","260127616","260651352","II","Initial",,"16710","Drug Offense","Drug Violation","Narcotics Paraphernalia, Possession of","Cite or Arrest Adult","08TH ST \ MISSION ST","24311000","Southern","South of Market","6","6","37.77745819091797","-122.41315460205078","POINT (-122.413154602 37.777458191)","2026-03-07T09:34:07.000","2026-03-08T09:57:29.000"
"155319506224","2026-02-04T14:42:00.000","2026-02-04T00:00:00.000","14:42","2026","Wednesday","2026-03-06T08:23:00.000","1553195","260127274","260650719","II","Initial",,"06224","Larceny Theft","Larceny - From Vehicle","Theft, From Unlocked Vehicle, >$950","Open or Active","22ND ST \ BRYANT ST","23971000","Mission","Mission","9","9","37.75599670410156","-122.40943145751953","POINT (-122.409431458 37.755996704)","2026-03-07T09:34:07.000","2026-03-08T09:57:29.000"
"155339264010","2026-03-06T20:44:00.000","2026-03-06T00:00:00.000","20:44","2026","Friday","2026-03-06T20:54:00.000","1553392","260128937","260653409","II","Initial",,"64010","Non-Criminal","Other","Dog, Bite or Attack","Open or Active","CARRIZAL ST \ PARQUE DR","20426000","Ingleside","Visitacion Valley","10","10","37.70991134643555","-122.42031860351562","POINT (-122.420318604 37.709911346)","2026-03-07T09:34:07.000","2026-03-08T09:57:29.000"
"155339071000","2026-02-25T09:00:00.000","2026-02-25T00:00:00.000","09:00","2026","Wednesday","2026-03-06T20:55:00.000","1553390","260128915","260653433","II","Initial",,"71000","Lost Property","Lost Property","Lost Property","Open or Active","04TH ST \ MISSION ST","24632000","Southern","South of Market","6","6","37.78447723388672","-122.40426635742188","POINT (-122.404266357 37.784477234)","2026-03-07T09:34:07.000","2026-03-08T09:57:29.000"
"155335906372","2026-03-05T15:30:00.000","2026-03-05T00:00:00.000","15:30","2026","Thursday","2026-03-06T18:05:00.000","1553359","260128614","260652914","II","Initial",,"06372","Larceny Theft","Larceny Theft - Other","Theft, Other Property, $50-$200","Open or Active","29TH AVE \ TARAVAL ST","23282000","Taraval","Sunset/Parkside","4","4","37.74258041381836","-122.48640441894531","POINT (-122.486404419 37.742580414)","2026-03-07T09:34:07.000","2026-03-08T09:57:29.000"
"155338006153","2026-03-06T18:32:00.000","2026-03-06T00:00:00.000","18:32","2026","Friday","2026-03-06T19:43:00.000","1553380","260128799","260653202","II","Initial",,"06153","Larceny Theft","Larceny Theft - Other","Theft, From Person, $200-$950 (other than Pickpocket)","Open or Active","JONES ST \ TURK ST","24923000","Tenderloin","Tenderloin","5","6","37.78300476074219","-122.41241455078125","POINT (-122.412414551 37.783004761)","2026-03-07T09:34:07.000","2026-03-08T09:57:29.000"
"155319671013","2026-03-05T18:15:00.000","2026-03-05T00:00:00.000","18:15","2026","Thursday","2026-03-06T08:55:00.000","1553196","260127315","260650807","VI","Vehicle Initial",,"71013","Larceny Theft","Theft From Vehicle","License Plate, Stolen","Open or Active","GIRARD ST \ MANSELL ST","20572000","Bayview","Portola","9","10","37.72127914428711","-122.40205383300781","POINT (-122.402053833 37.721279144)","2026-03-07T09:34:07.000","2026-03-08T09:57:29.000"
"155321262050","2026-03-06T08:23:00.000","2026-03-06T00:00:00.000","08:23","2026","Friday","2026-03-06T08:28:00.000","1553212","260127343","260650734","II","Initial",,"62050","Warrant","Warrant","Warrant Arrest, Enroute To Outside Jurisdiction","Cite or Arrest Adult","TURK ST \ VAN NESS AVE","25184000","Northern","Western Addition","5","5","37.781959533691406","-122.42063903808594","POINT (-122.420639038 37.781959534)","2026-03-07T09:34:07.000","2026-03-08T09:57:29.000"
"155338616110","2026-03-06T16:48:00.000","2026-03-06T00:00:00.000","16:48","2026","Friday","2026-03-06T16:48:00.000","1553386","260128567","260652622","II","Initial",,"16110","Drug Offense","Drug Violation","Heroin, Possession For Sale","Cite or Arrest Adult","GOLDEN GATE AVE \ LEAVENWORTH ST","24334000","Tenderloin","Tenderloin","5","6","37.781864166259766","-122.41386413574219","POINT (-122.413864136 37.781864166)","2026-03-07T09:34:07.000","2026-03-08T09:57:29.000"
"155322819057","2026-03-06T10:05:00.000","2026-03-06T00:00:00.000","10:05","2026","Friday","2026-03-06T10:15:00.000","1553228","260127503","260651105","II","Initial",,"19057","Disorderly Conduct","Intimidation","Terrorist Threats","Open or Active","25TH ST \ POTRERO AVE","23952000","Mission","Mission","9","9","37.75172805786133","-122.40621948242188","POINT (-122.406219482 37.751728058)","2026-03-07T09:34:07.000","2026-03-08T09:57:29.000"
"155325707053","2026-03-06T11:40:00.000","2026-03-06T00:00:00.000","11:40","2026","Friday","2026-03-06T11:40:00.000","1553257","260127729","260651447","II","Initial",,"07053","Vehicle Impounded","Vehicle Impounded","Vehicle, Impounded","Cite or Arrest Adult","BUCHANAN ST \ UNION ST","26659000","Northern","Marina","2","2","37.797508239746094","-122.43220520019531","POINT (-122.4322052 37.79750824)","2026-03-07T09:34:07.000","2026-03-08T09:57:29.000"
"155320705081","2026-03-06T06:50:00.000","2026-03-06T00:00:00.000","06:50","2026","Friday","2026-03-06T07:47:00.000","1553207","260127246","260650605","II","Initial",,"05081","Burglary","Burglary - Hot Prowl","Burglary, Hot Prowl, Forcible Entry","Cite or Arrest Adult","16TH ST \ MARKET ST \ NOE ST","25804000","Mission","Castro/Upper Market","8","8","37.76419448852539","-122.43307495117188","POINT (-122.433074951 37.764194489)","2026-03-07T09:34:07.000","2026-03-08T09:57:29.000"
"155336907021","2026-03-06T13:00:00.000","2026-03-06T00:00:00.000","13:00","2026","Friday","2026-03-06T15:29:00.000","1553369","260128692","260652314","VI","Vehicle Initial",,"07021","Motor Vehicle Theft","Motor Vehicle Theft","Vehicle, Stolen, Auto","Open or Active","ELLIS ST \ LEAVENWORTH ST","25139000","Tenderloin","Tenderloin","5","6","37.7846565246582","-122.4144287109375","POINT (-122.414428711 37.784656525)","2026-03-07T09:34:07.000","2026-03-08T09:57:29.000"
"155338826170","2026-03-06T19:51:00.000","2026-03-06T00:00:00.000","19:51","2026","Friday","2026-03-06T19:57:00.000","1553388","260128830","260653234","II","Initial",,"26170","Other Miscellaneous","Other","Probation Violation","Cite or Arrest Adult","16TH ST \ SOUTH VAN NESS AVE","24142000","Mission","Mission","9","9","37.76518249511719","-122.41748809814453","POINT (-122.417488098 37.765182495)","2026-03-07T09:34:07.000","2026-03-08T09:57:29.000"
"155320106113","2026-03-05T13:30:00.000","2026-03-05T00:00:00.000","13:30","2026","Thursday","2026-03-06T09:27:00.000","1553201","260127393","260650921","II","Initial",,"06113","Larceny Theft","Larceny Theft - Pickpocket","Theft, Pickpocket, $200-$950","Open or Active","STOCKTON ST \ STOCKTON TUNL \ SUTTER ST","24910000","Central","Financial District/South Beach","3","3","37.789432525634766","-122.4069595336914","POINT (-122.406959534 37.789432526)","2026-03-07T09:34:07.000","2026-03-08T09:57:29.000"
"155324607021","2026-03-05T18:00:00.000","2026-03-05T00:00:00.000","18:00","2026","Thursday","2026-03-06T12:01:00.000","1553246","260127848","260651527","VI","Vehicle Initial",,"07021","Motor Vehicle Theft","Motor Vehicle Theft","Vehicle, Stolen, Auto","Open or Active","CRANLEIGH DR \ LAGUNITAS DR","23142000","Taraval","West of Twin Peaks","7","7","37.73372268676758","-122.47317504882812","POINT (-122.473175049 37.733722687)","2026-03-07T09:34:07.000","2026-03-08T09:57:29.000"
"155319709029","2025-03-16T15:35:00.000","2025-03-16T00:00:00.000","15:35","2025","Sunday","2025-03-16T15:35:00.000","1553197","259001073",,"II","Initial",,"09029","Fraud","Fraud","False Personation to Receive Money or Property","Open or Active",,,"Out of SF",,,,,,,"2026-03-07T09:34:07.000","2026-03-08T09:57:29.000"
"155339504134","2026-03-06T18:00:00.000","2026-03-06T00:00:00.000","18:00","2026","Friday","2026-03-06T18:14:00.000","1553395","260128670","260652896","II","Initial",,"04134","Assault","Simple Assault","Battery","Open or Active","BATTERY ST \ PINE ST","24671000","Central","Financial District/South Beach","3","3","37.792259216308594","-122.39976501464844","POINT (-122.399765015 37.792259216)","2026-03-07T09:34:07.000","2026-03-08T09:57:29.000"
"155323807045","2026-03-06T12:30:00.000","2026-03-06T00:00:00.000","12:30","2026","Friday","2026-03-06T12:30:00.000","1553238","260107339","260651456","VS","Vehicle Supplement",,"07045","Recovered Vehicle","Recovered Vehicle","Vehicle, Recovered, Truck","Open or Active","BAY SHORE BLVD \ PAUL AVE","20574000","Bayview","Bayview Hunters Point","10","10","37.72361755371094","-122.40078735351562","POINT (-122.400787354 37.723617554)","2026-03-07T09:34:07.000","2026-03-08T09:57:29.000"
"155333506374","2026-02-11T16:00:00.000","2026-02-11T00:00:00.000","16:00","2026","Wednesday","2026-03-06T15:00:00.000","1553335","260128084","260652213","II","Initial",,"06374","Larceny Theft","Larceny Theft - Other","Theft, Other Property, >$950","Open or Active","18TH ST \ SANCHEZ ST","25720000","Mission","Castro/Upper Market","8","8","37.76115417480469","-122.43057250976562","POINT (-122.43057251 37.761154175)","2026-03-07T09:34:07.000","2026-03-08T09:57:29.000"
"155321712100","2026-03-06T09:12:00.000","2026-03-06T00:00:00.000","09:12","2026","Friday","2026-03-06T09:15:00.000","1553217","260127406","260650871","II","Initial",,"12100","Weapons Carrying Etc","Weapons Offense","Firearm, Possession of Loaded","Cite or Arrest Adult","24TH ST \ OSAGE ALY","24089000","Mission","Mission","9","9","37.75220489501953","-122.41901397705078","POINT (-122.419013977 37.752204895)","2026-03-07T09:34:07.000","2026-03-08T09:57:29.000"
"155333951040","2026-03-06T16:01:00.000","2026-03-06T00:00:00.000","16:01","2026","Friday","2026-03-06T16:01:00.000","1553339","260128272","260652419","II","Initial",,"51040","Non-Criminal","Non-Criminal","Aided Case","Open or Active","EDDY ST \ JONES ST","24929000","Tenderloin","Tenderloin","5","6","37.783931732177734","-122.41259765625","POINT (-122.412597656 37.783931732)","2026-03-07T09:34:07.000","2026-03-08T09:57:29.000"
"155308351040","2026-03-05T13:05:00.000","2026-03-05T00:00:00.000","13:05","2026","Thursday","2026-03-05T13:29:00.000","1553083","260126038","260641903","II","Initial",,"51040","Non-Criminal","Non-Criminal","Aided Case","Open or Active","BITTING AVE \ NEWHALL ST","34008000","Bayview","Bayview Hunters Point","10","10","37.72727584838867","-122.39908599853516","POINT (-122.399085999 37.727275848)","2026-03-07T09:34:07.000","2026-03-08T09:57:29.000"
"155323004013","2026-03-06T11:00:00.000","2026-03-06T00:00:00.000","11:00","2026","Friday","2026-03-06T11:22:00.000","1553230","260127644","260651372","II","Initial",,"04013","Assault","Aggravated Assault","Assault, Aggravated, W/ Other Weapon","Open or Active","BEACH ST \ TAYLOR ST","25591000","Central","North Beach","3","3","37.80727767944336","-122.41561889648438","POINT (-122.415618896 37.807277679)","2026-03-07T09:34:07.000","2026-03-08T09:57:29.000"
"155336516621","2026-03-06T17:53:00.000","2026-03-06T00:00:00.000","17:53","2026","Friday","2026-03-06T17:53:00.000","1553365","260128595","260652875","II","Initial",,"16621","Drug Offense","Drug Violation","Cocaine, Base/rock Offense","Cite or Arrest Adult","17TH ST \ MISSION ST","24165000","Mission","Mission","9","9","37.763427734375","-122.41950988769531","POINT (-122.419509888 37.763427734)","2026-03-07T09:34:07.000","2026-03-08T09:57:29.000"
"155335816710","2026-03-06T16:11:00.000","2026-03-06T00:00:00.000","16:11","2026","Friday","2026-03-06T16:11:00.000","1553358","260128329","260652457","II","Initial",,"16710","Drug Offense","Drug Violation","Narcotics Paraphernalia, Possession of","Cite or Arrest Adult","DUBOCE AVE \ GUERRERO ST","25860000","Mission","Mission","8","8","37.76973342895508","-122.4245834350586","POINT (-122.424583435 37.769733429)","2026-03-07T09:34:07.000","2026-03-08T09:57:29.000"
"155339168020","2026-03-06T20:37:00.000","2026-03-06T00:00:00.000","20:37","2026","Friday","2026-03-06T20:37:00.000","1553391","260128896","260652934","II","Initial",,"68020","Miscellaneous Investigation","Miscellaneous Investigation","Miscellaneous Investigation","Open or Active","CHENERY ST \ RANDALL ST","21848000","Ingleside","Glen Park","8","8","37.73979568481445","-122.42557525634766","POINT (-122.425575256 37.739795685)","2026-03-07T09:34:07.000","2026-03-08T09:57:29.000"
"152315803074","2025-11-02T19:31:00.000","2025-11-02T00:00:00.000","19:31","2025","Sunday","2025-11-02T19:36:00.000","1523158","250617586","253062956","II","Initial",,"03074","Robbery","Robbery - Other","Robbery, W/ Force","Open or Active","19TH ST \ GUERRERO ST","25676000","Mission","Mission","9","8","37.75996780395508","-122.42364501953125","POINT (-122.42364502 37.759967804)","2025-11-04T09:37:41.000","2025-11-05T09:59:28.000"
"160150311012","2026-09-22T17:20:00.000","2026-09-22T00:00:00.000","17:20","2026","Tuesday","2026-09-22T17:25:00.000","1601503","260556344","262652640","II","Initial",,"11012","Stolen Property","Stolen Property","Stolen Property, Possession with Knowledge, Receiving","Cite or Arrest Adult",,,"Mission",,,,,,,"2026-09-23T09:46:19.000","2026-09-24T09:59:33.000"
"149016304134","2025-06-13T20:00:00.000","2025-06-13T00:00:00.000","20:00","2025","Friday","2025-06-14T14:34:00.000","1490163","250331689","251651643","II","Initial",,"04134","Assault","Simple Assault","Battery","Open or Active","ELLIS ST \ HYDE ST","25144000","Tenderloin","Tenderloin","5","6","37.78445053100586","-122.41606903076172","POINT (-122.416069031 37.784450531)","2025-06-15T09:36:51.000","2025-06-16T09:54:02.000"
"155378906364","2026-03-07T15:06:00.000","2026-03-07T00:00:00.000","15:06","2026","Saturday","2026-03-07T15:26:00.000","1553789","260130368","260662194","II","Initial",,"06364","Larceny Theft","Larceny Theft - Shoplifting","Theft, Shoplifting, >$950","Open or Active","CLAY ST \ POLK ST","25302000","Northern","Russian Hill","3","3","37.79238510131836","-122.42105102539062","POINT (-122.421051025 37.792385101)","2026-03-08T09:34:25.000","2026-03-09T09:59:05.000"
"149007006363","2025-06-13T14:58:00.000","2025-06-13T00:00:00.000","14:58","2025","Friday","2025-06-13T17:26:00.000","1490070","250330374","251641901","II","Initial",,"06363","Larceny Theft","Larceny Theft - Shoplifting","Theft, Shoplifting, $200-$950","Open or Active","SANSOME ST \ SUTTER ST","30048000","Central","Financial District/South Beach","3","3","37.79024887084961","-122.40055847167969","POINT (-122.400558472 37.790248871)","2025-06-14T09:37:39.000","2025-06-15T09:53:25.000"
"148993704134","2025-06-12T09:45:00.000","2025-06-12T00:00:00.000","09:45","2025","Thursday","2025-06-13T08:52:00.000","1489937","250329349","251640728","II","Initial",,"04134","Assault","Simple Assault","Battery","Open or Active","SAN BRUNO AVE \ THORNTON AVE","33183000","Bayview","Portola","9","9","37.730316162109375","-122.40470886230469","POINT (-122.404708862 37.730316162)","2025-06-14T09:37:39.000","2025-06-15T09:53:25.000"
"148988227195","2025-06-12T16:44:00.000","2025-06-12T00:00:00.000","16:44","2025","Thursday","2025-06-12T16:50:00.000","1489882","250328404","251632405","II","Initial",,"27195","Other Miscellaneous","Trespass","Trespassing","Cite or Arrest Adult","19TH ST \ MISSION ST","24145000","Mission","Mission","9","9","37.76023483276367","-122.41920471191406","POINT (-122.419204712 37.760234833)","2025-06-14T09:37:39.000","2025-06-15T09:53:25.000"
"148997106151","2025-06-13T09:45:00.000","2025-06-13T00:00:00.000","09:45","2025","Friday","2025-06-13T11:59:00.000","1489971","250329684","251641309","II","Initial",,"06151","Larceny Theft","Larceny Theft - Other","Theft, From Person, <$50 (other than Pickpocket)","Open or Active","EDDY ST \ HYDE ST","25138000","Northern","Tenderloin","5","6","37.78351593017578","-122.41588592529297","POINT (-122.415885925 37.78351593)","2025-06-14T09:37:39.000","2025-06-15T09:53:25.000"
"149000506234","2025-06-12T23:30:00.000","2025-06-12T00:00:00.000","23:30","2025","Thursday","2025-06-13T14:24:00.000","1490005","250330001","251641806","II","Initial",,"06234","Larceny Theft","Larceny - Auto Parts","Theft, Vehicle Strip, >$950","Open or Active","PINTO AVE \ TAPIA DR","23096000","Taraval","Lakeshore","7","7","37.72039794921875","-122.48135375976562","POINT (-122.48135376 37.720397949)","2025-06-14T09:37:39.000","2025-06-15T09:53:25.000"
"149002762050","2025-06-13T12:43:00.000","2025-06-13T00:00:00.000","12:43","2025","Friday","2025-06-13T12:44:00.000","1490027","250329844","251641493","II","Initial",,"62050","Warrant","Warrant","Warrant Arrest, Enroute To Outside Jurisdiction","Cite or Arrest Adult","HARRIET ST \ HOWARD ST","24281000","Southern","South of Market","6","6","37.779319763183594","-122.4076919555664","POINT (-122.407691956 37.779319763)","2025-06-14T09:37:39.000","2025-06-15T09:53:25.000"
"148999226145","2025-06-13T05:45:00.000","2025-06-13T00:00:00.000","05:45","2025","Friday","2025-06-13T14:00:00.000","1489992","250329907","251641669","II","Initial",,"26145","Larceny Theft","Larceny Theft - Other","Theft, Lost Property, Grand","Open or Active","HYDE ST \ OFARRELL ST","25145000","Tenderloin","Tenderloin","5","6","37.785377502441406","-122.416259765625","POINT (-122.416259766 37.785377502)","2025-06-14T09:37:39.000","2025-06-15T09:53:25.000"
"148997416710","2025-06-12T11:52:00.000","2025-06-12T00:00:00.000","11:52","2025","Thursday","2025-06-12T11:52:00.000","1489974","250327638","251631411","II","Initial",,"16710","Drug Offense","Drug Violation","Narcotics Paraphernalia, Possession of","Cite or Arrest Adult","06TH ST \ MISSION ST","24293000","Tenderloin","South of Market","6","6","37.78097152709961","-122.40870666503906","POINT (-122.408706665 37.780971527)","2025-06-14T09:37:39.000","2025-06-15T09:53:25.000"
"149003206302","2025-06-13T07:30:00.000","2025-06-13T00:00:00.000","07:30","2025","Friday","2025-06-13T15:59:00.000","1490032","250330261","251642090","II","Initial",,"06302","Larceny Theft","Larceny Theft - From Building","Theft, From Building, $50-$200","Open or Active","22ND ST \ SAN BRUNO AVE","23731000","Mission","Mission","10","10","37.75695037841797","-122.40473175048828","POINT (-122.40473175 37.756950378)","2025-06-14T09:37:39.000","2025-06-15T09:53:25.000"
"148990865010","2025-06-12T21:52:00.000","2025-06-12T00:00:00.000","21:52","2025","Thursday","2025-06-12T21:52:00.000","1489908","250328937","251633272","II","Initial",,"65010","Traffic Violation Arrest","Traffic Violation Arrest","Traffic Violation Arrest","Cite or Arrest Adult","19TH ST \ SHOTWELL ST","24125000","Mission","Mission","9","9","37.760433197021484","-122.41593170166016","POINT (-122.415931702 37.760433197)","2025-06-14T09:37:39.000","2025-06-15T09:53:25.000"
"148994727199","2025-06-13T08:38:00.000","2025-06-13T00:00:00.000","08:38","2025","Friday","2025-06-13T08:38:00.000","1489947","250329327","251640684","II","Initial",,"27199","Other Miscellaneous","Loitering","Lodging Without Permission","Cite or Arrest Adult","16TH ST \ FLORIDA ST","24049000","Mission","Mission","9","9","37.76554870605469","-122.41145324707031","POINT (-122.411453247 37.765548706)","2025-06-14T09:37:39.000","2025-06-15T09:53:25.000"
"148992406372","2025-05-27T18:30:00.000","2025-05-27T00:00:00.000","18:30","2025","Tuesday","2025-06-11T15:46:00.000","1489924","256057962",,"II","Coplogic Initial","true","06372","Larceny Theft","Larceny Theft - Other","Theft, Other Property, $50-$200","Open or Active","COTTER ST \ SAN JOSE AVE","21811000","Ingleside","Outer Mission","11","11","37.73025131225586","-122.43748474121094","POINT (-122.437484741 37.730251312)","2025-06-14T09:37:39.000","2025-06-15T09:53:25.000"
"148996927195","2025-06-12T15:00:00.000","2025-06-12T00:00:00.000","15:00","2025","Thursday","2025-06-13T12:36:00.000","1489969","250329797","251641261","II","Initial",,"27195","Other Miscellaneous","Trespass","Trespassing","Open or Active","BUCHANAN ST \ TURK ST","54063000","Northern","Western Addition","5","5","37.780914306640625","-122.4288558959961","POINT (-122.428855896 37.780914307)","2025-06-14T09:37:39.000","2025-06-15T09:53:25.000"
"148990127170","2025-06-12T23:25:00.000","2025-06-12T00:00:00.000","23:25","2025","Thursday","2025-06-12T23:25:00.000","1489901","250329054","251633477","II","Initial",,"27170","Other Miscellaneous","Other","Resisting, Delaying, or Obstructing  Peace Officer Duties","Cite or Arrest Adult","GOLDEN GATE AVE \ LEAVENWORTH ST","24334000","Tenderloin","Tenderloin","5","6","37.781864166259766","-122.41386413574219","POINT (-122.413864136 37.781864166)","2025-06-14T09:37:39.000","2025-06-15T09:53:25.000"
"149007606234","2025-06-12T18:00:00.000","2025-06-12T00:00:00.000","18:00","2025","Thursday","2025-06-13T22:20:00.000","1490076","250330772","251643180","II","Initial",,"06234","Larceny Theft","Larceny - Auto Parts","Theft, Vehicle Strip, >$950","Open or Active","SERRANO DR \ TAPIA DR","23097000","Taraval","Lakeshore","7","7","37.71905517578125","-122.4814224243164","POINT (-122.481422424 37.719055176)","2025-06-14T09:37:39.000","2025-06-15T09:53:25.000"
"149000816710","2025-06-13T13:40:00.000","2025-06-13T00:00:00.000","13:40","2025","Friday","2025-06-13T13:40:00.000","1490008","250329913","251641662","II","Initial",,"16710","Drug Offense","Drug Violation","Narcotics Paraphernalia, Possession of","Cite or Arrest Adult","ALICE B TOKLAS PL \ MYRTLE ST \ POLK ST","25181000","Tenderloin","Tenderloin","5","6","37.78543472290039","-122.41963958740234","POINT (-122.419639587 37.785434723)","2025-06-14T09:37:39.000","2025-06-15T09:53:25.000"
"148993664070","2025-06-13T07:51:00.000","2025-06-13T00:00:00.000","07:51","2025","Friday","2025-06-13T08:03:00.000","1489936","250329292","251640564","II","Initial",,"64070","Suspicious Occ","Suspicious Occ","Suspicious Occurrence","Open or Active","JONES ST \ TURK ST","24923000","Tenderloin","Tenderloin","5","6","37.78300476074219","-122.41241455078125","POINT (-122.412414551 37.783004761)","2025-06-14T09:37:39.000","2025-06-15T09:53:25.000"
"149000975000","2025-06-13T13:00:00.000","2025-06-13T00:00:00.000","13:00","2025","Friday","2025-06-13T13:10:00.000","1490009","250329894","251641570","II","Initial",,"75000","Missing Person","Missing Person","Found Person","Open or Active","MARKET ST \ SPEAR ST","30726000","Central","Financial District/South Beach","6","6","37.79375457763672","-122.39558410644531","POINT (-122.395584106 37.793754578)","2025-06-14T09:37:39.000","2025-06-15T09:53:25.000"
"149006264070","2025-06-12T20:00:00.000","2025-06-12T00:00:00.000","20:00","2025","Thursday","2025-06-13T20:23:00.000","1490062","250330631","251642813","II","Initial",,"64070","Suspicious Occ","Suspicious Occ","Suspicious Occurrence","Open or Active","BECKETT ST \ PACIFIC AVE","24793000","Central","Chinatown","3","3","37.79694366455078","-122.40652465820312","POINT (-122.406524658 37.796943665)","2025-06-14T09:37:39.000","2025-06-15T09:53:25.000"
"148990865015","2025-06-12T21:52:00.000","2025-06-12T00:00:00.000","21:52","2025","Thursday","2025-06-12T21:52:00.000","1489908","250328937","251633272","II","Initial",,"65015","Other Miscellaneous","Other","Driving, No License Issued","Cite or Arrest Adult","19TH ST \ SHOTWELL ST","24125000","Mission","Mission","9","9","37.760433197021484","-122.41593170166016","POINT (-122.415931702 37.760433197)","2025-06-14T09:37:39.000","2025-06-15T09:53:25.000"
"148998706234","2025-06-12T19:00:00.000","2025-06-12T00:00:00.000","19:00","2025","Thursday","2025-06-13T12:17:00.000","1489987","250329690","251641382","II","Initial",,"06234","Larceny Theft","Larceny - Auto Parts","Theft, Vehicle Strip, >$950","Open or Active","ATHENS ST \ CORDOVA ST","21416000","Ingleside","Excelsior","11","11","37.71226119995117","-122.43584442138672","POINT (-122.435844421 37.7122612)","2025-06-14T09:37:39.000","2025-06-15T09:53:25.000"
"148995604114","2025-06-13T10:38:00.000","2025-06-13T00:00:00.000","10:38","2025","Friday","2025-06-13T11:05:00.000","1489956","250329571","251641074","II","Initial",,"04114","Assault","Simple Assault","Assault, Non-Aggravated, Att.","Open or Active","AVERY ST \ GEARY BLVD","26596000","Northern","Japantown","5","5","37.7844123840332","-122.43377685546875","POINT (-122.433776855 37.784412384)","2025-06-14T09:37:39.000","2025-06-15T09:53:25.000"
"148993272000","2025-06-12T11:30:00.000","2025-06-12T00:00:00.000","11:30","2025","Thursday","2025-06-13T06:30:00.000","1489932","250329208","251640408","II","Initial",,"72000","Non-Criminal","Non-Criminal","Found  Property","Open or Active","BRODERICK ST \ GOLDEN GATE AVE","26073000","Northern","Western Addition","2","5","37.77851104736328","-122.44021606445312","POINT (-122.440216064 37.778511047)","2025-06-14T09:37:39.000","2025-06-15T09:53:25.000"
"148990215155","2025-06-12T22:18:00.000","2025-06-12T00:00:00.000","22:18","2025","Thursday","2025-06-12T22:18:00.000","1489902","250328987","251633330","II","Initial",,"15155","Offences Against The Family And Children","Other","Restraining Order Notification/Service of Restraining Order","Open or Active","19TH AVE \ UNNAMED 106","33725000","Taraval","Lakeshore","7","7","37.71976852416992","-122.47516632080078","POINT (-122.475166321 37.719768524)","2025-06-14T09:37:39.000","2025-06-15T09:53:25.000"
"148997207021","2025-06-12T16:00:00.000","2025-06-12T00:00:00.000","16:00","2025","Thursday","2025-06-13T12:59:00.000","1489972","250329838","251641544","VI","Vehicle Initial",,"07021","Motor Vehicle Theft","Motor Vehicle Theft","Vehicle, Stolen, Auto","Open or Active","BRUNSWICK ST \ LOWELL ST","21497000","Ingleside","Excelsior","11","11","37.70981216430664","-122.44550323486328","POINT (-122.445503235 37.709812164)","2025-06-14T09:37:39.000","2025-06-15T09:53:25.000"
"148995819010","2025-06-13T08:26:00.000","2025-06-13T00:00:00.000","08:26","2025","Friday","2025-06-13T08:26:00.000","1489958","250329311","251640645","II","Initial",,"19010","Disorderly Conduct","Disorderly Conduct","Public Nuisance, Committing","Cite or Arrest Adult","LYON ST \ OAK ST","26327000","Park","Golden Gate Park","5","5","37.77250289916992","-122.44237518310547","POINT (-122.442375183 37.772502899)","2025-06-14T09:37:39.000","2025-06-15T09:53:25.000"
"148999907055","2025-06-07T00:00:00.000","2025-06-07T00:00:00.000","00:00","2025","Saturday","2025-06-13T14:27:00.000","1489999","250330017","251641814","VI","Vehicle Initial",,"07055","Motor Vehicle Theft","Motor Vehicle Theft","Vehicle, Recovered, Stolen outside SF","Open or Active","COSO AVE \ PROSPECT AVE","21298000","Ingleside","Bernal Heights","9","9","37.7457160949707","-122.417236328125","POINT (-122.417236328 37.745716095)","2025-06-14T09:37:39.000","2025-06-15T09:53:25.000"
"149000406372","2025-05-05T09:19:00.000","2025-05-05T00:00:00.000","09:19","2025","Monday","2025-06-12T14:57:00.000","1490004","250326721",,"IS","Coplogic Supplement","true","06372","Larceny Theft","Larceny Theft - Other","Theft, Other Property, $50-$200","Open or Active","17TH ST \ ALBION ST","25692000","Mission","Mission","9","8","37.76324462890625","-122.42269897460938","POINT (-122.422698975 37.763244629)","2025-06-14T09:37:39.000","2025-06-15T09:53:25.000"
"149002806241","2025-06-11T12:00:00.000","2025-06-11T00:00:00.000","12:00","2025","Wednesday","2025-06-13T16:07:00.000","1490028","250330211","251642112","II","Initial",,"06241","Larceny Theft","Larceny - From Vehicle","Theft, From Locked Vehicle, <$50","Open or Active","LOMBARD ST \ MASON ST","25464000","Central","North Beach","3","3","37.802825927734375","-122.41303253173828","POINT (-122.413032532 37.802825928)","2025-06-14T09:37:39.000","2025-06-15T09:53:25.000"
"148989216710","2025-06-12T18:31:00.000","2025-06-12T00:00:00.000","18:31","2025","Thursday","2025-06-12T18:31:00.000","1489892","250328573","251632727","II","Initial",,"16710","Drug Offense","Drug Violation","Narcotics Paraphernalia, Possession of","Cite or Arrest Adult","HYDE ST \ MABEL ALY","25161000","Tenderloin","Tenderloin","5","6","37.78572463989258","-122.41632843017578","POINT (-122.41632843 37.78572464)","2025-06-14T09:37:39.000","2025-06-15T09:53:25.000"
"148996263010","2025-06-13T10:21:00.000","2025-06-13T00:00:00.000","10:21","2025","Friday","2025-06-13T10:21:00.000","1489962","250040670","251640645","IS","Initial Supplement",,"63010","Warrant","Other","Warrant Arrest, Local SF Warrant","Cite or Arrest Adult","FOLSOM ST \ LANGTON ST","24274000","Southern","South of Market","6","6","37.77631759643555","-122.40837860107422","POINT (-122.408378601 37.776317596)","2025-06-14T09:37:39.000","2025-06-15T09:53:25.000"
"149000974000","2025-06-13T13:00:00.000","2025-06-13T00:00:00.000","13:00","2025","Friday","2025-06-13T13:10:00.000","1490009","250329894","251641570","II","Initial",,"74000","Missing Person","Missing Adult","Missing Adult","Open or Active","MARKET ST \ SPEAR ST","30726000","Central","Financial District/South Beach","6","6","37.79375457763672","-122.39558410644531","POINT (-122.395584106 37.793754578)","2025-06-14T09:37:39.000","2025-06-15T09:53:25.000"
"148991903473","2025-06-12T21:31:00.000","2025-06-12T00:00:00.000","21:31","2025","Thursday","2025-06-12T21:33:00.000","1489919","250328915","251633230","II","Initial",,"03473","Robbery","Robbery - Other","Robbery, Att., W/ Other Weapon","Open or Active","GOUGH ST \ MARKET ST","30754000","Southern","Hayes Valley","6","6","37.77290725708008","-122.42218780517578","POINT (-122.422187805 37.772907257)","2025-06-14T09:37:39.000","2025-06-15T09:53:25.000"
"149000775030","2025-03-15T00:00:00.000","2025-03-15T00:00:00.000","00:00","2025","Saturday","2025-06-13T13:48:00.000","1490007","250329929","251641687","II","Initial",,"75030","Case Closure","Case Closure","Case Closure","Cite or Arrest Adult","GEARY ST \ STOCKTON ST","24901000","Central","Financial District/South Beach","3","3","37.787567138671875","-122.4065933227539","POINT (-122.406593323 37.787567139)","2025-06-14T09:37:39.000","2025-06-15T09:53:25.000"
"149001907021","2025-06-13T11:15:00.000","2025-06-13T00:00:00.000","11:15","2025","Friday","2025-06-13T15:22:00.000","1490019","250330142","251641981","VI","Vehicle Initial",,"07021","Motor Vehicle Theft","Motor Vehicle Theft","Vehicle, Stolen, Auto","Open or Active","POWELL ST \ SACRAMENTO ST","25013000","Central","Nob Hill","3","3","37.792972564697266","-122.40936279296875","POINT (-122.409362793 37.792972565)","2025-06-14T09:37:39.000","2025-06-15T09:53:25.000"
"148998006230","2025-06-13T12:04:00.000","2025-06-13T00:00:00.000","12:04","2025","Friday","2025-06-13T12:04:00.000","1489980","250329719","251641330","II","Initial",,"06230","Larceny Theft","Larceny - Auto Parts","Theft, Vehicle Strip, Attempted","Open or Active","CAMPBELL AVE \ SOMERSET ST","20324000","Ingleside","Visitacion Valley","10","10","37.71464920043945","-122.4025650024414","POINT (-122.402565002 37.7146492)","2025-06-14T09:37:39.000","2025-06-15T09:53:25.000"
"148992965010","2025-06-12T23:03:00.000","2025-06-12T00:00:00.000","23:03","2025","Thursday","2025-06-12T23:03:00.000","1489929","250329048","251633419","II","Initial",,"65010","Traffic Violation Arrest","Traffic Violation Arrest","Traffic Violation Arrest","Cite or Arrest Adult","05TH ST \ CLARA ST","23910000","Bayview","South of Market","6","6","37.779457092285156","-122.40237426757812","POINT (-122.402374268 37.779457092)","2025-06-14T09:37:39.000","2025-06-15T09:53:25.000"
"149000306224","2025-06-11T20:00:00.000","2025-06-11T00:00:00.000","20:00","2025","Wednesday","2025-06-12T16:44:00.000","1490003","256058001",,"II","Coplogic Initial","true","06224","Larceny Theft","Larceny - From Vehicle","Theft, From Unlocked Vehicle, >$950","Open or Active","18TH ST \ YORK ST","24011000","Mission","Mission","9","10","37.761817932128906","-122.4091567993164","POINT (-122.409156799 37.761817932)","2025-06-14T09:37:39.000","2025-06-15T09:53:25.000"
"149003504144","2025-06-13T13:39:00.000","2025-06-13T00:00:00.000","13:39","2025","Friday","2025-06-13T14:02:00.000","1490035","250330067","251641670","II","Initial",,"04144","Assault","Simple Assault","Battery, Sexual","Cite or Arrest Adult","23RD ST \ BRYANT ST","23960000","Mission","Mission","9","9","37.754398345947266","-122.40925598144531","POINT (-122.409255981 37.754398346)","2025-06-14T09:37:39.000","2025-06-15T09:53:25.000"
"148988204134","2025-06-12T16:44:00.000","2025-06-12T00:00:00.000","16:44","2025","Thursday","2025-06-12T16:50:00.000","1489882","250328404","251632405","II","Initial",,"04134","Assault","Simple Assault","Battery","Cite or Arrest Adult","19TH ST \ MISSION ST","24145000","Mission","Mission","9","9","37.76023483276367","-122.41920471191406","POINT (-122.419204712 37.760234833)","2025-06-14T09:37:39.000","2025-06-15T09:53:25.000"
"148994528100","2025-06-12T17:30:00.000","2025-06-12T00:00:00.000","17:30","2025","Thursday","2025-06-13T09:29:00.000","1489945","250329418","251640836","II","Initial",,"28100","Malicious Mischief","Vandalism","Malicious Mischief, Breaking Windows","Open or Active","18TH ST \ YORK ST","24011000","Mission","Mission","9","10","37.761817932128906","-122.4091567993164","POINT (-122.409156799 37.761817932)","2025-06-14T09:37:39.000","2025-06-15T09:53:25.000"
"148988304138","2025-06-12T16:40:00.000","2025-06-12T00:00:00.000","16:40","2025","Thursday","2025-06-12T17:09:00.000","1489883","250328501","251632388","II","Initial",,"04138","Assault","Simple Assault","Battery, former Spouse or Dating Relationship","Open or Active","BRIGHTON AVE \ OCEAN AVE","22222000","Taraval","West of Twin Peaks","11","7","37.723670959472656","-122.45513916015625","POINT (-122.45513916 37.723670959)","2025-06-14T09:37:39.000","2025-06-15T09:53:25.000"
"148995909015","2023-12-05T11:38:00.000","2023-12-05T00:00:00.000","11:38","2023","Tuesday","2025-06-13T11:29:00.000","1489959","250329628","251641213","II","Initial",,"09015","Forgery And Counterfeiting","Forgery And Counterfeiting","Forgery, Checks, Felony","Open or Active","CAPITOL AVE \ FARALLONES ST","22473000","Taraval","Oceanview/Merced/Ingleside","11","11","37.714054107666016","-122.45903778076172","POINT (-122.459037781 37.714054108)","2025-06-14T09:37:39.000","2025-06-15T09:53:25.000"
"149003928150","2025-06-13T16:13:00.000","2025-06-13T00:00:00.000","16:13","2025","Friday","2025-06-13T16:13:00.000","1490039","250330318","251642138","IS","Initial Supplement",,"28150","Malicious Mischief","Vandalism","Malicious Mischief, Vandalism to Property","Cite or Arrest Adult","GRANT AVE \ PACIFIC AVE","25032000","Central","Chinatown","3","3","37.79690170288086","-122.40682983398438","POINT (-122.406829834 37.796901703)","2025-06-14T09:37:39.000","2025-06-15T09:53:25.000"
"148991075000","2025-06-13T02:20:00.000","2025-06-13T00:00:00.000","02:20","2025","Friday","2025-06-13T02:20:00.000","1489910","250323636","251640171","IS","Initial Supplement",,"75000","Missing Person","Missing Person","Found Person","Open or Active","CLARION ALY \ VALENCIA ST","24173000","Mission","Mission","9","9","37.762916564941406","-122.42169189453125","POINT (-122.421691895 37.762916565)","2025-06-14T09:37:39.000","2025-06-15T09:53:25.000"
"148990165010","2025-06-12T23:25:00.000","2025-06-12T00:00:00.000","23:25","2025","Thursday","2025-06-12T23:25:00.000","1489901","250329054","251633477","II","Initial",,"65010","Traffic Violation Arrest","Traffic Violation Arrest","Traffic Violation Arrest","Cite or Arrest Adult","GOLDEN GATE AVE \ LEAVENWORTH ST","24334000","Tenderloin","Tenderloin","5","6","37.781864166259766","-122.41386413574219","POINT (-122.413864136 37.781864166)","2025-06-14T09:37:39.000","2025-06-15T09:53:25.000"
"149003904144","2025-06-13T16:13:00.000","2025-06-13T00:00:00.000","16:13","2025","Friday","2025-06-13T16:13:00.000","1490039","250330318","251642138","IS","Initial Supplement",,"04144","Assault","Simple Assault","Battery, Sexual","Cite or Arrest Adult","GRANT AVE \ PACIFIC AVE","25032000","Central","Chinatown","3","3","37.79690170288086","-122.40682983398438","POINT (-122.406829834 37.796901703)","2025-06-14T09:37:39.000","2025-06-15T09:53:25.000"
"149006064070","2025-06-13T19:06:00.000","2025-06-13T00:00:00.000","19:06","2025","Friday","2025-06-13T19:09:00.000","1490060","250330540","251642627","II","Initial",,"64070","Suspicious Occ","Suspicious Occ","Suspicious Occurrence","Open or Active","25TH ST \ CONNECTICUT ST","23634000","Bayview","Potrero Hill","10","10","37.75231170654297","-122.39651489257812","POINT (-122.396514893 37.752311707)","2025-06-14T09:37:39.000","2025-06-15T09:53:25.000"
"149002015161","2025-06-02T16:35:00.000","2025-06-02T00:00:00.000","16:35","2025","Monday","2025-06-13T15:18:00.000","1490020","250330136","251641967","II","Initial",,"15161","Offences Against The Family And Children","Other","Violation of Restraining Order","Open or Active","JACKSON ST \ OCTAVIA ST","26560000","Northern","Pacific Heights","2","2","37.79330825805664","-122.42798614501953","POINT (-122.427986145 37.793308258)","2025-06-14T09:37:39.000","2025-06-15T09:53:25.000"
"148996106234","2025-06-13T00:50:00.000","2025-06-13T00:00:00.000","00:50","2025","Friday","2025-06-13T10:32:00.000","1489961","250329496","251641038","II","Initial",,"06234","Larceny Theft","Larceny - Auto Parts","Theft, Vehicle Strip, >$950","Open or Active","HAMILTON ST \ SILVER AVE","20923000","Bayview","Portola","9","9","37.73060607910156","-122.41139221191406","POINT (-122.411392212 37.730606079)","2025-06-14T09:37:39.000","2025-06-15T09:53:25.000"
"149000106372","2025-06-11T10:41:00.000","2025-06-11T00:00:00.000","10:41","2025","Wednesday","2025-06-11T20:52:00.000","1490001","256057978",,"II","Coplogic Initial","true","06372","Larceny Theft","Larceny Theft - Other","Theft, Other Property, $50-$200","Open or Active","ALEMANY BLVD \ LEO ST","21747000","Ingleside","Outer Mission","11","11","37.722957611083984","-122.43772888183594","POINT (-122.437728882 37.722957611)","2025-06-14T09:37:39.000","2025-06-15T09:53:25.000"
"148989668050","2025-06-12T20:40:00.000","2025-06-12T00:00:00.000","20:40","2025","Thursday","2025-06-12T20:40:00.000","1489896","250328874","251633087","II","Initial",,"68050","Traffic Collision","Traffic Collision","Traffic Collision","Open or Active","08TH ST \ RINGOLD ST","24267000","Southern","South of Market","6","6","37.77455139160156","-122.4095230102539","POINT (-122.40952301 37.774551392)","2025-06-14T09:37:39.000","2025-06-15T09:53:25.000"
"148990004011","2025-06-12T23:03:00.000","2025-06-12T00:00:00.000","23:03","2025","Thursday","2025-06-12T23:03:00.000","1489900","250329026","251633420","II","Initial",,"04011","Assault","Aggravated Assault","Assault, Aggravated, W/ Gun","Open or Active","ELLIS ST \ LARKIN ST","25149000","Tenderloin","Tenderloin","5","6","37.784236907958984","-122.41770935058594","POINT (-122.417709351 37.784236908)","2025-06-14T09:37:39.000","2025-06-15T09:53:25.000"
"148989862030","2025-06-12T22:31:00.000","2025-06-12T00:00:00.000","22:31","2025","Thursday","2025-06-12T22:32:00.000","1489898","250328993","251633352","II","Initial",,"62030","Warrant","Warrant","Warrant Arrest, Enroute To Parole","Cite or Arrest Adult","CASTRO ST \ DUBOCE AVE","26005000","Park","Haight Ashbury","8","8","37.76905822753906","-122.435791015625","POINT (-122.435791016 37.769058228)","2025-06-14T09:37:39.000","2025-06-15T09:53:25.000"
"148992206372","2025-04-19T10:15:00.000","2025-04-19T00:00:00.000","10:15","2025","Saturday","2025-05-01T19:46:00.000","1489922","256057893",,"II","Coplogic Initial","true","06372","Larceny Theft","Larceny Theft - Other","Theft, Other Property, $50-$200","Open or Active","MONTEZUMA ST \ SHOTWELL ST","21285000","Ingleside","Bernal Heights","9","9","37.74604415893555","-122.4150161743164","POINT (-122.415016174 37.746044159)","2025-06-14T09:37:39.000","2025-06-15T09:53:25.000"
"149006668020","2025-06-13T15:30:00.000","2025-06-13T00:00:00.000","15:30","2025","Friday","2025-06-13T15:48:00.000","1490066","250330227","251642021","II","Initial",,"68020","Miscellaneous Investigation","Miscellaneous Investigation","Miscellaneous Investigation","Open or Active","38TH AVE \ LAWTON ST","27759000","Taraval","Sunset/Parkside","4","4","37.7570686340332","-122.4970932006836","POINT (-122.497093201 37.757068634)","2025-06-14T09:37:39.000","2025-06-15T09:53:25.000"
"148999707041","2025-06-13T14:00:00.000","2025-06-13T00:00:00.000","14:00","2025","Friday","2025-06-13T14:00:00.000","1489997","250326577","251622776","VS","Vehicle Supplement",,"07041","Recovered Vehicle","Recovered Vehicle","Vehicle, Recovered, Auto","Open or Active","46TH AVE \ JUDAH ST","27947000","Taraval","Sunset/Parkside","4","4","37.76042556762695","-122.50592803955078","POINT (-122.50592804 37.760425568)","2025-06-14T09:37:39.000","2025-06-15T09:53:25.000"
"149006761030","2025-06-13T00:00:00.000","2025-06-13T00:00:00.000","00:00","2025","Friday","2025-06-13T04:34:00.000","1490067","250329189","251640293","II","Initial",,"61030","Other","Other","Death Report, Cause Unknown","Unfounded","21ST AVE \ TARAVAL ST","23198000","Taraval","Sunset/Parkside","4","4","37.74295425415039","-122.47783660888672","POINT (-122.477836609 37.742954254)","2025-06-14T09:37:39.000","2025-06-15T09:53:25.000"
"148988306152","2025-06-12T16:40:00.000","2025-06-12T00:00:00.000","16:40","2025","Thursday","2025-06-12T17:09:00.000","1489883","250328501","251632388","II","Initial",,"06152","Larceny Theft","Larceny Theft - Other","Theft, From Person, $50-$200 (other than Pickpocket)","Open or Active","BRIGHTON AVE \ OCEAN AVE","22222000","Taraval","West of Twin Peaks","11","7","37.723670959472656","-122.45513916015625","POINT (-122.45513916 37.723670959)","2025-06-14T09:37:39.000","2025-06-15T09:53:25.000"
"149004364070","2025-06-13T13:34:00.000","2025-06-13T00:00:00.000","13:34","2025","Friday","2025-06-13T15:27:00.000","1490043","250330421","251641653","II","Initial",,"64070","Suspicious Occ","Suspicious Occ","Suspicious Occurrence","Open or Active","GOUGH ST \ STEVENSON ST","24407000","Southern","Mission","6","6","37.772640228271484","-122.42144012451172","POINT (-122.421440125 37.772640228)","2025-06-14T09:37:39.000","2025-06-15T09:53:25.000"
"149001827170","2025-06-05T17:17:00.000","2025-06-05T00:00:00.000","17:17","2025","Thursday","2025-06-05T17:28:00.000","1490018","250314889","251562467","IS","Initial Supplement",,"27170","Other Miscellaneous","Other","Resisting, Delaying, or Obstructing  Peace Officer Duties","Cite or Arrest Adult","31ST AVE \ GEARY BLVD","27844000","Richmond","Outer Richmond","1","1","37.7797966003418","-122.49116516113281","POINT (-122.491165161 37.7797966)","2025-06-14T09:37:39.000","2025-06-15T09:53:25.000"
"148996664070","2024-05-01T00:00:00.000","2024-05-01T00:00:00.000","00:00","2024","Wednesday","2025-06-13T12:27:00.000","1489966","250329747","251641422","II","Initial",,"64070","Suspicious Occ","Suspicious Occ","Suspicious Occurrence","Open or Active","HOWARD ST \ SPEAR ST","24547000","Southern","Financial District/South Beach","6","6","37.79130935668945","-122.39252471923828","POINT (-122.392524719 37.791309357)","2025-06-14T09:37:39.000","2025-06-15T09:53:25.000"
"149002363010","2025-06-13T09:29:00.000","2025-06-13T00:00:00.000","09:29","2025","Friday","2025-06-13T09:30:00.000","1490023","200191875","251640841","IS","Initial Supplement",,"63010","Warrant","Other","Warrant Arrest, Local SF Warrant","Cite or Arrest Adult","06TH ST \ HOWARD ST","23946000","Southern","South of Market","6","6","37.77973937988281","-122.40715789794922","POINT (-122.407157898 37.77973938)","2025-06-14T09:37:39.000","2025-06-15T09:53:25.000"
"149005027170","2025-06-13T18:16:00.000","2025-06-13T00:00:00.000","18:16","2025","Friday","2025-06-13T18:55:00.000","1490050","250330562","251642684","II","Initial",,"27170","Other Miscellaneous","Other","Resisting, Delaying, or Obstructing  Peace Officer Duties","Cite or Arrest Adult","GOLDEN GATE AVE \ VAN NESS AVE","24468000","Northern","Tenderloin","5","6","37.78103256225586","-122.42044067382812","POINT (-122.420440674 37.781032562)","2025-06-14T09:37:39.000","2025-06-15T09:53:25.000"
"148994627199","2025-06-13T08:54:00.000","2025-06-13T00:00:00.000","08:54","2025","Friday","2025-06-13T08:54:00.000","1489946","250329355","251640735","II","Initial",,"27199","Other Miscellaneous","Loitering","Lodging Without Permission","Cite or Arrest Adult","16TH ST \ FLORIDA ST","24049000","Mission","Mission","9","9","37.76554870605469","-122.41145324707031","POINT (-122.411453247 37.765548706)","2025-06-14T09:37:39.000","2025-06-15T09:53:25.000"
"148993906152","2025-06-12T22:00:00.000","2025-06-12T00:00:00.000","22:00","2025","Thursday","2025-06-13T05:58:00.000","1489939","250329305","251640361","II","Initial",,"06152","Larceny Theft","Larceny Theft - Other","Theft, From Person, $50-$200 (other than Pickpocket)","Open or Active","DR CARLTON B GOODLETT PL \ MCALLISTER ST \ POLK ST","24462000","Northern","Tenderloin","5","6","37.7802619934082","-122.4186019897461","POINT (-122.41860199 37.780261993)","2025-06-14T09:37:39.000","2025-06-15T09:53:25.000"
"149007706234","2025-06-12T18:30:00.000","2025-06-12T00:00:00.000","18:30","2025","Thursday","2025-06-13T22:19:00.000","1490077","250330766","251643179","II","Initial",,"06234","Larceny Theft","Larceny - Auto Parts","Theft, Vehicle Strip, >$950","Open or Active","SERRANO DR \ TAPIA DR","23097000","Taraval","Lakeshore","7","7","37.71905517578125","-122.4814224243164","POINT (-122.481422424 37.719055176)","2025-06-14T09:37:39.000","2025-06-15T09:53:25.000"
"149000605083","2025-05-29T20:45:00.000","2025-05-29T00:00:00.000","20:45","2025","Thursday","2025-06-13T09:03:00.000","1490006","250329377","251640699","II","Initial",,"05083","Burglary","Burglary - Hot Prowl","Burglary, Hot Prowl, Unlawful Entry","Open or Active","DIAMOND ST \ MOFFITT ST","21959000","Ingleside","Glen Park","8","8","37.7387580871582","-122.4345703125","POINT (-122.434570312 37.738758087)","2025-06-14T09:37:39.000","2025-06-15T09:53:25.000"
"149004707055","2025-06-13T18:36:00.000","2025-06-13T00:00:00.000","18:36","2025","Friday","2025-06-13T18:36:00.000","1490047","250330471","251642553","VI","Vehicle Initial",,"07055","Motor Vehicle Theft","Motor Vehicle Theft","Vehicle, Recovered, Stolen outside SF","Cite or Arrest Adult","HYDE ST \ TURK ST","24933000","Tenderloin","Tenderloin","5","6","37.78258514404297","-122.41569519042969","POINT (-122.41569519 37.782585144)","2025-06-14T09:37:39.000","2025-06-15T09:53:25.000"
"149001707055","2025-06-13T13:23:00.000","2025-06-13T00:00:00.000","13:23","2025","Friday","2025-06-13T14:49:00.000","1490017","250330108","251641875","VI","Vehicle Initial",,"07055","Motor Vehicle Theft","Motor Vehicle Theft","Vehicle, Recovered, Stolen outside SF","Cite or Arrest Adult","GREAT HWY \ JOHN F KENNEDY DR","27966000","Richmond","Golden Gate Park","4","1","37.77043533325195","-122.51092529296875","POINT (-122.510925293 37.770435333)","2025-06-14T09:37:39.000","2025-06-15T09:53:25.000"
"149003627195","2025-06-13T12:00:00.000","2025-06-13T00:00:00.000","12:00","2025","Friday","2025-06-13T12:27:00.000","1490036","250329800","251641423","II","Initial",,"27195","Other Miscellaneous","Trespass","Trespassing","Cite or Arrest Adult","GEARY ST \ HYDE ST","25166000","Central","Tenderloin","3","6","37.786312103271484","-122.41645050048828","POINT (-122.4164505 37.786312103)","2025-06-14T09:37:39.000","2025-06-15T09:53:25.000"
"148996409029","2025-05-13T21:00:00.000","2025-05-13T00:00:00.000","21:00","2025","Tuesday","2025-06-13T10:25:00.000","1489964","250329537","251640917","II","Initial",,"09029","Fraud","Fraud","False Personation to Receive Money or Property","Open or Active","CAPITOL AVE \ MONTANA ST","22575000","Taraval","Oceanview/Merced/Ingleside","11","11","37.71660232543945","-122.45906066894531","POINT (-122.459060669 37.716602325)","2025-06-14T09:37:39.000","2025-06-15T09:53:25.000"
"148983416710","2025-06-12T15:42:00.000","2025-06-12T00:00:00.000","15:42","2025","Thursday","2025-06-12T15:42:00.000","1489834","250328272","251632155","II","Initial",,"16710","Drug Offense","Drug Violation","Narcotics Paraphernalia, Possession of","Cite or Arrest Adult","ELLIS ST \ HYDE ST","25144000","Tenderloin","Tenderloin","5","6","37.78445053100586","-122.41606903076172","POINT (-122.416069031 37.784450531)","2025-06-14T09:37:39.000","2025-06-15T09:53:25.000"
"148999604014","2025-06-13T12:14:00.000","2025-06-13T00:00:00.000","12:14","2025","Friday","2025-06-13T12:31:00.000","1489996","250329769","251641378","II","Initial",,"04014","Assault","Aggravated Assault","Assault, Aggravated, W/ Force","Open or Active","GEARY ST \ LARKIN ST","25170000","Northern","Tenderloin","3","6","37.786102294921875","-122.4180908203125","POINT (-122.41809082 37.786102295)","2025-06-14T09:37:39.000","2025-06-15T09:53:25.000"
"149004105071","2025-06-12T18:00:00.000","2025-06-12T00:00:00.000","18:00","2025","Thursday","2025-06-13T11:39:00.000","1490041","250329662","251640793","II","Initial",,"05071","Burglary","Burglary - Other","Burglary, Other Bldg., Forcible Entry","Open or Active","MISSION ST \ NAGLEE AVE","33366000","Ingleside","Outer Mission","11","11","37.71159362792969","-122.44609069824219","POINT (-122.446090698 37.711593628)","2025-06-14T09:37:39.000","2025-06-15T09:53:25.000"
"149002105011","2025-06-12T20:30:00.000","2025-06-12T00:00:00.000","20:30","2025","Thursday","2025-06-13T14:36:00.000","1490021","250330114","251641836","II","Initial",,"05011","Burglary","Burglary - Residential","Burglary, Apartment House, Forcible Entry","Open or Active","LARKIN ST \ WASHINGTON ST","25299000","Central","Russian Hill","3","3","37.7934684753418","-122.4195785522461","POINT (-122.419578552 37.793468475)","2025-06-14T09:37:39.000","2025-06-15T09:53:25.000"
"149001204014","2025-06-13T12:50:00.000","2025-06-13T00:00:00.000","12:50","2025","Friday","2025-06-13T13:03:00.000","1490012","250329963","251641530","II","Initial",,"04014","Assault","Aggravated Assault","Assault, Aggravated, W/ Force","Open or Active","16TH ST \ BRYANT ST","24048000","Mission","Mission","9","10","37.76560592651367","-122.41048431396484","POINT (-122.410484314 37.765605927)","2025-06-14T09:37:39.000","2025-06-15T09:53:25.000"
"148995107026","2025-05-29T20:24:00.000","2025-05-29T00:00:00.000","20:24","2025","Thursday","2025-06-13T09:03:00.000","1489951","250329377","251640699","VI","Vehicle Initial",,"07026","Motor Vehicle Theft","Motor Vehicle Theft","Vehicle, Stolen, Other Vehicle","Open or Active","DIAMOND ST \ MOFFITT ST","21959000","Ingleside","Glen Park","8","8","37.7387580871582","-122.4345703125","POINT (-122.434570312 37.738758087)","2025-06-14T09:37:39.000","2025-06-15T09:53:25.000"
"149006107055","2025-06-13T19:35:00.000","2025-06-13T00:00:00.000","19:35","2025","Friday","2025-06-13T19:35:00.000","1490061","250330590","251642700","VI","Vehicle Initial",,"07055","Motor Vehicle Theft","Motor Vehicle Theft","Vehicle, Recovered, Stolen outside SF","Cite or Arrest Adult","07TH ST \ MINNA ST","24291000","Southern","South of Market","6","6","37.778785705566406","-122.410400390625","POINT (-122.410400391 37.778785706)","2025-06-14T09:37:39.000","2025-06-15T09:53:25.000"
"148988527170","2025-06-12T20:13:00.000","2025-06-12T00:00:00.000","20:13","2025","Thursday","2025-06-12T20:13:00.000","1489885","250328783","251633009","II","Initial",,"27170","Other Miscellaneous","Other","Resisting, Delaying, or Obstructing  Peace Officer Duties","Cite or Arrest Adult","LEAVENWORTH ST \ UNITED NATIONS PLZ","30044000","Tenderloin","Tenderloin","5","6","37.779991149902344","-122.41349029541016","POINT (-122.413490295 37.77999115)","2025-06-14T09:37:39.000","2025-06-15T09:53:25.000"
"148994871011","2025-06-12T20:00:00.000","2025-06-12T00:00:00.000","20:00","2025","Thursday","2025-06-13T08:09:00.000","1489948","250329468","251640974","VI","Vehicle Initial",,"71011","Other Offenses","Other Offenses","License Plate, Found","Cite or Arrest Adult","24TH AVE \ ANZA ST","27536000","Richmond","Outer Richmond","1","1","37.77821350097656","-122.48352813720703","POINT (-122.483528137 37.778213501)","2025-06-14T09:37:39.000","2025-06-15T09:53:25.000"
"148993472000","2025-06-12T12:30:00.000","2025-06-12T00:00:00.000","12:30","2025","Thursday","2025-06-12T13:00:00.000","1489934","250325858",,"IS","Initial Supplement",,"72000","Non-Criminal","Non-Criminal","Found  Property","Open or Active","STEINER ST \ TURK ST","26048000","Northern","Western Addition","5","5","37.7802848815918","-122.43378448486328","POINT (-122.433784485 37.780284882)","2025-06-14T09:37:39.000","2025-06-15T09:53:25.000"
"148994216220","2025-06-13T07:15:00.000","2025-06-13T00:00:00.000","07:15","2025","Friday","2025-06-13T07:18:00.000","1489942","250329236","251640485","II","Initial",,"16220","Drug Offense","Drug Violation","Opiates, Possession For Sale","Cite or Arrest Adult","06TH ST \ STEVENSON ST","24295000","Tenderloin","South of Market","6","6","37.78175354003906","-122.4096908569336","POINT (-122.409690857 37.78175354)","2025-06-14T09:37:39.000","2025-06-15T09:53:25.000"
"148996564070","2024-10-01T00:00:00.000","2024-10-01T00:00:00.000","00:00","2024","Tuesday","2025-06-13T10:53:00.000","1489965","250329612","251640936","II","Initial",,"64070","Suspicious Occ","Suspicious Occ","Suspicious Occurrence","Open or Active","HUDSON AVE \ MENDELL ST","20215000","Bayview","Bayview Hunters Point","10","10","37.738983154296875","-122.38639831542969","POINT (-122.386398315 37.738983154)","2025-06-14T09:37:39.000","2025-06-15T09:53:25.000"
"148997805041","2025-06-07T08:30:00.000","2025-06-07T00:00:00.000","08:30","2025","Saturday","2025-06-13T13:01:00.000","1489978","250329866","251641058","II","Initial",,"05041","Burglary","Burglary - Residential","Burglary, Residence, Forcible Entry","Open or Active","38TH AVE \ RIVERA ST","23465000","Taraval","Sunset/Parkside","4","4","37.745880126953125","-122.49630737304688","POINT (-122.496307373 37.745880127)","2025-06-14T09:37:39.000","2025-06-15T09:53:25.000"
"148998327199","2025-06-13T12:37:00.000","2025-06-13T00:00:00.000","12:37","2025","Friday","2025-06-13T12:37:00.000","1489983","250329775","251641462","II","Initial",,"27199","Other Miscellaneous","Loitering","Lodging Without Permission","Cite or Arrest Adult","16TH ST \ FLORIDA ST","24049000","Mission","Mission","9","9","37.76554870605469","-122.41145324707031","POINT (-122.411453247 37.765548706)","2025-06-14T09:37:39.000","2025-06-15T09:53:25.000"
"148996363010","2025-06-13T11:46:00.000","2025-06-13T00:00:00.000","11:46","2025","Friday","2025-06-13T11:46:00.000","1489963","250055356","251641272","IS","Initial Supplement",,"63010","Warrant","Other","Warrant Arrest, Local SF Warrant","Cite or Arrest Adult","ELLIS ST \ HYDE ST","25144000","Tenderloin","Tenderloin","5","6","37.78445053100586","-122.41606903076172","POINT (-122.416069031 37.784450531)","2025-06-14T09:37:39.000","2025-06-15T09:53:25.000"
"149003875000","2025-06-13T16:24:00.000","2025-06-13T00:00:00.000","16:24","2025","Friday","2025-06-13T17:10:00.000","1490038","250330302","251642177","II","Initial",,"75000","Missing Person","Missing Person","Found Person","Cite or Arrest Adult","03RD ST \ TABER PL","23830000","Southern","Financial District/South Beach","6","6","37.781063079833984","-122.39551544189453","POINT (-122.395515442 37.78106308)","2025-06-14T09:37:39.000","2025-06-15T09:53:25.000"
"148978304134","2025-06-12T13:21:00.000","2025-06-12T00:00:00.000","13:21","2025","Thursday","2025-06-12T13:33:00.000","1489783","250327832","251631716","II","Initial",,"04134","Assault","Simple Assault","Battery","Open or Active","ARGUELLO BLVD \ MCALLISTER ST","27204000","Richmond","Inner Richmond","1","1","37.775238037109375","-122.45843505859375","POINT (-122.458435059 37.775238037)","2025-06-14T09:37:39.000","2025-06-15T09:53:25.000"
"148990716660","2025-06-12T18:06:00.000","2025-06-12T00:00:00.000","18:06","2025","Thursday","2025-06-12T18:06:00.000","1489907","250328545","251632644","II","Initial",,"16660","Drug Offense","Drug Violation","Controlled Substance Offense","Cite or Arrest Adult","HYDE ST \ MCALLISTER ST","24333000","Tenderloin","Tenderloin","5","6","37.78071975708008","-122.41531372070312","POINT (-122.415313721 37.780719757)","2025-06-14T09:37:39.000","2025-06-15T09:53:25.000"
"149005604134","2025-06-13T10:30:00.000","2025-06-13T00:00:00.000","10:30","2025","Friday","2025-06-13T11:30:00.000","1490056","250329731","251641214","II","Initial",,"04134","Assault","Simple Assault","Battery","Open or Active","GONZALEZ DR \ RIVAS AVE","23093000","Taraval","Lakeshore","7","7","37.717529296875","-122.4815444946289","POINT (-122.481544495 37.717529297)","2025-06-14T09:37:39.000","2025-06-15T09:53:25.000"
"148994971011","2025-06-13T09:00:00.000","2025-06-13T00:00:00.000","09:00","2025","Friday","2025-06-13T10:37:00.000","1489949","250329515","251641048","VI","Vehicle Initial",,"71011","Other Offenses","Other Offenses","License Plate, Found","Open or Active","15TH ST \ MISSION ST","24171000","Mission","Mission","9","9","37.76667404174805","-122.4198226928711","POINT (-122.419822693 37.766674042)","2025-06-14T09:37:39.000","2025-06-15T09:53:25.000"
"148989304134","2025-06-12T16:30:00.000","2025-06-12T00:00:00.000","16:30","2025","Thursday","2025-06-12T16:42:00.000","1489893","250328391","251632383","II","Initial",,"04134","Assault","Simple Assault","Battery","Open or Active","MARKET ST \ RESERVOIR ST","25877000","Mission","Castro/Upper Market","8","8","37.76877212524414","-122.42745971679688","POINT (-122.427459717 37.768772125)","2025-06-14T09:37:39.000","2025-06-15T09:53:25.000"
"148992806244","2025-06-11T00:00:00.000","2025-06-11T00:00:00.000","00:00","2025","Wednesday","2025-06-12T11:18:00.000","1489928","256057990",,"II","Coplogic Initial","true","06244","Larceny Theft","Larceny - From Vehicle","Theft, From Locked Vehicle, >$950","Open or Active","CLINTON PARK \ GUERRERO ST","25844000","Mission","Mission","9","8","37.76914978027344","-122.42447662353516","POINT (-122.424476624 37.76914978)","2025-06-14T09:37:39.000","2025-06-15T09:53:25.000"
"148995473010","2025-06-13T11:11:00.000","2025-06-13T00:00:00.000","11:11","2025","Friday","2025-06-13T11:11:00.000","1489954","250329587","251641156","II","Initial",,"73010","Non-Criminal","Non-Criminal","Firearm, Turned In by Public","Unfounded","06TH AVE \ ANZA ST","27275000","Richmond","Inner Richmond","1","1","37.779090881347656","-122.46414184570312","POINT (-122.464141846 37.779090881)","2025-06-14T09:37:39.000","2025-06-15T09:53:25.000"
"148995527199","2025-06-13T08:34:00.000","2025-06-13T00:00:00.000","08:34","2025","Friday","2025-06-13T08:34:00.000","1489955","250329333","251640671","II","Initial",,"27199","Other Miscellaneous","Loitering","Lodging Without Permission","Cite or Arrest Adult","16TH ST \ FLORIDA ST","24049000","Mission","Mission","9","9","37.76554870605469","-122.41145324707031","POINT (-122.411453247 37.765548706)","2025-06-14T09:37:39.000","2025-06-15T09:53:25.000"
"148993374000","2025-06-12T22:00:00.000","2025-06-12T00:00:00.000","22:00","2025","Thursday","2025-06-13T06:25:00.000","1489933","250329214","251640414","II","Initial",,"74000","Missing Person","Missing Adult","Missing Adult","Open or Active","BAY VIEW ST \ POMONA ST","20528000","Bayview","Bayview Hunters Point","10","10","37.73261642456055","-122.39324188232422","POINT (-122.393241882 37.732616425)","2025-06-14T09:37:39.000","2025-06-15T09:53:25.000"
"149001075000","2025-01-14T16:00:00.000","2025-01-14T00:00:00.000","16:00","2025","Tuesday","2025-06-13T12:37:00.000","1490010","250035063","251414462","IS","Initial Supplement",,"75000","Missing Person","Missing Person","Found Person","Open or Active","16TH ST \ FLORIDA ST","24049000","Mission","Mission","9","9","37.76554870605469","-122.41145324707031","POINT (-122.411453247 37.765548706)","2025-06-14T09:37:39.000","2025-06-15T09:53:25.000"
"148999875030","2025-03-14T00:00:00.000","2025-03-14T00:00:00.000","00:00","2025","Friday","2025-06-13T13:49:00.000","1489998","250329935","251641692","II","Initial",,"75030","Case Closure","Case Closure","Case Closure","Cite or Arrest Adult","GEARY ST \ STOCKTON ST","24901000","Central","Financial District/South Beach","3","3","37.787567138671875","-122.4065933227539","POINT (-122.406593323 37.787567139)","2025-06-14T09:37:39.000","2025-06-15T09:53:25.000"
"148997304144","2025-06-13T13:09:00.000","2025-06-13T00:00:00.000","13:09","2025","Friday","2025-06-13T13:09:00.000","1489973","250327917","251631648","IS","Initial Supplement",,"04144","Assault","Simple Assault","Battery, Sexual","Open or Active","FILLMORE ST \ TURK ST","25973000","Northern","Western Addition","5","5","37.780494689941406","-122.43214416503906","POINT (-122.432144165 37.78049469)","2025-06-14T09:37:39.000","2025-06-15T09:53:25.000"
"149004564085","2025-06-13T16:33:00.000","2025-06-13T00:00:00.000","16:33","2025","Friday","2025-06-13T16:33:00.000","1490045","250329725","251641359","IS","Initial Supplement",,"64085","Other Miscellaneous","Other","Investigative Detention","Open or Active","PINE ST \ SANSOME ST","24686000","Central","Financial District/South Beach","3","3","37.79210662841797","-122.40093231201172","POINT (-122.400932312 37.792106628)","2025-06-14T09:37:39.000","2025-06-15T09:53:25.000"
"149000607026","2025-05-29T20:45:00.000","2025-05-29T00:00:00.000","20:45","2025","Thursday","2025-06-13T09:03:00.000","1490006","250329377","251640699","II","Initial",,"07026","Motor Vehicle Theft","Motor Vehicle Theft","Vehicle, Stolen, Other Vehicle","Open or Active","DIAMOND ST \ MOFFITT ST","21959000","Ingleside","Glen Park","8","8","37.7387580871582","-122.4345703125","POINT (-122.434570312 37.738758087)","2025-06-14T09:37:39.000","2025-06-15T09:53:25.000"
"149006875000","2025-06-13T06:25:00.000","2025-06-13T00:00:00.000","06:25","2025","Friday","2025-06-13T16:36:00.000","1490068","250329214","251642219","IS","Initial Supplement",,"75000","Missing Person","Missing Person","Found Person","Open or Active","NEPTUNE ST \ WILLIAMS AVE","20537000","Bayview","Bayview Hunters Point","10","10","37.72990798950195","-122.39717864990234","POINT (-122.39717865 37.72990799)","2025-06-14T09:37:39.000","2025-06-15T09:53:25.000"
"148996715161","2025-06-13T11:05:00.000","2025-06-13T00:00:00.000","11:05","2025","Friday","2025-06-13T12:05:00.000","1489967","250329678","251641183","II","Initial",,"15161","Offences Against The Family And Children","Other","Violation of Restraining Order","Open or Active","34TH AVE \ VICENTE ST","23352000","Taraval","Sunset/Parkside","4","4","37.73861312866211","-122.49152374267578","POINT (-122.491523743 37.738613129)","2025-06-14T09:37:39.000","2025-06-15T09:53:25.000"
"148990012027","2025-06-12T23:03:00.000","2025-06-12T00:00:00.000","23:03","2025","Thursday","2025-06-12T23:03:00.000","1489900","250329026","251633420","II","Initial",,"12027","Weapons Offense","Weapons Offense","Firearm, Discharging Within City Limits","Open or Active","ELLIS ST \ LARKIN ST","25149000","Tenderloin","Tenderloin","5","6","37.784236907958984","-122.41770935058594","POINT (-122.417709351 37.784236908)","2025-06-14T09:37:39.000","2025-06-15T09:53:25.000"
"149006405041","2025-05-31T11:59:00.000","2025-05-31T00:00:00.000","11:59","2025","Saturday","2025-06-13T16:03:00.000","1490064","250330283","251642102","II","Initial",,"05041","Burglary","Burglary - Residential","Burglary, Residence, Forcible Entry","Open or Active","36TH AVE \ LAWTON ST","27706000","Taraval","Sunset/Parkside","4","4","37.757164001464844","-122.49494934082031","POINT (-122.494949341 37.757164001)","2025-06-14T09:37:39.000","2025-06-15T09:53:25.000"
"148982907020","2025-06-12T10:00:00.000","2025-06-12T00:00:00.000","10:00","2025","Thursday","2025-06-12T16:28:00.000","1489829","250328313","251632332","VI","Vehicle Initial",,"07020","Motor Vehicle Theft","Motor Vehicle Theft","Vehicle, Stolen & Recovered","Open or Active","07TH AVE \ ANZA ST","27276000","Richmond","Inner Richmond","1","1","37.7790412902832","-122.4652099609375","POINT (-122.465209961 37.77904129)","2025-06-14T09:37:39.000","2025-06-15T09:53:25.000"
"148994368020","2025-06-12T17:00:00.000","2025-06-12T00:00:00.000","17:00","2025","Thursday","2025-06-13T09:33:00.000","1489943","250329399","251640850","II","Initial",,"68020","Miscellaneous Investigation","Miscellaneous Investigation","Miscellaneous Investigation","Open or Active","08TH ST \ HOWARD ST","24299000","Southern","South of Market","6","6","37.776222229003906","-122.41160583496094","POINT (-122.411605835 37.776222229)","2025-06-14T09:37:39.000","2025-06-15T09:53:25.000"
"149002668020","2025-06-12T23:00:00.000","2025-06-12T00:00:00.000","23:00","2025","Thursday","2025-06-13T15:50:00.000","1490026","250330205","251642089","II","Initial",,"68020","Miscellaneous Investigation","Miscellaneous Investigation","Miscellaneous Investigation","Open or Active","08TH AVE \ CALIFORNIA ST","27599000","Southern","Inner Richmond","1","1","37.78471374511719","-122.4666976928711","POINT (-122.466697693 37.784713745)","2025-06-14T09:37:39.000","2025-06-15T09:53:25.000"
"149005063010","2025-06-13T18:16:00.000","2025-06-13T00:00:00.000","18:16","2025","Friday","2025-06-13T18:55:00.000","1490050","250330562","251642684","II","Initial",,"63010","Warrant","Other","Warrant Arrest, Local SF Warrant","Cite or Arrest Adult","GOLDEN GATE AVE \ VAN NESS AVE","24468000","Northern","Tenderloin","5","6","37.78103256225586","-122.42044067382812","POINT (-122.420440674 37.781032562)","2025-06-14T09:37:39.000","2025-06-15T09:53:25.000"
"148988504154","2025-06-12T20:13:00.000","2025-06-12T00:00:00.000","20:13","2025","Thursday","2025-06-12T20:13:00.000","1489885","250328783","251633009","II","Initial",,"04154","Assault","Simple Assault","Battery, Of A Police Officer","Cite or Arrest Adult","LEAVENWORTH ST \ UNITED NATIONS PLZ","30044000","Tenderloin","Tenderloin","5","6","37.779991149902344","-122.41349029541016","POINT (-122.413490295 37.77999115)","2025-06-14T09:37:39.000","2025-06-15T09:53:25.000"
"148990604134","2025-06-13T01:00:00.000","2025-06-13T00:00:00.000","01:00","2025","Friday","2025-06-13T01:21:00.000","1489906","250329139","251640118","II","Initial",,"04134","Assault","Simple Assault","Battery","Open or Active","08TH ST \ RINGOLD ST","24267000","Southern","South of Market","6","6","37.77455139160156","-122.4095230102539","POINT (-122.40952301 37.774551392)","2025-06-14T09:37:39.000","2025-06-15T09:53:25.000"
"148998612030","2025-06-09T15:30:00.000","2025-06-09T00:00:00.000","15:30","2025","Monday","2025-06-13T12:07:00.000","1489986","250329753","251640828","II","Initial",,"12030","Weapons Offense","Weapons Offense","Weapon, Deadly, Imitation or Laser Scope, Exhibiting","Open or Active","MISSION ST \ WASHBURN ST","24417000","Southern","South of Market","6","6","37.7758903503418","-122.41513061523438","POINT (-122.415130615 37.77589035)","2025-06-14T09:37:39.000","2025-06-15T09:53:25.000"
"148999407041","2025-06-13T12:44:00.000","2025-06-13T00:00:00.000","12:44","2025","Friday","2025-06-13T12:44:00.000","1489994","250328517","251631542","VS","Vehicle Supplement",,"07041","Recovered Vehicle","Recovered Vehicle","Vehicle, Recovered, Auto","Cite or Arrest Adult","TAYLOR ST \ TURK ST","24924000","Tenderloin","Tenderloin","5","6","37.7832145690918","-122.4107666015625","POINT (-122.410766602 37.783214569)","2025-06-14T09:37:39.000","2025-06-15T09:53:25.000"
"148990728165","2025-06-12T18:06:00.000","2025-06-12T00:00:00.000","18:06","2025","Thursday","2025-06-12T18:06:00.000","1489907","250328545","251632644","II","Initial",,"28165","Malicious Mischief","Vandalism","Malicious Mischief, Graffiti, Real or Personal Property","Cite or Arrest Adult","HYDE ST \ MCALLISTER ST","24333000","Tenderloin","Tenderloin","5","6","37.78071975708008","-122.41531372070312","POINT (-122.415313721 37.780719757)","2025-06-14T09:37:39.000","2025-06-15T09:53:25.000"
"148989506302","2025-05-15T15:55:00.000","2025-05-15T00:00:00.000","15:55","2025","Thursday","2025-06-12T18:59:00.000","1489895","250328658","251631556","II","Initial",,"06302","Larceny Theft","Larceny Theft - From Building","Theft, From Building, $50-$200","Open or Active","08TH ST \ MISSION ST","24311000","Southern","South of Market","6","6","37.77745819091797","-122.41315460205078","POINT (-122.413154602 37.777458191)","2025-06-14T09:37:39.000","2025-06-15T09:53:25.000"
"148995306223","2025-06-13T06:15:00.000","2025-06-13T00:00:00.000","06:15","2025","Friday","2025-06-13T09:00:00.000","1489953","250329402","251640722","II","Initial",,"06223","Larceny Theft","Larceny - From Vehicle","Theft, From Unlocked Vehicle, $200-$950","Open or Active","BRANNAN ST \ DELANCEY ST","23600000","Southern","Financial District/South Beach","6","6","37.783607482910156","-122.38984680175781","POINT (-122.389846802 37.783607483)","2025-06-14T09:37:39.000","2025-06-15T09:53:25.000"
"149004264070","2025-06-10T13:40:00.000","2025-06-10T00:00:00.000","13:40","2025","Tuesday","2025-06-11T11:27:00.000","1490042","250325892","251621152","II","Initial",,"64070","Suspicious Occ","Suspicious Occ","Suspicious Occurrence","Open or Active","29TH ST \ CHURCH ST","21905000","Ingleside","Noe Valley","8","8","37.74369812011719","-122.42667388916016","POINT (-122.426673889 37.74369812)","2025-06-14T09:37:39.000","2025-06-15T09:53:25.000"
"149001228150","2025-06-13T12:50:00.000","2025-06-13T00:00:00.000","12:50","2025","Friday","2025-06-13T13:03:00.000","1490012","250329963","251641530","II","Initial",,"28150","Malicious Mischief","Vandalism","Malicious Mischief, Vandalism to Property","Open or Active","16TH ST \ BRYANT ST","24048000","Mission","Mission","9","10","37.76560592651367","-122.41048431396484","POINT (-122.410484314 37.765605927)","2025-06-14T09:37:39.000","2025-06-15T09:53:25.000"
"149005228150","2025-06-13T18:00:00.000","2025-06-13T00:00:00.000","18:00","2025","Friday","2025-06-13T18:25:00.000","1490052","250330459","251642512","II","Initial",,"28150","Malicious Mischief","Vandalism","Malicious Mischief, Vandalism to Property","Open or Active","BUCHANAN ST \ TURK ST","54063000","Northern","Western Addition","5","5","37.780914306640625","-122.4288558959961","POINT (-122.428855896 37.780914307)","2025-06-14T09:37:39.000","2025-06-15T09:53:25.000"
"149003903074","2025-06-13T16:13:00.000","2025-06-13T00:00:00.000","16:13","2025","Friday","2025-06-13T16:13:00.000","1490039","250330318","251642138","IS","Initial Supplement",,"03074","Robbery","Robbery - Other","Robbery, W/ Force","Cite or Arrest Adult","GRANT AVE \ PACIFIC AVE","25032000","Central","Chinatown","3","3","37.79690170288086","-122.40682983398438","POINT (-122.406829834 37.796901703)","2025-06-14T09:37:39.000","2025-06-15T09:53:25.000"
"148997616710","2025-06-13T13:07:00.000","2025-06-13T00:00:00.000","13:07","2025","Friday","2025-06-13T13:07:00.000","1489976","250329850","251641566","II","Initial",,"16710","Drug Offense","Drug Violation","Narcotics Paraphernalia, Possession of","Cite or Arrest Adult","EDDY ST \ LEAVENWORTH ST","24935000","Tenderloin","Tenderloin","5","6","37.783721923828125","-122.41423797607422","POINT (-122.414237976 37.783721924)","2025-06-14T09:37:39.000","2025-06-15T09:53:25.000"
"149006507021","2025-03-04T19:00:00.000","2025-03-04T00:00:00.000","19:00","2025","Tuesday","2025-06-13T20:52:00.000","1490065","250330669","251642887","VI","Vehicle Initial",,"07021","Motor Vehicle Theft","Motor Vehicle Theft","Vehicle, Stolen, Auto","Open or Active","CASHMERE ST \ DUKES CT","20207000","Bayview","Bayview Hunters Point","10","10","37.73672103881836","-122.3865737915039","POINT (-122.386573792 37.736721039)","2025-06-14T09:37:39.000","2025-06-15T09:53:25.000"
"149003172000","2025-06-07T12:00:00.000","2025-06-07T00:00:00.000","12:00","2025","Saturday","2025-06-13T17:04:00.000","1490031","250330330","251642291","II","Initial",,"72000","Non-Criminal","Non-Criminal","Found  Property","Open or Active","LOMBARD ST \ PIERCE ST","26965000","Northern","Marina","2","2","37.7994270324707","-122.43933868408203","POINT (-122.439338684 37.799427032)","2025-06-14T09:37:39.000","2025-06-15T09:53:25.000"
"149002564070","2025-06-13T09:55:00.000","2025-06-13T00:00:00.000","09:55","2025","Friday","2025-06-13T15:10:00.000","1490025","250076227","250391306","IS","Initial Supplement",,"64070","Suspicious Occ","Suspicious Occ","Suspicious Occurrence","Open or Active","GONZALEZ DR \ RIVAS AVE","23093000","Taraval","Lakeshore","7","7","37.717529296875","-122.4815444946289","POINT (-122.481544495 37.717529297)","2025-06-14T09:37:39.000","2025-06-15T09:53:25.000"
"149005164070","2025-06-11T12:00:00.000","2025-06-11T00:00:00.000","12:00","2025","Wednesday","2025-06-13T19:07:00.000","1490051","250330506","251642624","II","Initial",,"64070","Suspicious Occ","Suspicious Occ","Suspicious Occurrence","Open or Active","ANNIE ST \ MISSION ST","24612000","Southern","Financial District/South Beach","6","6","37.78684997558594","-122.40126037597656","POINT (-122.401260376 37.786849976)","2025-06-14T09:37:39.000","2025-06-15T09:53:25.000"
"148991807041","2025-06-13T00:30:00.000","2025-06-13T00:00:00.000","00:30","2025","Friday","2025-06-13T00:30:00.000","1489918","250151625",,"VS","Vehicle Supplement",,"07041","Recovered Vehicle","Recovered Vehicle","Vehicle, Recovered, Auto","Open or Active",,,"Out of SF",,,,,,,"2025-06-14T09:37:39.000","2025-06-15T09:53:25.000"
"148989106364","2025-06-12T16:55:00.000","2025-06-12T00:00:00.000","16:55","2025","Thursday","2025-06-12T18:25:00.000","1489891","250328589","251632426","II","Initial",,"06364","Larceny Theft","Larceny Theft - Shoplifting","Theft, Shoplifting, >$950","Open or Active","FOLSOM ST \ THE EMBARCADERO","24545000","Southern","Financial District/South Beach","6","6","37.790828704833984","-122.3900146484375","POINT (-122.390014648 37.790828705)","2025-06-14T09:37:39.000","2025-06-15T09:53:25.000"
"148997028160","2025-06-12T18:13:00.000","2025-06-12T00:00:00.000","18:13","2025","Thursday","2025-06-13T12:45:00.000","1489970","250329781","251641494","II","Initial",,"28160","Malicious Mischief","Vandalism","Malicious Mischief, Vandalism to Vehicle","Open or Active","EMERY LN \ VALLEJO ST","25350000","Central","Chinatown","3","3","37.79846954345703","-122.40963745117188","POINT (-122.409637451 37.798469543)","2025-06-14T09:37:39.000","2025-06-15T09:53:25.000"
"148993871013","2025-06-12T20:00:00.000","2025-06-12T00:00:00.000","20:00","2025","Thursday","2025-06-13T08:09:00.000","1489938","250329286","251640597","VI","Vehicle Initial",,"71013","Larceny Theft","Theft From Vehicle","License Plate, Stolen","Cite or Arrest Adult","24TH AVE \ ANZA ST","27536000","Richmond","Outer Richmond","1","1","37.77821350097656","-122.48352813720703","POINT (-122.483528137 37.778213501)","2025-06-14T09:37:39.000","2025-06-15T09:53:25.000"
"149006305141","2025-06-12T19:30:00.000","2025-06-12T00:00:00.000","19:30","2025","Thursday","2025-06-13T13:23:00.000","1490063","250330625","251641610","II","Initial",,"05141","Burglary","Burglary - Residential","Burglary, Residence Under Constr, Forcible Entry","Open or Active","29TH AVE \ NORIEGA ST","27400000","Taraval","Sunset/Parkside","4","4","37.75376892089844","-122.4871826171875","POINT (-122.487182617 37.753768921)","2025-06-14T09:37:39.000","2025-06-15T09:53:25.000"
"149000706365","2025-03-15T00:00:00.000","2025-03-15T00:00:00.000","00:00","2025","Saturday","2025-06-13T13:48:00.000","1490007","250329929","251641687","II","Initial",,"06365","Larceny Theft","Larceny Theft - Other","Theft, Petty, with Prior Conviction(s)","Cite or Arrest Adult","GEARY ST \ STOCKTON ST","24901000","Central","Financial District/South Beach","3","3","37.787567138671875","-122.4065933227539","POINT (-122.406593323 37.787567139)","2026-09-02T09:43:56.000","2026-09-03T09:57:35.000"
"148978905041","2025-06-11T18:00:00.000","2025-06-11T00:00:00.000","18:00","2025","Wednesday","2025-06-12T13:22:00.000","1489789","250327945","251631715","II","Initial",,"05041","Burglary","Burglary - Residential","Burglary, Residence, Forcible Entry","Open or Active","15TH AVE \ BALBOA ST","27474000","Richmond","Outer Richmond","1","1","37.77679443359375","-122.47370147705078","POINT (-122.473701477 37.776794434)","2025-06-14T09:37:39.000","2025-06-15T09:53:25.000"
"149003804154","2025-06-13T16:24:00.000","2025-06-13T00:00:00.000","16:24","2025","Friday","2025-06-13T17:10:00.000","1490038","250330302","251642177","II","Initial",,"04154","Assault","Simple Assault","Battery, Of A Police Officer","Cite or Arrest Adult","03RD ST \ TABER PL","23830000","Southern","Financial District/South Beach","6","6","37.781063079833984","-122.39551544189453","POINT (-122.395515442 37.78106308)","2025-06-14T09:37:39.000","2025-06-15T09:53:25.000"
"148990507060","2025-06-12T00:12:00.000","2025-06-12T00:00:00.000","00:12","2025","Thursday","2025-06-12T00:12:00.000","1489905","250326862","251630049","IS","Initial Supplement",,"07060",,,"Vehicle, Seizure Order Service","Open or Active","EDDY ST \ MASON ST","24897000","Tenderloin","Tenderloin","5","6","37.78434753417969","-122.40930938720703","POINT (-122.409309387 37.784347534)","2025-06-14T09:37:39.000","2025-06-15T09:53:25.000"
"148991364085","2025-06-12T23:32:00.000","2025-06-12T00:00:00.000","23:32","2025","Thursday","2025-06-12T23:40:00.000","1489913","250329076","251633468","II","Initial",,"64085","Other Miscellaneous","Other","Investigative Detention","Open or Active","BEALE ST \ HARRISON ST","24495000","Southern","Financial District/South Beach","6","6","37.78745651245117","-122.39118194580078","POINT (-122.391181946 37.787456512)","2025-06-14T09:37:39.000","2025-06-15T09:53:25.000"
"148994262060","2025-06-13T07:15:00.000","2025-06-13T00:00:00.000","07:15","2025","Friday","2025-06-13T07:18:00.000","1489942","250329236","251640485","II","Initial",,"62060","Warrant","Warrant","Warrant Arrest, Enroute To Adult Authority","Cite or Arrest Adult","06TH ST \ STEVENSON ST","24295000","Tenderloin","South of Market","6","6","37.78175354003906","-122.4096908569336","POINT (-122.409690857 37.78175354)","2025-06-14T09:37:39.000","2025-06-15T09:53:25.000"
"149000006374","2025-06-08T20:00:00.000","2025-06-08T00:00:00.000","20:00","2025","Sunday","2025-06-09T11:34:00.000","1490000","256057984",,"II","Coplogic Initial","true","06374","Larceny Theft","Larceny Theft - Other","Theft, Other Property, >$950","Open or Active","CAYUGA AVE \ VALERTON CT","22064000","Ingleside","Outer Mission","11","11","37.72273254394531","-122.43934631347656","POINT (-122.439346313 37.722732544)","2025-06-14T09:37:39.000","2025-06-15T09:53:25.000"
"148993103071","2025-06-13T05:20:00.000","2025-06-13T00:00:00.000","05:20","2025","Friday","2025-06-13T05:49:00.000","1489931","250329195","251640355","II","Initial",,"03071","Robbery","Robbery - Other","Robbery, W/ Gun","Open or Active","MISSION ST \ VIRGINIA AVE","21331000","Ingleside","Bernal Heights","9","9","37.74312210083008","-122.4214859008789","POINT (-122.421485901 37.743122101)","2025-06-14T09:37:39.000","2025-06-15T09:53:25.000"
"149004568020","2025-06-13T16:33:00.000","2025-06-13T00:00:00.000","16:33","2025","Friday","2025-06-13T16:33:00.000","1490045","250329725","251641359","IS","Initial Supplement",,"68020","Miscellaneous Investigation","Miscellaneous Investigation","Miscellaneous Investigation","Open or Active","PINE ST \ SANSOME ST","24686000","Central","Financial District/South Beach","3","3","37.79210662841797","-122.40093231201172","POINT (-122.400932312 37.792106628)","2025-06-14T09:37:39.000","2025-06-15T09:53:25.000"
"148989768020","2025-06-12T13:05:00.000","2025-06-12T00:00:00.000","13:05","2025","Thursday","2025-06-12T23:45:00.000","1489897","250329060","251633484","II","Initial",,"68020","Miscellaneous Investigation","Miscellaneous Investigation","Miscellaneous Investigation","Open or Active","OCEAN AVE \ PLYMOUTH AVE","22587000","Ingleside","Oceanview/Merced/Ingleside","11","7","37.72396469116211","-122.45651245117188","POINT (-122.456512451 37.723964691)","2025-06-14T09:37:39.000","2025-06-15T09:53:25.000"
"149001163010","2025-06-13T14:00:00.000","2025-06-13T00:00:00.000","14:00","2025","Friday","2025-06-13T14:00:00.000","1490011","250219245","251641727","IS","Initial Supplement",,"63010","Warrant","Other","Warrant Arrest, Local SF Warrant","Cite or Arrest Adult","ELLIS ST \ LEAVENWORTH ST","25139000","Tenderloin","Tenderloin","5","6","37.7846565246582","-122.4144287109375","POINT (-122.414428711 37.784656525)","2025-06-14T09:37:39.000","2025-06-15T09:53:25.000"
"148992306244","2025-05-14T04:00:00.000","2025-05-14T00:00:00.000","04:00","2025","Wednesday","2025-05-14T14:22:00.000","1489923","256057912",,"II","Coplogic Initial","true","06244","Larceny Theft","Larceny - From Vehicle","Theft, From Locked Vehicle, >$950","Open or Active","OCEAN AVE \ WANDA ST","22068000","Ingleside","Outer Mission","11","11","37.723480224609375","-122.43984985351562","POINT (-122.439849854 37.723480225)","2025-06-14T09:37:39.000","2025-06-15T09:53:25.000"
"149003516710","2025-06-13T13:39:00.000","2025-06-13T00:00:00.000","13:39","2025","Friday","2025-06-13T14:02:00.000","1490035","250330067","251641670","II","Initial",,"16710","Drug Offense","Drug Violation","Narcotics Paraphernalia, Possession of","Cite or Arrest Adult","23RD ST \ BRYANT ST","23960000","Mission","Mission","9","9","37.754398345947266","-122.40925598144531","POINT (-122.409255981 37.754398346)","2025-06-14T09:37:39.000","2025-06-15T09:53:25.000"
"148998109015","2025-06-04T00:00:00.000","2025-06-04T00:00:00.000","00:00","2025","Wednesday","2025-06-13T05:41:00.000","1489981","250329634","251640349","II","Initial",,"09015","Forgery And Counterfeiting","Forgery And Counterfeiting","Forgery, Checks, Felony","Open or Active","41ST AVE \ WAWONA ST","23430000","Taraval","Sunset/Parkside","4","4","37.73641586303711","-122.49887084960938","POINT (-122.49887085 37.736415863)","2025-06-14T09:37:39.000","2025-06-15T09:53:25.000"
"149003716220","2025-06-13T17:30:00.000","2025-06-13T00:00:00.000","17:30","2025","Friday","2025-06-13T17:30:00.000","1490037","250330409","251642394","II","Initial",,"16220","Drug Offense","Drug Violation","Opiates, Possession For Sale","Cite or Arrest Adult","HYDE ST \ OFARRELL ST","25145000","Tenderloin","Tenderloin","5","6","37.785377502441406","-122.416259765625","POINT (-122.416259766 37.785377502)","2025-06-14T09:37:39.000","2025-06-15T09:53:25.000"
"149001362050","2025-06-13T12:34:00.000","2025-06-13T00:00:00.000","12:34","2025","Friday","2025-06-13T12:44:00.000","1490013","250329991","251641491","II","Initial",,"62050","Warrant","Warrant","Warrant Arrest, Enroute To Outside Jurisdiction","Cite or Arrest Adult","TAYLOR ST \ TURK ST","24924000","Tenderloin","Tenderloin","5","6","37.7832145690918","-122.4107666015625","POINT (-122.410766602 37.783214569)","2025-06-14T09:37:39.000","2025-06-15T09:53:25.000"
"149003563010","2025-06-13T13:39:00.000","2025-06-13T00:00:00.000","13:39","2025","Friday","2025-06-13T14:02:00.000","1490035","250330067","251641670","II","Initial",,"63010","Warrant","Other","Warrant Arrest, Local SF Warrant","Cite or Arrest Adult","23RD ST \ BRYANT ST","23960000","Mission","Mission","9","9","37.754398345947266","-122.40925598144531","POINT (-122.409255981 37.754398346)","2025-06-14T09:37:39.000","2025-06-15T09:53:25.000"
"148999175030","2025-03-13T00:00:00.000","2025-03-13T00:00:00.000","00:00","2025","Thursday","2025-06-13T13:49:00.000","1489991","250329941","251641694","II","Initial",,"75030","Case Closure","Case Closure","Case Closure","Cite or Arrest Adult","GEARY ST \ STOCKTON ST","24901000","Central","Financial District/South Beach","3","3","37.787567138671875","-122.4065933227539","POINT (-122.406593323 37.787567139)","2025-06-14T09:37:39.000","2025-06-15T09:53:25.000"
"148997764070","2025-06-13T11:11:00.000","2025-06-13T00:00:00.000","11:11","2025","Friday","2025-06-13T12:11:00.000","1489977","250329725","251641359","II","Initial",,"64070","Suspicious Occ","Suspicious Occ","Suspicious Occurrence","Open or Active","PINE ST \ SANSOME ST","24686000","Central","Financial District/South Beach","3","3","37.79210662841797","-122.40093231201172","POINT (-122.400932312 37.792106628)","2025-06-14T09:37:39.000","2025-06-15T09:53:25.000"
"149003471012","2025-06-13T17:00:00.000","2025-06-13T00:00:00.000","17:00","2025","Friday","2025-06-13T17:17:00.000","1490034","250304749",,"VS","Vehicle Supplement",,"71012","Other Offenses","Other Offenses","License Plate, Recovered","Open or Active",,,"Out of SF",,,,,,,"2025-06-14T09:37:39.000","2025-06-15T09:53:25.000"
"148993062050","2025-06-12T23:50:00.000","2025-06-12T00:00:00.000","23:50","2025","Thursday","2025-06-12T23:53:00.000","1489930","250329101","251633490","II","Initial",,"62050","Warrant","Warrant","Warrant Arrest, Enroute To Outside Jurisdiction","Cite or Arrest Adult","22ND ST \ MISSION ST","24111000","Mission","Mission","9","9","37.755435943603516","-122.41874694824219","POINT (-122.418746948 37.755435944)","2025-06-14T09:37:39.000","2025-06-15T09:53:25.000"
"148992706372","2025-06-12T13:50:00.000","2025-06-12T00:00:00.000","13:50","2025","Thursday","2025-06-12T17:56:00.000","1489927","256058017",,"II","Coplogic Initial","true","06372","Larceny Theft","Larceny Theft - Other","Theft, Other Property, $50-$200","Open or Active","BACON ST \ CAMBRIDGE ST","20942000","Bayview","Portola","9","9","37.72401809692383","-122.41741180419922","POINT (-122.417411804 37.724018097)","2025-06-14T09:37:39.000","2025-06-15T09:53:25.000"
"148989651040","2025-06-12T20:40:00.000","2025-06-12T00:00:00.000","20:40","2025","Thursday","2025-06-12T20:40:00.000","1489896","250328874","251633087","II","Initial",,"51040","Non-Criminal","Non-Criminal","Aided Case","Open or Active","08TH ST \ RINGOLD ST","24267000","Southern","South of Market","6","6","37.77455139160156","-122.4095230102539","POINT (-122.40952301 37.774551392)","2025-06-14T09:37:39.000","2025-06-15T09:53:25.000"
"148995271012","2025-06-07T05:59:00.000","2025-06-07T00:00:00.000","05:59","2025","Saturday","2025-06-13T11:16:00.000","1489952","250329593","251641176","VI","Vehicle Initial",,"71012","Other Offenses","Other Offenses","License Plate, Recovered","Open or Active","COSO AVE \ PROSPECT AVE","21298000","Ingleside","Bernal Heights","9","9","37.7457160949707","-122.417236328125","POINT (-122.417236328 37.745716095)","2025-06-14T09:37:39.000","2025-06-15T09:53:25.000"
"148994216660","2025-06-13T07:15:00.000","2025-06-13T00:00:00.000","07:15","2025","Friday","2025-06-13T07:18:00.000","1489942","250329236","251640485","II","Initial",,"16660","Drug Offense","Drug Violation","Controlled Substance Offense","Cite or Arrest Adult","06TH ST \ STEVENSON ST","24295000","Tenderloin","South of Market","6","6","37.78175354003906","-122.4096908569336","POINT (-122.409690857 37.78175354)","2025-06-14T09:37:39.000","2025-06-15T09:53:25.000"
"149004406363","2025-06-13T12:09:00.000","2025-06-13T00:00:00.000","12:09","2025","Friday","2025-06-13T12:43:00.000","1490044","250330170","251641488","II","Initial",,"06363","Larceny Theft","Larceny Theft - Shoplifting","Theft, Shoplifting, $200-$950","Cite or Arrest Adult","OFARRELL ST \ POWELL ST","24904000","Central","Tenderloin","3","3","37.78641128540039","-122.40803527832031","POINT (-122.408035278 37.786411285)","2025-06-14T09:37:39.000","2025-06-15T09:53:25.000"
"149005062050","2025-06-13T18:16:00.000","2025-06-13T00:00:00.000","18:16","2025","Friday","2025-06-13T18:55:00.000","1490050","250330562","251642684","II","Initial",,"62050","Warrant","Warrant","Warrant Arrest, Enroute To Outside Jurisdiction","Cite or Arrest Adult","GOLDEN GATE AVE \ VAN NESS AVE","24468000","Northern","Tenderloin","5","6","37.78103256225586","-122.42044067382812","POINT (-122.420440674 37.781032562)","2025-06-14T09:37:39.000","2025-06-15T09:53:25.000"
"149004074000","2025-06-13T13:45:00.000","2025-06-13T00:00:00.000","13:45","2025","Friday","2025-06-13T18:18:00.000","1490040","250330437","251642507","II","Initial",,"74000","Missing Person","Missing Adult","Missing Adult","Open or Active","COLUMBUS AVE \ GIBB ST \ ILS LN","24782000","Central","Chinatown","3","3","37.79606246948242","-122.40406799316406","POINT (-122.404067993 37.796062469)","2025-06-14T09:37:39.000","2025-06-15T09:53:25.000"
"148995716710","2025-06-13T09:59:00.000","2025-06-13T00:00:00.000","09:59","2025","Friday","2025-06-13T09:59:00.000","1489957","250329452","251640930","II","Initial",,"16710","Drug Offense","Drug Violation","Narcotics Paraphernalia, Possession of","Cite or Arrest Adult","08TH ST \ HOWARD ST","24299000","Southern","South of Market","6","6","37.776222229003906","-122.41160583496094","POINT (-122.411605835 37.776222229)","2025-06-14T09:37:39.000","2025-06-15T09:53:25.000"
"149004868030","2025-06-13T17:30:00.000","2025-06-13T00:00:00.000","17:30","2025","Friday","2025-06-13T19:18:00.000","1490048","250330528","251642653","II","Initial",,"68030","Courtesy Report","Courtesy Report","Courtesy Report","Open or Active","24TH AVE \ SANTIAGO ST","23262000","Out of SF","Sunset/Parkside","4","4","37.74468231201172","-122.4811782836914","POINT (-122.481178284 37.744682312)","2025-06-14T09:37:39.000","2025-06-15T09:53:25.000"
"149005809320","2025-06-04T23:30:00.000","2025-06-04T00:00:00.000","23:30","2025","Wednesday","2025-06-13T19:25:00.000","1490058","250330556","251642664","II","Initial",,"09320","Fraud","Fraud","Access Card, incl. Credit, Phone, ATM, Fraudulent Use of","Open or Active","17TH ST \ HARTFORD ST","25793000","Mission","Castro/Upper Market","8","8","37.762550354003906","-122.4340591430664","POINT (-122.434059143 37.762550354)","2025-06-14T09:37:39.000","2025-06-15T09:53:25.000"
"148994104136","2025-06-06T22:34:00.000","2025-06-06T00:00:00.000","22:34","2025","Friday","2025-06-13T07:16:00.000","1489941","250329258","251640445","II","Initial",,"04136","Assault","Simple Assault","Battery with Serious Injuries","Open or Active","06TH ST \ STEVENSON ST","24295000","Tenderloin","South of Market","6","6","37.78175354003906","-122.4096908569336","POINT (-122.409690857 37.78175354)","2025-06-14T09:37:39.000","2025-06-15T09:53:25.000"
"149001307041","2025-06-13T12:34:00.000","2025-06-13T00:00:00.000","12:34","2025","Friday","2025-06-13T12:44:00.000","1490013","250329991","251641491","II","Initial",,"07041","Recovered Vehicle","Recovered Vehicle","Vehicle, Recovered, Auto","Cite or Arrest Adult","TAYLOR ST \ TURK ST","24924000","Tenderloin","Tenderloin","5","6","37.7832145690918","-122.4107666015625","POINT (-122.410766602 37.783214569)","2025-06-14T09:37:39.000","2025-06-15T09:53:25.000"
"148992571000","2025-05-29T18:00:00.000","2025-05-29T00:00:00.000","18:00","2025","Thursday","2025-05-30T10:26:00.000","1489925","256057956",,"II","Coplogic Initial","true","71000","Lost Property","Lost Property","Lost Property","Open or Active","CHENERY ST \ MIZPAH ST \ SURREY ST","21983000","Ingleside","Glen Park","8","8","37.73566818237305","-122.4388198852539","POINT (-122.438819885 37.735668182)","2025-06-14T09:37:39.000","2025-06-15T09:53:25.000"
"148996028160","2025-06-13T00:00:00.000","2025-06-13T00:00:00.000","00:00","2025","Friday","2025-06-13T10:53:00.000","1489960","250329640","251641099","II","Initial",,"28160","Malicious Mischief","Vandalism","Malicious Mischief, Vandalism to Vehicle","Open or Active","LOMBARD ST \ POWELL ST","25453000","Central","North Beach","3","3","37.803035736083984","-122.41139221191406","POINT (-122.411392212 37.803035736)","2025-06-14T09:37:39.000","2025-06-15T09:53:25.000"
"149001828160","2025-06-05T17:17:00.000","2025-06-05T00:00:00.000","17:17","2025","Thursday","2025-06-05T17:28:00.000","1490018","250314889","251562467","IS","Initial Supplement",,"28160","Malicious Mischief","Vandalism","Malicious Mischief, Vandalism to Vehicle","Cite or Arrest Adult","31ST AVE \ GEARY BLVD","27844000","Richmond","Outer Richmond","1","1","37.7797966003418","-122.49116516113281","POINT (-122.491165161 37.7797966)","2025-06-14T09:37:39.000","2025-06-15T09:53:25.000"
"149003009024","2024-04-24T00:00:00.000","2024-04-24T00:00:00.000","00:00","2024","Wednesday","2025-06-13T17:00:00.000","1490030","250310291","251541768","IS","Initial Supplement",,"09024","Fraud","Fraud","Fraudulent Game or Trick, Obtaining Money or Property","Open or Active","BURNSIDE AVE \ PARADISE AVE","21977000","Ingleside","Glen Park","8","8","37.73485565185547","-122.43826293945312","POINT (-122.438262939 37.734855652)","2025-06-14T09:37:39.000","2025-06-15T09:53:25.000"
"148994068020","2025-06-12T00:00:00.000","2025-06-12T00:00:00.000","00:00","2025","Thursday","2025-06-13T09:31:00.000","1489940","250329383","251640846","II","Initial",,"68020","Miscellaneous Investigation","Miscellaneous Investigation","Miscellaneous Investigation","Open or Active","14TH ST \ FOLSOM ST","24336000","Mission","Mission","9","9","37.76853561401367","-122.41561126708984","POINT (-122.415611267 37.768535614)","2025-06-14T09:37:39.000","2025-06-15T09:53:25.000"
"148987764010","2025-06-12T16:45:00.000","2025-06-12T00:00:00.000","16:45","2025","Thursday","2025-06-12T18:48:00.000","1489877","250328642","251632580","II","Initial",,"64010","Non-Criminal","Other","Dog, Bite or Attack","Open or Active","FOERSTER ST \ MELROSE AVE","22353000","Ingleside","West of Twin Peaks","7","7","37.73381042480469","-122.4488754272461","POINT (-122.448875427 37.733810425)","2025-06-14T09:37:39.000","2025-06-15T09:53:25.000"
"148999304134","2025-06-13T13:45:00.000","2025-06-13T00:00:00.000","13:45","2025","Friday","2025-06-13T13:57:00.000","1489993","250329985","251641678","II","Initial",,"04134","Assault","Simple Assault","Battery","Open or Active","INGALLS ST \ QUESADA AVE","20135000","Bayview","Bayview Hunters Point","10","10","37.72911071777344","-122.38399505615234","POINT (-122.383995056 37.729110718)","2025-06-14T09:37:39.000","2025-06-15T09:53:25.000"
"148999506362","2025-06-13T12:54:00.000","2025-06-13T00:00:00.000","12:54","2025","Friday","2025-06-13T12:58:00.000","1489995","250329979","251641541","II","Initial",,"06362","Larceny Theft","Larceny Theft - Shoplifting","Theft, Shoplifting, $50-$200","Cite or Arrest Adult","GEARY BLVD \ PRESIDIO AVE","26834000","Richmond","Lone Mountain/USF","2","2","37.78248977661133","-122.4458236694336","POINT (-122.445823669 37.782489777)","2025-06-14T09:37:39.000","2025-06-15T09:53:25.000"
"148994406243","2025-06-12T22:00:00.000","2025-06-12T00:00:00.000","22:00","2025","Thursday","2025-06-13T09:42:00.000","1489944","250329424","251640879","II","Initial",,"06243","Larceny Theft","Larceny - From Vehicle","Theft, From Locked Vehicle, $200-$950","Open or Active","15TH ST \ MISSION ST","24171000","Mission","Mission","9","9","37.76667404174805","-122.4198226928711","POINT (-122.419822693 37.766674042)","2025-06-14T09:37:39.000","2025-06-15T09:53:25.000"
"148995909029","2023-12-05T11:38:00.000","2023-12-05T00:00:00.000","11:38","2023","Tuesday","2025-06-13T11:29:00.000","1489959","250329628","251641213","II","Initial",,"09029","Fraud","Fraud","False Personation to Receive Money or Property","Open or Active","CAPITOL AVE \ FARALLONES ST","22473000","Taraval","Oceanview/Merced/Ingleside","11","11","37.714054107666016","-122.45903778076172","POINT (-122.459037781 37.714054108)","2025-06-14T09:37:39.000","2025-06-15T09:53:25.000"
"149001316210","2025-06-13T12:34:00.000","2025-06-13T00:00:00.000","12:34","2025","Friday","2025-06-13T12:44:00.000","1490013","250329991","251641491","II","Initial",,"16210","Drug Offense","Drug Violation","Opiates Offense","Cite or Arrest Adult","TAYLOR ST \ TURK ST","24924000","Tenderloin","Tenderloin","5","6","37.7832145690918","-122.4107666015625","POINT (-122.410766602 37.783214569)","2025-06-14T09:37:39.000","2025-06-15T09:53:25.000"
"148774809024","2025-06-02T10:00:00.000","2025-06-02T00:00:00.000","10:00","2025","Monday","2025-06-03T11:48:00.000","1487748","250309896","251541391","II","Initial",,"09024","Fraud","Fraud","Fraudulent Game or Trick, Obtaining Money or Property","Open or Active","23RD AVE \ MORAGA ST","27386000","Taraval","Sunset/Parkside","4","4","37.75592041015625","-122.48088836669922","POINT (-122.480888367 37.75592041)","2025-06-14T09:37:39.000","2025-06-15T09:53:25.000"
"148992907200","2025-06-12T23:03:00.000","2025-06-12T00:00:00.000","23:03","2025","Thursday","2025-06-12T23:03:00.000","1489929","250329048","251633419","II","Initial",,"07200","Forgery And Counterfeiting","Forgery And Counterfeiting","Vehicle Registration, False Evidence of","Cite or Arrest Adult","05TH ST \ CLARA ST","23910000","Bayview","South of Market","6","6","37.779457092285156","-122.40237426757812","POINT (-122.402374268 37.779457092)","2025-06-14T09:37:39.000","2025-06-15T09:53:25.000"
"148991605151","2025-06-13T04:35:00.000","2025-06-13T00:00:00.000","04:35","2025","Friday","2025-06-13T04:35:00.000","1489916","250329173","251640295","II","Initial",,"05151","Burglary","Burglary - Other","Burglary, Non-residential, Forcible Entry","Open or Active","LEONA TER \ LYON ST","26830000","Richmond","Presidio Heights","2","2","37.783138275146484","-122.44452667236328","POINT (-122.444526672 37.783138275)","2025-06-14T09:37:39.000","2025-06-15T09:53:25.000"
"148990728166","2025-06-12T18:06:00.000","2025-06-12T00:00:00.000","18:06","2025","Thursday","2025-06-12T18:06:00.000","1489907","250328545","251632644","II","Initial",,"28166","Malicious Mischief","Vandalism","Vandalism or Graffiti Tools, Possession","Cite or Arrest Adult","HYDE ST \ MCALLISTER ST","24333000","Tenderloin","Tenderloin","5","6","37.78071975708008","-122.41531372070312","POINT (-122.415313721 37.780719757)","2025-06-14T09:37:39.000","2025-06-15T09:53:25.000"
"148992628150","2025-05-22T00:00:00.000","2025-05-22T00:00:00.000","00:00","2025","Thursday","2025-05-22T11:45:00.000","1489926","256057928",,"II","Coplogic Initial","true","28150","Malicious Mischief","Vandalism","Malicious Mischief, Vandalism to Property","Open or Active","BOSWORTH ST \ LIPPARD AVE","21964000","Ingleside","Glen Park","8","8","37.7338752746582","-122.43583679199219","POINT (-122.435836792 37.733875275)","2025-06-14T09:37:39.000","2025-06-15T09:53:25.000"
"148985307041","2025-06-12T18:15:00.000","2025-06-12T00:00:00.000","18:15","2025","Thursday","2025-06-12T18:15:00.000","1489853","250325278","251632520","VS","Vehicle Supplement",,"07041","Recovered Vehicle","Recovered Vehicle","Vehicle, Recovered, Auto","Open or Active","EDWARD ST \ WILLARD ST","27208000","Richmond","Lone Mountain/USF","1","1","37.778175354003906","-122.45704650878906","POINT (-122.457046509 37.778175354)","2025-06-14T09:37:39.000","2025-06-15T09:53:25.000"
"148983463010","2025-06-12T15:42:00.000","2025-06-12T00:00:00.000","15:42","2025","Thursday","2025-06-12T15:42:00.000","1489834","250328272","251632155","II","Initial",,"63010","Warrant","Other","Warrant Arrest, Local SF Warrant","Cite or Arrest Adult","ELLIS ST \ HYDE ST","25144000","Tenderloin","Tenderloin","5","6","37.78445053100586","-122.41606903076172","POINT (-122.416069031 37.784450531)","2025-06-14T09:37:39.000","2025-06-15T09:53:25.000"
"160105527130","2026-09-20T12:33:00.000","2026-09-20T00:00:00.000","12:33","2026","Sunday","2026-09-20T12:35:00.000","1601055","260551059","262631722","IS","Initial Supplement",,"27130","Other Miscellaneous","Other","Burglary Tools, Possession Of","Cite or Arrest Adult","24TH ST \ OSAGE ALY","24089000","Mission","Mission","9","9","37.75220489501953","-122.41901397705078","POINT (-122.419013977 37.752204895)","2026-09-22T09:46:49.000","2026-09-23T10:00:34.000"
"160116316710","2026-09-21T07:01:00.000","2026-09-21T00:00:00.000","07:01","2026","Monday","2026-09-21T07:01:00.000","1601163","260552433","262640624","II","Initial",,"16710","Drug Offense","Drug Violation","Narcotics Paraphernalia, Possession of","Cite or Arrest Adult","CAMPTON PL \ STOCKTON ST","24907000","Central","Financial District/South Beach","3","3","37.78898620605469","-122.40686798095703","POINT (-122.406867981 37.788986206)","2026-09-22T09:46:49.000","2026-09-23T10:00:34.000"
"160120416704","2026-09-21T19:56:00.000","2026-09-21T00:00:00.000","19:56","2026","Monday","2026-09-21T19:56:00.000","1601204","260554304","262643223","II","Initial",,"16704","Drug Offense","Drug Violation","Loitering Where Narcotics are Sold/Used","Cite or Arrest Adult","16TH ST \ WIESE ST","24180000","Mission","Mission","9","9","37.7650032043457","-122.42047882080078","POINT (-122.420478821 37.765003204)","2026-09-22T09:46:49.000","2026-09-23T10:00:34.000"
"160116464085","2026-09-21T14:25:00.000","2026-09-21T00:00:00.000","14:25","2026","Monday","2026-09-21T14:25:00.000","1601164","260390067","262642128","IS","Initial Supplement",,"64085","Other Miscellaneous","Other","Investigative Detention","Open or Active","07TH ST \ CHARLES J BRENHAM PL \ MARKET ST","30742000","Tenderloin","South of Market","6","6","37.780479431152344","-122.41251373291016","POINT (-122.412513733 37.780479431)","2026-09-22T09:46:49.000","2026-09-23T10:00:34.000"
"160105016740","2026-09-20T18:00:00.000","2026-09-20T00:00:00.000","18:00","2026","Sunday","2026-09-21T10:00:00.000","1601050","260546533","262611643","IS","Initial Supplement",,"16740","Drug Offense","Drug Violation","Controlled Substance, Under the Influence of","Cite or Arrest Adult","17TH ST \ CAROLINA ST","23750000","Southern","Potrero Hill","10","10","37.764896392822266","-122.400634765625","POINT (-122.400634766 37.764896393)","2026-09-22T09:46:49.000","2026-09-23T10:00:34.000"
"160127406372","2026-09-17T11:16:00.000","2026-09-17T00:00:00.000","11:16","2026","Thursday","2026-09-17T15:10:00.000","1601274","266108442",,"II","Coplogic Initial","true","06372","Larceny Theft","Larceny Theft - Other","Theft, Other Property, $50-$200","Open or Active","HAGIWARA TEA GARDEN DR \ MUSIC CONCOURSE DR","27256000","Richmond","Golden Gate Park","7","1","37.771663665771484","-122.46721649169922","POINT (-122.467216492 37.771663666)","2026-09-22T09:46:49.000","2026-09-23T10:00:34.000"
"160119407021","2026-09-18T19:00:00.000","2026-09-18T00:00:00.000","19:00","2026","Friday","2026-09-21T18:05:00.000","1601194","260554194","262642911","VI","Vehicle Initial",,"07021","Motor Vehicle Theft","Motor Vehicle Theft","Vehicle, Stolen, Auto","Open or Active","MACEDONIA ST \ MONTCALM ST","21116000","Ingleside","Bernal Heights","9","9","37.74626159667969","-122.40731048583984","POINT (-122.407310486 37.746261597)","2026-09-22T09:46:49.000","2026-09-23T10:00:34.000"
"160122116710","2026-09-21T20:25:00.000","2026-09-21T00:00:00.000","20:25","2026","Monday","2026-09-21T20:25:00.000","1601221","260554360","262643300","II","Initial",,"16710","Drug Offense","Drug Violation","Narcotics Paraphernalia, Possession of","Cite or Arrest Adult","JESSIE ST \ MINT PLZ \ MINT ST","24866000","Tenderloin","South of Market","6","6","37.78261184692383","-122.40769958496094","POINT (-122.407699585 37.782611847)","2026-09-22T09:46:49.000","2026-09-23T10:00:34.000"
"160112719022","2026-09-21T05:29:00.000","2026-09-21T00:00:00.000","05:29","2026","Monday","2026-09-21T08:32:00.000","1601127","260553497","262640867","II","Initial",,"19022","Disorderly Conduct","Disorderly Conduct","Disturbing The Peace","Open or Active","MASON ST \ SUTTER ST","24920000","Central","Nob Hill","3","3","37.78901672363281","-122.41024017333984","POINT (-122.410240173 37.789016724)","2026-09-22T09:46:49.000","2026-09-23T10:00:34.000"
"160120105071","2026-09-03T00:00:00.000","2026-09-03T00:00:00.000","00:00","2026","Thursday","2026-09-21T19:43:00.000","1601201","260554285","262642916","II","Initial",,"05071","Burglary","Burglary - Other","Burglary, Other Bldg., Forcible Entry","Open or Active","HOLLADAY AVE \ PERALTA AVE","20833000","Bayview","Bernal Heights","9","9","37.74822235107422","-122.40493774414062","POINT (-122.404937744 37.748222351)","2026-09-22T09:46:49.000","2026-09-23T10:00:34.000"
"160114609024","2026-09-18T10:00:00.000","2026-09-18T00:00:00.000","10:00","2026","Friday","2026-09-21T14:50:00.000","1601146","260553685","262642243","II","Initial",,"09024","Fraud","Fraud","Fraudulent Game or Trick, Obtaining Money or Property","Open or Active","23RD AVE \ ANZA ST","27535000","Richmond","Outer Richmond","1","1","37.778263092041016","-122.48245239257812","POINT (-122.482452393 37.778263092)","2026-09-22T09:46:49.000","2026-09-23T10:00:34.000"
"160114507026","2026-09-21T09:00:00.000","2026-09-21T00:00:00.000","09:00","2026","Monday","2026-09-21T14:55:00.000","1601145","260553679","262642237","VI","Vehicle Initial",,"07026","Motor Vehicle Theft","Motor Vehicle Theft","Vehicle, Stolen, Other Vehicle","Open or Active","05TH ST \ CLARA ST","23910000","Southern","South of Market","6","6","37.779457092285156","-122.40237426757812","POINT (-122.402374268 37.779457092)","2026-09-22T09:46:49.000","2026-09-23T10:00:34.000"
"160119771000","2026-09-21T09:00:00.000","2026-09-21T00:00:00.000","09:00","2026","Monday","2026-09-21T19:22:00.000","1601197","260554241","262643144","II","Initial",,"71000","Lost Property","Lost Property","Lost Property","Open or Active","JONES ST \ NORTH POINT ST","25593000","Central","North Beach","3","3","37.8061408996582","-122.41707611083984","POINT (-122.417076111 37.8061409)","2026-09-22T09:46:49.000","2026-09-23T10:00:34.000"
"160128606374","2025-03-10T00:00:00.000","2025-03-10T00:00:00.000","00:00","2025","Monday","2026-09-19T11:19:00.000","1601286","266107955",,"IS","Coplogic Supplement","true","06374","Larceny Theft","Larceny Theft - Other","Theft, Other Property, >$950","Open or Active","19TH ST \ DANVERS ST","26156000","Mission","Castro/Upper Market","8","8","37.75889205932617","-122.4429931640625","POINT (-122.442993164 37.758892059)","2026-09-22T09:46:49.000","2026-09-23T10:00:34.000"
"160121862050","2026-09-21T20:33:00.000","2026-09-21T00:00:00.000","20:33","2026","Monday","2026-09-21T20:43:00.000","1601218","260554382","262643313","II","Initial",,"62050","Warrant","Warrant","Warrant Arrest, Enroute To Outside Jurisdiction","Cite or Arrest Adult","GRANT AVE \ GREEN ST","25326000","Central","North Beach","3","3","37.799705505371094","-122.40739440917969","POINT (-122.407394409 37.799705505)","2026-09-22T09:46:49.000","2026-09-23T10:00:34.000"
"160126406374","2026-09-15T09:47:00.000","2026-09-15T00:00:00.000","09:47","2026","Tuesday","2026-09-15T11:15:00.000","1601264","266108351",,"II","Coplogic Initial","true","06374","Larceny Theft","Larceny Theft - Other","Theft, Other Property, >$950","Open or Active","GEARY BLVD \ PRESIDIO AVE","26834000","Richmond","Lone Mountain/USF","2","2","37.78248977661133","-122.4458236694336","POINT (-122.445823669 37.782489777)","2026-09-22T09:46:49.000","2026-09-23T10:00:34.000"
"160110007041","2026-09-21T12:20:00.000","2026-09-21T00:00:00.000","12:20","2026","Monday","2026-09-21T12:20:00.000","1601100","260548943","262641412","VS","Vehicle Supplement",,"07041","Recovered Vehicle","Recovered Vehicle","Vehicle, Recovered, Auto","Open or Active","07TH ST \ BRYANT ST","23875000","Southern","South of Market","6","6","37.7742805480957","-122.40474700927734","POINT (-122.404747009 37.774280548)","2026-09-22T09:46:49.000","2026-09-23T10:00:34.000"
"160068816710","2026-09-19T10:52:00.000","2026-09-19T00:00:00.000","10:52","2026","Saturday","2026-09-19T10:52:00.000","1600688","260548846","262621255","II","Initial",,"16710","Drug Offense","Drug Violation","Narcotics Paraphernalia, Possession of","Cite or Arrest Adult",,,"Southern",,,,,,,"2026-09-22T09:46:49.000","2026-09-23T10:00:34.000"
"160126527090","2026-09-12T16:00:00.000","2026-09-12T00:00:00.000","16:00","2026","Saturday","2026-09-15T12:56:00.000","1601265","266108367",,"II","Coplogic Initial","true","27090","Larceny Theft","Larceny Theft - Other","Theft, Lost Property, Petty","Open or Active","09TH AVE \ CABRILLO ST","27280000","Richmond","Inner Richmond","1","1","37.77522277832031","-122.46708679199219","POINT (-122.467086792 37.775222778)","2026-09-22T09:46:49.000","2026-09-23T10:00:34.000"
"160109606304","2026-07-25T00:00:00.000","2026-07-25T00:00:00.000","00:00","2026","Saturday","2026-09-21T12:26:00.000","1601096","260553237","262641706","II","Initial",,"06304","Larceny Theft","Larceny Theft - From Building","Theft, From Building, >$950","Open or Active","BONIFACIO ST \ LAPU-LAPU ST","24581000","Southern","South of Market","6","6","37.782596588134766","-122.39935302734375","POINT (-122.399353027 37.782596588)","2026-09-22T09:46:49.000","2026-09-23T10:00:34.000"
"160126727090","2026-09-19T17:30:00.000","2026-09-19T00:00:00.000","17:30","2026","Saturday","2026-09-19T19:38:00.000","1601267","266108696",,"II","Coplogic Initial","true","27090","Larceny Theft","Larceny Theft - Other","Theft, Lost Property, Petty","Open or Active","22ND ST \ SHOTWELL ST","24078000","Mission","Mission","9","9","37.75563430786133","-122.41547393798828","POINT (-122.415473938 37.755634308)","2026-09-22T09:46:49.000","2026-09-23T10:00:34.000"
"160112605073","2026-09-14T09:40:00.000","2026-09-14T00:00:00.000","09:40","2026","Monday","2026-09-21T13:50:00.000","1601126","260553566","262642019","II","Initial",,"05073","Burglary","Burglary - Other","Burglary, Other Bldg., Unlawful Entry","Open or Active","CALIFORNIA ST \ PRESIDIO AVE","26846000","Richmond","Presidio Heights","2","2","37.787261962890625","-122.44679260253906","POINT (-122.446792603 37.787261963)","2026-09-22T09:46:49.000","2026-09-23T10:00:34.000"
"160128006372","2026-09-20T14:00:00.000","2026-09-20T00:00:00.000","14:00","2026","Sunday","2026-09-20T18:08:00.000","1601280","266108674",,"II","Coplogic Initial","true","06372","Larceny Theft","Larceny Theft - Other","Theft, Other Property, $50-$200","Open or Active","16TH ST \ FLORIDA ST","24049000","Mission","Mission","9","9","37.76554870605469","-122.41145324707031","POINT (-122.411453247 37.765548706)","2026-09-22T09:46:49.000","2026-09-23T10:00:34.000"
"160100316710","2026-09-21T02:12:00.000","2026-09-21T00:00:00.000","02:12","2026","Monday","2026-09-21T02:12:00.000","1601003","260552320","262640186","II","Initial",,"16710","Drug Offense","Drug Violation","Narcotics Paraphernalia, Possession of","Cite or Arrest Adult","JUNIPERO SERRA BLVD \ MERCEDES WAY \ WINSTON DR","33411000","Taraval","West of Twin Peaks","7","7","37.72682571411133","-122.47205352783203","POINT (-122.472053528 37.726825714)","2026-09-22T09:46:49.000","2026-09-23T10:00:34.000"
"160120705083","2026-09-15T11:00:00.000","2026-09-15T00:00:00.000","11:00","2026","Tuesday","2026-09-21T20:12:00.000","1601207","260554326","262643086","II","Initial",,"05083","Burglary","Burglary - Hot Prowl","Burglary, Hot Prowl, Unlawful Entry","Open or Active","CARL ST \ CLAYTON ST","26402000","Park","Haight Ashbury","8","5","37.76607131958008","-122.44782257080078","POINT (-122.447822571 37.76607132)","2026-09-22T09:46:49.000","2026-09-23T10:00:34.000"
"157971807041","2026-06-26T23:00:00.000","2026-06-26T00:00:00.000","23:00","2026","Friday","2026-06-26T23:00:00.000","1579718","260359568",,"VS","Vehicle Supplement",,"07041","Recovered Vehicle","Recovered Vehicle","Vehicle, Recovered, Auto","Unfounded",,,"Out of SF",,,,,,,"2026-07-01T09:34:06.000","2026-07-02T09:57:02.000"
"160128405073","2026-09-08T02:12:00.000","2026-09-08T00:00:00.000","02:12","2026","Tuesday","2026-09-15T09:54:00.000","1601284","260521206",,"IS","Coplogic Supplement","true","05073","Burglary","Burglary - Other","Burglary, Other Bldg., Unlawful Entry","Open or Active","JACKSON ST \ LYON ST","26885000","Richmond","Pacific Heights","2","2","37.79100036621094","-122.44611358642578","POINT (-122.446113586 37.791000366)","2026-09-22T09:46:49.000","2026-09-23T10:00:34.000"
"160112906374","2026-09-21T12:50:00.000","2026-09-21T00:00:00.000","12:50","2026","Monday","2026-09-21T12:56:00.000","1601129","260553453","262641843","II","Initial",,"06374","Larceny Theft","Larceny Theft - Other","Theft, Other Property, >$950","Open or Active","LLOYD ST \ SCOTT ST","26023000","Park","Haight Ashbury","8","8","37.7698974609375","-122.43505096435547","POINT (-122.435050964 37.769897461)","2026-09-22T09:46:49.000","2026-09-23T10:00:34.000"
"160113251041","2026-09-21T10:00:00.000","2026-09-21T00:00:00.000","10:00","2026","Monday","2026-09-21T10:00:00.000","1601132","260553174","262641607","II","Initial",,"51041","Non-Criminal","Non-Criminal","Aided Case -Property for Destruction","Open or Active","24TH ST \ UTAH ST","23724000","Mission","Mission","10","10","37.7530632019043","-122.40533447265625","POINT (-122.405334473 37.753063202)","2026-09-22T09:46:49.000","2026-09-23T10:00:34.000"
"160112007026","2026-09-21T09:00:00.000","2026-09-21T00:00:00.000","09:00","2026","Monday","2026-09-21T12:55:00.000","1601120","260553362","262641830","VI","Vehicle Initial",,"07026","Motor Vehicle Theft","Motor Vehicle Theft","Vehicle, Stolen, Other Vehicle","Open or Active",,,"Southern",,,,,,,"2026-09-22T09:46:49.000","2026-09-23T10:00:34.000"
"160118374000","2026-08-31T00:00:00.000","2026-08-31T00:00:00.000","00:00","2026","Monday","2026-09-21T16:47:00.000","1601183","260553920","262642003","II","Initial",,"74000","Missing Person","Missing Adult","Missing Adult","Open or Active","GEARY ST \ GRANT AVE","24655000","Central","Financial District/South Beach","3","3","37.78776550292969","-122.40504455566406","POINT (-122.405044556 37.787765503)","2026-09-22T09:46:49.000","2026-09-23T10:00:34.000"
"160109707100","2026-09-21T09:42:00.000","2026-09-21T00:00:00.000","09:42","2026","Monday","2026-09-21T10:00:00.000","1601097","260552790","262641120","II","Initial",,"07100","Vandalism","Vandalism","Vehicle, Tampering","Cite or Arrest Adult","24TH ST \ UTAH ST","23724000","Mission","Mission","10","10","37.7530632019043","-122.40533447265625","POINT (-122.405334473 37.753063202)","2026-09-22T09:46:49.000","2026-09-23T10:00:34.000"
"160118816650","2026-09-21T14:50:00.000","2026-09-21T00:00:00.000","14:50","2026","Monday","2026-09-21T14:50:00.000","1601188","260553732","262642223","II","Initial",,"16650","Drug Offense","Drug Violation","Methamphetamine Offense","Cite or Arrest Adult","BECKETT ST \ PACIFIC AVE","24793000","Central","Chinatown","3","3","37.79694366455078","-122.40652465820312","POINT (-122.406524658 37.796943665)","2026-09-22T09:46:49.000","2026-09-23T10:00:34.000"
"160117663010","2026-09-21T17:50:00.000","2026-09-21T00:00:00.000","17:50","2026","Monday","2026-09-21T17:50:00.000","1601176","260476918",,"IS","Initial Supplement",,"63010","Warrant","Other","Warrant Arrest, Local SF Warrant","Cite or Arrest Adult","LEAVENWORTH ST \ UNITED NATIONS PLZ","30044000","Tenderloin","Tenderloin","5","6","37.779991149902344","-122.41349029541016","POINT (-122.413490295 37.77999115)","2026-09-22T09:46:49.000","2026-09-23T10:00:34.000"
"160128128150","2026-09-12T23:00:00.000","2026-09-12T00:00:00.000","23:00","2026","Saturday","2026-09-14T06:57:00.000","1601281","266108301",,"II","Coplogic Initial","true","28150","Malicious Mischief","Vandalism","Malicious Mischief, Vandalism to Property","Open or Active","03RD AVE \ FULTON ST","27233000","Richmond","Inner Richmond","1","1","37.77403259277344","-122.46055603027344","POINT (-122.46055603 37.774032593)","2026-09-22T09:46:49.000","2026-09-23T10:00:34.000"
"160107107046","2026-09-21T09:09:00.000","2026-09-21T00:00:00.000","09:09","2026","Monday","2026-09-21T09:10:00.000","1601071","260549311",,"VS","Vehicle Supplement",,"07046","Recovered Vehicle","Recovered Vehicle","Vehicle, Recovered, Other Vehicle","Open or Active",,,"Out of SF",,,,,,,"2026-09-22T09:46:49.000","2026-09-23T10:00:34.000"
"160118906152","2026-09-21T18:30:00.000","2026-09-21T00:00:00.000","18:30","2026","Monday","2026-09-21T18:57:00.000","1601189","260554166","262643070","II","Initial",,"06152","Larceny Theft","Larceny Theft - Other","Theft, From Person, $50-$200 (other than Pickpocket)","Open or Active","APOLLO ST \ WILLIAMS AVE","20612000","Bayview","Bayview Hunters Point","10","10","37.73016357421875","-122.39897155761719","POINT (-122.398971558 37.730163574)","2026-09-22T09:46:49.000","2026-09-23T10:00:34.000"
"160107906302","2026-09-18T17:30:00.000","2026-09-18T00:00:00.000","17:30","2026","Friday","2026-09-21T11:30:00.000","1601079","260553077","262641514","II","Initial",,"06302","Larceny Theft","Larceny Theft - From Building","Theft, From Building, $50-$200","Open or Active","34TH AVE \ ULLOA ST","23355000","Taraval","Sunset/Parkside","4","4","37.740474700927734","-122.49163818359375","POINT (-122.491638184 37.740474701)","2026-09-22T09:46:49.000","2026-09-23T10:00:34.000"
"160100162050","2026-09-21T02:14:00.000","2026-09-21T00:00:00.000","02:14","2026","Monday","2026-09-21T02:14:00.000","1601001","260552289","262640189","II","Initial",,"62050","Warrant","Warrant","Warrant Arrest, Enroute To Outside Jurisdiction","Cite or Arrest Adult","05TH ST \ MINT PLZ","24885000","Tenderloin","South of Market","6","6","37.78329086303711","-122.40718841552734","POINT (-122.407188416 37.783290863)","2026-09-22T09:46:49.000","2026-09-23T10:00:34.000"
"160102416740","2026-09-21T07:50:00.000","2026-09-21T00:00:00.000","07:50","2026","Monday","2026-09-21T07:50:00.000","1601024","260548846","262621255","IS","Initial Supplement",,"16740","Drug Offense","Drug Violation","Controlled Substance, Under the Influence of","Cite or Arrest Adult","17TH ST \ CAROLINA ST","23750000","Southern","Potrero Hill","10","10","37.764896392822266","-122.400634765625","POINT (-122.400634766 37.764896393)","2026-09-22T09:46:49.000","2026-09-23T10:00:34.000"
"160115204013","2026-09-21T14:37:00.000","2026-09-21T00:00:00.000","14:37","2026","Monday","2026-09-21T14:37:00.000","1601152","260539431","262642173","IS","Initial Supplement",,"04013","Assault","Aggravated Assault","Assault, Aggravated, W/ Other Weapon","Cite or Arrest Adult","BRYANT ST \ LANGTON ST","23876000","Southern","South of Market","6","6","37.77385711669922","-122.40528869628906","POINT (-122.405288696 37.773857117)","2026-09-22T09:46:49.000","2026-09-23T10:00:34.000"
"160104272000","2026-09-21T00:00:00.000","2026-09-21T00:00:00.000","00:00","2026","Monday","2026-09-21T09:12:00.000","1601042","260552637","262641002","II","Initial",,"72000","Non-Criminal","Non-Criminal","Found  Property","Open or Active","06TH AVE \ ANZA ST","27275000","Richmond","Inner Richmond","1","1","37.779090881347656","-122.46414184570312","POINT (-122.464141846 37.779090881)","2026-09-22T09:46:49.000","2026-09-23T10:00:34.000"
"160102119057","2026-09-20T22:02:00.000","2026-09-20T00:00:00.000","22:02","2026","Sunday","2026-09-21T05:43:00.000","1601021","260552411","262640481","II","Initial",,"19057","Disorderly Conduct","Intimidation","Terrorist Threats","Open or Active","EDDY ST \ TAYLOR ST","24925000","Tenderloin","Tenderloin","5","6","37.784141540527344","-122.41094970703125","POINT (-122.410949707 37.784141541)","2026-09-22T09:46:49.000","2026-09-23T10:00:34.000"
"160068916621","2026-09-19T12:28:00.000","2026-09-19T00:00:00.000","12:28","2026","Saturday","2026-09-19T12:28:00.000","1600689","260549076","262621630","II","Initial",,"16621","Drug Offense","Drug Violation","Cocaine, Base/rock Offense","Cite or Arrest Adult","LARKIN ST \ OFARRELL ST","25152000","Tenderloin","Tenderloin","5","6","37.7851676940918","-122.41790008544922","POINT (-122.417900085 37.785167694)","2026-09-22T09:46:49.000","2026-09-23T10:00:34.000"
"160118628150","2026-09-20T19:40:00.000","2026-09-20T00:00:00.000","19:40","2026","Sunday","2026-09-21T13:27:00.000","1601186","260553914","262641943","II","Initial",,"28150","Malicious Mischief","Vandalism","Malicious Mischief, Vandalism to Property","Open or Active","SACRAMENTO ST \ VAN NESS AVE","26536000","Northern","Nob Hill","3","3","37.791290283203125","-122.42251586914062","POINT (-122.422515869 37.791290283)","2026-09-22T09:46:49.000","2026-09-23T10:00:34.000"
"149023171012","2025-06-11T00:00:00.000","2025-06-11T00:00:00.000","00:00","2025","Wednesday","2025-06-14T21:50:00.000","1490231","250163874","250821124","VS","Vehicle Supplement",,"71012","Other Offenses","Other Offenses","License Plate, Recovered","Open or Active","ITALY AVE \ PARIS ST","21731000","Ingleside","Excelsior","11","11","37.71772384643555","-122.43794250488281","POINT (-122.437942505 37.717723846)","2025-06-15T09:36:51.000","2025-06-16T09:54:02.000"
"160120416710","2026-09-21T19:56:00.000","2026-09-21T00:00:00.000","19:56","2026","Monday","2026-09-21T19:56:00.000","1601204","260554304","262643223","II","Initial",,"16710","Drug Offense","Drug Violation","Narcotics Paraphernalia, Possession of","Cite or Arrest Adult","16TH ST \ WIESE ST","24180000","Mission","Mission","9","9","37.7650032043457","-122.42047882080078","POINT (-122.420478821 37.765003204)","2026-09-22T09:46:49.000","2026-09-23T10:00:34.000"
"160109727170","2026-09-21T09:42:00.000","2026-09-21T00:00:00.000","09:42","2026","Monday","2026-09-21T10:00:00.000","1601097","260552790","262641120","II","Initial",,"27170","Other Miscellaneous","Other","Resisting, Delaying, or Obstructing  Peace Officer Duties","Cite or Arrest Adult","24TH ST \ UTAH ST","23724000","Mission","Mission","10","10","37.7530632019043","-122.40533447265625","POINT (-122.405334473 37.753063202)","2026-09-22T09:46:49.000","2026-09-23T10:00:34.000"
"160121572000","2026-09-05T07:00:00.000","2026-09-05T00:00:00.000","07:00","2026","Saturday","2026-09-21T15:48:00.000","1601215","260553760","262642420","II","Initial",,"72000","Non-Criminal","Non-Criminal","Found  Property","Open or Active","15TH ST \ VALENCIA ST","24377000","Mission","Mission","9","9","37.76654052734375","-122.42204284667969","POINT (-122.422042847 37.766540527)","2026-09-22T09:46:49.000","2026-09-23T10:00:34.000"
"160125406372","2026-09-19T23:00:00.000","2026-09-19T00:00:00.000","23:00","2026","Saturday","2026-09-20T20:46:00.000","1601254","266108492",,"II","Coplogic Initial","true","06372","Larceny Theft","Larceny Theft - Other","Theft, Other Property, $50-$200","Open or Active","FILLMORE ST \ MOULTON ST","26750000","Northern","Marina","2","2","37.79941940307617","-122.43595886230469","POINT (-122.435958862 37.799419403)","2026-09-22T09:46:49.000","2026-09-23T10:00:34.000"
"160115963010","2026-09-16T19:32:00.000","2026-09-16T00:00:00.000","19:32","2026","Wednesday","2026-09-16T19:32:00.000","1601159","260459425",,"IS","Initial Supplement",,"63010","Warrant","Other","Warrant Arrest, Local SF Warrant","Cite or Arrest Adult","LEAVENWORTH ST \ UNITED NATIONS PLZ","30044000","Tenderloin","Tenderloin","5","6","37.779991149902344","-122.41349029541016","POINT (-122.413490295 37.77999115)","2026-09-22T09:46:49.000","2026-09-23T10:00:34.000"
"160107062060","2026-09-21T08:08:00.000","2026-09-21T00:00:00.000","08:08","2026","Monday","2026-09-21T08:08:00.000","1601070","260552574","262640792","II","Initial",,"62060","Warrant","Warrant","Warrant Arrest, Enroute To Adult Authority","Cite or Arrest Adult","14TH ST \ FOLSOM ST","24336000","Southern","Mission","9","9","37.76853561401367","-122.41561126708984","POINT (-122.415611267 37.768535614)","2026-09-22T09:46:49.000","2026-09-23T10:00:34.000"
"160119906363","2026-09-21T18:50:00.000","2026-09-21T00:00:00.000","18:50","2026","Monday","2026-09-21T19:18:00.000","1601199","260554263","262643127","II","Initial",,"06363","Larceny Theft","Larceny Theft - Shoplifting","Theft, Shoplifting, $200-$950","Cite or Arrest Adult","OFARRELL ST \ POWELL ST","24904000","Central","Tenderloin","3","3","37.78641128540039","-122.40803527832031","POINT (-122.408035278 37.786411285)","2026-09-22T09:46:49.000","2026-09-23T10:00:34.000"
"160122764085","2026-09-21T23:00:00.000","2026-09-21T00:00:00.000","23:00","2026","Monday","2026-09-21T23:09:00.000","1601227","260554489","262643608","II","Initial",,"64085","Other Miscellaneous","Other","Investigative Detention","Open or Active","GENEVA AVE \ MISSION ST","21486000","Ingleside","Excelsior","11","11","37.716461181640625","-122.4410171508789","POINT (-122.441017151 37.716461182)","2026-09-22T09:46:49.000","2026-09-23T10:00:34.000"
"160102716740","2026-09-21T08:20:00.000","2026-09-21T00:00:00.000","08:20","2026","Monday","2026-09-21T08:20:00.000","1601027","260549004","262621514","IS","Initial Supplement",,"16740","Drug Offense","Drug Violation","Controlled Substance, Under the Influence of","Cite or Arrest Adult","17TH ST \ CAROLINA ST","23750000","Southern","Potrero Hill","10","10","37.764896392822266","-122.400634765625","POINT (-122.400634766 37.764896393)","2026-09-22T09:46:49.000","2026-09-23T10:00:34.000"
"160114409029","2026-08-26T11:47:00.000","2026-08-26T00:00:00.000","11:47","2026","Wednesday","2026-09-21T14:47:00.000","1601144","260553663","262642208","II","Initial",,"09029","Fraud","Fraud","False Personation to Receive Money or Property","Open or Active","12TH AVE \ ROCKRIDGE DR","32884000","Taraval","Inner Sunset","7","7","37.74918746948242","-122.46857452392578","POINT (-122.468574524 37.749187469)","2026-09-22T09:46:49.000","2026-09-23T10:00:34.000"
"160106116650","2026-09-19T12:40:00.000","2026-09-19T00:00:00.000","12:40","2026","Saturday","2026-09-19T12:40:00.000","1601061","260549117","262621673","II","Initial",,"16650","Drug Offense","Drug Violation","Methamphetamine Offense","Cite or Arrest Adult","OLIVE ST \ VAN NESS AVE","25193000","Northern","Tenderloin","5","5","37.7843017578125","-122.4210205078125","POINT (-122.421020508 37.784301758)","2026-09-22T09:46:49.000","2026-09-23T10:00:34.000"
"160112568020","2026-08-31T19:11:00.000","2026-08-31T00:00:00.000","19:11","2026","Monday","2026-09-16T17:52:00.000","1601125","260542694","262593010","II","Initial",,"68020","Miscellaneous Investigation","Miscellaneous Investigation","Miscellaneous Investigation","Open or Active","BUSH ST \ MASON ST","24949000","Central","Nob Hill","3","3","37.78995132446289","-122.41043090820312","POINT (-122.410430908 37.789951324)","2026-09-22T09:46:49.000","2026-09-23T10:00:34.000"
"160116672000","2026-09-21T16:30:00.000","2026-09-21T00:00:00.000","16:30","2026","Monday","2026-09-21T16:30:00.000","1601166","260553964","262642719","II","Initial",,"72000","Non-Criminal","Non-Criminal","Found  Property","Open or Active","TURK MURPHY LN \ VALLEJO ST","25354000","Central","Chinatown","3","3","37.79844284057617","-122.40988159179688","POINT (-122.409881592 37.798442841)","2026-09-22T09:46:49.000","2026-09-23T10:00:34.000"
"160121419090","2026-09-21T20:29:00.000","2026-09-21T00:00:00.000","20:29","2026","Monday","2026-09-21T20:33:00.000","1601214","260554354","262643305","II","Initial",,"19090","Disorderly Conduct","Drunkenness","Alcohol, Under Influence Of In Public Place","Open or Active","MISSION ST \ ROLPH ST","21485000","Ingleside","Outer Mission","11","11","37.71575164794922","-122.4415512084961","POINT (-122.441551208 37.715751648)","2026-09-22T09:46:49.000","2026-09-23T10:00:34.000"
"160049116710","2026-09-18T11:06:00.000","2026-09-18T00:00:00.000","11:06","2026","Friday","2026-09-18T11:06:00.000","1600491","260546345","262611459","II","Initial",,"16710","Drug Offense","Drug Violation","Narcotics Paraphernalia, Possession of","Cite or Arrest Adult","JONES ST \ TURK ST","24923000","Tenderloin","Tenderloin","5","6","37.78300476074219","-122.41241455078125","POINT (-122.412414551 37.783004761)","2026-09-22T09:46:49.000","2026-09-23T10:00:34.000"
"160100211012","2026-09-21T01:10:00.000","2026-09-21T00:00:00.000","01:10","2026","Monday","2026-09-21T01:10:00.000","1601002","260552223","262640109","II","Initial",,"11012","Stolen Property","Stolen Property","Stolen Property, Possession with Knowledge, Receiving","Cite or Arrest Adult","GOLDEN GATE AVE \ LEAVENWORTH ST","24334000","Tenderloin","Tenderloin","5","6","37.781864166259766","-122.41386413574219","POINT (-122.413864136 37.781864166)","2026-09-22T09:46:49.000","2026-09-23T10:00:34.000"
"160111405152","2026-09-21T12:05:00.000","2026-09-21T00:00:00.000","12:05","2026","Monday","2026-09-21T12:14:00.000","1601114","260553259","262641672","II","Initial",,"05152","Burglary","Burglary - Other","Burglary, Non-residential, Att. Forcible","Open or Active","GARDENSIDE DR \ VISTA LN","32973000","Park","Twin Peaks","8","8","37.7525749206543","-122.4454574584961","POINT (-122.445457458 37.752574921)","2026-09-22T09:46:49.000","2026-09-23T10:00:34.000"
"160049116740","2026-09-18T11:06:00.000","2026-09-18T00:00:00.000","11:06","2026","Friday","2026-09-18T11:06:00.000","1600491","260546345","262611459","II","Initial",,"16740","Drug Offense","Drug Violation","Controlled Substance, Under the Influence of","Cite or Arrest Adult","JONES ST \ TURK ST","24923000","Tenderloin","Tenderloin","5","6","37.78300476074219","-122.41241455078125","POINT (-122.412414551 37.783004761)","2026-09-22T09:46:49.000","2026-09-23T10:00:34.000"
"160100228150","2026-09-21T01:10:00.000","2026-09-21T00:00:00.000","01:10","2026","Monday","2026-09-21T01:10:00.000","1601002","260552223","262640109","II","Initial",,"28150","Malicious Mischief","Vandalism","Malicious Mischief, Vandalism to Property","Cite or Arrest Adult","GOLDEN GATE AVE \ LEAVENWORTH ST","24334000","Tenderloin","Tenderloin","5","6","37.781864166259766","-122.41386413574219","POINT (-122.413864136 37.781864166)","2026-09-22T09:46:49.000","2026-09-23T10:00:34.000"
"152323175030","2025-11-03T10:00:00.000","2025-11-03T00:00:00.000","10:00","2025","Monday","2025-11-03T10:00:00.000","1523231","250117207",,"IS","Initial Supplement",,"75030","Case Closure","Case Closure","Case Closure","Cite or Arrest Adult",,,"Out of SF",,,,,,,"2025-11-04T09:37:41.000","2025-11-05T09:59:28.000"
"160114263010","2026-09-21T12:47:00.000","2026-09-21T00:00:00.000","12:47","2026","Monday","2026-09-21T12:47:00.000","1601142","260553356","262641805","II","Initial",,"63010","Warrant","Other","Warrant Arrest, Local SF Warrant","Cite or Arrest Adult","CALEDONIA ST \ SPARROW ST","24374000","Mission","Mission","9","9","37.765750885009766","-122.42145538330078","POINT (-122.421455383 37.765750885)","2026-09-22T09:46:49.000","2026-09-23T10:00:34.000"
"160068916740","2026-09-19T12:28:00.000","2026-09-19T00:00:00.000","12:28","2026","Saturday","2026-09-19T12:28:00.000","1600689","260549076","262621630","II","Initial",,"16740","Drug Offense","Drug Violation","Controlled Substance, Under the Influence of","Cite or Arrest Adult","LARKIN ST \ OFARRELL ST","25152000","Tenderloin","Tenderloin","5","6","37.7851676940918","-122.41790008544922","POINT (-122.417900085 37.785167694)","2026-09-22T09:46:49.000","2026-09-23T10:00:34.000"
"160111572000","2026-09-21T00:00:00.000","2026-09-21T00:00:00.000","00:00","2026","Monday","2026-09-21T13:21:00.000","1601115","260553431","262641921","II","Initial",,"72000","Non-Criminal","Non-Criminal","Found  Property","Open or Active","06TH AVE \ ANZA ST","27275000","Richmond","Inner Richmond","1","1","37.779090881347656","-122.46414184570312","POINT (-122.464141846 37.779090881)","2026-09-22T09:46:49.000","2026-09-23T10:00:34.000"
"160100904082","2026-09-21T04:30:00.000","2026-09-21T00:00:00.000","04:30","2026","Monday","2026-09-21T04:52:00.000","1601009","260552405","262640403","II","Initial",,"04082","Assault","Aggravated Assault","Firearm, Discharging at Occupied Bldg, Vehicle, or Aircraft","Open or Active","MINT ST \ MISSION ST","24886000","Southern","South of Market","6","6","37.78219223022461","-122.40716552734375","POINT (-122.407165527 37.78219223)","2026-09-22T09:46:49.000","2026-09-23T10:00:34.000"
"160101012168","2026-09-21T01:34:00.000","2026-09-21T00:00:00.000","01:34","2026","Monday","2026-09-21T01:34:00.000","1601010","260552251","262640136","II","Initial",,"12168","Weapons Carrying Etc","Weapons Offense","Firearm, Loaded, in Vehicle, Possession or Use","Cite or Arrest Adult","18TH ST \ SOUTH VAN NESS AVE","24132000","Mission","Mission","9","9","37.761966705322266","-122.41717529296875","POINT (-122.417175293 37.761966705)","2026-09-22T09:46:49.000","2026-09-23T10:00:34.000"
"160099705071","2026-09-21T02:30:00.000","2026-09-21T00:00:00.000","02:30","2026","Monday","2026-09-21T02:36:00.000","1600997","260552295","262640220","II","Initial",,"05071","Burglary","Burglary - Other","Burglary, Other Bldg., Forcible Entry","Open or Active","FOWLER AVE \ JUANITA WAY","22420000","Ingleside","West of Twin Peaks","7","7","37.743873596191406","-122.45267486572266","POINT (-122.452674866 37.743873596)","2026-09-22T09:46:49.000","2026-09-23T10:00:34.000"
"160109819022","2026-09-21T08:47:00.000","2026-09-21T00:00:00.000","08:47","2026","Monday","2026-09-21T09:08:00.000","1601098","260552659","262640917","II","Initial",,"19022","Disorderly Conduct","Disorderly Conduct","Disturbing The Peace","Open or Active","03RD ST \ HOLLISTER AVE","20471000","Bayview","Bayview Hunters Point","10","10","37.72171401977539","-122.39594268798828","POINT (-122.395942688 37.72171402)","2026-09-22T09:46:49.000","2026-09-23T10:00:34.000"
"160105916740","2026-09-20T18:00:00.000","2026-09-20T00:00:00.000","18:00","2026","Sunday","2026-09-21T10:45:00.000","1601059","260546903","262612153","IS","Initial Supplement",,"16740","Drug Offense","Drug Violation","Controlled Substance, Under the Influence of","Cite or Arrest Adult","17TH ST \ CAROLINA ST","23750000","Southern","Potrero Hill","10","10","37.764896392822266","-122.400634765625","POINT (-122.400634766 37.764896393)","2026-09-22T09:46:49.000","2026-09-23T10:00:34.000"
"160119530130","2026-09-21T17:16:00.000","2026-09-21T00:00:00.000","17:16","2026","Monday","2026-09-21T17:16:00.000","1601195","260554003","262642745","II","Initial",,"30130","Other Offenses","Other","Peddling Without A License","Cite or Arrest Adult","16TH ST \ WIESE ST","24180000","Mission","Mission","9","9","37.7650032043457","-122.42047882080078","POINT (-122.420478821 37.765003204)","2026-09-22T09:46:49.000","2026-09-23T10:00:34.000"
"160115631000","2026-09-20T06:29:00.000","2026-09-20T00:00:00.000","06:29","2026","Sunday","2026-09-21T16:30:00.000","1601156","260553845","262642546","II","Initial",,"31000","Other Offenses","Other","Federal Law Violation (general)","Open or Active","ALVARADO ST \ SANCHEZ ST","25666000","Mission","Noe Valley","8","8","37.75395584106445","-122.42988586425781","POINT (-122.429885864 37.753955841)","2026-09-22T09:46:49.000","2026-09-23T10:00:34.000"
"160112164085","2026-09-21T09:22:00.000","2026-09-21T00:00:00.000","09:22","2026","Monday","2026-09-21T09:30:00.000","1601121","260553209","262641049","II","Initial",,"64085","Other Miscellaneous","Other","Investigative Detention","Open or Active","13TH ST \ SOUTH VAN NESS AVE","24241000","Mission","Mission","6","9","37.769813537597656","-122.41775512695312","POINT (-122.417755127 37.769813538)","2026-09-22T09:46:49.000","2026-09-23T10:00:34.000"
"160107706113","2026-09-19T23:30:00.000","2026-09-19T00:00:00.000","23:30","2026","Saturday","2026-09-20T15:19:00.000","1601077","260551219","262632328","II","Initial",,"06113","Larceny Theft","Larceny Theft - Pickpocket","Theft, Pickpocket, $200-$950","Open or Active","JACKSON ST \ WENTWORTH PL","24779000","Central","Chinatown","3","3","37.796077728271484","-122.4062271118164","POINT (-122.406227112 37.796077728)","2026-09-22T09:46:49.000","2026-09-23T10:00:34.000"
"160121916710","2026-09-21T18:05:00.000","2026-09-21T00:00:00.000","18:05","2026","Monday","2026-09-21T18:05:00.000","1601219","260554138","262642905","II","Initial",,"16710","Drug Offense","Drug Violation","Narcotics Paraphernalia, Possession of","Cite or Arrest Adult","08TH ST \ HARRISON ST","24201000","Southern","South of Market","6","6","37.77375793457031","-122.40851593017578","POINT (-122.40851593 37.773757935)","2026-09-22T09:46:49.000","2026-09-23T10:00:34.000"
"160107503014","2026-09-20T14:20:00.000","2026-09-20T00:00:00.000","14:20","2026","Sunday","2026-09-21T10:00:00.000","1601075","260552938","262641396","II","Initial",,"03014","Robbery","Robbery - Street","Robbery, Street or Public Place, W/ Force","Open or Active","17TH ST \ MISSION ST","24165000","Mission","Mission","9","9","37.763427734375","-122.41950988769531","POINT (-122.419509888 37.763427734)","2026-09-22T09:46:49.000","2026-09-23T10:00:34.000"
"160107316710","2026-09-21T11:30:00.000","2026-09-21T00:00:00.000","11:30","2026","Monday","2026-09-21T11:30:00.000","1601073","260549333","262622031","IS","Initial Supplement",,"16710","Drug Offense","Drug Violation","Narcotics Paraphernalia, Possession of","Cite or Arrest Adult","17TH ST \ CAROLINA ST","23750000","Southern","Potrero Hill","10","10","37.764896392822266","-122.400634765625","POINT (-122.400634766 37.764896393)","2026-09-22T09:46:49.000","2026-09-23T10:00:34.000"
"160118009340","2026-09-01T00:00:00.000","2026-09-01T00:00:00.000","00:00","2026","Tuesday","2026-09-21T18:05:00.000","1601180","260554081","262642907","II","Initial",,"09340","Fraud","Fraud","Credit Application, Fraudulent","Open or Active","15TH ST \ RAMONA AVE","25838000","Mission","Mission","8","8","37.76634979248047","-122.42520141601562","POINT (-122.425201416 37.766349792)","2026-09-22T09:46:49.000","2026-09-23T10:00:34.000"
"160119806246","2026-09-17T00:00:00.000","2026-09-17T00:00:00.000","00:00","2026","Thursday","2026-09-21T19:40:00.000","1601198","260554279","262643189","VI","Vehicle Initial",,"06246","Larceny Theft","Larceny Theft - Other","License Plate or Tab, Theft of","Open or Active","25TH AVE \ GEARY BLVD","27553000","Richmond","Outer Richmond","1","1","37.780094146728516","-122.48473358154297","POINT (-122.484733582 37.780094147)","2026-09-22T09:46:49.000","2026-09-23T10:00:34.000"
"160102416710","2026-09-21T07:50:00.000","2026-09-21T00:00:00.000","07:50","2026","Monday","2026-09-21T07:50:00.000","1601024","260548846","262621255","IS","Initial Supplement",,"16710","Drug Offense","Drug Violation","Narcotics Paraphernalia, Possession of","Cite or Arrest Adult","17TH ST \ CAROLINA ST","23750000","Southern","Potrero Hill","10","10","37.764896392822266","-122.400634765625","POINT (-122.400634766 37.764896393)","2026-09-22T09:46:49.000","2026-09-23T10:00:34.000"
"160112409029","2026-09-19T15:18:00.000","2026-09-19T00:00:00.000","15:18","2026","Saturday","2026-09-21T13:27:00.000","1601124","260553469","262641940","II","Initial",,"09029","Fraud","Fraud","False Personation to Receive Money or Property","Open or Active","GOLDEN GATE AVE \ LEAVENWORTH ST","24334000","Tenderloin","Tenderloin","5","6","37.781864166259766","-122.41386413574219","POINT (-122.413864136 37.781864166)","2026-09-22T09:46:49.000","2026-09-23T10:00:34.000"
"160103016710","2026-09-21T08:40:00.000","2026-09-21T00:00:00.000","08:40","2026","Monday","2026-09-21T08:40:00.000","1601030","260549032","262621536","IS","Initial Supplement",,"16710","Drug Offense","Drug Violation","Narcotics Paraphernalia, Possession of","Cite or Arrest Adult","17TH ST \ CAROLINA ST","23750000","Southern","Potrero Hill","10","10","37.764896392822266","-122.400634765625","POINT (-122.400634766 37.764896393)","2026-09-22T09:46:49.000","2026-09-23T10:00:34.000"
"160127627090","2026-09-18T06:00:00.000","2026-09-18T00:00:00.000","06:00","2026","Friday","2026-09-21T16:23:00.000","1601276","266108555",,"II","Coplogic Initial","true","27090","Larceny Theft","Larceny Theft - Other","Theft, Lost Property, Petty","Open or Active","BUSH ST \ LARKIN ST","25204000","Northern","Nob Hill","3","3","37.788909912109375","-122.41865539550781","POINT (-122.418655396 37.788909912)","2026-09-22T09:46:49.000","2026-09-23T10:00:34.000"
"160117407025","2026-09-17T16:00:00.000","2026-09-17T00:00:00.000","16:00","2026","Thursday","2026-09-21T17:10:00.000","1601174","260553970","262642720","VI","Vehicle Initial",,"07025","Motor Vehicle Theft","Motor Vehicle Theft","Vehicle, Stolen, Truck","Open or Active","SACRAMENTO ST \ VAN NESS AVE","26536000","Northern","Nob Hill","3","3","37.791290283203125","-122.42251586914062","POINT (-122.422515869 37.791290283)","2026-09-22T09:46:49.000","2026-09-23T10:00:34.000"
"160110105013","2026-09-16T14:00:00.000","2026-09-16T00:00:00.000","14:00","2026","Wednesday","2026-09-21T11:12:00.000","1601101","260553033","262641381","II","Initial",,"05013","Burglary","Burglary - Residential","Burglary, Apartment House, Unlawful Entry","Open or Active","LA SALLE AVE \ OSCEOLA LN","33144000","Bayview","Bayview Hunters Point","10","10","37.7324333190918","-122.38380432128906","POINT (-122.383804321 37.732433319)","2026-09-22T09:46:49.000","2026-09-23T10:00:34.000"
"160118862050","2026-09-21T14:50:00.000","2026-09-21T00:00:00.000","14:50","2026","Monday","2026-09-21T14:50:00.000","1601188","260553732","262642223","II","Initial",,"62050","Warrant","Warrant","Warrant Arrest, Enroute To Outside Jurisdiction","Cite or Arrest Adult","BECKETT ST \ PACIFIC AVE","24793000","Central","Chinatown","3","3","37.79694366455078","-122.40652465820312","POINT (-122.406524658 37.796943665)","2026-09-22T09:46:49.000","2026-09-23T10:00:34.000"
"160102716710","2026-09-21T08:20:00.000","2026-09-21T00:00:00.000","08:20","2026","Monday","2026-09-21T08:20:00.000","1601027","260549004","262621514","IS","Initial Supplement",,"16710","Drug Offense","Drug Violation","Narcotics Paraphernalia, Possession of","Cite or Arrest Adult","17TH ST \ CAROLINA ST","23750000","Southern","Potrero Hill","10","10","37.764896392822266","-122.400634765625","POINT (-122.400634766 37.764896393)","2026-09-22T09:46:49.000","2026-09-23T10:00:34.000"
"160126009031","2026-08-21T15:35:00.000","2026-08-21T00:00:00.000","15:35","2026","Friday","2026-09-15T15:44:00.000","1601260","266108373",,"II","Coplogic Initial","true","09031","Stolen Property","Stolen Property","Money, Property or Labor, Fraudulently Obtaining","Open or Active","09TH AVE \ CABRILLO ST","27280000","Richmond","Inner Richmond","1","1","37.77522277832031","-122.46708679199219","POINT (-122.467086792 37.775222778)","2026-09-22T09:46:49.000","2026-09-23T10:00:34.000"
"160104712027","2026-09-21T08:54:00.000","2026-09-21T00:00:00.000","08:54","2026","Monday","2026-09-21T08:54:00.000","1601047","260552405","262640941","IS","Initial Supplement",,"12027","Weapons Offense","Weapons Offense","Firearm, Discharging Within City Limits","Cite or Arrest Adult","22ND ST \ VALENCIA ST","24115000","Mission","Mission","9","8","37.75529479980469","-122.42096710205078","POINT (-122.420967102 37.7552948)","2026-09-22T09:46:49.000","2026-09-23T10:00:34.000"
"160047916710","2026-09-18T11:12:00.000","2026-09-18T00:00:00.000","11:12","2026","Friday","2026-09-18T11:12:00.000","1600479","260546395","262611478","II","Initial",,"16710","Drug Offense","Drug Violation","Narcotics Paraphernalia, Possession of","Cite or Arrest Adult","JONES ST \ TURK ST","24923000","Tenderloin","Tenderloin","5","6","37.78300476074219","-122.41241455078125","POINT (-122.412414551 37.783004761)","2026-09-22T09:46:49.000","2026-09-23T10:00:34.000"
"160122704011","2026-09-21T23:00:00.000","2026-09-21T00:00:00.000","23:00","2026","Monday","2026-09-21T23:09:00.000","1601227","260554489","262643608","II","Initial",,"04011","Assault","Aggravated Assault","Assault, Aggravated, W/ Gun","Open or Active","GENEVA AVE \ MISSION ST","21486000","Ingleside","Excelsior","11","11","37.716461181640625","-122.4410171508789","POINT (-122.441017151 37.716461182)","2026-09-22T09:46:49.000","2026-09-23T10:00:34.000"
"159983474000","2026-08-08T19:06:00.000","2026-08-08T00:00:00.000","19:06","2026","Saturday","2026-08-08T19:06:00.000","1599834","269003069",,"II","Initial",,"74000","Missing Person","Missing Adult","Missing Adult","Unfounded",,,"Out of SF",,,,,,,"2026-09-22T09:46:49.000","2026-09-23T10:00:34.000"
"160104807023","2026-09-20T19:00:00.000","2026-09-20T00:00:00.000","19:00","2026","Sunday","2026-09-21T09:57:00.000","1601048","260552784","262641162","VI","Vehicle Initial",,"07023","Motor Vehicle Theft","Motor Vehicle Theft","Vehicle, Stolen, Motorcycle","Open or Active","UNNAMED 112 \ VIDAL DR","33488000","Taraval","Lakeshore","7","7","37.71730041503906","-122.48478698730469","POINT (-122.484786987 37.717300415)","2026-09-22T09:46:49.000","2026-09-23T10:00:34.000"
"160105707023","2026-09-20T18:00:00.000","2026-09-20T00:00:00.000","18:00","2026","Sunday","2026-09-21T10:30:00.000","1601057","260552853","262641288","VI","Vehicle Initial",,"07023","Motor Vehicle Theft","Motor Vehicle Theft","Vehicle, Stolen, Motorcycle","Open or Active","44TH AVE \ GEARY BLVD","27986000","Richmond","Outer Richmond","1","1","37.77915954589844","-122.50508880615234","POINT (-122.505088806 37.779159546)","2026-09-22T09:46:49.000","2026-09-23T10:00:34.000"
"160122016710","2026-09-21T16:10:00.000","2026-09-21T00:00:00.000","16:10","2026","Monday","2026-09-21T16:12:00.000","1601220","260553851","262642530","II","Initial",,"16710","Drug Offense","Drug Violation","Narcotics Paraphernalia, Possession of","Cite or Arrest Adult","15TH ST \ CAPP ST","24367000","Mission","Mission","9","9","37.76673889160156","-122.41873168945312","POINT (-122.418731689 37.766738892)","2026-09-22T09:46:49.000","2026-09-23T10:00:34.000"
"160104416740","2026-09-20T18:00:00.000","2026-09-20T00:00:00.000","18:00","2026","Sunday","2026-09-21T09:30:00.000","1601044","260546436","262611538","IS","Initial Supplement",,"16740","Drug Offense","Drug Violation","Controlled Substance, Under the Influence of","Cite or Arrest Adult","17TH ST \ CAROLINA ST","23750000","Southern","Potrero Hill","10","10","37.764896392822266","-122.400634765625","POINT (-122.400634766 37.764896393)","2026-09-22T09:46:49.000","2026-09-23T10:00:34.000"
"160106216710","2026-09-21T11:00:00.000","2026-09-21T00:00:00.000","11:00","2026","Monday","2026-09-21T11:00:00.000","1601062","260549117","262621673","IS","Initial Supplement",,"16710","Drug Offense","Drug Violation","Narcotics Paraphernalia, Possession of","Cite or Arrest Adult","17TH ST \ CAROLINA ST","23750000","Southern","Potrero Hill","10","10","37.764896392822266","-122.400634765625","POINT (-122.400634766 37.764896393)","2026-09-22T09:46:49.000","2026-09-23T10:00:34.000"
"160113364010","2026-09-21T13:45:00.000","2026-09-21T00:00:00.000","13:45","2026","Monday","2026-09-21T13:50:00.000","1601133","260553607","262642017","II","Initial",,"64010","Non-Criminal","Other","Dog, Bite or Attack","Open or Active","08TH AVE \ BALBOA ST","27278000","Richmond","Inner Richmond","1","1","37.777137756347656","-122.46615600585938","POINT (-122.466156006 37.777137756)","2026-09-22T09:46:49.000","2026-09-23T10:00:34.000"
"160106905013","2026-09-09T02:38:00.000","2026-09-09T00:00:00.000","02:38","2026","Wednesday","2026-09-21T09:27:00.000","1601069","260552994","262641055","II","Initial",,"05013","Burglary","Burglary - Residential","Burglary, Apartment House, Unlawful Entry","Open or Active","CALIFORNIA ST \ VAN NESS AVE","25225000","Northern","Nob Hill","3","2","37.79037094116211","-122.42233276367188","POINT (-122.422332764 37.790370941)","2026-09-22T09:46:49.000","2026-09-23T10:00:34.000"
"160105207041","2026-09-21T09:34:00.000","2026-09-21T00:00:00.000","09:34","2026","Monday","2026-09-21T09:34:00.000","1601052","260541997","262641081","VS","Vehicle Supplement",,"07041","Recovered Vehicle","Recovered Vehicle","Vehicle, Recovered, Auto","Open or Active","34TH AVE \ TARAVAL ST","23356000","Taraval","Sunset/Parkside","4","4","37.74234390258789","-122.49176788330078","POINT (-122.491767883 37.742343903)","2026-09-22T09:46:49.000","2026-09-23T10:00:34.000"
"160102928160","2026-09-20T20:30:00.000","2026-09-20T00:00:00.000","20:30","2026","Sunday","2026-09-21T08:30:00.000","1601029","260552524","262640854","II","Initial",,"28160","Malicious Mischief","Vandalism","Malicious Mischief, Vandalism to Vehicle","Open or Active","17TH AVE \ CLEMENT ST","27502000","Richmond","Outer Richmond","1","1","37.782405853271484","-122.47630310058594","POINT (-122.476303101 37.782405853)","2026-09-22T09:46:49.000","2026-09-23T10:00:34.000"
"160121264070","2026-09-21T15:00:00.000","2026-09-21T00:00:00.000","15:00","2026","Monday","2026-09-21T17:33:00.000","1601212","260554310","262642808","II","Initial",,"64070","Suspicious Occ","Suspicious Occ","Suspicious Occurrence","Open or Active","26TH ST \ FLORIDA ST","21141000","Mission","Mission","9","9","37.74954605102539","-122.40975952148438","POINT (-122.409759521 37.749546051)","2026-09-22T09:46:49.000","2026-09-23T10:00:34.000"
"160101012100","2026-09-21T01:34:00.000","2026-09-21T00:00:00.000","01:34","2026","Monday","2026-09-21T01:34:00.000","1601010","260552251","262640136","II","Initial",,"12100","Weapons Carrying Etc","Weapons Offense","Firearm, Possession of Loaded","Cite or Arrest Adult","18TH ST \ SOUTH VAN NESS AVE","24132000","Mission","Mission","9","9","37.761966705322266","-122.41717529296875","POINT (-122.417175293 37.761966705)","2026-09-22T09:46:49.000","2026-09-23T10:00:34.000"
"155366928100","2026-03-06T18:00:00.000","2026-03-06T00:00:00.000","18:00","2026","Friday","2026-03-07T09:11:00.000","1553669","260129888","260660988","II","Initial",,"28100","Malicious Mischief","Vandalism","Malicious Mischief, Breaking Windows","Open or Active","OFARRELL ST \ VAN NESS AVE","25192000","Northern","Tenderloin","5","5","37.784751892089844","-122.42119598388672","POINT (-122.421195984 37.784751892)","2026-03-08T09:34:25.000","2026-03-09T09:59:05.000"
"160121130006","2026-09-21T18:36:00.000","2026-09-21T00:00:00.000","18:36","2026","Monday","2026-09-21T18:36:00.000","1601211","260554144","262643008","II","Initial",,"30006","Other Offenses","Other","Permit Violation, Sidewalk Sales","Cite or Arrest Adult","16TH ST \ WIESE ST","24180000","Mission","Mission","9","9","37.7650032043457","-122.42047882080078","POINT (-122.420478821 37.765003204)","2026-09-22T09:46:49.000","2026-09-23T10:00:34.000"
"160100116710","2026-09-21T02:14:00.000","2026-09-21T00:00:00.000","02:14","2026","Monday","2026-09-21T02:14:00.000","1601001","260552289","262640189","II","Initial",,"16710","Drug Offense","Drug Violation","Narcotics Paraphernalia, Possession of","Cite or Arrest Adult","05TH ST \ MINT PLZ","24885000","Tenderloin","South of Market","6","6","37.78329086303711","-122.40718841552734","POINT (-122.407188416 37.783290863)","2026-09-22T09:46:49.000","2026-09-23T10:00:34.000"
"160125706374","2026-09-19T18:37:00.000","2026-09-19T00:00:00.000","18:37","2026","Saturday","2026-09-20T17:49:00.000","1601257","266108793",,"II","Coplogic Initial","true","06374","Larceny Theft","Larceny Theft - Other","Theft, Other Property, >$950","Open or Active","17TH ST \ SHOTWELL ST","24135000","Mission","Mission","9","9","37.763633728027344","-122.41622924804688","POINT (-122.416229248 37.763633728)","2026-09-22T09:46:49.000","2026-09-23T10:00:34.000"
"160100707041","2026-09-21T02:31:00.000","2026-09-21T00:00:00.000","02:31","2026","Monday","2026-09-21T02:31:00.000","1601007","260552201","262633898","VS","Vehicle Supplement",,"07041","Recovered Vehicle","Recovered Vehicle","Vehicle, Recovered, Auto","Open or Active","BRAZIL AVE \ LA GRANDE AVE","21607000","Ingleside","Excelsior","11","9","37.72023391723633","-122.42547607421875","POINT (-122.425476074 37.720233917)","2026-09-22T09:46:49.000","2026-09-23T10:00:34.000"
"160113706224","2026-09-20T01:21:00.000","2026-09-20T00:00:00.000","01:21","2026","Sunday","2026-09-20T02:41:00.000","1601137","266108113",,"II","Coplogic Initial","true","06224","Larceny Theft","Larceny - From Vehicle","Theft, From Unlocked Vehicle, >$950","Open or Active","CARGO WAY \ MENDELL ST","33105000","Bayview","Bayview Hunters Point","10","10","37.7438850402832","-122.38311767578125","POINT (-122.383117676 37.74388504)","2026-09-22T09:46:49.000","2026-09-23T10:00:34.000"
"160118430130","2026-09-21T13:31:00.000","2026-09-21T00:00:00.000","13:31","2026","Monday","2026-09-21T13:31:00.000","1601184","260553516","262641957","II","Initial",,"30130","Other Offenses","Other","Peddling Without A License","Cite or Arrest Adult","16TH ST \ WIESE ST","24180000","Mission","Mission","9","9","37.7650032043457","-122.42047882080078","POINT (-122.420478821 37.765003204)","2026-09-22T09:46:49.000","2026-09-23T10:00:34.000"
"160111906154","2026-09-21T03:30:00.000","2026-09-21T00:00:00.000","03:30","2026","Monday","2026-09-21T12:50:00.000","1601119","260553334","262641816","II","Initial",,"06154","Larceny Theft","Larceny Theft - Other","Theft, From Person, >$950 (other than Pickpocket)","Open or Active","MISSION ST \ WASHBURN ST","24417000","Southern","South of Market","6","6","37.7758903503418","-122.41513061523438","POINT (-122.415130615 37.77589035)","2026-09-22T09:46:49.000","2026-09-23T10:00:34.000"
"159982528160","2026-08-08T00:30:00.000","2026-08-08T00:00:00.000","00:30","2026","Saturday","2026-08-12T18:18:00.000","1599825","269003047",,"II","Initial",,"28160","Malicious Mischief","Vandalism","Malicious Mischief, Vandalism to Vehicle","Open or Active",,,"Out of SF",,,,,,,"2026-09-22T09:46:49.000","2026-09-23T10:00:34.000"
"160115512080","2026-09-21T16:00:00.000","2026-09-21T00:00:00.000","16:00","2026","Monday","2026-09-21T16:00:00.000","1601155","260544640",,"IS","Initial Supplement",,"12080","Weapons Carrying Etc","Weapons Offense","Firearm, Possession By Prohibited Person","Cite or Arrest Adult","GOLDEN GATE AVE \ LEAVENWORTH ST","24334000","Tenderloin","Tenderloin","5","6","37.781864166259766","-122.41386413574219","POINT (-122.413864136 37.781864166)","2026-09-22T09:46:49.000","2026-09-23T10:00:34.000"
"160127706374","2026-09-09T09:00:00.000","2026-09-09T00:00:00.000","09:00","2026","Wednesday","2026-09-21T09:13:00.000","1601277","266108577",,"II","Coplogic Initial","true","06374","Larceny Theft","Larceny Theft - Other","Theft, Other Property, >$950","Open or Active","29TH AVE \ CABRILLO ST","27812000","Richmond","Outer Richmond","1","1","37.77424240112305","-122.48860931396484","POINT (-122.488609314 37.774242401)","2026-09-22T09:46:49.000","2026-09-23T10:00:34.000"
"160118565010","2026-09-21T16:48:00.000","2026-09-21T00:00:00.000","16:48","2026","Monday","2026-09-21T16:51:00.000","1601185","260554025","262642674","II","Initial",,"65010","Traffic Violation Arrest","Traffic Violation Arrest","Traffic Violation Arrest","Cite or Arrest Adult","LA SALLE AVE \ MENDELL ST","20211000","Bayview","Bayview Hunters Point","10","10","37.73648452758789","-122.38865661621094","POINT (-122.388656616 37.736484528)","2026-09-22T09:46:49.000","2026-09-23T10:00:34.000"
"160102816740","2026-09-20T18:00:00.000","2026-09-20T00:00:00.000","18:00","2026","Sunday","2026-09-21T08:15:00.000","1601028","260546345","262611459","IS","Initial Supplement",,"16740","Drug Offense","Drug Violation","Controlled Substance, Under the Influence of","Cite or Arrest Adult","17TH ST \ CAROLINA ST","23750000","Southern","Potrero Hill","10","10","37.764896392822266","-122.400634765625","POINT (-122.400634766 37.764896393)","2026-09-22T09:46:49.000","2026-09-23T10:00:34.000"
"160108527090","2026-09-20T18:00:00.000","2026-09-20T00:00:00.000","18:00","2026","Sunday","2026-09-21T09:35:00.000","1601085","260552712","262641086","II","Initial",,"27090","Larceny Theft","Larceny Theft - Other","Theft, Lost Property, Petty","Open or Active","NEPTUNE ST \ WILLIAMS AVE","20537000","Out of SF","Bayview Hunters Point","10","10","37.72990798950195","-122.39717864990234","POINT (-122.39717865 37.72990799)","2026-09-22T09:46:49.000","2026-09-23T10:00:34.000"
"160109866030","2026-09-21T08:47:00.000","2026-09-21T00:00:00.000","08:47","2026","Monday","2026-09-21T09:08:00.000","1601098","260552659","262640917","II","Initial",,"66030","Gambling","Gambling","Gambling Devices, Possession","Open or Active","03RD ST \ HOLLISTER AVE","20471000","Bayview","Bayview Hunters Point","10","10","37.72171401977539","-122.39594268798828","POINT (-122.395942688 37.72171402)","2026-09-22T09:46:49.000","2026-09-23T10:00:34.000"
"160106728100","2026-09-18T17:40:00.000","2026-09-18T00:00:00.000","17:40","2026","Friday","2026-09-21T09:37:00.000","1601067","260552950","262641093","II","Initial",,"28100","Malicious Mischief","Vandalism","Malicious Mischief, Breaking Windows","Open or Active","09TH ST \ JESSIE ST","24416000","Tenderloin","South of Market","6","6","37.77671813964844","-122.41532135009766","POINT (-122.41532135 37.77671814)","2026-09-22T09:46:49.000","2026-09-23T10:00:34.000"
"149015206363","2025-06-13T17:47:00.000","2025-06-13T00:00:00.000","17:47","2025","Friday","2025-06-14T12:11:00.000","1490152","250331441","251651263","II","Initial",,"06363","Larceny Theft","Larceny Theft - Shoplifting","Theft, Shoplifting, $200-$950","Open or Active","16TH AVE \ GEARY BLVD","27487000","Richmond","Outer Richmond","1","1","37.7805290222168","-122.47508239746094","POINT (-122.475082397 37.780529022)","2025-06-15T09:36:51.000","2025-06-16T09:54:02.000"
"107625806374","2021-10-01T07:00:00.000","2021-10-01T00:00:00.000","07:00","2021","Friday","2021-10-01T16:40:00.000","1076258","210638942","212742452","II","Initial",,"06374","Larceny Theft","Larceny Theft - Other","Theft, Other Property, >$950","Open or Active","CALIFORNIA ST \ MONTGOMERY ST","24729000","Central","Financial District/South Beach","3","3","37.792850494384766","-122.40276336669922","POINT (-122.402763367 37.792850494)","2026-04-18T09:34:24.000","2026-04-19T09:56:49.000"
"160100912027","2026-09-21T04:30:00.000","2026-09-21T00:00:00.000","04:30","2026","Monday","2026-09-21T04:52:00.000","1601009","260552405","262640403","II","Initial",,"12027","Weapons Offense","Weapons Offense","Firearm, Discharging Within City Limits","Open or Active","MINT ST \ MISSION ST","24886000","Southern","South of Market","6","6","37.78219223022461","-122.40716552734375","POINT (-122.407165527 37.78219223)","2026-09-22T09:46:49.000","2026-09-23T10:00:34.000"
"160120930130","2026-09-21T19:02:00.000","2026-09-21T00:00:00.000","19:02","2026","Monday","2026-09-21T19:03:00.000","1601209","260554207","262643089","II","Initial",,"30130","Other Offenses","Other","Peddling Without A License","Cite or Arrest Adult","16TH ST \ WIESE ST","24180000","Mission","Mission","9","9","37.7650032043457","-122.42047882080078","POINT (-122.420478821 37.765003204)","2026-09-22T09:46:49.000","2026-09-23T10:00:34.000"
"160068816740","2026-09-19T10:52:00.000","2026-09-19T00:00:00.000","10:52","2026","Saturday","2026-09-19T10:52:00.000","1600688","260548846","262621255","II","Initial",,"16740","Drug Offense","Drug Violation","Controlled Substance, Under the Influence of","Cite or Arrest Adult",,,"Southern",,,,,,,"2026-09-22T09:46:49.000","2026-09-23T10:00:34.000"
"160127271000","2026-09-19T09:59:00.000","2026-09-19T00:00:00.000","09:59","2026","Saturday","2026-09-19T13:54:00.000","1601272","266108464",,"II","Coplogic Initial","true","71000","Lost Property","Lost Property","Lost Property","Open or Active","33RD AVE \ GEARY BLVD","27854000","Richmond","Outer Richmond","1","1","37.77968978881836","-122.49329376220703","POINT (-122.493293762 37.779689789)","2026-09-22T09:46:49.000","2026-09-23T10:00:34.000"
"160107262050","2026-09-21T10:32:00.000","2026-09-21T00:00:00.000","10:32","2026","Monday","2026-09-21T10:32:00.000","1601072","260552897","262641298","II","Initial",,"62050","Warrant","Warrant","Warrant Arrest, Enroute To Outside Jurisdiction","Cite or Arrest Adult","16TH ST \ WIESE ST","24180000","Mission","Mission","9","9","37.7650032043457","-122.42047882080078","POINT (-122.420478821 37.765003204)","2026-09-22T09:46:49.000","2026-09-23T10:00:34.000"
"160101026150","2026-09-21T01:34:00.000","2026-09-21T00:00:00.000","01:34","2026","Monday","2026-09-21T01:34:00.000","1601010","260552251","262640136","II","Initial",,"26150","Other Miscellaneous","Other","Parole Violation, Adult","Cite or Arrest Adult","18TH ST \ SOUTH VAN NESS AVE","24132000","Mission","Mission","9","9","37.761966705322266","-122.41717529296875","POINT (-122.417175293 37.761966705)","2026-09-22T09:46:49.000","2026-09-23T10:00:34.000"
"160109272000","2026-09-19T06:50:00.000","2026-09-19T00:00:00.000","06:50","2026","Saturday","2026-09-21T10:27:00.000","1601092","260553146","262641276","II","Initial",,"72000","Non-Criminal","Non-Criminal","Found  Property","Open or Active","CARL ST \ COLE ST","26282000","Park","Haight Ashbury","8","5","37.76580047607422","-122.44995880126953","POINT (-122.449958801 37.765800476)","2026-09-22T09:46:49.000","2026-09-23T10:00:34.000"
"160108627170","2026-09-21T11:28:00.000","2026-09-21T00:00:00.000","11:28","2026","Monday","2026-09-21T11:28:00.000","1601086","260553102","262641504","II","Initial",,"27170","Other Miscellaneous","Other","Resisting, Delaying, or Obstructing  Peace Officer Duties","Cite or Arrest Adult","RUTH ST \ WATTSON PL","21754000","Ingleside","Outer Mission","11","11","37.723480224609375","-122.43716430664062","POINT (-122.437164307 37.723480225)","2026-09-22T09:46:49.000","2026-09-23T10:00:34.000"
"160108209024","2026-09-13T00:00:00.000","2026-09-13T00:00:00.000","00:00","2026","Sunday","2026-09-21T11:35:00.000","1601082","260553083","262641528","II","Initial",,"09024","Fraud","Fraud","Fraudulent Game or Trick, Obtaining Money or Property","Open or Active","08TH ST \ MISSION ST","24311000","Southern","South of Market","6","6","37.77745819091797","-122.41315460205078","POINT (-122.413154602 37.777458191)","2026-09-22T09:46:49.000","2026-09-23T10:00:34.000"
"160127106374","2026-09-19T02:30:00.000","2026-09-19T00:00:00.000","02:30","2026","Saturday","2026-09-20T08:22:00.000","1601271","266108787",,"II","Coplogic Initial","true","06374","Larceny Theft","Larceny Theft - Other","Theft, Other Property, >$950","Open or Active",,,"Mission",,,,,,,"2026-09-22T09:46:49.000","2026-09-23T10:00:34.000"
"160105511012","2026-09-20T12:33:00.000","2026-09-20T00:00:00.000","12:33","2026","Sunday","2026-09-20T12:35:00.000","1601055","260551059","262631722","IS","Initial Supplement",,"11012","Stolen Property","Stolen Property","Stolen Property, Possession with Knowledge, Receiving","Cite or Arrest Adult","24TH ST \ OSAGE ALY","24089000","Mission","Mission","9","9","37.75220489501953","-122.41901397705078","POINT (-122.419013977 37.752204895)","2026-09-22T09:46:49.000","2026-09-23T10:00:34.000"
"160108803014","2026-09-17T22:00:00.000","2026-09-17T00:00:00.000","22:00","2026","Thursday","2026-09-21T12:16:00.000","1601088","260553196","262641625","II","Initial",,"03014","Robbery","Robbery - Street","Robbery, Street or Public Place, W/ Force","Open or Active","05TH ST \ MISSION ST","24634000","Tenderloin","South of Market","6","6","37.78273010253906","-122.40647888183594","POINT (-122.406478882 37.782730103)","2026-09-22T09:46:49.000","2026-09-23T10:00:34.000"
"160107816740","2026-09-20T18:00:00.000","2026-09-20T00:00:00.000","18:00","2026","Sunday","2026-09-21T11:32:00.000","1601078","260546947","262612237","IS","Initial Supplement",,"16740","Drug Offense","Drug Violation","Controlled Substance, Under the Influence of","Cite or Arrest Adult","17TH ST \ CAROLINA ST","23750000","Southern","Potrero Hill","10","10","37.764896392822266","-122.400634765625","POINT (-122.400634766 37.764896393)","2026-09-22T09:46:49.000","2026-09-23T10:00:34.000"
"160100968050","2026-09-21T04:30:00.000","2026-09-21T00:00:00.000","04:30","2026","Monday","2026-09-21T04:52:00.000","1601009","260552405","262640403","II","Initial",,"68050","Traffic Collision","Traffic Collision","Traffic Collision","Open or Active","MINT ST \ MISSION ST","24886000","Southern","South of Market","6","6","37.78219223022461","-122.40716552734375","POINT (-122.407165527 37.78219223)","2026-09-22T09:46:49.000","2026-09-23T10:00:34.000"
"160125571000","2026-09-20T10:30:00.000","2026-09-20T00:00:00.000","10:30","2026","Sunday","2026-09-21T19:05:00.000","1601255","266108561",,"II","Coplogic Initial","true","71000","Lost Property","Lost Property","Lost Property","Open or Active","OCTAVIA ST \ SUTTER ST","26520000","Northern","Japantown","5","5","37.78692626953125","-122.42666625976562","POINT (-122.42666626 37.78692627)","2026-09-22T09:46:49.000","2026-09-23T10:00:34.000"
"160122116650","2026-09-21T20:25:00.000","2026-09-21T00:00:00.000","20:25","2026","Monday","2026-09-21T20:25:00.000","1601221","260554360","262643300","II","Initial",,"16650","Drug Offense","Drug Violation","Methamphetamine Offense","Cite or Arrest Adult","JESSIE ST \ MINT PLZ \ MINT ST","24866000","Tenderloin","South of Market","6","6","37.78261184692383","-122.40769958496094","POINT (-122.407699585 37.782611847)","2026-09-22T09:46:49.000","2026-09-23T10:00:34.000"
"160121628165","2026-09-21T20:22:00.000","2026-09-21T00:00:00.000","20:22","2026","Monday","2026-09-21T20:30:00.000","1601216","260554376","262643292","II","Initial",,"28165","Malicious Mischief","Vandalism","Malicious Mischief, Graffiti, Real or Personal Property","Cite or Arrest Adult","POWELL ST \ VALLEJO ST","25411000","Central","Chinatown","3","3","37.79837417602539","-122.41045379638672","POINT (-122.410453796 37.798374176)","2026-09-22T09:46:49.000","2026-09-23T10:00:34.000"
"160121006371","2026-09-21T17:55:00.000","2026-09-21T00:00:00.000","17:55","2026","Monday","2026-09-21T18:45:00.000","1601210","260554229","262643037","II","Initial",,"06371","Larceny Theft","Larceny Theft - Other","Theft, Other Property, <$50","Open or Active","33RD AVE \ TARAVAL ST","23354000","Taraval","Sunset/Parkside","4","4","37.74238967895508","-122.49069213867188","POINT (-122.490692139 37.742389679)","2026-09-22T09:46:49.000","2026-09-23T10:00:34.000"
"160102606372","2026-09-18T11:00:00.000","2026-09-18T00:00:00.000","11:00","2026","Friday","2026-09-21T20:00:00.000","1601026","260552483","262640758","II","Initial",,"06372","Larceny Theft","Larceny Theft - Other","Theft, Other Property, $50-$200","Open or Active","MARKET ST \ RESERVOIR ST","25877000","Mission","Castro/Upper Market","8","8","37.76877212524414","-122.42745971679688","POINT (-122.427459717 37.768772125)","2026-09-22T09:46:49.000","2026-09-23T10:00:34.000"
"152310375000","2025-11-02T15:27:00.000","2025-11-02T00:00:00.000","15:27","2025","Sunday","2025-11-02T15:27:00.000","1523103","250616419","253060514","IS","Initial Supplement",,"75000","Missing Person","Missing Person","Found Person","Open or Active","24TH AVE \ SANTIAGO ST","23262000","Taraval","Sunset/Parkside","4","4","37.74468231201172","-122.4811782836914","POINT (-122.481178284 37.744682312)","2025-11-04T09:37:41.000","2025-11-05T09:59:28.000"
"149023204104","2025-06-14T15:24:00.000","2025-06-14T00:00:00.000","15:24","2025","Saturday","2025-06-14T15:24:00.000","1490232","250331764","251651788","II","Initial",,"04104","Assault","Simple Assault","Assault, Non-Aggravated","Open or Active","GROVE ST \ WEBSTER ST","25954000","Northern","Hayes Valley","5","5","37.7769775390625","-122.4296875","POINT (-122.4296875 37.776977539)","2025-06-15T09:36:51.000","2025-06-16T09:54:02.000"
"149009627068","2025-06-13T22:15:00.000","2025-06-13T00:00:00.000","22:15","2025","Friday","2025-06-13T22:20:00.000","1490096","250330738","251643076","II","Initial",,"27068","Other Miscellaneous","Other","False Report of Emergency","Cite or Arrest Adult","06TH ST \ MISSION ST","24293000","Tenderloin","South of Market","6","6","37.78097152709961","-122.40870666503906","POINT (-122.408706665 37.780971527)","2025-06-15T09:36:51.000","2025-06-16T09:54:02.000"
"148991515150","2025-06-13T01:50:00.000","2025-06-13T00:00:00.000","01:50","2025","Friday","2025-06-13T01:52:00.000","1489915","250329145","251640149","II","Initial",,"15150","Offences Against The Family And Children","Other","EPO or Restraining Order Violation, DVU related","Open or Active","BRYANT ST \ HARRIET ST","23917000","Southern","South of Market","6","6","37.775604248046875","-122.403076171875","POINT (-122.403076172 37.775604248)","2025-06-15T09:36:51.000","2025-06-16T09:54:02.000"
"149012204134","2025-05-18T12:15:00.000","2025-05-18T00:00:00.000","12:15","2025","Sunday","2025-06-13T14:47:00.000","1490122","250330095","251641868","II","Initial",,"04134","Assault","Simple Assault","Battery","Open or Active","04TH ST \ KING ST","23798000","Southern","Mission Bay","6","6","37.77633285522461","-122.39403533935547","POINT (-122.394035339 37.776332855)","2025-06-15T09:36:51.000","2025-06-16T09:54:02.000"
"151361906374","2025-08-23T04:00:00.000","2025-08-23T00:00:00.000","04:00","2025","Saturday","2025-08-24T10:44:00.000","1513619","256099550",,"II","Coplogic Initial","true","06374","Larceny Theft","Larceny Theft - Other","Theft, Other Property, >$950","Open or Active","LICK PL \ POST ST","54164000","Central","Financial District/South Beach","3","3","37.78901672363281","-122.4026870727539","POINT (-122.402687073 37.789016724)","2025-09-24T09:37:10.000","2025-09-25T09:53:28.000"
"151377909320","2025-09-07T00:00:00.000","2025-09-07T00:00:00.000","00:00","2025","Sunday","2025-09-23T15:19:00.000","1513779","250536011","252662350","II","Initial",,"09320","Fraud","Fraud","Access Card, incl. Credit, Phone, ATM, Fraudulent Use of","Open or Active","12TH AVE \ GEARY BLVD","27304000","Richmond","Inner Richmond","1","1","37.780723571777344","-122.47071838378906","POINT (-122.470718384 37.780723572)","2025-09-24T09:37:10.000","2025-09-25T09:53:28.000"
"151374771000","2025-09-18T09:45:00.000","2025-09-18T00:00:00.000","09:45","2025","Thursday","2025-09-19T18:25:00.000","1513747","256100000",,"II","Coplogic Initial","true","71000","Lost Property","Lost Property","Lost Property","Open or Active","18TH ST \ COLLINGWOOD ST","25815000","Mission","Castro/Upper Market","8","8","37.76082229614258","-122.43611145019531","POINT (-122.43611145 37.760822296)","2025-09-24T09:37:10.000","2025-09-25T09:53:28.000"
"151360226031","2025-09-22T22:50:00.000","2025-09-22T00:00:00.000","22:50","2025","Monday","2025-09-22T22:50:00.000","1513602","250534758","252653566","II","Initial",,"26031","Arson","Arson","Arson of Vehicle","Open or Active","EARL ST \ GILMAN AVE","33222000","Bayview","Bayview Hunters Point","10","10","37.71609115600586","-122.3843994140625","POINT (-122.384399414 37.716091156)","2025-09-24T09:37:10.000","2025-09-25T09:53:28.000"
"151372107041","2025-09-23T13:05:00.000","2025-09-23T00:00:00.000","13:05","2025","Tuesday","2025-09-23T13:06:00.000","1513721","250532382",,"VS","Vehicle Supplement",,"07041","Recovered Vehicle","Recovered Vehicle","Vehicle, Recovered, Auto","Open or Active",,,"Out of SF",,,,,,,"2025-09-24T09:37:10.000","2025-09-25T09:53:28.000"
"151383274000","2025-09-22T16:30:00.000","2025-09-22T00:00:00.000","16:30","2025","Monday","2025-09-23T14:50:00.000","1513832","250535950","252662140","II","Initial",,"74000","Missing Person","Missing Adult","Missing Adult","Open or Active","FARRAGUT AVE \ HURON AVE","21554000","Ingleside","Outer Mission","11","11","37.711116790771484","-122.45077514648438","POINT (-122.450775146 37.711116791)","2025-09-24T09:37:10.000","2025-09-25T09:53:28.000"
"151363506224","2025-07-10T14:00:00.000","2025-07-10T00:00:00.000","14:00","2025","Thursday","2025-09-22T11:06:00.000","1513635","256100072",,"II","Coplogic Initial","true","06224","Larceny Theft","Larceny - From Vehicle","Theft, From Unlocked Vehicle, >$950","Open or Active","24TH ST \ VICKSBURG ST","25647000","Mission","Noe Valley","8","8","37.75163650512695","-122.42855072021484","POINT (-122.42855072 37.751636505)","2025-09-24T09:37:10.000","2025-09-25T09:53:28.000"
"151359907055","2025-09-23T00:27:00.000","2025-09-23T00:00:00.000","00:27","2025","Tuesday","2025-09-23T00:27:00.000","1513599","250534811","252660033","VI","Vehicle Initial",,"07055","Motor Vehicle Theft","Motor Vehicle Theft","Vehicle, Recovered, Stolen outside SF","Open or Active","03RD ST \ MISSION ROCK ST","23579000","Out of SF","Mission Bay","6","6","37.77293014526367","-122.38971710205078","POINT (-122.389717102 37.772930145)","2025-09-24T09:37:10.000","2025-09-25T09:53:28.000"
"151360606301","2025-09-23T00:43:00.000","2025-09-23T00:00:00.000","00:43","2025","Tuesday","2025-09-23T00:43:00.000","1513606","250534582","252653303","IS","Initial Supplement",,"06301","Larceny Theft","Larceny Theft - From Building","Theft, From Building, <$50","Open or Active","05TH ST \ CLEMENTINA ST","23939000","Southern","South of Market","6","6","37.78070068359375","-122.40392303466797","POINT (-122.403923035 37.780700684)","2025-09-24T09:37:10.000","2025-09-25T09:53:28.000"
"151374606224","2025-09-20T14:30:00.000","2025-09-20T00:00:00.000","14:30","2025","Saturday","2025-09-21T21:29:00.000","1513746","256099958",,"II","Coplogic Initial","true","06224","Larceny Theft","Larceny - From Vehicle","Theft, From Unlocked Vehicle, >$950","Open or Active","17TH ST \ FLORIDA ST","24047000","Mission","Mission","9","9","37.764251708984375","-122.41133117675781","POINT (-122.411331177 37.764251709)","2025-09-24T09:37:10.000","2025-09-25T09:53:28.000"
"151368004014","2025-09-18T10:10:00.000","2025-09-18T00:00:00.000","10:10","2025","Thursday","2025-09-18T10:17:00.000","1513680","250525133","252611201","IS","Initial Supplement",,"04014","Assault","Aggravated Assault","Assault, Aggravated, W/ Force","Cite or Arrest Adult","FARALLONES ST \ ORIZABA AVE","22495000","Taraval","Oceanview/Merced/Ingleside","11","11","37.71403121948242","-122.46258544921875","POINT (-122.462585449 37.714031219)","2025-09-24T09:37:10.000","2025-09-25T09:53:28.000"
"151367474000","2025-09-22T09:00:00.000","2025-09-22T00:00:00.000","09:00","2025","Monday","2025-09-23T10:33:00.000","1513674","250535245","252661078","II","Initial",,"74000","Missing Person","Missing Adult","Missing Adult","Open or Active","21ST ST \ HARRISON ST","23998000","Mission","Mission","9","9","37.75743103027344","-122.41234588623047","POINT (-122.412345886 37.75743103)","2025-09-24T09:37:10.000","2025-09-25T09:53:28.000"
"151385504134","2025-09-23T16:40:00.000","2025-09-23T00:00:00.000","16:40","2025","Tuesday","2025-09-23T17:03:00.000","1513855","250536312","252662696","II","Initial",,"04134","Assault","Simple Assault","Battery","Open or Active","11TH ST \ MINNA ST","24363000","Southern","South of Market","6","6","37.77390670776367","-122.41657257080078","POINT (-122.416572571 37.773906708)","2025-09-24T09:37:10.000","2025-09-25T09:53:28.000"
"151360828160","2025-09-23T03:30:00.000","2025-09-23T00:00:00.000","03:30","2025","Tuesday","2025-09-23T03:30:00.000","1513608","250534827","252660111","IS","Initial Supplement",,"28160","Malicious Mischief","Vandalism","Malicious Mischief, Vandalism to Vehicle","Cite or Arrest Adult","24TH AVE \ SANTIAGO ST","23262000","Taraval","Sunset/Parkside","4","4","37.74468231201172","-122.4811782836914","POINT (-122.481178284 37.744682312)","2025-09-24T09:37:10.000","2025-09-25T09:53:28.000"
"151348562050","2025-09-22T13:06:00.000","2025-09-22T00:00:00.000","13:06","2025","Monday","2025-09-22T13:06:00.000","1513485","250533697","252651750","II","Initial",,"62050","Warrant","Warrant","Warrant Arrest, Enroute To Outside Jurisdiction","Cite or Arrest Adult","10TH ST \ MISSION ST","24414000","Mission","South of Market","6","6","37.775272369384766","-122.41590881347656","POINT (-122.415908813 37.775272369)","2025-09-24T09:37:10.000","2025-09-25T09:53:28.000"
"151377619090","2025-09-23T12:31:00.000","2025-09-23T00:00:00.000","12:31","2025","Tuesday","2025-09-23T12:31:00.000","1513776","250535778","252661690","II","Initial",,"19090","Disorderly Conduct","Drunkenness","Alcohol, Under Influence Of In Public Place","Cite or Arrest Adult","BROADWAY \ ROMOLO ST","25319000","Central","North Beach","3","3","37.79792022705078","-122.40623474121094","POINT (-122.406234741 37.797920227)","2025-09-24T09:37:10.000","2025-09-25T09:53:28.000"
"160110906373","2026-09-21T11:43:00.000","2026-09-21T00:00:00.000","11:43","2026","Monday","2026-09-21T11:43:00.000","1601109","260553215","262641553","II","Initial",,"06373","Larceny Theft","Larceny Theft - Other","Theft, Other Property, $200-$950","Open or Active","MASON ST \ OFARRELL ST","24913000","Tenderloin","Tenderloin","5","6","37.78620147705078","-122.40968322753906","POINT (-122.409683228 37.786201477)","2026-09-22T09:46:49.000","2026-09-23T10:00:34.000"
"160107063010","2026-09-21T08:08:00.000","2026-09-21T00:00:00.000","08:08","2026","Monday","2026-09-21T08:08:00.000","1601070","260552574","262640792","II","Initial",,"63010","Warrant","Other","Warrant Arrest, Local SF Warrant","Cite or Arrest Adult","14TH ST \ FOLSOM ST","24336000","Southern","Mission","9","9","37.76853561401367","-122.41561126708984","POINT (-122.415611267 37.768535614)","2026-09-22T09:46:49.000","2026-09-23T10:00:34.000"
"160112127195","2026-09-21T09:22:00.000","2026-09-21T00:00:00.000","09:22","2026","Monday","2026-09-21T09:30:00.000","1601121","260553209","262641049","II","Initial",,"27195","Other Miscellaneous","Trespass","Trespassing","Open or Active","13TH ST \ SOUTH VAN NESS AVE","24241000","Mission","Mission","6","9","37.769813537597656","-122.41775512695312","POINT (-122.417755127 37.769813538)","2026-09-22T09:46:49.000","2026-09-23T10:00:34.000"
"160104162050","2026-09-21T06:55:00.000","2026-09-21T00:00:00.000","06:55","2026","Monday","2026-09-21T06:55:00.000","1601041","260552449","262640604","II","Initial",,"62050","Warrant","Warrant","Warrant Arrest, Enroute To Outside Jurisdiction","Cite or Arrest Adult","JESSIE ST \ MINT PLZ \ MINT ST","24866000","Tenderloin","South of Market","6","6","37.78261184692383","-122.40769958496094","POINT (-122.407699585 37.782611847)","2026-09-22T09:46:49.000","2026-09-23T10:00:34.000"
"160120616710","2026-09-21T16:29:00.000","2026-09-21T00:00:00.000","16:29","2026","Monday","2026-09-21T16:29:00.000","1601206","260553889","262642594","II","Initial",,"16710","Drug Offense","Drug Violation","Narcotics Paraphernalia, Possession of","Cite or Arrest Adult","16TH ST \ WIESE ST","24180000","Mission","Mission","9","9","37.7650032043457","-122.42047882080078","POINT (-122.420478821 37.765003204)","2026-09-22T09:46:49.000","2026-09-23T10:00:34.000"
"160106216740","2026-09-21T11:00:00.000","2026-09-21T00:00:00.000","11:00","2026","Monday","2026-09-21T11:00:00.000","1601062","260549117","262621673","IS","Initial Supplement",,"16740","Drug Offense","Drug Violation","Controlled Substance, Under the Influence of","Cite or Arrest Adult","17TH ST \ CAROLINA ST","23750000","Southern","Potrero Hill","10","10","37.764896392822266","-122.400634765625","POINT (-122.400634766 37.764896393)","2026-09-22T09:46:49.000","2026-09-23T10:00:34.000"
"160118106154","2026-09-20T14:45:00.000","2026-09-20T00:00:00.000","14:45","2026","Sunday","2026-09-21T18:11:00.000","1601181","260554097","262642927","II","Initial",,"06154","Larceny Theft","Larceny Theft - Other","Theft, From Person, >$950 (other than Pickpocket)","Open or Active","PACIFIC AVE \ STOCKTON ST","25053000","Central","Chinatown","3","3","37.79670333862305","-122.40843200683594","POINT (-122.408432007 37.796703339)","2026-09-22T09:46:49.000","2026-09-23T10:00:34.000"
"160103516710","2026-09-21T08:55:00.000","2026-09-21T00:00:00.000","08:55","2026","Monday","2026-09-21T08:55:00.000","1601035","260549026","262621538","IS","Initial Supplement",,"16710","Drug Offense","Drug Violation","Narcotics Paraphernalia, Possession of","Cite or Arrest Adult","17TH ST \ CAROLINA ST","23750000","Southern","Potrero Hill","10","10","37.764896392822266","-122.400634765625","POINT (-122.400634766 37.764896393)","2026-09-22T09:46:49.000","2026-09-23T10:00:34.000"
"160126806374","2026-09-09T17:00:00.000","2026-09-09T00:00:00.000","17:00","2026","Wednesday","2026-09-16T17:41:00.000","1601268","266108408",,"II","Coplogic Initial","true","06374","Larceny Theft","Larceny Theft - Other","Theft, Other Property, >$950","Open or Active","BAKER ST \ CLAY ST","26841000","Richmond","Pacific Heights","2","2","37.78945541381836","-122.44412231445312","POINT (-122.444122314 37.789455414)","2026-09-22T09:46:49.000","2026-09-23T10:00:34.000"
"160103905171","2026-09-18T14:00:00.000","2026-09-18T00:00:00.000","14:00","2026","Friday","2026-09-21T04:57:00.000","1601039","260552455","262640408","II","Initial",,"05171","Burglary","Burglary - Other","Burglary, Other Bldg. Under Constr., Forcible Entry","Open or Active","FELL ST \ VAN NESS AVE","24448000","Northern","Hayes Valley","5","5","37.7763671875","-122.41950988769531","POINT (-122.419509888 37.776367188)","2026-09-22T09:46:49.000","2026-09-23T10:00:34.000"
"160110368020","2026-09-21T12:40:00.000","2026-09-21T00:00:00.000","12:40","2026","Monday","2026-09-21T12:40:00.000","1601103","260553293","262641778","II","Initial",,"68020","Miscellaneous Investigation","Miscellaneous Investigation","Miscellaneous Investigation","Open or Active","EDDY ST \ JONES ST","24929000","Tenderloin","Tenderloin","5","6","37.783931732177734","-122.41259765625","POINT (-122.412597656 37.783931732)","2026-09-22T09:46:49.000","2026-09-23T10:00:34.000"
"160107230190","2026-09-21T10:32:00.000","2026-09-21T00:00:00.000","10:32","2026","Monday","2026-09-21T10:32:00.000","1601072","260552897","262641298","II","Initial",,"30190","Other Offenses","Other","Municipal Police Code Violation (general)","Cite or Arrest Adult","16TH ST \ WIESE ST","24180000","Mission","Mission","9","9","37.7650032043457","-122.42047882080078","POINT (-122.420478821 37.765003204)","2026-09-22T09:46:49.000","2026-09-23T10:00:34.000"
"160106116710","2026-09-19T12:40:00.000","2026-09-19T00:00:00.000","12:40","2026","Saturday","2026-09-19T12:40:00.000","1601061","260549117","262621673","II","Initial",,"16710","Drug Offense","Drug Violation","Narcotics Paraphernalia, Possession of","Cite or Arrest Adult","OLIVE ST \ VAN NESS AVE","25193000","Northern","Tenderloin","5","5","37.7843017578125","-122.4210205078125","POINT (-122.421020508 37.784301758)","2026-09-22T09:46:49.000","2026-09-23T10:00:34.000"
"160110561030","2026-09-19T10:00:00.000","2026-09-19T00:00:00.000","10:00","2026","Saturday","2026-09-21T10:46:00.000","1601105","260552988","262641346","II","Initial",,"61030","Other","Other","Death Report, Cause Unknown","Open or Active","40TH AVE \ YORBA ST","23428000","Taraval","Sunset/Parkside","4","4","37.734615325927734","-122.49766540527344","POINT (-122.497665405 37.734615326)","2026-09-22T09:46:49.000","2026-09-23T10:00:34.000"
"160103716740","2026-09-20T18:00:00.000","2026-09-20T00:00:00.000","18:00","2026","Sunday","2026-09-21T09:00:00.000","1601037","260546464","262611573","IS","Initial Supplement",,"16740","Drug Offense","Drug Violation","Controlled Substance, Under the Influence of","Cite or Arrest Adult","17TH ST \ CAROLINA ST","23750000","Southern","Potrero Hill","10","10","37.764896392822266","-122.400634765625","POINT (-122.400634766 37.764896393)","2026-09-22T09:46:49.000","2026-09-23T10:00:34.000"
"160127971000","2026-09-07T16:00:00.000","2026-09-07T00:00:00.000","16:00","2026","Monday","2026-09-09T10:27:00.000","1601279","266108254",,"II","Coplogic Initial","true","71000","Lost Property","Lost Property","Lost Property","Open or Active","BRODERICK ST \ POST ST","26806000","Richmond","Japantown","2","5","37.78410720825195","-122.44134521484375","POINT (-122.441345215 37.784107208)","2026-09-22T09:46:49.000","2026-09-23T10:00:34.000"
"160123906304","2026-09-21T17:00:00.000","2026-09-21T00:00:00.000","17:00","2026","Monday","2026-09-21T22:47:00.000","1601239","260554592","262643578","II","Initial",,"06304","Larceny Theft","Larceny Theft - From Building","Theft, From Building, >$950","Open or Active","BRODERICK ST \ GEARY BLVD","26803000","Richmond","Western Addition","2","5","37.783164978027344","-122.44115447998047","POINT (-122.44115448 37.783164978)","2026-09-22T09:46:49.000","2026-09-23T10:00:34.000"
"160115075000","2026-09-21T15:50:00.000","2026-09-21T00:00:00.000","15:50","2026","Monday","2026-09-21T15:50:00.000","1601150","260548250","262613736","IS","Initial Supplement",,"75000","Missing Person","Missing Person","Found Person","Open or Active","EDDY ST \ JONES ST","24929000","Tenderloin","Tenderloin","5","6","37.783931732177734","-122.41259765625","POINT (-122.412597656 37.783931732)","2026-09-22T09:46:49.000","2026-09-23T10:00:34.000"
"152272871000","2025-10-31T16:30:00.000","2025-10-31T00:00:00.000","16:30","2025","Friday","2025-10-31T17:43:00.000","1522728","250613584","253042565","II","Initial",,"71000","Lost Property","Lost Property","Lost Property","Open or Active","EMERSON ST \ GEARY BLVD","26900000","Richmond","Lone Mountain/USF","2","1","37.7824821472168","-122.44806671142578","POINT (-122.448066711 37.782482147)","2025-11-04T09:37:41.000","2025-11-05T09:59:28.000"
"152284861030","2025-10-31T11:34:00.000","2025-10-31T00:00:00.000","11:34","2025","Friday","2025-11-01T05:56:00.000","1522848","250614601","253050738","II","Initial",,"61030","Other","Other","Death Report, Cause Unknown","Open or Active","CARRIZAL ST \ VELASCO AVE","20424000","Ingleside","Visitacion Valley","10","10","37.71018600463867","-122.42020416259766","POINT (-122.420204163 37.710186005)","2025-11-04T09:37:41.000","2025-11-05T09:59:28.000"
"160108405013","2026-08-22T12:00:00.000","2026-08-22T00:00:00.000","12:00","2026","Saturday","2026-09-21T09:08:00.000","1601084","260552881","262640987","II","Initial",,"05013","Burglary","Burglary - Residential","Burglary, Apartment House, Unlawful Entry","Open or Active","SACRAMENTO ST \ VAN NESS AVE","26536000","Northern","Nob Hill","3","3","37.791290283203125","-122.42251586914062","POINT (-122.422515869 37.791290283)","2026-09-22T09:46:49.000","2026-09-23T10:00:34.000"
"160102004134","2026-09-21T04:00:00.000","2026-09-21T00:00:00.000","04:00","2026","Monday","2026-09-21T04:04:00.000","1601020","260552392","262640337","II","Initial",,"04134","Assault","Simple Assault","Battery","Cite or Arrest Adult","14TH AVE \ FULTON ST","27447000","Richmond","Outer Richmond","1","1","37.77311325073242","-122.47229766845703","POINT (-122.472297668 37.773113251)","2026-09-22T09:46:49.000","2026-09-23T10:00:34.000"
"160102516740","2026-09-20T18:00:00.000","2026-09-20T00:00:00.000","18:00","2026","Sunday","2026-09-21T07:30:00.000","1601025","260546373","262611469","IS","Initial Supplement",,"16740","Drug Offense","Drug Violation","Controlled Substance, Under the Influence of","Cite or Arrest Adult","17TH ST \ CAROLINA ST","23750000","Southern","Potrero Hill","10","10","37.764896392822266","-122.400634765625","POINT (-122.400634766 37.764896393)","2026-09-22T09:46:49.000","2026-09-23T10:00:34.000"
"159923609027","2026-07-27T00:00:00.000","2026-07-27T00:00:00.000","00:00","2026","Monday","2026-08-31T00:00:00.000","1599236","269002936",,"II","Initial",,"09027","Fraud","Fraud","False Personation","Open or Active",,,"Out of SF",,,,,,,"2026-09-22T09:46:49.000","2026-09-23T10:00:34.000"
"160113963010","2026-09-21T09:13:00.000","2026-09-21T00:00:00.000","09:13","2026","Monday","2026-09-21T09:13:00.000","1601139","260552693","262641008","II","Initial",,"63010","Warrant","Other","Warrant Arrest, Local SF Warrant","Cite or Arrest Adult","08TH ST \ HOWARD ST","24299000","Southern","South of Market","6","6","37.776222229003906","-122.41160583496094","POINT (-122.411605835 37.776222229)","2026-09-22T09:46:49.000","2026-09-23T10:00:34.000"
"160122311012","2026-09-21T18:58:00.000","2026-09-21T00:00:00.000","18:58","2026","Monday","2026-09-21T18:58:00.000","1601223","260554213","262643072","II","Initial",,"11012","Stolen Property","Stolen Property","Stolen Property, Possession with Knowledge, Receiving","Cite or Arrest Adult","MARKET ST \ MASON ST \ TURK ST","24898000","Tenderloin","South of Market","6","6","37.783287048339844","-122.40895080566406","POINT (-122.408950806 37.783287048)","2026-09-22T09:46:49.000","2026-09-23T10:00:34.000"
"160105607023","2026-09-20T18:00:00.000","2026-09-20T00:00:00.000","18:00","2026","Sunday","2026-09-21T10:31:00.000","1601056","260552875","262641296","VI","Vehicle Initial",,"07023","Motor Vehicle Theft","Motor Vehicle Theft","Vehicle, Stolen, Motorcycle","Open or Active","44TH AVE \ GEARY BLVD","27986000","Richmond","Outer Richmond","1","1","37.77915954589844","-122.50508880615234","POINT (-122.505088806 37.779159546)","2026-09-22T09:46:49.000","2026-09-23T10:00:34.000"
"160068916710","2026-09-19T12:28:00.000","2026-09-19T00:00:00.000","12:28","2026","Saturday","2026-09-19T12:28:00.000","1600689","260549076","262621630","II","Initial",,"16710","Drug Offense","Drug Violation","Narcotics Paraphernalia, Possession of","Cite or Arrest Adult","LARKIN ST \ OFARRELL ST","25152000","Tenderloin","Tenderloin","5","6","37.7851676940918","-122.41790008544922","POINT (-122.417900085 37.785167694)","2026-09-22T09:46:49.000","2026-09-23T10:00:34.000"
"160117068020","2026-06-20T00:00:00.000","2026-06-20T00:00:00.000","00:00","2026","Saturday","2026-09-21T16:05:00.000","1601170","260553801","262642495","II","Initial",,"68020","Miscellaneous Investigation","Miscellaneous Investigation","Miscellaneous Investigation","Open or Active","ARBALLO DR \ PINTO AVE","23104000","Taraval","Lakeshore","7","7","37.72045135498047","-122.48301696777344","POINT (-122.483016968 37.720451355)","2026-09-22T09:46:49.000","2026-09-23T10:00:34.000"
"160116063010","2026-09-21T14:57:00.000","2026-09-21T00:00:00.000","14:57","2026","Monday","2026-09-21T14:57:00.000","1601160","260553691","262642128","II","Initial",,"63010","Warrant","Other","Warrant Arrest, Local SF Warrant","Cite or Arrest Adult","07TH ST \ BRYANT ST","23875000","Southern","South of Market","6","6","37.7742805480957","-122.40474700927734","POINT (-122.404747009 37.774280548)","2026-09-22T09:46:49.000","2026-09-23T10:00:34.000"
"160127509031","2026-09-10T09:35:00.000","2026-09-10T00:00:00.000","09:35","2026","Thursday","2026-09-13T09:56:00.000","1601275","266108282",,"II","Coplogic Initial","true","09031","Stolen Property","Stolen Property","Money, Property or Labor, Fraudulently Obtaining","Open or Active","17TH AVE \ CLEMENT ST","27502000","Richmond","Outer Richmond","1","1","37.782405853271484","-122.47630310058594","POINT (-122.476303101 37.782405853)","2026-09-22T09:46:49.000","2026-09-23T10:00:34.000"
"160103104012","2026-09-21T08:01:00.000","2026-09-21T00:00:00.000","08:01","2026","Monday","2026-09-21T08:01:00.000","1601031","260552518","262640771","II","Initial",,"04012","Assault","Aggravated Assault","Assault, Aggravated, W/ Knife","Open or Active","08TH ST \ HOWARD ST","24299000","Southern","South of Market","6","6","37.776222229003906","-122.41160583496094","POINT (-122.411605835 37.776222229)","2026-09-22T09:46:49.000","2026-09-23T10:00:34.000"
"160118605073","2026-09-20T19:40:00.000","2026-09-20T00:00:00.000","19:40","2026","Sunday","2026-09-21T13:27:00.000","1601186","260553914","262641943","II","Initial",,"05073","Burglary","Burglary - Other","Burglary, Other Bldg., Unlawful Entry","Open or Active","SACRAMENTO ST \ VAN NESS AVE","26536000","Northern","Nob Hill","3","3","37.791290283203125","-122.42251586914062","POINT (-122.422515869 37.791290283)","2026-09-22T09:46:49.000","2026-09-23T10:00:34.000"
"160104509264","2026-06-15T12:00:00.000","2026-06-15T00:00:00.000","12:00","2026","Monday","2026-09-21T09:23:00.000","1601045","260552687","262641043","II","Initial",,"09264","Fraud","Fraud","Computer System, Accessing, Copying, or Damaging","Open or Active","BOSWORTH ST \ MARSILY ST","21850000","Ingleside","Outer Mission","8","8","37.73355484008789","-122.42769622802734","POINT (-122.427696228 37.73355484)","2026-09-22T09:46:49.000","2026-09-23T10:00:34.000"
"160109427195","2026-09-21T00:00:00.000","2026-09-21T00:00:00.000","00:00","2026","Monday","2026-09-21T10:05:00.000","1601094","260553180","262641198","II","Initial",,"27195","Other Miscellaneous","Trespass","Trespassing","Cite or Arrest Adult","KANSAS ST \ MARIPOSA ST","23772000","Southern","Potrero Hill","10","10","37.76344680786133","-122.40341186523438","POINT (-122.403411865 37.763446808)","2026-09-22T09:46:49.000","2026-09-23T10:00:34.000"
"160118568050","2026-09-21T16:48:00.000","2026-09-21T00:00:00.000","16:48","2026","Monday","2026-09-21T16:51:00.000","1601185","260554025","262642674","II","Initial",,"68050","Traffic Collision","Traffic Collision","Traffic Collision","Cite or Arrest Adult","LA SALLE AVE \ MENDELL ST","20211000","Bayview","Bayview Hunters Point","10","10","37.73648452758789","-122.38865661621094","POINT (-122.388656616 37.736484528)","2026-09-22T09:46:49.000","2026-09-23T10:00:34.000"
"160116971010","2026-06-01T12:00:00.000","2026-06-01T00:00:00.000","12:00","2026","Monday","2026-09-21T15:23:00.000","1601169","260553710","262642342","VI","Vehicle Initial",,"71010","Other Offenses","Other Offenses","License Plate, Lost","Open or Active",,,"Tenderloin",,,,,,,"2026-09-22T09:46:49.000","2026-09-23T10:00:34.000"
"160112609320","2026-09-14T09:40:00.000","2026-09-14T00:00:00.000","09:40","2026","Monday","2026-09-21T13:50:00.000","1601126","260553566","262642019","II","Initial",,"09320","Fraud","Fraud","Access Card, incl. Credit, Phone, ATM, Fraudulent Use of","Open or Active","CALIFORNIA ST \ PRESIDIO AVE","26846000","Richmond","Presidio Heights","2","2","37.787261962890625","-122.44679260253906","POINT (-122.446792603 37.787261963)","2026-09-22T09:46:49.000","2026-09-23T10:00:34.000"
"160105864015","2026-09-21T09:40:00.000","2026-09-21T00:00:00.000","09:40","2026","Monday","2026-09-21T09:46:00.000","1601058","260552762","262641121","II","Initial",,"64015","Non-Criminal","Other","Aided Case, Injured or Sick Person","Open or Active","04TH ST \ TOWNSEND ST","23821000","Southern","South of Market","6","6","37.7770881652832","-122.39498138427734","POINT (-122.394981384 37.777088165)","2026-09-22T09:46:49.000","2026-09-23T10:00:34.000"
"160105416710","2026-09-21T10:30:00.000","2026-09-21T00:00:00.000","10:30","2026","Monday","2026-09-21T10:30:00.000","1601054","260549076","262621630","IS","Initial Supplement",,"16710","Drug Offense","Drug Violation","Narcotics Paraphernalia, Possession of","Cite or Arrest Adult","17TH ST \ CAROLINA ST","23750000","Southern","Potrero Hill","10","10","37.764896392822266","-122.400634765625","POINT (-122.400634766 37.764896393)","2026-09-22T09:46:49.000","2026-09-23T10:00:34.000"
"160121626080","2026-09-21T20:22:00.000","2026-09-21T00:00:00.000","20:22","2026","Monday","2026-09-21T20:30:00.000","1601216","260554376","262643292","II","Initial",,"26080","Other Miscellaneous","Other","Conspiracy","Cite or Arrest Adult","POWELL ST \ VALLEJO ST","25411000","Central","Chinatown","3","3","37.79837417602539","-122.41045379638672","POINT (-122.410453796 37.798374176)","2026-09-22T09:46:49.000","2026-09-23T10:00:34.000"
"160122962050","2026-09-21T23:32:00.000","2026-09-21T00:00:00.000","23:32","2026","Monday","2026-09-21T23:32:00.000","1601229","260554514","262643676","II","Initial",,"62050","Warrant","Warrant","Warrant Arrest, Enroute To Outside Jurisdiction","Cite or Arrest Adult","CHESTNUT ST \ LAGUNA ST","26740000","Northern","Marina","2","2","37.80144500732422","-122.43131256103516","POINT (-122.431312561 37.801445007)","2026-09-22T09:46:49.000","2026-09-23T10:00:34.000"
"160116262050","2026-09-21T17:00:00.000","2026-09-21T00:00:00.000","17:00","2026","Monday","2026-09-21T17:00:00.000","1601162","260553942","262642700","II","Initial",,"62050","Warrant","Warrant","Warrant Arrest, Enroute To Outside Jurisdiction","Cite or Arrest Adult","LEAVENWORTH ST \ UNITED NATIONS PLZ","30044000","Tenderloin","Tenderloin","5","6","37.779991149902344","-122.41349029541016","POINT (-122.413490295 37.77999115)","2026-09-22T09:46:49.000","2026-09-23T10:00:34.000"
"159139607026","2026-02-13T16:00:00.000","2026-02-13T00:00:00.000","16:00","2026","Friday","2026-02-20T13:57:00.000","1591396","260100333","260511807","VS","Vehicle Supplement",,"07026","Motor Vehicle Theft","Motor Vehicle Theft","Vehicle, Stolen, Other Vehicle","Open or Active","17TH ST \ EUREKA ST","25831000","Park","Castro/Upper Market","8","8","37.762290954589844","-122.43841552734375","POINT (-122.438415527 37.762290955)","2026-09-22T09:46:49.000","2026-09-23T10:00:34.000"
"160106409029","2026-06-03T09:00:00.000","2026-06-03T00:00:00.000","09:00","2026","Wednesday","2026-09-21T11:01:00.000","1601064","260552972","262641401","II","Initial",,"09029","Fraud","Fraud","False Personation to Receive Money or Property","Open or Active","BRUNSWICK ST \ POPE ST","21453000","Ingleside","Excelsior","11","11","37.71147537231445","-122.44010925292969","POINT (-122.440109253 37.711475372)","2026-09-22T09:46:49.000","2026-09-23T10:00:34.000"
"160126928150","2026-09-21T05:20:00.000","2026-09-21T00:00:00.000","05:20","2026","Monday","2026-09-21T09:56:00.000","1601269","266108505",,"II","Coplogic Initial","true","28150","Malicious Mischief","Vandalism","Malicious Mischief, Vandalism to Property","Open or Active","BROADWAY \ LAGUNA ST","26578000","Northern","Pacific Heights","2","2","37.79489517211914","-122.42999267578125","POINT (-122.429992676 37.794895172)","2026-09-22T09:46:49.000","2026-09-23T10:00:34.000"
"160128206244","2026-09-18T23:00:00.000","2026-09-18T00:00:00.000","23:00","2026","Friday","2026-09-21T16:46:00.000","1601282","266108038",,"IS","Coplogic Supplement","true","06244","Larceny Theft","Larceny - From Vehicle","Theft, From Locked Vehicle, >$950","Open or Active","GOUGH ST \ JACKSON ST","26546000","Northern","Pacific Heights","2","2","37.79351806640625","-122.42633819580078","POINT (-122.426338196 37.793518066)","2026-09-22T09:46:49.000","2026-09-23T10:00:34.000"
"160124065010","2026-08-25T21:05:00.000","2026-08-25T00:00:00.000","21:05","2026","Tuesday","2026-08-25T21:18:00.000","1601240","260554649","262373385","II","Initial",,"65010","Traffic Violation Arrest","Traffic Violation Arrest","Traffic Violation Arrest","Cite or Arrest Adult","GRANT AVE \ VALLEJO ST","25325000","Central","North Beach","3","3","37.79877471923828","-122.4072036743164","POINT (-122.407203674 37.798774719)","2026-09-22T09:46:49.000","2026-09-23T10:00:34.000"
"160126606244","2026-09-19T01:10:00.000","2026-09-19T00:00:00.000","01:10","2026","Saturday","2026-09-21T16:11:00.000","1601266","266108549",,"II","Coplogic Initial","true","06244","Larceny Theft","Larceny - From Vehicle","Theft, From Locked Vehicle, >$950","Open or Active","FILBERT ST \ VAN NESS AVE","26685000","Northern","Russian Hill","3","2","37.79948425292969","-122.4241714477539","POINT (-122.424171448 37.799484253)","2026-09-22T09:46:49.000","2026-09-23T10:00:34.000"
"160113416710","2026-09-21T11:26:00.000","2026-09-21T00:00:00.000","11:26","2026","Monday","2026-09-21T11:26:00.000","1601134","260553124","262641494","II","Initial",,"16710","Drug Offense","Drug Violation","Narcotics Paraphernalia, Possession of","Cite or Arrest Adult","06TH ST \ MISSION ST","24293000","Southern","South of Market","6","6","37.78097152709961","-122.40870666503906","POINT (-122.408706665 37.780971527)","2026-09-22T09:46:49.000","2026-09-23T10:00:34.000"
"160115406362","2026-09-21T15:22:00.000","2026-09-21T00:00:00.000","15:22","2026","Monday","2026-09-21T15:22:00.000","1601154","260553754","262642340","II","Initial",,"06362","Larceny Theft","Larceny Theft - Shoplifting","Theft, Shoplifting, $50-$200","Cite or Arrest Adult","19TH AVE \ BUCKINGHAM WAY","23068000","Taraval","Lakeshore","7","7","37.72569274902344","-122.47510528564453","POINT (-122.475105286 37.725692749)","2026-09-22T09:46:49.000","2026-09-23T10:00:34.000"
"160116707020","2026-01-15T10:00:00.000","2026-01-15T00:00:00.000","10:00","2026","Thursday","2026-09-21T17:15:00.000","1601167","260553986","262642743","VI","Vehicle Initial",,"07020","Motor Vehicle Theft","Motor Vehicle Theft","Vehicle, Stolen & Recovered","Open or Active","HOLLY PARK CIR \ PARK ST","21256000","Ingleside","Bernal Heights","9","9","37.736534118652344","-122.42098999023438","POINT (-122.42098999 37.736534119)","2026-09-22T09:46:49.000","2026-09-23T10:00:34.000"
"160119304134","2026-09-21T15:36:00.000","2026-09-21T00:00:00.000","15:36","2026","Monday","2026-09-21T15:43:00.000","1601193","260553798","262642404","II","Initial",,"04134","Assault","Simple Assault","Battery","Cite or Arrest Adult","04TH ST \ MISSION ST","24632000","Southern","South of Market","6","6","37.78447723388672","-122.40426635742188","POINT (-122.404266357 37.784477234)","2026-09-22T09:46:49.000","2026-09-23T10:00:34.000"
"160112271000","2026-08-13T21:00:00.000","2026-08-13T00:00:00.000","21:00","2026","Thursday","2026-09-21T12:30:00.000","1601122","260553265","262641738","II","Initial",,"71000","Lost Property","Lost Property","Lost Property","Open or Active","17TH ST \ CASTRO ST \ MARKET ST","25814000","Mission","Castro/Upper Market","8","8","37.762672424316406","-122.43518829345703","POINT (-122.435188293 37.762672424)","2026-09-22T09:46:49.000","2026-09-23T10:00:34.000"
"160111661030","2026-09-21T12:06:00.000","2026-09-21T00:00:00.000","12:06","2026","Monday","2026-09-21T12:07:00.000","1601116","260553403","262641803","II","Initial",,"61030","Other","Other","Death Report, Cause Unknown","Open or Active","BAKER ST \ SUTTER ST","26815000","Richmond","Japantown","5","2","37.784828186035156","-122.44318389892578","POINT (-122.443183899 37.784828186)","2026-09-22T09:46:49.000","2026-09-23T10:00:34.000"
"160115107026","2026-08-28T12:00:00.000","2026-08-28T00:00:00.000","12:00","2026","Friday","2026-09-21T15:55:00.000","1601151","260553776","262642449","VI","Vehicle Initial",,"07026","Motor Vehicle Theft","Motor Vehicle Theft","Vehicle, Stolen, Other Vehicle","Open or Active","17TH ST \ HOFF ST","24176000","Mission","Mission","9","9","37.76337432861328","-122.4204330444336","POINT (-122.420433044 37.763374329)","2026-09-22T09:46:49.000","2026-09-23T10:00:34.000"
"160117704134","2026-09-21T16:30:00.000","2026-09-21T00:00:00.000","16:30","2026","Monday","2026-09-21T16:34:00.000","1601177","260553936","262642615","II","Initial",,"04134","Assault","Simple Assault","Battery","Open or Active","04TH ST \ ELLIS ST \ MARKET ST \ STOCKTON ST","24892000","Tenderloin","South of Market","6","6","37.785743713378906","-122.40583038330078","POINT (-122.405830383 37.785743713)","2026-09-22T09:46:49.000","2026-09-23T10:00:34.000"
"160100468020","2026-09-21T03:13:00.000","2026-09-21T00:00:00.000","03:13","2026","Monday","2026-09-21T03:13:00.000","1601004","260552342","262640264","II","Initial",,"68020","Miscellaneous Investigation","Miscellaneous Investigation","Miscellaneous Investigation","Open or Active","GATEVIEW AVE \ NORTHPOINT DR","34118000","Southern","Treasure Island","6","6","37.82961654663086","-122.37317657470703","POINT (-122.373176575 37.829616547)","2026-09-22T09:46:49.000","2026-09-23T10:00:34.000"
"160116865014","2026-08-15T20:57:00.000","2026-08-15T00:00:00.000","20:57","2026","Saturday","2026-08-15T20:57:00.000","1601168","260468686","262272884","IS","Initial Supplement",,"65014","Other Miscellaneous","Other","Driving, Reckless, with Injury","Open or Active","FAIR AVE \ MISSION ST","21337000","Ingleside","Bernal Heights","9","9","37.7455940246582","-122.41988372802734","POINT (-122.419883728 37.745594025)","2026-09-22T09:46:49.000","2026-09-23T10:00:34.000"
"160111128100","2026-09-21T10:39:00.000","2026-09-21T00:00:00.000","10:39","2026","Monday","2026-09-21T10:39:00.000","1601111","260553027","262641317","II","Initial",,"28100","Malicious Mischief","Vandalism","Malicious Mischief, Breaking Windows","Open or Active","04TH ST \ KING ST","23798000","Southern","Mission Bay","6","6","37.77633285522461","-122.39403533935547","POINT (-122.394035339 37.776332855)","2026-09-22T09:46:49.000","2026-09-23T10:00:34.000"
"160115606301","2026-09-20T06:29:00.000","2026-09-20T00:00:00.000","06:29","2026","Sunday","2026-09-21T16:30:00.000","1601156","260553845","262642546","II","Initial",,"06301","Larceny Theft","Larceny Theft - From Building","Theft, From Building, <$50","Open or Active","ALVARADO ST \ SANCHEZ ST","25666000","Mission","Noe Valley","8","8","37.75395584106445","-122.42988586425781","POINT (-122.429885864 37.753955841)","2026-09-22T09:46:49.000","2026-09-23T10:00:34.000"
"160122719057","2026-09-21T23:00:00.000","2026-09-21T00:00:00.000","23:00","2026","Monday","2026-09-21T23:09:00.000","1601227","260554489","262643608","II","Initial",,"19057","Disorderly Conduct","Intimidation","Terrorist Threats","Open or Active","GENEVA AVE \ MISSION ST","21486000","Ingleside","Excelsior","11","11","37.716461181640625","-122.4410171508789","POINT (-122.441017151 37.716461182)","2026-09-22T09:46:49.000","2026-09-23T10:00:34.000"
"160117371000","2026-07-26T00:00:00.000","2026-07-26T00:00:00.000","00:00","2026","Sunday","2026-09-21T17:40:00.000","1601173","260553992","262642767","II","Initial",,"71000","Lost Property","Lost Property","Lost Property","Open or Active","31ST AVE \ NORIEGA ST","27676000","Taraval","Sunset/Parkside","4","4","37.7536735534668","-122.48932647705078","POINT (-122.489326477 37.753673553)","2026-09-22T09:46:49.000","2026-09-23T10:00:34.000"
"160102128100","2026-09-20T22:02:00.000","2026-09-20T00:00:00.000","22:02","2026","Sunday","2026-09-21T05:43:00.000","1601021","260552411","262640481","II","Initial",,"28100","Malicious Mischief","Vandalism","Malicious Mischief, Breaking Windows","Open or Active","EDDY ST \ TAYLOR ST","24925000","Tenderloin","Tenderloin","5","6","37.784141540527344","-122.41094970703125","POINT (-122.410949707 37.784141541)","2026-09-22T09:46:49.000","2026-09-23T10:00:34.000"
"160121316710","2026-09-21T14:14:00.000","2026-09-21T00:00:00.000","14:14","2026","Monday","2026-09-21T14:14:00.000","1601213","260553629","262642088","II","Initial",,"16710","Drug Offense","Drug Violation","Narcotics Paraphernalia, Possession of","Cite or Arrest Adult","17TH ST \ SOUTH VAN NESS AVE","24139000","Mission","Mission","9","9","37.763572692871094","-122.4173355102539","POINT (-122.41733551 37.763572693)","2026-09-22T09:46:49.000","2026-09-23T10:00:34.000"
"160118816710","2026-09-21T14:50:00.000","2026-09-21T00:00:00.000","14:50","2026","Monday","2026-09-21T14:50:00.000","1601188","260553732","262642223","II","Initial",,"16710","Drug Offense","Drug Violation","Narcotics Paraphernalia, Possession of","Cite or Arrest Adult","BECKETT ST \ PACIFIC AVE","24793000","Central","Chinatown","3","3","37.79694366455078","-122.40652465820312","POINT (-122.406524658 37.796943665)","2026-09-22T09:46:49.000","2026-09-23T10:00:34.000"
"160104704082","2026-09-21T08:54:00.000","2026-09-21T00:00:00.000","08:54","2026","Monday","2026-09-21T08:54:00.000","1601047","260552405","262640941","IS","Initial Supplement",,"04082","Assault","Aggravated Assault","Firearm, Discharging at Occupied Bldg, Vehicle, or Aircraft","Cite or Arrest Adult","22ND ST \ VALENCIA ST","24115000","Mission","Mission","9","8","37.75529479980469","-122.42096710205078","POINT (-122.420967102 37.7552948)","2026-09-22T09:46:49.000","2026-09-23T10:00:34.000"
"160125927090","2026-09-21T05:15:00.000","2026-09-21T00:00:00.000","05:15","2026","Monday","2026-09-21T09:19:00.000","1601259","266108583",,"II","Coplogic Initial","true","27090","Larceny Theft","Larceny Theft - Other","Theft, Lost Property, Petty","Open or Active","27TH AVE \ FULTON ST","27525000","Richmond","Golden Gate Park","1","1","37.7724723815918","-122.48633575439453","POINT (-122.486335754 37.772472382)","2026-09-22T09:46:49.000","2026-09-23T10:00:34.000"
"160108665010","2026-09-21T11:28:00.000","2026-09-21T00:00:00.000","11:28","2026","Monday","2026-09-21T11:28:00.000","1601086","260553102","262641504","II","Initial",,"65010","Traffic Violation Arrest","Traffic Violation Arrest","Traffic Violation Arrest","Cite or Arrest Adult","RUTH ST \ WATTSON PL","21754000","Ingleside","Outer Mission","11","11","37.723480224609375","-122.43716430664062","POINT (-122.437164307 37.723480225)","2026-09-22T09:46:49.000","2026-09-23T10:00:34.000"
"160122506313","2026-09-21T22:11:00.000","2026-09-21T00:00:00.000","22:11","2026","Monday","2026-09-21T22:13:00.000","1601225","260554423","262643510","II","Initial",,"06313","Larceny Theft","Larceny Theft - Bicycle","Theft, Bicycle, $200-$950","Open or Active","27TH AVE \ GEARY BLVD","27557000","Richmond","Outer Richmond","1","1","37.77999496459961","-122.48687744140625","POINT (-122.486877441 37.779994965)","2026-09-22T09:46:49.000","2026-09-23T10:00:34.000"
"160111004138","2026-09-21T10:00:00.000","2026-09-21T00:00:00.000","10:00","2026","Monday","2026-09-21T10:03:00.000","1601110","260552831","262641189","II","Initial",,"04138","Assault","Simple Assault","Battery, former Spouse or Dating Relationship","Cite or Arrest Adult","EVANS AVE \ JENNINGS ST \ MIDDLE POINT RD","20177000","Bayview","Bayview Hunters Point","10","10","37.73767852783203","-122.37911224365234","POINT (-122.379112244 37.737678528)","2026-09-22T09:46:49.000","2026-09-23T10:00:34.000"
"160121404134","2026-09-21T20:29:00.000","2026-09-21T00:00:00.000","20:29","2026","Monday","2026-09-21T20:33:00.000","1601214","260554354","262643305","II","Initial",,"04134","Assault","Simple Assault","Battery","Open or Active","MISSION ST \ ROLPH ST","21485000","Ingleside","Outer Mission","11","11","37.71575164794922","-122.4415512084961","POINT (-122.441551208 37.715751648)","2026-09-22T09:46:49.000","2026-09-23T10:00:34.000"
"160116804104","2026-08-15T20:57:00.000","2026-08-15T00:00:00.000","20:57","2026","Saturday","2026-08-15T20:57:00.000","1601168","260468686","262272884","IS","Initial Supplement",,"04104","Assault","Simple Assault","Assault, Non-Aggravated","Open or Active","FAIR AVE \ MISSION ST","21337000","Ingleside","Bernal Heights","9","9","37.7455940246582","-122.41988372802734","POINT (-122.419883728 37.745594025)","2026-09-22T09:46:49.000","2026-09-23T10:00:34.000"
"160104564070","2026-06-15T12:00:00.000","2026-06-15T00:00:00.000","12:00","2026","Monday","2026-09-21T09:23:00.000","1601045","260552687","262641043","II","Initial",,"64070","Suspicious Occ","Suspicious Occ","Suspicious Occurrence","Open or Active","BOSWORTH ST \ MARSILY ST","21850000","Ingleside","Outer Mission","8","8","37.73355484008789","-122.42769622802734","POINT (-122.427696228 37.73355484)","2026-09-22T09:46:49.000","2026-09-23T10:00:34.000"
"160106119095","2026-09-19T12:40:00.000","2026-09-19T00:00:00.000","12:40","2026","Saturday","2026-09-19T12:40:00.000","1601061","260549117","262621673","II","Initial",,"19095","Disorderly Conduct","Drug Violation","Drugs, Under Influence  in a Public Place","Cite or Arrest Adult","OLIVE ST \ VAN NESS AVE","25193000","Northern","Tenderloin","5","5","37.7843017578125","-122.4210205078125","POINT (-122.421020508 37.784301758)","2026-09-22T09:46:49.000","2026-09-23T10:00:34.000"
"160099404013","2026-09-21T02:18:00.000","2026-09-21T00:00:00.000","02:18","2026","Monday","2026-09-21T02:18:00.000","1600994","260552267","262640195","II","Initial",,"04013","Assault","Aggravated Assault","Assault, Aggravated, W/ Other Weapon","Open or Active","03RD ST \ OAKDALE AVE","20659000","Bayview","Bayview Hunters Point","10","10","37.734798431396484","-122.39069366455078","POINT (-122.390693665 37.734798431)","2026-09-22T09:46:49.000","2026-09-23T10:00:34.000"
"160122206304","2026-09-21T22:10:00.000","2026-09-21T00:00:00.000","22:10","2026","Monday","2026-09-21T22:44:00.000","1601222","260554439","262643569","II","Initial",,"06304","Larceny Theft","Larceny Theft - From Building","Theft, From Building, >$950","Open or Active","FILLMORE ST \ TURK ST","25973000","Northern","Western Addition","5","5","37.780494689941406","-122.43214416503906","POINT (-122.432144165 37.78049469)","2026-09-22T09:46:49.000","2026-09-23T10:00:34.000"
"160113509320","2026-09-20T01:21:00.000","2026-09-20T00:00:00.000","01:21","2026","Sunday","2026-09-20T02:29:00.000","1601135","266108179",,"II","Coplogic Initial","true","09320","Fraud","Fraud","Access Card, incl. Credit, Phone, ATM, Fraudulent Use of","Open or Active","CARGO WAY \ MENDELL ST","33105000","Bayview","Bayview Hunters Point","10","10","37.7438850402832","-122.38311767578125","POINT (-122.383117676 37.74388504)","2026-09-22T09:46:49.000","2026-09-23T10:00:34.000"
"155402406374","2026-02-09T21:53:00.000","2026-02-09T00:00:00.000","21:53","2026","Monday","2026-03-02T22:37:00.000","1554024","266022319",,"II","Coplogic Initial","true","06374","Larceny Theft","Larceny Theft - Other","Theft, Other Property, >$950","Open or Active",,,"Out of SF",,,,,,,"2026-03-09T09:34:32.000","2026-03-10T10:00:21.000"
"149027561030","2025-06-15T08:42:00.000","2025-06-15T00:00:00.000","08:42","2025","Sunday","2025-06-15T08:42:00.000","1490275","250332671","251660722","II","Initial",,"61030","Other","Other","Death Report, Cause Unknown","Open or Active","22ND ST \ CAPP ST","24082000","Mission","Mission","9","9","37.75550079345703","-122.41765594482422","POINT (-122.417655945 37.755500793)","2025-06-16T09:38:19.000","2025-06-17T09:53:12.000"
"160125871000","2026-09-13T17:00:00.000","2026-09-13T00:00:00.000","17:00","2026","Sunday","2026-09-14T12:59:00.000","1601258","266108339",,"II","Coplogic Initial","true","71000","Lost Property","Lost Property","Lost Property","Open or Active","48TH AVE \ EL CAMINO DEL MAR \ POINT LOBOS AVE","28013000","Richmond","Outer Richmond","1","1","37.779850006103516","-122.50942993164062","POINT (-122.509429932 37.779850006)","2026-09-22T09:46:49.000","2026-09-23T10:00:34.000"
"160099904134","2026-09-21T02:00:00.000","2026-09-21T00:00:00.000","02:00","2026","Monday","2026-09-21T02:26:00.000","1600999","260552273","262640182","II","Initial",,"04134","Assault","Simple Assault","Battery","Open or Active","FERN ST \ POLK ST","25209000","Northern","Nob Hill","3","3","37.78822326660156","-122.42021179199219","POINT (-122.420211792 37.788223267)","2026-09-22T09:46:49.000","2026-09-23T10:00:34.000"
"160114904134","2026-09-21T13:10:00.000","2026-09-21T00:00:00.000","13:10","2026","Monday","2026-09-21T14:20:00.000","1601149","260553704","262642115","II","Initial",,"04134","Assault","Simple Assault","Battery","Open or Active","FORT FUNSTON RD \ SKYLINE BLVD","33710000","Taraval","Lakeshore","7","7","37.71369552612305","-122.49835968017578","POINT (-122.49835968 37.713695526)","2026-09-22T09:46:49.000","2026-09-23T10:00:34.000"
"160126106372","2026-09-19T00:00:00.000","2026-09-19T00:00:00.000","00:00","2026","Saturday","2026-09-20T20:13:00.000","1601261","266108486",,"II","Coplogic Initial","true","06372","Larceny Theft","Larceny Theft - Other","Theft, Other Property, $50-$200","Open or Active","FILLMORE ST \ MOULTON ST","26750000","Northern","Marina","2","2","37.79941940307617","-122.43595886230469","POINT (-122.435958862 37.799419403)","2026-09-22T09:46:49.000","2026-09-23T10:00:34.000"
"160105416740","2026-09-21T10:30:00.000","2026-09-21T00:00:00.000","10:30","2026","Monday","2026-09-21T10:30:00.000","1601054","260549076","262621630","IS","Initial Supplement",,"16740","Drug Offense","Drug Violation","Controlled Substance, Under the Influence of","Cite or Arrest Adult","17TH ST \ CAROLINA ST","23750000","Southern","Potrero Hill","10","10","37.764896392822266","-122.400634765625","POINT (-122.400634766 37.764896393)","2026-09-22T09:46:49.000","2026-09-23T10:00:34.000"
"160128306372","2026-09-17T11:25:00.000","2026-09-17T00:00:00.000","11:25","2026","Thursday","2026-09-18T14:14:00.000","1601283","266108442",,"IS","Coplogic Supplement","true","06372","Larceny Theft","Larceny Theft - Other","Theft, Other Property, $50-$200","Open or Active","HAGIWARA TEA GARDEN DR \ MUSIC CONCOURSE DR","27256000","Richmond","Golden Gate Park","7","1","37.771663665771484","-122.46721649169922","POINT (-122.467216492 37.771663666)","2026-09-22T09:46:49.000","2026-09-23T10:00:34.000"
"160116116710","2026-09-21T10:19:00.000","2026-09-21T00:00:00.000","10:19","2026","Monday","2026-09-21T10:19:00.000","1601161","260552819","262641249","II","Initial",,"16710","Drug Offense","Drug Violation","Narcotics Paraphernalia, Possession of","Cite or Arrest Adult","MARKET ST \ POWELL ST","34016000","Tenderloin","Financial District/South Beach","6","6","37.78456115722656","-122.40733337402344","POINT (-122.407333374 37.784561157)","2026-09-22T09:46:49.000","2026-09-23T10:00:34.000"
"160119668020","2026-09-15T11:00:00.000","2026-09-15T00:00:00.000","11:00","2026","Tuesday","2026-09-21T16:59:00.000","1601196","260554069","262642654","II","Initial",,"68020","Miscellaneous Investigation","Miscellaneous Investigation","Miscellaneous Investigation","Open or Active","15TH ST \ WIESE ST","24179000","Mission","Mission","9","9","37.766624450683594","-122.42063903808594","POINT (-122.420639038 37.766624451)","2026-09-22T09:46:49.000","2026-09-23T10:00:34.000"
"160121628166","2026-09-21T20:22:00.000","2026-09-21T00:00:00.000","20:22","2026","Monday","2026-09-21T20:30:00.000","1601216","260554376","262643292","II","Initial",,"28166","Malicious Mischief","Vandalism","Vandalism or Graffiti Tools, Possession","Cite or Arrest Adult","POWELL ST \ VALLEJO ST","25411000","Central","Chinatown","3","3","37.79837417602539","-122.41045379638672","POINT (-122.410453796 37.798374176)","2026-09-22T09:46:49.000","2026-09-23T10:00:34.000"
"160099207041","2026-09-18T01:34:00.000","2026-09-18T00:00:00.000","01:34","2026","Friday","2026-09-20T01:34:00.000","1600992","260550584","262630224","VS","Vehicle Supplement",,"07041","Recovered Vehicle","Recovered Vehicle","Vehicle, Recovered, Auto","Cite or Arrest Adult","37TH AVE \ VICENTE ST","23379000","Southern","Sunset/Parkside","4","4","37.73847198486328","-122.49472045898438","POINT (-122.494720459 37.738471985)","2026-09-22T09:46:49.000","2026-09-23T10:00:34.000"
"160121963010","2026-09-21T18:05:00.000","2026-09-21T00:00:00.000","18:05","2026","Monday","2026-09-21T18:05:00.000","1601219","260554138","262642905","II","Initial",,"63010","Warrant","Other","Warrant Arrest, Local SF Warrant","Cite or Arrest Adult","08TH ST \ HARRISON ST","24201000","Southern","South of Market","6","6","37.77375793457031","-122.40851593017578","POINT (-122.40851593 37.773757935)","2026-09-22T09:46:49.000","2026-09-23T10:00:34.000"
"160115226170","2026-09-21T14:37:00.000","2026-09-21T00:00:00.000","14:37","2026","Monday","2026-09-21T14:37:00.000","1601152","260539431","262642173","IS","Initial Supplement",,"26170","Other Miscellaneous","Other","Probation Violation","Cite or Arrest Adult","BRYANT ST \ LANGTON ST","23876000","Southern","South of Market","6","6","37.77385711669922","-122.40528869628906","POINT (-122.405288696 37.773857117)","2026-09-22T09:46:49.000","2026-09-23T10:00:34.000"
"160127306244","2026-09-20T15:00:00.000","2026-09-20T00:00:00.000","15:00","2026","Sunday","2026-09-20T17:03:00.000","1601273","266108743",,"II","Coplogic Initial","true","06244","Larceny Theft","Larceny - From Vehicle","Theft, From Locked Vehicle, >$950","Open or Active","14TH ST \ FOLSOM ST","24336000","Mission","Mission","9","9","37.76853561401367","-122.41561126708984","POINT (-122.415611267 37.768535614)","2026-09-22T09:46:49.000","2026-09-23T10:00:34.000"
"160105307023","2026-09-20T21:00:00.000","2026-09-20T00:00:00.000","21:00","2026","Sunday","2026-09-21T10:18:00.000","1601053","260552803","262641246","VI","Vehicle Initial",,"07023","Motor Vehicle Theft","Motor Vehicle Theft","Vehicle, Stolen, Motorcycle","Open or Active","ARBALLO DR \ VIDAL DR","22565000","Taraval","Lakeshore","7","7","37.715492248535156","-122.48331451416016","POINT (-122.483314514 37.715492249)","2026-09-22T09:46:49.000","2026-09-23T10:00:34.000"
"160112874000","2026-09-12T12:00:00.000","2026-09-12T00:00:00.000","12:00","2026","Saturday","2026-09-21T13:47:00.000","1601128","260553538","262642008","II","Initial",,"74000","Missing Person","Missing Adult","Missing Adult","Open or Active","BAKER ST \ HAYES ST","26351000","Park","Lone Mountain/USF","5","5","37.774566650390625","-122.44110870361328","POINT (-122.441108704 37.77456665)","2026-09-22T09:46:49.000","2026-09-23T10:00:34.000"
"160108071011","2026-09-01T10:38:00.000","2026-09-01T00:00:00.000","10:38","2026","Tuesday","2026-09-03T10:00:00.000","1601080","260553061","262641511","II","Initial",,"71011","Other Offenses","Other Offenses","License Plate, Found","Open or Active","GOUGH ST \ GROVE ST","25939000","Northern","Hayes Valley","5","5","37.77781677246094","-122.42316436767578","POINT (-122.423164368 37.777816772)","2026-09-22T09:46:49.000","2026-09-23T10:00:34.000"
"160113416621","2026-09-21T11:26:00.000","2026-09-21T00:00:00.000","11:26","2026","Monday","2026-09-21T11:26:00.000","1601134","260553124","262641494","II","Initial",,"16621","Drug Offense","Drug Violation","Cocaine, Base/rock Offense","Cite or Arrest Adult","06TH ST \ MISSION ST","24293000","Southern","South of Market","6","6","37.78097152709961","-122.40870666503906","POINT (-122.408706665 37.780971527)","2026-09-22T09:46:49.000","2026-09-23T10:00:34.000"
"160103016740","2026-09-21T08:40:00.000","2026-09-21T00:00:00.000","08:40","2026","Monday","2026-09-21T08:40:00.000","1601030","260549032","262621536","IS","Initial Supplement",,"16740","Drug Offense","Drug Violation","Controlled Substance, Under the Influence of","Cite or Arrest Adult","17TH ST \ CAROLINA ST","23750000","Southern","Potrero Hill","10","10","37.764896392822266","-122.400634765625","POINT (-122.400634766 37.764896393)","2026-09-22T09:46:49.000","2026-09-23T10:00:34.000"
"160113809031","2026-09-18T21:50:00.000","2026-09-18T00:00:00.000","21:50","2026","Friday","2026-09-19T17:22:00.000","1601138","266108141",,"II","Coplogic Initial","true","09031","Stolen Property","Stolen Property","Money, Property or Labor, Fraudulently Obtaining","Open or Active",,,"Out of SF",,,,,,,"2026-09-22T09:46:49.000","2026-09-23T10:00:34.000"
"160104907055","2026-09-21T09:07:00.000","2026-09-21T00:00:00.000","09:07","2026","Monday","2026-09-21T09:07:00.000","1601049","260552665","262640735","VI","Vehicle Initial",,"07055","Motor Vehicle Theft","Motor Vehicle Theft","Vehicle, Recovered, Stolen outside SF","Open or Active","EXCELSIOR AVE \ PRAGUE ST","52216000","Out of SF","McLaren Park","11","11","37.72205352783203","-122.42485046386719","POINT (-122.424850464 37.722053528)","2026-09-22T09:46:49.000","2026-09-23T10:00:34.000"
"160047916740","2026-09-18T11:12:00.000","2026-09-18T00:00:00.000","11:12","2026","Friday","2026-09-18T11:12:00.000","1600479","260546395","262611478","II","Initial",,"16740","Drug Offense","Drug Violation","Controlled Substance, Under the Influence of","Cite or Arrest Adult","JONES ST \ TURK ST","24923000","Tenderloin","Tenderloin","5","6","37.78300476074219","-122.41241455078125","POINT (-122.412414551 37.783004761)","2026-09-22T09:46:49.000","2026-09-23T10:00:34.000"
"160104306303","2026-09-12T11:27:00.000","2026-09-12T00:00:00.000","11:27","2026","Saturday","2026-09-21T09:23:00.000","1601043","260552671","262641039","II","Initial",,"06303","Larceny Theft","Larceny Theft - From Building","Theft, From Building, $200-$950","Open or Active","GONZALEZ DR \ RIVAS AVE","23093000","Taraval","Lakeshore","7","7","37.717529296875","-122.4815444946289","POINT (-122.481544495 37.717529297)","2026-09-22T09:46:49.000","2026-09-23T10:00:34.000"
"160098904011","2026-09-21T00:10:00.000","2026-09-21T00:00:00.000","00:10","2026","Monday","2026-09-21T00:52:00.000","1600989","260552217","262640079","II","Initial",,"04011","Assault","Aggravated Assault","Assault, Aggravated, W/ Gun","Open or Active","JONES ST \ OFARRELL ST","24945000","Tenderloin","Tenderloin","5","6","37.785789489746094","-122.41297149658203","POINT (-122.412971497 37.78578949)","2026-09-22T09:46:49.000","2026-09-23T10:00:34.000"
"160111872000","2026-09-21T13:17:00.000","2026-09-21T00:00:00.000","13:17","2026","Monday","2026-09-21T13:17:00.000","1601118","260553425","262641909","II","Initial",,"72000","Non-Criminal","Non-Criminal","Found  Property","Open or Active","06TH AVE \ ANZA ST","27275000","Richmond","Inner Richmond","1","1","37.779090881347656","-122.46414184570312","POINT (-122.464141846 37.779090881)","2026-09-22T09:46:49.000","2026-09-23T10:00:34.000"
"160120305013","2026-08-14T07:00:00.000","2026-08-14T00:00:00.000","07:00","2026","Friday","2026-09-21T15:31:00.000","1601203","260553748","262641557","II","Initial",,"05013","Burglary","Burglary - Residential","Burglary, Apartment House, Unlawful Entry","Open or Active","15TH ST \ VALENCIA ST","24377000","Mission","Mission","9","9","37.76654052734375","-122.42204284667969","POINT (-122.422042847 37.766540527)","2026-09-22T09:46:49.000","2026-09-23T10:00:34.000"
"160108907043","2026-09-21T10:17:00.000","2026-09-21T00:00:00.000","10:17","2026","Monday","2026-09-21T10:18:00.000","1601089","260552803","262641322","VS","Vehicle Supplement",,"07043","Recovered Vehicle","Recovered Vehicle","Vehicle, Recovered, Motorcycle","Open or Active","GARCES DR \ VIDAL DR","22570000","Taraval","Lakeshore","7","7","37.71617889404297","-122.48445129394531","POINT (-122.484451294 37.716178894)","2026-09-22T09:46:49.000","2026-09-23T10:00:34.000"
"160104671013","2026-09-18T13:00:00.000","2026-09-18T00:00:00.000","13:00","2026","Friday","2026-09-21T09:37:00.000","1601046","260552728","262641092","VI","Vehicle Initial",,"71013","Larceny Theft","Theft From Vehicle","License Plate, Stolen","Open or Active","CLAY ST \ WEBSTER ST","26646000","Northern","Pacific Heights","2","2","37.79092025756836","-122.43256378173828","POINT (-122.432563782 37.790920258)","2026-09-22T09:46:49.000","2026-09-23T10:00:34.000"
"160127806372","2026-09-12T23:00:00.000","2026-09-12T00:00:00.000","23:00","2026","Saturday","2026-09-21T17:24:00.000","1601278","266108668",,"II","Coplogic Initial","true","06372","Larceny Theft","Larceny Theft - Other","Theft, Other Property, $50-$200","Open or Active","15TH ST \ SOUTH VAN NESS AVE","24341000","Mission","Mission","9","9","37.76680374145508","-122.41764831542969","POINT (-122.417648315 37.766803741)","2026-09-22T09:46:49.000","2026-09-23T10:00:34.000"
