Crime ID,Month,Reported by,Falls within,Longitude,Latitude,Location,LSOA code,LSOA name,Outcome type
0c1292bc624f5cea6e82a2c7ecc1d13b2e7d92e2c73de49eb993fbe2d870e762,2026-07,North Wales Police,North Wales Police,-2.979881,53.039469,On or near Clwyd Wen,W01000423,Wrexham 012D,Unable to prosecute suspect
adead5bea19c2452cc000a0c93239d9d17bd9b9ab0364c3a8a9b348cb6474edc,2026-07,North Wales Police,North Wales Police,-4.270681,53.140272,On or near A487,W01000059,Gwynedd 006A,Suspect charged
9a8afbf72ecf86a4a7f318f020ef3f2862b53793a95231493d8ebe9b8f860c65,2026-07,North Wales Police,North Wales Police,-3.830485,53.325150,On or near Ty Isa Road,W01000146,Conwy 001B,Local resolution
981dc4659036a1ad8c9a5b5ec30ab92a181d25776658140c3a97cef4548cbb09,2026-07,North Wales Police,North Wales Police,-3.723838,53.293306,On or near A547,W01000143,Conwy 007B,Investigation complete; no suspect identified
5adeacbf19c2ff10d8c5f4503e319ea9f323178bf0b748f47850812035becda0,2026-07,North Wales Police,North Wales Police,-4.103728,53.147663,On or near Parking Area,W01000063,Gwynedd 005A,Unable to prosecute suspect
812b02d7280180a5e85a0be07e5104df854f25daf20b1a53e98d84a6f2d1b65b,2026-07,North Wales Police,North Wales Police,-3.549539,52.924442,On or near Forest Road,W01000082,Gwynedd 015C,Unable to prosecute suspect
35fd8519ac9374a20a83b64c97e1febae4a614f7a186bd557979132f4ed06d08,2026-07,North Wales Police,North Wales Police,-3.821794,53.316742,On or near Ffordd Las,W01000187,Conwy 002C,Unable to prosecute suspect
f4d6b43038408e160ae51141bd4471770e388234c211d202ddf7df2f85c5d9fb,2026-07,North Wales Police,North Wales Police,-3.827659,53.228424,On or near B5279,W01000124,Conwy 012A,Investigation complete; no suspect identified
100e1d74333c72f89c52a5af7be19eb3d464e0d98a0ad8aa0f53ad58d0a8d697,2026-07,North Wales Police,North Wales Police,-2.995254,53.044465,On or near Nightclub,W01000402,Wrexham 011D,Unable to prosecute suspect
a7e18780faf7820db62896a906529ff0ad690493405a0441d1dd10e5f704ff7e,2026-07,North Wales Police,North Wales Police,-3.026269,53.035860,On or near Bersham Road,W01000367,Wrexham 014B,Investigation complete; no suspect identified
835132edf4638873c6277a63ad5defa12f0c5165d7cd6eb640e38ea9f0b43d16,2026-07,North Wales Police,North Wales Police,-3.488333,53.320390,On or near Heol Clwyd,W01000240,Denbighshire 004E,Investigation complete; no suspect identified
db3497a52db00e5e99c86c2b845202e9b740f1ee2a8bb3bc7a1b0d39e3b17a51,2026-07,North Wales Police,North Wales Police,-3.137712,53.167057,On or near Supermarket,W01000315,Flintshire 016C,Investigation complete; no suspect identified
af3bc579536375019b31b641211a2980449f01f760cfaa455829b6504e6ed79f,2026-07,North Wales Police,North Wales Police,-3.059539,53.182185,On or near Chesterton Avenue,W01000286,Flintshire 013E,Unable to prosecute suspect
f1d9b2ba327c7d7a2a724bba13ad81b5f905aaa0c4724630e112e7315761ef49,2026-07,North Wales Police,North Wales Police,-3.809685,53.294200,On or near Woodlands,W01000166,Conwy 006D,Unable to prosecute suspect
fe8ed6f8323aff628c2e0b230d50df25b4801e3b07d1029cfc58bbd63dff3bee,2026-07,North Wales Police,North Wales Police,-2.991714,53.046886,On or near Chester Street,W01000372,Wrexham 008C,Investigation complete; no suspect identified
554987813be181742efeeb5b76323ae8d9d60dc97741865e9d79cfa74a73c31e,2026-07,North Wales Police,North Wales Police,-2.981490,53.038719,On or near Warwick Avenue,W01000424,Wrexham 012E,Suspect charged
f05575e57e0910de5bf1819406124d22861020d89947e90eab3dad3e318751af,2026-07,North Wales Police,North Wales Police,-3.839789,53.316286,On or near Herkomer Crescent,W01000168,Conwy 002B,Investigation complete; no suspect identified
70a48291d0f093fa02d59abdf2bb1343f7ce8195c38f3ced85ba383e0e8adb6c,2026-07,North Wales Police,North Wales Police,-2.996436,53.047233,On or near Duke Street,W01000372,Wrexham 008C,Investigation complete; no suspect identified
1692b8f576f7d45a3f03a898e411076de2a3878946b826cce1ed601ab7be3685,2026-07,North Wales Police,North Wales Police,-3.001894,53.064510,On or near Ffordd Fferm Uchaf,W01000375,Wrexham 003B,Unable to prosecute suspect
15a0750e2c7a7daa57d770e634c364a608501e171da8e7bfc82086d15cabf1b9,2026-07,North Wales Police,North Wales Police,-2.996436,53.047233,On or near Duke Street,W01000372,Wrexham 008C,Suspect charged
02d51b84bc1341ef6a516301c3472601f5ad6db70575718fc2e1b7b92d3e1b23,2026-07,North Wales Police,North Wales Police,-2.995180,53.043198,On or near Bryndraw Terrace,W01000402,Wrexham 011D,Investigation complete; no suspect identified
8bf70ca85ace2e05cc1e36d306ac2e5c21fab695525e5cbf2c15a362b4d5451c,2026-07,North Wales Police,North Wales Police,-2.938142,53.047348,On or near Erlas Lane,W01001972,Wrexham 022E,Action to be taken by another organisation
92b6c6d4759531a69fd7d1d42e3ed7cde49a84988869c3e4227b76cb5b10a880,2026-07,North Wales Police,North Wales Police,-2.948661,53.181124,On or near Ewart Street,W01000329,Flintshire 015D,Unable to prosecute suspect
e4cc76d13458719be4f1c2c6f9b6783065d23c70110f5879aedd885b7104b985,2026-07,North Wales Police,North Wales Police,-2.948661,53.181124,On or near Ewart Street,W01000329,Flintshire 015D,Unable to prosecute suspect
f98b18c0be0cba820dd54d1ea60140ba269350c333febbb14f1e150d56f0da1c,2026-07,North Wales Police,North Wales Police,-2.948661,53.181124,On or near Ewart Street,W01000329,Flintshire 015D,Unable to prosecute suspect
37f1f94e5c9da8819799853e8e4dde8bd5339899eeb8b2bf464d805bb1f6dc7a,2026-07,North Wales Police,North Wales Police,-3.431631,53.184020,On or near Ffordd Ysgubor,W01000199,Denbighshire 011C,Unable to prosecute suspect
162a0d013e4d5245047d09b93e3341aa38644f7dae45fcf62e96d1e3f4c418a0,2026-07,North Wales Police,North Wales Police,-3.060988,53.080179,On or near Mountain View,W01000348,Wrexham 006B,Action to be taken by another organisation
4278c2b3ebd849f04cca2097b907370a9404a417efb25111359e403620eb5fa2,2026-07,North Wales Police,North Wales Police,-3.430521,52.980459,On or near A494,W01000193,Denbighshire 015A,Investigation complete; no suspect identified
1858b03ad8b6b4174477479524a6211bc120d408049ad8aebc49b5455009dfcf,2026-07,North Wales Police,North Wales Police,-2.996436,53.047233,On or near Duke Street,W01000372,Wrexham 008C,Unable to prosecute suspect
de2f1e137e393cde557c75cccc1a486e549f1675466a9a308c6679ff1b2e6a78,2026-07,North Wales Police,North Wales Police,-2.986261,53.060218,On or near Grange Close,W01000342,Wrexham 023E,Investigation complete; no suspect identified
1e2b950f3a9e9d1131db10130fc6f4a580d364be320ee62f995905c685f10168,2026-07,North Wales Police,North Wales Police,-2.994521,53.048283,On or near Parking Area,W01000372,Wrexham 008C,Investigation complete; no suspect identified
6f97849035ecb4d12b0a5386404b1aa65dddea34912ef4f83105f9ff48bb0994,2026-07,North Wales Police,North Wales Police,-3.032188,53.113792,On or near Willow Avenue,W01000308,Flintshire 020C,Investigation complete; no suspect identified
c19b606dfa76a80c3dd04d7b1b60e0498bdcc8d3320eb5c76e34180204fec52b,2026-07,North Wales Police,North Wales Police,-3.022152,53.071727,On or near Second Avenue,W01000379,Wrexham 004C,Unable to prosecute suspect
a8dcc896914843e786c422434ba0b580b0d83041f6778485367f577dec95ee93,2026-07,North Wales Police,North Wales Police,-3.125281,53.241200,On or near Bryn Siriol,W01000293,Flintshire 004D,Investigation complete; no suspect identified
dc4a9459968fdd172be932e05b1533ddc8d819b4ad725f15e52663cc5763d0b9,2026-07,North Wales Police,North Wales Police,-3.032863,53.065252,On or near Brynisa Road,W01000401,Wrexham 005D,Unable to prosecute suspect
055df7f2525891c459a93fd82cae62e86d9af843bc2b1eebb5cc0a7763b12b3a,2026-07,North Wales Police,North Wales Police,-3.222165,53.274558,On or near Ffordd St Gregoire,W01000304,Flintshire 003E,Investigation complete; no suspect identified
e0ff3f2e0600fafafe2efa73027013257d2fa8f838d8bfa2b154309e78b1296d,2026-07,North Wales Police,North Wales Police,-2.996586,53.044041,On or near Lea Road,W01000402,Wrexham 011D,Unable to prosecute suspect
a157764b807f69da31ad4e51e044b3433b52451eb03347612cfdd78d4b140e51,2026-07,North Wales Police,North Wales Police,-3.421916,53.183049,On or near Parking Area,W01000194,Denbighshire 011A,Unable to prosecute suspect
ae72b83a7378610efa524bbabb43db0d6359a45a7dcac6d0404ce2a5c793fba5,2026-07,North Wales Police,North Wales Police,-2.989294,53.044111,On or near A525,W01001931,Wrexham 012G,Suspect charged
d271dbe0b44ea0c74c894705e9a575a598ccaa9a237886100b34aa37e5cd5152,2026-07,North Wales Police,North Wales Police,-3.070566,53.057098,On or near Clos Llewelyn,W01000363,Wrexham 006D,Unable to prosecute suspect
204644bd05123906d078d9e4420f8fad3df3dedc7eeaf6973e3f495c5aba5784,2026-07,North Wales Police,North Wales Police,-3.839747,53.285631,On or near Cwrt Llewelyn Court,W01000129,Conwy 012B,Action to be taken by another organisation
d289d7497183d40d6dc7a186c28dcd30822c9c4034aefde425d4f49ed3ec7e85,2026-07,North Wales Police,North Wales Police,-3.493697,53.320431,On or near Nightclub,W01000240,Denbighshire 004E,Investigation complete; no suspect identified
f832e1cbf258dcc079f3526a1a039ad9170b9108d452f9263ecdd353f0fb0843,2026-07,North Wales Police,North Wales Police,-4.127019,52.923892,On or near Porthmadog Harbour,W01000106,Gwynedd 010D,Investigation complete; no suspect identified
927d483f1c010702f125ac0798d839b5ad6642e0e8db6835c837d03f72b166c9,2026-07,North Wales Police,North Wales Police,-2.980983,53.051883,On or near Erw Las,W01000393,Wrexham 023G,Unable to prosecute suspect
40237533bcce62d6b1facc1bd3bf0ecc1f55b877a028bcf37c3fa00d9e7b9ed0,2026-07,North Wales Police,North Wales Police,-2.992290,53.045362,On or near Shopping Area,W01000372,Wrexham 008C,Investigation complete; no suspect identified
47fdb8acc31745b625300826f2317452b7a7011185880ff1a3701d9b104b57b7,2026-07,North Wales Police,North Wales Police,-4.166938,53.225728,On or near Petrol Station,W01000011,Isle of Anglesey 008B,Suspect charged
e8fc3d36213f8fd4a753e780f2c6dac5cd2d6f1a13505569e7edede2c9c6c3e8,2026-07,North Wales Police,North Wales Police,-3.058018,53.009584,On or near Stryt Y Farchnad,W01000411,Wrexham 015C,Investigation complete; no suspect identified
239ee387d4583146a00abe13cbaa441bba8a955828fb313a096eaaf7db5e704c,2026-07,North Wales Police,North Wales Police,-3.439547,52.922652,On or near Bro Dinam,W01000205,Denbighshire 016B,Unable to prosecute suspect
f3b064d794d32ae532732a97188d7e69b9cf4aa78bf80c3c83925fb699a00e5a,2026-07,North Wales Police,North Wales Police,-4.166938,53.225728,On or near Petrol Station,W01000011,Isle of Anglesey 008B,Unable to prosecute suspect
004cdc62cf569056f2b09308145b90106359615b26ddae827378dcf354f35641,2026-07,North Wales Police,North Wales Police,-3.438685,53.049070,On or near Parking Area,W01000202,Denbighshire 015B,Unable to prosecute suspect
43b5ffd020bef08c6cf1db716ee7c2236d91e79026cb54c21643353dc4da6f84,2026-07,North Wales Police,North Wales Police,-3.001985,53.047870,On or near Parking Area,W01000350,Wrexham 011B,Investigation complete; no suspect identified
a14409d2260ba4e175f3db90aa23957b6a67fdfc038b98909eb24edaf2c93109,2026-07,North Wales Police,North Wales Police,-3.004384,53.038743,On or near Ruabon Road,W01000402,Wrexham 011D,Unable to prosecute suspect
79a06917abc36672564217c03cab0d262485e873a70343bec84d11ed8e8fd99a,2026-07,North Wales Police,North Wales Police,-3.142183,53.171380,On or near Blackfriars Court,W01000319,Flintshire 016G,Unable to prosecute suspect
5ea27c55a251fcc461ee78428e59d0f4f4047c9ddc168ddd5407c1d25ab03eec,2026-07,North Wales Police,North Wales Police,-3.489058,53.316623,On or near Clwyd Avenue,W01000236,Denbighshire 006A,Investigation complete; no suspect identified
6343ffe06e7433d92a0daebed8f6718fceee0b67464ede8092adf5107738d15a,2026-07,North Wales Police,North Wales Police,-2.980983,53.051883,On or near Erw Las,W01000393,Wrexham 023G,Unable to prosecute suspect
a8a63b49376464814dbeed320d76b2d37adf93f8e93793fab73185f96b5b95b9,2026-07,North Wales Police,North Wales Police,-4.089543,52.586428,On or near Police Station,W01000117,Gwynedd 017E,Unable to prosecute suspect
04d71e0744c152782cd0080f370ca083b56daf1fa973f0f7d6b65d9b737232c1,2026-07,North Wales Police,North Wales Police,-3.076437,52.981308,On or near Chapel Street,W01000354,Wrexham 017A,Investigation complete; no suspect identified
182fe7221dc2b8ad6ffa20f29cc7d0f90700881327ace74ca1340898f2a7bfbb,2026-07,North Wales Police,North Wales Police,-3.054608,53.210527,On or near Richmond Road,W01000283,Flintshire 008E,Unable to prosecute suspect
48d63a504b9bdc7c89e89103eaa219119158477283b4b54af79aef0cd1164eed,2026-07,North Wales Police,North Wales Police,-3.774970,53.312774,On or near Marie Close,W01000175,Conwy 003D,Investigation complete; no suspect identified
861046dbdde9b381de37753c010884fb340f669f3290c8fe2ed510398ba81ae5,2026-07,North Wales Police,North Wales Police,-2.995544,53.055106,On or near Price's Lane,W01000422,Wrexham 008F,Unable to prosecute suspect
8c67c7547794f527f4574596d73fd0794d8034ac44c8083cc40d94943d329de4,2026-07,North Wales Police,North Wales Police,-4.634271,53.309561,On or near Parking Area,W01000016,Isle of Anglesey 003A,Investigation complete; no suspect identified
519bd790ddc3875f3efc173591ebbc2c3e8cbc59a00203f5be2d70e09d75c048,2026-07,North Wales Police,North Wales Police,-3.809976,53.284396,On or near Parking Area,W01000176,Conwy 011D,Unable to prosecute suspect
3ecba2bd981ae6a7e1bb9823303baa896e4ed0770b8acce9edde84e2add07c31,2026-07,North Wales Police,North Wales Police,-4.143818,53.213867,On or near A4087,W01000064,Gwynedd 002A,Investigation complete; no suspect identified
604f7a9884a5306984ba19e32409fb74d6fc07a2720a7a0c95bca92403612c97,2026-07,North Wales Police,North Wales Police,-3.718357,53.225888,On or near Park/Open Space,W01000159,Conwy 014B,Unable to prosecute suspect
3b697da79328af3e43e48d81a211fd394d94e8887a925c44434caf6e0ba483a6,2026-07,North Wales Police,North Wales Police,-4.090590,53.278439,On or near St Catherine's Close,W01000005,Isle of Anglesey 005A,Unable to prosecute suspect
69d42e2ddee8419e9f6b99e1c38e16283363bc71fce0a128be13d7b6bae6b357,2026-07,North Wales Police,North Wales Police,-4.119987,53.219283,On or near Trem-Y-Garnedd,W01000090,Gwynedd 002D,Unable to prosecute suspect
6ad9a776f0b30df9ecf696d2bd6f2b9e010b5bc4054be8b5406f0ac00ee314cb,2026-07,North Wales Police,North Wales Police,-3.586417,53.275517,On or near Y Wenallt,W01000142,Conwy 010D,Investigation complete; no suspect identified
d8435f46e4c307a300afc0ceebb13ad5c520687072feaede978b46ecd335ae72,2026-07,North Wales Police,North Wales Police,-2.977095,53.054747,On or near Ffordd Dyfed,W01000393,Wrexham 023G,Unable to prosecute suspect
85a6f7c35c48c337d1eb2b0b940230acb94473b202e0aa3bd21f5bfe8473f13f,2026-07,North Wales Police,North Wales Police,-2.995544,53.055106,On or near Price's Lane,W01000422,Wrexham 008F,Investigation complete; no suspect identified
7c0e7df7b3dda0522e08903a9f359b4e748f2f3bab27b79579c30db874758a5f,2026-07,North Wales Police,North Wales Police,-3.140466,53.164160,On or near Stanley Street,W01000314,Flintshire 016B,Investigation complete; no suspect identified
394133875a971fb17931883c10b9109682bed1623d43047ae06d95e20d4c9034,2026-07,North Wales Police,North Wales Police,-3.489671,53.322603,On or near Parking Area,W01000240,Denbighshire 004E,Investigation complete; no suspect identified
0370e0dea53f4c92a145869e4d849b99e81af178519acdf8571116957990394c,2026-07,North Wales Police,North Wales Police,-3.050639,53.007069,On or near Ffordd Powys,W01000405,Wrexham 015B,Unable to prosecute suspect
5ed0688286ce58c19f332e19e2ba586773cf480b4627c5d27666872853b2ac99,2026-07,North Wales Police,North Wales Police,-3.834931,53.313268,On or near Bridge Road,W01000168,Conwy 002B,Action to be taken by another organisation
25249ffcb2f7309ab95c0f8913580bfa3f1af2b37b496dfb3657568bc9bb733c,2026-07,North Wales Police,North Wales Police,-2.979041,53.041885,On or near Pont Wen,W01001929,Wrexham 012F,Unable to prosecute suspect
67faba9edaa9ab3e234e6a8742411d6b6aa49ba88018a249f9f48b48f77a4f3b,2026-07,North Wales Police,North Wales Police,-3.026603,53.053054,On or near Berse Gardens,W01000400,Wrexham 005C,Investigation complete; no suspect identified
efd0cd349b007ce7ad01f273fbbee74c7797c026801481ccee79793cf397eed0,2026-07,North Wales Police,North Wales Police,-3.032683,53.059626,On or near Bryn Awel,W01000400,Wrexham 005C,Unable to prosecute suspect
1048f0ee59c2f4a30c3283e110631ccc9a2f392d89a83a5ca9ee4d8242358493,2026-07,North Wales Police,North Wales Police,-4.336973,53.411412,On or near Ystad Glorian,W01000003,Isle of Anglesey 001A,Unable to prosecute suspect
a15da689976caa6e189200f36a8d6674b47a1aac8159589b44dc056189d4848a,2026-07,North Wales Police,North Wales Police,-3.049500,53.012365,On or near Stryt William,W01000410,Wrexham 014D,Unable to prosecute suspect
09c8fec71cdea13bcffee7fcddf0ecf3bc73c45565f35f608a5dfa07cc7068c0,2026-07,North Wales Police,North Wales Police,-3.472717,53.322076,On or near Bridgegate Road,W01000231,Denbighshire 017A,Unable to prosecute suspect
81639333176fb780aa57d139830f24da1ac4f3554f22fff87db673b7887b27d6,2026-07,North Wales Police,North Wales Police,-4.118520,53.222025,On or near Tan Y Coed,W01000090,Gwynedd 002D,Investigation complete; no suspect identified
ef2a52c4a3a3c5a8c8d8cf4335023d546128f87cb0e7d426adbc8494f7a92152,2026-07,North Wales Police,North Wales Police,-3.834605,53.315125,On or near Alexandra Road,W01000168,Conwy 002B,Unable to prosecute suspect
95a4a4e9e29974c31981897632fe0f87c0917ab8a2bcb996278a5c5e5d290281,2026-07,North Wales Police,North Wales Police,-3.441329,53.259407,On or near Bryn Gobaith,W01000245,Denbighshire 010A,Unable to prosecute suspect
f5599f0a3b8030c200a8816df0e1612e7cc6621657322a86c45282a938ca1187,2026-07,North Wales Police,North Wales Police,-3.523277,53.307975,On or near Ash Grove,W01000149,Conwy 005A,Unable to prosecute suspect
b3dc1fc7a8ddd53ff2f6217d55e066f472f37a0561742b4b059db2e7c04c3b97,2026-07,North Wales Police,North Wales Police,-3.696730,53.290009,On or near Plas Wylfa,W01000128,Conwy 009C,Unable to prosecute suspect
116c9c61a8fb576dfd6860bc7b75a963f3f03a7d73f3efd92ddd77d6c3dee6cb,2026-07,North Wales Police,North Wales Police,-4.532621,53.318521,On or near Parking Area,W01000022,Isle of Anglesey 004A,Unable to prosecute suspect
91ca9e4fbda24c62a0497df746ea4dec36e6a68a369c4478af076f932ae45966,2026-07,North Wales Police,North Wales Police,-3.023860,53.185149,On or near Cross Tree Close,W01000302,Flintshire 013F,Investigation complete; no suspect identified
b228fe06e4c54090dc3673f2b45c15823a0c1b636e7c9842fff0f1123bb74f3f,2026-07,North Wales Police,North Wales Police,-3.507938,53.269209,On or near John's Drive,W01000191,Denbighshire 009A,Unable to prosecute suspect
aab6aea25c353c0c0c960c77dc2ae311161491df275c77baf3cffd19aaf57590,2026-07,North Wales Police,North Wales Police,-3.041662,53.191045,On or near Wirral View,W01000251,Flintshire 013A,Action to be taken by another organisation
f4ddc199dad5588d6d90d5c7fa4bd1651474e3b25cfc604a5f041b28f0ac2d8b,2026-07,North Wales Police,North Wales Police,-2.985234,53.165537,On or near Somerford Road,W01000257,Flintshire 015C,Action to be taken by another organisation
9595436b5bdaed50921903bafdba691d92612148a3e413f59d5d273d6fe6e1b8,2026-07,North Wales Police,North Wales Police,-3.675345,53.287183,On or near Berth-Y-Glyd Road,W01000163,Conwy 009E,Unable to prosecute suspect
0eea8c7df0105e21168fe374df73830e933728f89d9ad468fb2f02496270ab74,2026-07,North Wales Police,North Wales Police,-3.821318,53.321961,On or near Bus/Coach Station,W01000186,Conwy 001E,Unable to prosecute suspect
6d3bbdf88e49689549bfa40d2d5ca71df2bb196a682ac67caaf1ebc9082a360b,2026-07,North Wales Police,North Wales Police,-3.093072,53.136243,On or near Woodgrove,W01000309,Flintshire 019C,Action to be taken by another organisation
1b3f97854d945e7da0c6ea337c61937f9da0aeb9c303138e26d6454cc88fecf0,2026-07,North Wales Police,North Wales Police,-3.004683,53.049025,On or near Maesgwyn Road,W01000350,Wrexham 011B,Unable to prosecute suspect
5c13b0e830b4f9563941466f702424515da60ceb81b881a10e68ed1889b3f926,2026-07,North Wales Police,North Wales Police,-2.972837,53.040606,On or near Queensway,W01000423,Wrexham 012D,Unable to prosecute suspect
e3011f44c5b63e3419cb4bbbdaf868daa1c4dd54e884609e19e210a7e29e76e4,2026-07,North Wales Police,North Wales Police,-3.932453,53.267901,On or near Ffordd Darbishire,W01000172,Conwy 013E,Unable to prosecute suspect
e043fdf4d507d35bc5bb020bc7f19e0f726cf4365fef928e2a5cf2e0bc567dfb,2026-07,North Wales Police,North Wales Police,-3.057634,53.171676,On or near Mornington Crescent,W01000267,Flintshire 017F,Unable to prosecute suspect
eb46a19e32b5cfa4026674bfeec35d8631e66f198518e55269afb9ada6c70165,2026-07,North Wales Police,North Wales Police,-4.628793,53.308855,On or near Parking Area,W01000033,Isle of Anglesey 003E,Formal action is not in the public interest
a0486fc3b6e6fc108c4902f7ece7598f3aa78d170db24ccaa452deb620282759,2026-07,North Wales Police,North Wales Police,-3.065055,52.981815,On or near Whalley's Way,W01000409,Wrexham 017E,Unable to prosecute suspect
66fe2a35932a0208d16ddfd0ef59ee8a0edd5df6732008b4ce8b5d56b2e1e2d8,2026-07,North Wales Police,North Wales Police,-4.231869,53.073134,On or near Tai Dolawen,W01000112,Gwynedd 008D,Unable to prosecute suspect
23998d42983d1ffee33e6a5c97d60912fce5a4ecc3e81a20892e89e42756ff02,2026-07,North Wales Police,North Wales Police,-3.831746,53.327935,On or near Hill Terrace,W01000146,Conwy 001B,Unable to prosecute suspect
1efff5ec0933983cfd6090f5a87aa17a1c794989e670a0670002fa9098d748f7,2026-07,North Wales Police,North Wales Police,-3.057256,52.984527,On or near Parking Area,W01000409,Wrexham 017E,Unable to prosecute suspect
9863ab49fdd93368c694561dad67cf0301520130f35984191fdf9b198a2d0fe4,2026-07,North Wales Police,North Wales Police,-3.724979,53.291095,On or near Park Road,W01000143,Conwy 007B,Suspect charged
a8d260232a705ce8a0af2fbf1fec4c31d39cd7cbb592b368a4c647034632b227,2026-07,North Wales Police,North Wales Police,-3.714155,53.286046,On or near Ffordd Ha Fryn,W01000145,Conwy 008B,Suspect charged
098120697b3c152697b61c5ff16dae215014d380383979fae4dc2d9518282940,2026-07,North Wales Police,North Wales Police,-3.134288,53.164714,On or near Lon Yr Orsaf,W01000315,Flintshire 016C,Unable to prosecute suspect
6b2496725a8ceb5b6d4686adbf31ecb5a178b2936a85c58fa48cfe56afd4f0f8,2026-07,North Wales Police,North Wales Police,-3.022518,53.202969,On or near Pembroke Close,W01000312,Flintshire 011B,Unable to prosecute suspect
d670dcda60bec928cc21b09c20866c3a8d60a8da0e841979f2d939dee6a87924,2026-07,North Wales Police,North Wales Police,-2.994052,53.044754,On or near Town Hill,W01000350,Wrexham 011B,Unable to prosecute suspect
a6a549a4f166cb34786904ae393b732846128ed597bb45440f540db6d407a42c,2026-07,North Wales Police,North Wales Police,-3.057613,53.012518,On or near High Street,W01000411,Wrexham 015C,Investigation complete; no suspect identified
62d308f17caad72d97e9aacefb24ae15555d9567a6fa201ae14c52b9a127cf23,2026-07,North Wales Police,North Wales Police,-3.940306,52.993494,On or near The Square,W01000056,Gwynedd 009A,Suspect charged
62d308f17caad72d97e9aacefb24ae15555d9567a6fa201ae14c52b9a127cf23,2026-07,North Wales Police,North Wales Police,-3.940306,52.993494,On or near The Square,W01000056,Gwynedd 009A,Suspect charged
546de70fffc42ef9f06b29f62940d4da0f4c85f7b299586010eaf4b4e8351719,2026-07,North Wales Police,North Wales Police,-3.217169,52.981020,On or near Parking Area,W01000208,Denbighshire 016C,Suspect charged
3acdc51bf5061754d82a8812e2f517ccbaf3ebc82b3514bf07741021d11fb9db,2026-07,North Wales Police,North Wales Police,-2.993548,53.046161,On or near Stryt Y Syfwr,W01000372,Wrexham 008C,Unable to prosecute suspect
14fe154155000cc71f805a730bad264c5714f116ed4bfacd27273aec5c858422,2026-07,North Wales Police,North Wales Police,-3.125281,53.241200,On or near Bryn Siriol,W01000293,Flintshire 004D,Suspect charged
ffe2e1f35f940f76b6aeaeb4b1feaa9fd041e96037a63f5eb3ed9a8d4a6f066a,2026-07,North Wales Police,North Wales Police,-4.298558,53.258705,On or near Bro Tudur,W01000041,Isle of Anglesey 006D,Unable to prosecute suspect
f25cf6cbad9cfce96ce586e2d39602b40e230f05a74d13c4ca6029ef6c77430c,2026-07,North Wales Police,North Wales Police,-3.199794,53.283253,On or near Trem Y Mor,W01000305,Flintshire 003F,Suspect charged
38edd0bc082c1e0319b60643dafe2e9595d4f66bfa88a9b9fa60dd0715c75886,2026-07,North Wales Police,North Wales Police,-3.488481,53.312136,On or near Brookes Avenue,W01000237,Denbighshire 006B,Unable to prosecute suspect
6dd9edef101fd0e4d83e8d6c50909130c5f1607abaa51daa83edb5af0f440b1b,2026-07,North Wales Police,North Wales Police,-3.022518,53.202969,On or near Pembroke Close,W01000312,Flintshire 011B,Unable to prosecute suspect
eb74605e5619936f3d500f41f9c2fa8a8e8bec2ef47522ddcb26ecec4e7ca4ca,2026-07,North Wales Police,North Wales Police,-2.998706,53.211000,On or near North Green,W01000332,Flintshire 009A,Action to be taken by another organisation
4199ab1893f5e2e2cdc0c75a57a59e5a2979483b69e7107e4df11c9cbc8148c3,2026-07,North Wales Police,North Wales Police,-2.982132,53.055811,On or near The Hawthorns,W01000341,Wrexham 023C,Investigation complete; no suspect identified
6cfc888722d4ecb5a3bd1c36331719498550f57fccc1989e8fc75d6ef98d170c,2026-07,North Wales Police,North Wales Police,-3.521476,53.312196,On or near Astley Court,W01000152,Conwy 005D,Investigation complete; no suspect identified
0f5422a5e6adb04a8651d3b78b9ead95822652c430b04786e1ef1bdd892d0873,2026-07,North Wales Police,North Wales Police,-3.056025,53.210937,On or near Thornfield Avenue,W01000283,Flintshire 008E,Investigation complete; no suspect identified
d4edf56a5ce746a1cacecebc6fd8494c081087284bb58d4bda3a234981ec8664,2026-07,North Wales Police,North Wales Police,-4.269655,53.137828,On or near Rhes Cwstenin,W01000111,Gwynedd 007C,Local resolution
e3182b9534b48d3e44c3b4817432c912d974b6427d318ba53cc3523df85b3baf,2026-07,North Wales Police,North Wales Police,-3.429502,53.183452,On or near Maes Y Dre,W01000198,Denbighshire 011B,Unable to prosecute suspect
36cc2d092364f11c26dc9cbc47d6759c045d1dfa3742c7a2bebb5762c43394fc,2026-07,North Wales Police,North Wales Police,-3.429502,53.183452,On or near Maes Y Dre,W01000198,Denbighshire 011B,Unable to prosecute suspect
8353168d82c4ca793103f9e1e57c539a5d0f4299d1b398080620c79356ec96f6,2026-07,North Wales Police,North Wales Police,-3.706453,53.287407,On or near Windsor Drive,W01000139,Conwy 007A,Investigation complete; no suspect identified
56a833bea0857e4688759ae7a8d3c6c74d5f5aad9829d84ce43ee6a0a4c65cae,2026-07,North Wales Police,North Wales Police,-3.533487,53.296787,On or near Lon Eirin,W01000184,Conwy 005E,Suspect charged
78de14d99595adf066574c93e37dd279fa1e3d06cdf17c0df434ae7faf1673e8,2026-07,North Wales Police,North Wales Police,-3.074558,53.213720,On or near Supermarket,W01000277,Flintshire 008B,Investigation complete; no suspect identified
9bc2eb3cd2ba54e1cade9d689bc07344c51358103c3d6b9723e9f58e628264e6,2026-07,North Wales Police,North Wales Police,-4.469050,53.271649,On or near Lon Ty-Hen,W01000009,Isle of Anglesey 007C,Unable to prosecute suspect
0f11c7a5cbee8681eb2686ff0baa72daff85cac7c26e3490a8533dcf3e10bff7,2026-07,North Wales Police,North Wales Police,-3.074834,52.972566,On or near Crane Street,W01000355,Wrexham 017B,Unable to prosecute suspect
f437e745e522e64f5efa56b43f27c7345696b39c5d7283b0f3c08dc0330d6c1b,2026-07,North Wales Police,North Wales Police,-2.994510,53.045182,On or near Abbot Street,W01000350,Wrexham 011B,Investigation complete; no suspect identified
3d5b4490fe0fab72469eabd761b5114b3bf038692529a56b93b0f07644fba80e,2026-07,North Wales Police,North Wales Police,-3.005813,53.055928,On or near Plas Coch Road,W01000372,Wrexham 008C,Investigation complete; no suspect identified
899e1665c2863c294bd5c8eb925c529ede3f496271af0e05a3496524e7526994,2026-07,North Wales Police,North Wales Police,-4.637863,53.300953,On or near Sports/Recreation Area,W01000030,Isle of Anglesey 003D,Local resolution
14036b51b9f73201e23574d5035adbcaf248d5d77f141ffdc47a0ab3116ddb3f,2026-07,North Wales Police,North Wales Police,-2.982132,53.055811,On or near The Hawthorns,W01000341,Wrexham 023C,Suspect charged
599e6aa65ee8aaa1a3ba579b1c82c187f9d2eadf08e450d0527021fd2790edd5,2026-07,North Wales Police,North Wales Police,-4.518326,53.269197,On or near Dinam Road,W01000024,Isle of Anglesey 007E,Unable to prosecute suspect
1256a444098e8a8d1488094e5ed7152c221d5a0859dda659b14d3667456494a2,2026-07,North Wales Police,North Wales Police,-3.095868,52.975161,On or near Y Deri,W01000389,Wrexham 017D,Suspect charged
6c6c1cf07f8fc8f99c62e7a0941271c53223fde778f139f2799f36888163bfac,2026-07,North Wales Police,North Wales Police,-2.992290,53.045362,On or near Shopping Area,W01000372,Wrexham 008C,Local resolution
32704d7f1716554c33b2f07c9b19922b3d9b5e8642d3a2bc07ae1b3170dc6b87,2026-07,North Wales Police,North Wales Police,-3.218533,53.277112,On or near Heol-Y-Brenin,W01000304,Flintshire 003E,Investigation complete; no suspect identified
dceb4a31f5d1bcc367a3c67e81771f80db9c3327ded2f2f2e7acd43e876267fa,2026-07,North Wales Police,North Wales Police,-4.150063,53.215049,On or near Blaen-Y-Wawr,W01000064,Gwynedd 002A,Unable to prosecute suspect
61b90ddc01e3890dbf0a3cd9e02fcbe0c740e02b4531822a0f8c71a1b743c1de,2026-07,North Wales Police,North Wales Police,-3.938334,52.995054,On or near Cromwell Street,W01000056,Gwynedd 009A,Unable to prosecute suspect
c8dcb2172bc8ee9ccba28585104360e4d05257951b8fb9af7dede234c2e613fc,2026-07,North Wales Police,North Wales Police,-4.142015,53.217279,On or near Shopping Area,W01000064,Gwynedd 002A,Unable to prosecute suspect
381e8cd94e228b0dc7430e3032237ded9b970055f785f831c4a56d68d6726b71,2026-07,North Wales Police,North Wales Police,-3.402774,53.335923,On or near Shopping Area,W01000214,Denbighshire 002B,Unable to prosecute suspect
36ce0058254cce536b00c84ff71b68ef26e7b5e07c290b1d41a05da799301608,2026-07,North Wales Police,North Wales Police,-4.095435,53.182096,On or near Sports/Recreation Area,W01000115,Gwynedd 003E,Unable to prosecute suspect
42a2bd13eb9446ca9b311e5bede316bdbe6d229bb1ddff1dfd6a1b44ca0d2fce,2026-07,North Wales Police,North Wales Police,-3.927946,52.980762,On or near Sports/Recreation Area,W01000113,Gwynedd 009C,Unable to prosecute suspect
16401b096cb45312d2f3c48bad15a4cdb7dd586690ef500d9fcb82d5faa27d13,2026-07,North Wales Police,North Wales Police,-2.979881,53.039469,On or near Clwyd Wen,W01000423,Wrexham 012D,Unable to prosecute suspect
ecd4cee0541af7329377c3e2dab115eb82f951c632b98c2cf9571e6fe62502f4,2026-07,North Wales Police,North Wales Police,-3.489674,53.320086,On or near St Helens Place,W01000240,Denbighshire 004E,Investigation complete; no suspect identified
203f6a2852761af30e41b08fbc004d182bfc55e5cbd3c2cc5e6acffd79669756,2026-07,North Wales Police,North Wales Police,-3.005471,53.045737,On or near Dolydd Road,W01000350,Wrexham 011B,Local resolution
471bebb72d8c9c15259578fa7cbb8c12b3f35af99f0729233f4578e2478b0f48,2026-07,North Wales Police,North Wales Police,-2.979881,53.039469,On or near Clwyd Wen,W01000423,Wrexham 012D,Unable to prosecute suspect
52886853e7923589f967a56b5f6aaef7025e4b1aa54b1758bbe4f0d441af59eb,2026-07,North Wales Police,North Wales Police,-2.979881,53.039469,On or near Clwyd Wen,W01000423,Wrexham 012D,Unable to prosecute suspect
18ea3f7753f47698175749892ee792e93d5b2c49d0d2bbb99b663c885c2512e5,2026-07,North Wales Police,North Wales Police,-2.979881,53.039469,On or near Clwyd Wen,W01000423,Wrexham 012D,Unable to prosecute suspect
af869017af6750022302698fc78a8332c5cfa9e384a124408dab18c4d73179bf,2026-07,North Wales Police,North Wales Police,-2.988327,53.058574,On or near St Margaret Way,W01000342,Wrexham 023E,Unable to prosecute suspect
823b961135ce74079599d52c72756bd4a607b07b1b822b63c01bb52186dec9f0,2026-07,North Wales Police,North Wales Police,-4.343378,53.409947,On or near Tai Copr,W01000003,Isle of Anglesey 001A,Suspect charged
9c5937a91a2d1623e4fd5fe94792b06c2c70dd75f07c669306e15e821ead728f,2026-07,North Wales Police,North Wales Police,-2.979794,53.049439,On or near Trevenna Way,W01000425,Wrexham 010E,Unable to prosecute suspect
5cde44e1024e7de8265c6c9bc6332284e2e76887d5078e305e696718c5eb30fe,2026-07,North Wales Police,North Wales Police,-2.982367,53.036617,On or near Collins Court,W01000382,Wrexham 012B,Unable to prosecute suspect
381db2bc43bc972e8470f60d3c6c2f8ad171ca2a57ffc83bfd693c972875d4fd,2026-07,North Wales Police,North Wales Police,-4.167506,53.205428,On or near Min Y Grug,W01000102,Gwynedd 002E,Unable to prosecute suspect
9f40ac0ed5772bce55eecc28388a36cda92817b4543ded68b2ac9de44bf78787,2026-07,North Wales Police,North Wales Police,-3.053788,52.939322,On or near Princess Avenue,W01000360,Wrexham 019D,Unable to prosecute suspect
1ef062a76aa6855e4c3df3b79ba4b11301c6f995b242cb2ce026e283e90634a3,2026-07,North Wales Police,North Wales Police,-3.405293,53.334019,On or near B5120,W01000213,Denbighshire 002A,Investigation complete; no suspect identified
148b0f395cb1c75d75ed43fe8b991e0cabcdc1547c0ba71e46dab1dde198eafd,2026-07,North Wales Police,North Wales Police,-4.626124,53.304508,On or near Garden Place,W01000029,Isle of Anglesey 003C,Unable to prosecute suspect
12c62f2b8a246fd51eac7636ebd7bf56142d62e68551ac475e6f0d0b41104f98,2026-07,North Wales Police,North Wales Police,-4.130182,53.227476,On or near Theatre/Concert Hall,W01000076,Gwynedd 001B,Unable to prosecute suspect
2551fa5a86420e7b118620c2bb05eff43c629beb8a7d7f5796652201e9c5b31e,2026-07,North Wales Police,North Wales Police,-3.649369,53.290107,On or near Brig-Y-Don,W01000153,Conwy 009D,Unable to prosecute suspect
660fb353b571c6769740bf85a8342ea1a3b12f578ba0b8f2ebb98396867af789,2026-07,North Wales Police,North Wales Police,-3.133562,53.247225,On or near Barons Close,W01000288,Flintshire 004A,Unable to prosecute suspect
1afb830799c77e1fbb94e478f275ac7e989540e9bbed173046578e88b225e82a,2026-07,North Wales Police,North Wales Police,-3.761442,53.289367,On or near Heol Fryn,W01000167,Conwy 011C,Unable to prosecute suspect
4dc5d0e38d8f1ff852e6eb7cdc59b19b14156d17fc17c4e7ffad6612123ae30e,2026-07,North Wales Police,North Wales Police,-3.831746,53.327935,On or near Hill Terrace,W01000146,Conwy 001B,Investigation complete; no suspect identified
1c0f2c538c68718ec4ed6043ef086068818dc03a324080160688d8be9950e530,2026-07,North Wales Police,North Wales Police,-4.360416,53.021704,On or near Bro Celyn,W01000086,Gwynedd 008B,Unable to prosecute suspect
743729453060ff5e2c700fe22e6634dd81e75361821428686b45fa29bf30feb3,2026-07,North Wales Police,North Wales Police,-3.048277,53.006155,On or near Tegfan,W01000405,Wrexham 015B,Unable to prosecute suspect
b54c81ca8ab32ace79a17566669e26296a673eefa285859b1221349bed59c75c,2026-07,North Wales Police,North Wales Police,-4.139431,53.222901,On or near Belmont Street,W01000075,Gwynedd 002C,Investigation complete; no suspect identified
e24c0f21826cff8c21c09b9a859319fef57d2f5ad700bc1cb7d108a3cc0fb1af,2026-07,North Wales Police,North Wales Police,-3.007131,53.069581,On or near Rhosrobin Road,W01000375,Wrexham 003B,Unable to prosecute suspect
5081dc892fa9d1da77913d0358a1f128544699ead7b1e7f064dc0f5f1b484823,2026-07,North Wales Police,North Wales Police,-3.439547,52.922652,On or near Bro Dinam,W01000205,Denbighshire 016B,Unable to prosecute suspect
f87c95e89fbb52b7260ace80aaa5ceee153bd3b416246bc7788c6c3b3f23325b,2026-07,North Wales Police,North Wales Police,-3.058340,53.010429,On or near Police Station,W01000411,Wrexham 015C,Investigation complete; no suspect identified
ce80774b9326f366d1fb963d22b3a5f4799b5c57a50bf4bba533804128dc6043,2026-07,North Wales Police,North Wales Police,-4.152576,53.206606,On or near Supermarket,W01000064,Gwynedd 002A,Investigation complete; no suspect identified
8ba32bc9dc057ecf665a3f37b271cbe58cb48ea106a613747a65095d3b3d23f9,2026-07,North Wales Police,North Wales Police,-3.318171,53.112020,On or near Mwrog Street,W01000242,Denbighshire 014A,Unable to prosecute suspect
5bc54f03b6cd1a96bf96847d9036864f289a89c79dc4636f7e84b28e8efe5cd1,2026-07,North Wales Police,North Wales Police,-4.347265,53.285375,On or near Llangwyllog,W01002005,Isle of Anglesey 002E,Investigation complete; no suspect identified
05c1154109a79b1985c2d90ce6be5a1675ddded701c7d8cbca09bd5ec6a1c99a,2026-07,North Wales Police,North Wales Police,-3.481339,53.319578,On or near Mona Terrace,W01000238,Denbighshire 006C,Suspect charged
2f9c0b178e4936648854e11abacafdffe669193d7e3e746cd53d09fa67b89697,2026-07,North Wales Police,North Wales Police,-2.994514,53.041737,On or near Supermarket,W01000365,Wrexham 011C,Investigation complete; no suspect identified
ff25e3983cf74a6c78ee757006ce3bb5bc305dca75fa55087b7c5123a7622d2c,2026-07,North Wales Police,North Wales Police,-3.241103,53.279437,On or near Petrol Station,W01000306,Flintshire 002A,Investigation complete; no suspect identified
6a2273e37095bf559dc61e93352849a1bb4094b087ec923a32a9125abc175492,2026-07,North Wales Police,North Wales Police,-3.806417,53.284316,On or near Ty'n-Y-Fron Road,W01000176,Conwy 011D,Unable to prosecute suspect
2d09a535666883505d6bbafa7ac733ccc9d68b81f19d34b24469f4e02f1654f6,2026-07,North Wales Police,North Wales Police,-4.162744,53.153377,On or near Bryn Tirion,W01000099,Gwynedd 005C,Investigation complete; no suspect identified
639629c1771a06abc1da04ceb379c7b62d110fc3a52f256d16e6c79dbc5945ce,2026-07,North Wales Police,North Wales Police,-4.633071,53.312024,On or near Stanley Street,W01000016,Isle of Anglesey 003A,Unable to prosecute suspect
868df1ede7599b1872373a1420c8e3a3d7c0d02c2d988c13da920784a29e68eb,2026-07,North Wales Police,North Wales Police,-2.972357,53.041097,On or near Supermarket,W01000413,Wrexham 010C,Investigation complete; no suspect identified
e07c3b77650d0d2d28d4d1dba70318a43b58bd96e7e1945013a4498ebeb18631,2026-07,North Wales Police,North Wales Police,-4.139638,53.224373,On or near Hospital,W01000092,Gwynedd 001E,Unable to prosecute suspect
1639fde2167cea35015b5b03b6426d76e7f283339e649677d81cca215ccdd98f,2026-07,North Wales Police,North Wales Police,-3.220338,53.123388,On or near Parking Area,W01000203,Denbighshire 013A,Unable to prosecute suspect
93febb5dab66587aeaa7a960fe6a0e219bf69e9bfc4ba6e2afdd53011dacbf56,2026-07,North Wales Police,North Wales Police,-3.802850,53.317866,On or near Nant-Y-Gamar Road,W01000133,Conwy 002A,Investigation complete; no suspect identified
e3b85d4e33eccdbd3b35361142bccc9655b998eb2fcd5b6f1abfa1100fa869cd,2026-07,North Wales Police,North Wales Police,-3.072445,52.973505,On or near Parking Area,W01000355,Wrexham 017B,Suspect charged
9db8308c0a940eb890f1ff494129d9aabf6ed8d66242d330cdc35c6acbf5db78,2026-07,North Wales Police,North Wales Police,-3.026269,53.035860,On or near Bersham Road,W01000367,Wrexham 014B,Investigation complete; no suspect identified
d1369ecfd0194cd663126da7740e32b2345b365f825650eddb10bf39a278b613,2026-07,North Wales Police,North Wales Police,-3.026269,53.035860,On or near Bersham Road,W01000367,Wrexham 014B,Investigation complete; no suspect identified
5eb54266cdcce13fa195f7e98d162bb5da6cc4d1e569b0da3a41e6303dcb8a75,2026-07,North Wales Police,North Wales Police,-3.075923,53.214984,On or near Taynton Close,W01000277,Flintshire 008B,Investigation complete; no suspect identified
c229f8dc2d828aea7a4ca41cd60753980c4459aed27bcc3d0f1d26c2652e39a2,2026-07,North Wales Police,North Wales Police,-2.981909,53.049961,On or near Hill Crest,W01000425,Wrexham 010E,Unable to prosecute suspect
5d58ee09d4e2d3da2ecf9a9b1bd00b49bc7e5d532939fbd8228eac5529f4a439,2026-07,North Wales Police,North Wales Police,-3.003963,53.214902,On or near Maes Helyg,W01000333,Flintshire 009B,Unable to prosecute suspect
755f8f96cdd19196d9abb29b4b59e91990cd20605a4a0866e68be2da5c1da453,2026-07,North Wales Police,North Wales Police,-3.216844,53.275700,On or near Strand Lane,W01000304,Flintshire 003E,Unable to prosecute suspect
9f994e059b61d1b7e050e04703c27373a01afc2d48b80ca3590af30a53be64a8,2026-07,North Wales Police,North Wales Police,-3.458828,53.313653,On or near Maes Maenefa,W01000234,Denbighshire 017G,Suspect charged
1effaff966d3773d86afc400bf28516afd617912cf1e201c0b614a8720133129,2026-07,North Wales Police,North Wales Police,-3.122397,53.240930,On or near Deva Close,W01000292,Flintshire 004C,Investigation complete; no suspect identified
798151252e00891953dab349d5a61796a0a9faa15eb6f93c99a11b63c8a42bfe,2026-07,North Wales Police,North Wales Police,-3.027662,53.032351,On or near Hill Street,W01000366,Wrexham 014A,Unable to prosecute suspect
33a4ec330e32f38e3b6143be756ac639d58e9d77224ee95a4c5c84bb587c7fed,2026-07,North Wales Police,North Wales Police,-3.458828,53.313653,On or near Maes Maenefa,W01000234,Denbighshire 017G,Suspect charged
f0824b7ec6116dca4a155c5871eda91d702a259bd4ed572405149a8bda416e40,2026-07,North Wales Police,North Wales Police,-4.633691,53.310635,On or near Stryd Williams,W01000016,Isle of Anglesey 003A,Unable to prosecute suspect
6d73fe599c0bd26c621a0e9a42953e9fc0e84d36084c146be87f0146cc1bb3ec,2026-07,North Wales Police,North Wales Police,-4.626124,53.304508,On or near Garden Place,W01000029,Isle of Anglesey 003C,Unable to prosecute suspect
6c49fe1c8dc7ef11e616dbf8bdb18d746f05071e70b0abe93c8fbb9aa848f2be,2026-07,North Wales Police,North Wales Police,-4.626124,53.304508,On or near Garden Place,W01000029,Isle of Anglesey 003C,Unable to prosecute suspect
eb984e2825a4271f970a7de10f8a4dd6872e7ee723816654bd3d388ea51e828b,2026-07,North Wales Police,North Wales Police,-4.149519,53.210708,On or near Shopping Area,W01000064,Gwynedd 002A,Unable to prosecute suspect
165c1ca08173e05a41709eaa825203ee184e5b42740a8ecaa01c35f1d9a97157,2026-07,North Wales Police,North Wales Police,-3.430506,53.234364,On or near Parking Area,W01000247,Denbighshire 010C,Unable to prosecute suspect
94ef934fa94584deebce16abb310f327c29af4fa19fd95bcbbbf716ae4c2465b,2026-07,North Wales Police,North Wales Police,-3.488481,53.312136,On or near Brookes Avenue,W01000237,Denbighshire 006B,Unable to prosecute suspect
18ac0b9ef547d7a6bf0c7bc4e52e8b8fe2306e4e84a228d163e55121a1c3f6bd,2026-07,North Wales Police,North Wales Police,-3.037931,53.070584,On or near Maelor Close,W01000351,Wrexham 005A,Unable to prosecute suspect
b15786b1acd1699105925c1157c05959c4efcbb64122775954bf3f19622b57b3,2026-07,North Wales Police,North Wales Police,-3.828847,53.322649,On or near Stephen Street,W01000169,Conwy 001D,Investigation complete; no suspect identified
faca0ce4c51c79ee290083a1bc700caa43745d8f93ff55e74be0ae29a4c00258,2026-07,North Wales Police,North Wales Police,-2.980483,53.047591,On or near St Giles Crescent,W01000425,Wrexham 010E,Investigation complete; no suspect identified
58538b94499726d484c1e20e351fd62a7fc0eface8c63db4202fc4316f5d1de8,2026-07,North Wales Police,North Wales Police,-4.120059,53.229837,On or near Friars Road,W01000077,Gwynedd 001C,Investigation complete; no suspect identified
f08dd4acbcfd00fb6c0e68b2804a237082205c08a99a1beb4a5be7784e777019,2026-07,North Wales Police,North Wales Police,-3.001751,53.067325,On or near Ffordd Fawr,W01000375,Wrexham 003B,Unable to prosecute suspect
548fdb815e1296acd3f85397816bcbc8a75487a5fd1f03f1c4f0ff8d4f0b8ff2,2026-07,North Wales Police,North Wales Police,-3.044682,53.202605,On or near Dale Road,W01000252,Flintshire 010A,Local resolution
f356b148a597a9739869c931109873fa910516284891ad6b13638a31e2b35bce,2026-07,North Wales Police,North Wales Police,-4.272820,53.140564,On or near Penrallt Isaf,W01000059,Gwynedd 006A,Unable to prosecute suspect
1294604a782eb5ccf90e49eb9e06af19a8d9a5f199cbf28649d676867081cec7,2026-07,North Wales Police,North Wales Police,-3.056671,53.008750,On or near B5097,W01000405,Wrexham 015B,Unable to prosecute suspect
c32c89fdd74612525b2b8e7fc2d07b86b0024aaf78ae43fd40b9b3f11c4b4b14,2026-07,North Wales Police,North Wales Police,-3.058996,53.055592,On or near Tallwrn Court,W01000362,Wrexham 006C,Investigation complete; no suspect identified
2a33dc721268c4072c12e9e57c0459f87fd564c8cde486ee355ed52576c2a9f7,2026-07,North Wales Police,North Wales Police,-3.480569,53.318599,On or near Prince Edward Avenue,W01000238,Denbighshire 006C,Action to be taken by another organisation
bc2a4cd9cddcb88681f8393508e917e4b46d8a1f6672080fac600dcd95e1f833,2026-07,North Wales Police,North Wales Police,-4.165816,53.227135,On or near Hill Street,W01000042,Isle of Anglesey 008D,Investigation complete; no suspect identified
61cdab01e238cba2937d69c524ed7a2e9f5c1a50ae10c4a3e0691151a6e1831d,2026-07,North Wales Police,North Wales Police,-3.137449,53.248581,On or near Coleshill Street,W01000290,Flintshire 004B,Investigation complete; no suspect identified
0e17298b8119ec95164ddf8308de418db3eb6ccc1b76acdce6a444b58d69826d,2026-07,North Wales Police,North Wales Police,-4.060265,53.179649,On or near Parking Area,W01000097,Gwynedd 003D,Suspect charged
1d97e259782a3bacec6794363c541d6483d8fa98e43409f2b2a3fed15885483a,2026-07,North Wales Police,North Wales Police,-3.932453,53.267901,On or near Ffordd Darbishire,W01000172,Conwy 013E,Unable to prosecute suspect
8516fd9108dd7e87acad9876a1d2c7ef7d97f3e78d593c08d7935450a4475aae,2026-07,North Wales Police,North Wales Police,-2.993523,53.164326,On or near Wellington Road,W01000255,Flintshire 015A,Unable to prosecute suspect
7efedc3968436bf1dcbc85f755c6ccb5656b4995777f3edabb3791b8f7139d7a,2026-07,North Wales Police,North Wales Police,-4.268535,53.136438,On or near Hendre Street,W01000111,Gwynedd 007C,Unable to prosecute suspect
838f36ded864ed504ad654e77d89a09f8c75cc5656554184a0f14316eaddbebc,2026-07,North Wales Police,North Wales Police,-4.125552,53.229712,On or near Supermarket,W01000062,Gwynedd 001A,Unable to prosecute suspect
3e22c3bc8cafd0384c61f72997fd187d91af7ab29e22fd884f065e48f1b77290,2026-07,North Wales Police,North Wales Police,-3.217169,52.981020,On or near Parking Area,W01000208,Denbighshire 016C,Suspect charged
d741f370c7bcd975fb9642caaa309d6833fef2cf0fba7a69da95ef0e66f9c8a8,2026-07,North Wales Police,North Wales Police,-2.968088,53.040986,On or near Anthony Eden Drive,W01000414,Wrexham 010D,Unable to prosecute suspect
66345056fec9bcad5b40130423ed1a45e836b5e028e071aa6b7cd380ef0f5864,2026-07,North Wales Police,North Wales Police,-3.766069,53.318614,On or near Glan-Y-Mor Road,W01000175,Conwy 003D,Unable to prosecute suspect
9f5ce14091e01ae79bb6b8a615d8f687b36fe1f47ccb6b6b38645ef6c31525f7,2026-07,North Wales Police,North Wales Police,-3.174083,52.971286,On or near Llangollen,W01000209,Denbighshire 016D,Suspect charged
f967d92c92f6388c7fa1b6260256f2b61c6eb383980000c47066564f308359d5,2026-07,North Wales Police,North Wales Police,-3.048822,53.015131,On or near Stanley Road,W01000412,Wrexham 015D,Unable to prosecute suspect
d32c2aebbf41ad863859997ae072a873405c03c6fb0ec7e2d6901dfde993755f,2026-07,North Wales Police,North Wales Police,-3.488333,53.320390,On or near Heol Clwyd,W01000240,Denbighshire 004E,Suspect charged
159ef3f04657c19405c7affed117863d9d956b605bcbdadbf48fb3a4975358b6,2026-07,North Wales Police,North Wales Police,-3.403908,53.332534,On or near Maes-Y-Groes,W01000213,Denbighshire 002A,Suspect charged
c5a3e376ffa3102decb5b4f28a43d9a813fa838f82c08c6ef2472ac103e41d6b,2026-07,North Wales Police,North Wales Police,-3.403908,53.332534,On or near Maes-Y-Groes,W01000213,Denbighshire 002A,Suspect charged
a8df0bf1b5dab4a35e9ef295f143c4ec6886477308486bc694901d7d83e92e21,2026-07,North Wales Police,North Wales Police,-4.329181,52.918804,On or near Bro Sion Wyn,W01000089,Gwynedd 011D,Unable to prosecute suspect
1a4e4c70bfd4fd5886048395e3af1874ef0dcbddb786a67c9885a47383541829,2026-07,North Wales Police,North Wales Police,-4.329181,52.918804,On or near Bro Sion Wyn,W01000089,Gwynedd 011D,Unable to prosecute suspect
dc004eed9980743753f4ab6b8953abf70b25c743031df0c0385fbc7694711911,2026-07,North Wales Police,North Wales Police,-3.131215,53.250879,On or near Castle Dyke Street,W01000288,Flintshire 004A,Unable to prosecute suspect
f650464c439ed1a26c2a9d296d731fd16ef0a92e40fa1e61eb5fcd4e94896f22,2026-07,North Wales Police,North Wales Police,-4.418458,52.887941,On or near Maes Square,W01000108,Gwynedd 012D,Suspect charged
47730a69b93acbbc2ae2a608780b49582ed36ded7168b3a86d97366087cf1db5,2026-07,North Wales Police,North Wales Police,-3.218346,53.245488,On or near Park/Open Space,W01000301,Flintshire 006E,Suspect charged
f0f9e2c4fbf9728354941a0eb6ea6d369a1ced8d59644c4e761e43f30ba03c87,2026-07,North Wales Police,North Wales Police,-3.488333,53.320390,On or near Heol Clwyd,W01000240,Denbighshire 004E,Suspect charged
5c90c5a0535fe89e5fa9ead406c5f69e3581500c1d5f6405a4a57e83230cf70c,2026-07,North Wales Police,North Wales Police,-3.004315,53.041549,On or near Alexandra Road,W01000402,Wrexham 011D,Unable to prosecute suspect
871d0654330f3d717aff2a6fb081098c5e65e5beda3f1c16c03b475e0fe051e3,2026-07,North Wales Police,North Wales Police,-2.996436,53.047233,On or near Duke Street,W01000372,Wrexham 008C,Unable to prosecute suspect
323277e81f77d3fc580f1f9f0c1a567aaba42681a5d2ac8fbb38dd055e021f6b,2026-07,North Wales Police,North Wales Police,-3.932282,52.994668,On or near Lord Street,W01000065,Gwynedd 009B,Unable to prosecute suspect
6b7fcc35e5822166cc7f9d511afa8011c93be2334f13a670004223a9c0d4d8ac,2026-07,North Wales Police,North Wales Police,-3.284773,53.127802,On or near Maes Famau,W01000204,Denbighshire 013B,Unable to prosecute suspect
6e54206c6d1c1dc5dc4e2f59aa2fcf48e54893be7bd90d41bd812ab829acb3ef,2026-07,North Wales Police,North Wales Police,-4.053459,52.544377,On or near Rhos Dyfi,W01001933,Gwynedd 017F,Further action is not in the public interest
2d75238689467403c19aa1eae424a356c018c6cd0cac5db4791f7f8cbbceb7f0,2026-07,North Wales Police,North Wales Police,-3.726806,53.295843,On or near Station Road,W01000144,Conwy 007C,Investigation complete; no suspect identified
beb96c4ef6fd1b2e7e5920b136d048872f722f1c769a4512021701a6a8ee6f63,2026-07,North Wales Police,North Wales Police,-4.089530,52.584675,On or near Sports/Recreation Area,W01000117,Gwynedd 017E,Investigation complete; no suspect identified
b80d55a1cfa4b39b358b55776115657ed781fe17e728cd613c410531d1497c8a,2026-07,North Wales Police,North Wales Police,-4.125069,53.228741,On or near Well Street,W01000062,Gwynedd 001A,Investigation complete; no suspect identified
3470c7f1e8dfa85a1c475e3fae3287c995575d03fc9ad055674ff56c1d85d79f,2026-07,North Wales Police,North Wales Police,-3.042638,53.212763,On or near Parking Area,W01000337,Flintshire 009F,Unable to prosecute suspect
c778122f201c00810d7875476fd6baaddfc000baaadac5e2775087ce4e0fe52c,2026-07,North Wales Police,North Wales Police,-2.994407,53.033595,On or near Coed-Y-Nant,W01000365,Wrexham 011C,Unable to prosecute suspect
e47175a164cdd8c47931db35afca6607adb1aebfd675c3e96c4459691f787708,2026-07,North Wales Police,North Wales Police,-3.934401,52.994731,On or near Supermarket,W01000056,Gwynedd 009A,Investigation complete; no suspect identified
8c8c957d1ab391a4f882bacbd7c4012c07615d9ff237e49c9affad6c4e335c66,2026-07,North Wales Police,North Wales Police,-3.827549,53.281045,On or near Castle Street,W01000130,Conwy 012C,Offender given a caution
bdee6cf8db9bc84cb8e345987f72d230da0ea0e1dab831ce1b9997de4f043659,2026-07,North Wales Police,North Wales Police,-4.063135,53.181757,On or near Bryntirion,W01000097,Gwynedd 003D,Investigation complete; no suspect identified
a27291e18a05a9080a05d113b184ccb72a5fd4489f703babd37a5fb794ecae24,2026-07,North Wales Police,North Wales Police,-3.845176,53.328061,On or near Cyll Terrace,W01000147,Conwy 001C,Investigation complete; no suspect identified
2d1debc9f0362eef892cb8748e573427d90d1db5b4a8c2fcb42a32ac6adb8a51,2026-07,North Wales Police,North Wales Police,-3.489840,53.317953,On or near Parking Area,W01000240,Denbighshire 004E,Unable to prosecute suspect
97528b3ff6e0eb759fa9f414d4797d97e071ffd3e23bba003d87f31a62518db9,2026-07,North Wales Police,North Wales Police,-3.795140,53.288684,On or near Cae'r Llynen,W01000177,Conwy 011E,Unable to prosecute suspect
2319e316bc9b91b9e6eb0b471b37e64f8d5f726aded854eeaae31c8a5166ba48,2026-07,North Wales Police,North Wales Police,-4.633071,53.312024,On or near Stanley Street,W01000016,Isle of Anglesey 003A,Suspect charged
24fde7c7a03cf2a6e05c97b422b09db015d1366769a6b45ccca57236743ce7da,2026-07,North Wales Police,North Wales Police,-3.169391,52.970145,On or near Bridge Street,W01000208,Denbighshire 016C,Local resolution
7a2e6da7a36bb0b47d213d2fbc9ed8a3542072503c411b67cb4439465dcba648,2026-07,North Wales Police,North Wales Police,-4.629408,53.303482,On or near Parking Area,W01000017,Isle of Anglesey 003B,Unable to prosecute suspect
d06b178cbfbb6af48e7f6cf5014848d34dd4769e173fac0657423595258b5787,2026-07,North Wales Police,North Wales Police,-4.117702,53.232459,On or near Parking Area,W01000077,Gwynedd 001C,Investigation complete; no suspect identified
229822f4090fad24a0cc79079b6a5280c4b33ff7a7de28c4c2d26261081fa358,2026-07,North Wales Police,North Wales Police,-3.702060,53.290112,On or near Abergele Road,W01000138,Conwy 008A,Suspect charged
359575a52bda7b26bcfb9e681ebf357d4e76532409f5ebbc898c3a746c0225f6,2026-07,North Wales Police,North Wales Police,-4.053459,52.544377,On or near Rhos Dyfi,W01001933,Gwynedd 017F,Local resolution
37e36a4777833fd50c16c760cf8969c1c486b2dcebadba0cbf0e110ff0e73bfd,2026-07,North Wales Police,North Wales Police,-3.326532,53.309085,On or near Berthlog,W01000338,Flintshire 001C,Unable to prosecute suspect
d69e45085d355592aebf55795950a980c1a2b9cab0ea17e13c1ee224532b1ce2,2026-07,North Wales Police,North Wales Police,-4.414617,52.889179,On or near Penmount Place,W01000108,Gwynedd 012D,Unable to prosecute suspect
907c6a17dc35c37d43adc28e0ea84cf721d9fbb70b57905236c1f902300185ab,2026-07,North Wales Police,North Wales Police,-3.348799,53.123004,On or near Lady Bagot's Drive,W01000206,Denbighshire 013C,Investigation complete; no suspect identified
968d32f5de9553fe9c8d43148bd90716f58674840a9dd70bd9fa5efe126fc886,2026-07,North Wales Police,North Wales Police,-3.734308,53.297676,On or near Ellesmere Road,W01000183,Conwy 008E,Unable to prosecute suspect
456cc7ed29d67fb4315a522b7e4a40d52ca3e2bae3ac6af950641e1c8c90bf47,2026-07,North Wales Police,North Wales Police,-2.996436,53.047233,On or near Duke Street,W01000372,Wrexham 008C,Suspect charged
55cd36fdf97bcc7ef7e659cf694dce4f867b24a5feff9fdbdd24fa0195a7db84,2026-07,North Wales Police,North Wales Police,-2.996436,53.047233,On or near Duke Street,W01000372,Wrexham 008C,Suspect charged
a77cb6fa3b1eeb7643ff08e01558c6ef5b84ad207bf8ac828082b0e78283f5a8,2026-07,North Wales Police,North Wales Police,-3.058756,53.001360,On or near Bronalt,W01000406,Wrexham 013C,Unable to prosecute suspect
2c07bed751488c58e5e9cc6f0105024b638b6f9b1b35f2aa1401ace2b1325c9f,2026-07,North Wales Police,North Wales Police,-4.259250,53.146388,On or near Ffordd Cwellyn,W01000059,Gwynedd 006A,Suspect charged
dc9b3d7a48ae1592f4eecd2856fa4d30ceb093da14a1a4a729e9f460559d4ee8,2026-07,North Wales Police,North Wales Police,-3.580708,53.283791,On or near Glanrafon,W01000140,Conwy 010B,Suspect charged
3475223d4f26fe367b29c7f77d9c87fb069300f732e1a86eb1e12095bbdfece0,2026-07,North Wales Police,North Wales Police,-3.310721,53.114637,On or near St Peter's Square,W01000242,Denbighshire 014A,Local resolution
82d7e9e01a4e4dd696d7781205d4f1af47118a84857fbea8b7f1e027608f1e60,2026-07,North Wales Police,North Wales Police,-3.491763,53.321030,On or near Sussex Street,W01000240,Denbighshire 004E,Investigation complete; no suspect identified
3b0aef15c61f9499d9cf5f97846b0003900950af7f814196a2217bca38ea917a,2026-07,North Wales Police,North Wales Police,-3.037412,52.988756,On or near Parking Area,W01000420,Wrexham 016E,Investigation complete; no suspect identified
aec422fcac8ebaeaf5a15f9c6d75ff7f77d52b4624a7eb494df5c7324aaefdc9,2026-07,North Wales Police,North Wales Police,-3.150609,53.168144,On or near Cedar Grove,W01000318,Flintshire 016F,Investigation complete; no suspect identified
23874b3fa8a30ea331c3276a2614991456f0de6536103cb9c8a7703faa7b3bf2,2026-07,North Wales Police,North Wales Police,-3.502722,53.315877,On or near Marlborough Grove,W01000241,Denbighshire 004F,Unable to prosecute suspect
c25274e12ff5878d1ed124ae44bd307a6adc415231f9341d8a66922917a7d621,2026-07,North Wales Police,North Wales Police,-3.585516,53.286820,On or near Groes Lwyd,W01000179,Conwy 010F,Investigation complete; no suspect identified
d9146a6ad8d3adf3c6b8db4146d1170157c3eb6521d58f03aba80331149531d6,2026-07,North Wales Police,North Wales Police,-3.727605,53.294060,On or near Woodland Road East,W01000144,Conwy 007C,Unable to prosecute suspect
edd49ca07e38bdcd30bbc7120278d0ba71949a28e4dea4a8f3410664fe18d246,2026-07,North Wales Police,North Wales Police,-3.273422,53.079551,On or near Bryn Glas,W01000207,Denbighshire 015C,Investigation complete; no suspect identified
b633cc8327429593969982daee01366582722847f08d321277bef0156260ca7a,2026-07,North Wales Police,North Wales Police,-4.419610,52.886209,On or near Glan Rhyd,W01000108,Gwynedd 012D,Unable to prosecute suspect
871a5651e45c6979dff5feff7efc09cba8b01f7ef96bf4190b38831a40528416,2026-07,North Wales Police,North Wales Police,-4.119296,53.231361,On or near Bro Seiri,W01000077,Gwynedd 001C,Suspect charged
88e3cd4745215d4c8c5b55f4533f8ecfd265677d2c2ef748682f12025625d39a,2026-07,North Wales Police,North Wales Police,-2.938424,53.034248,On or near Pilgrim Way,W01001971,Wrexham 022D,Local resolution
5461fcb9e7eabdd76dc08ad7372854bb3a91748ea2d8b7f96ad945b254cc6051,2026-07,North Wales Police,North Wales Police,-2.977998,53.168994,On or near Vickers' Way,W01000255,Flintshire 015A,Unable to prosecute suspect
aeec492cbe67ecece5713da9434de32c254fb969a5b11f6a197ed4eaed7eab83,2026-07,North Wales Police,North Wales Police,-3.391721,53.180879,On or near Ruthin Road,W01000195,Denbighshire 012A,Unable to prosecute suspect
cb3800bf4e3bb33fb7aec79c18ff2a4dea4d96c8e26b7a4caf061bb840d523ef,2026-07,North Wales Police,North Wales Police,-3.130278,53.241467,On or near Ffordd Glyndwr,W01000293,Flintshire 004D,Unable to prosecute suspect
6d98f6de678a810a6622c25af990792f2d9a107afbb8fca5adf2b78c36e89507,2026-07,North Wales Police,North Wales Police,-3.405609,53.330392,On or near South Avenue,W01000213,Denbighshire 002A,Unable to prosecute suspect
e9e1065b0d03f9c85abe046458d662b8fffe25da2f069266f16f21715c2a27bb,2026-07,North Wales Police,North Wales Police,-3.310770,53.117702,On or near Canol-Y-Dre,W01000243,Denbighshire 014B,Investigation complete; no suspect identified
fcf1c1fd42df3b1aadba79b3e9cec8542cd420ecb0f1788a0967ce63f1d5aa39,2026-07,North Wales Police,North Wales Police,-3.045832,53.214191,On or near Parking Area,W01000283,Flintshire 008E,Unable to prosecute suspect
7722513da902b2f6c6ac5b0e3c00aadfe3f07e2a575a16c82c2ba11aed39287b,2026-07,North Wales Police,North Wales Police,-3.934701,52.992434,On or near Wynne Avenue,W01000065,Gwynedd 009B,Unable to prosecute suspect
dc2ad12f6ee21143da681d12a28002bf127df08731c377e3fdba111a95cd099f,2026-07,North Wales Police,North Wales Police,-2.998706,53.211000,On or near North Green,W01000332,Flintshire 009A,Unable to prosecute suspect
a4f40dea47b48dcd4c74af15572b43208d4ceb7aa88e54639c1047302396f019,2026-07,North Wales Police,North Wales Police,-3.467284,53.313378,On or near Pendre Avenue,W01000234,Denbighshire 017G,Unable to prosecute suspect
53368b8e611d1ed0e7fc066dda5bcfb76f0f55890b9c808ef6690dd1de88dddc,2026-07,North Wales Police,North Wales Police,-3.023669,53.201646,On or near Kennington Crescent,W01000312,Flintshire 011B,Unable to prosecute suspect
3d60fc9108a15e783f04e4e9e9dd845693ecdb6a69fa8316bdd5ed21d75e12df,2026-07,North Wales Police,North Wales Police,-3.033733,53.119622,On or near Mountain Close,W01000307,Flintshire 020B,Investigation complete; no suspect identified
5536adefd1182d19020e30567b790567b8de1b9cbc2411a1a54d02c24d13d858,2026-07,North Wales Police,North Wales Police,-2.946305,53.184883,On or near Parking Area,W01000329,Flintshire 015D,Investigation complete; no suspect identified
83690501cf7fc6708b6790f1ae73f7a3d3e8b932db178d0ed6bbd7615114e364,2026-07,North Wales Police,North Wales Police,-3.530652,53.113870,On or near Parking Area,W01000211,Denbighshire 012D,Local resolution
12d177bb97252efb239722d78872deaec82c643ab921a3fd4a120047307b2798,2026-07,North Wales Police,North Wales Police,-3.472446,53.314187,On or near Stanley Park Avenue,W01000233,Denbighshire 017C,Unable to prosecute suspect
99db96e79a4e2f3b8a39f88da97a5a87d86b17314d6e61ae937b0448fd6b81f5,2026-07,North Wales Police,North Wales Police,-3.472490,53.315481,On or near Tudor Avenue,W01000238,Denbighshire 006C,Investigation complete; no suspect identified
04afa03d4cab8464b53451640f72d9f55f3c117de40c6c95707cc60e05354767,2026-07,North Wales Police,North Wales Police,-4.055148,52.697775,On or near Francis Avenue,W01000085,Gwynedd 017C,Suspect charged
6f7a636ef4fb012ae045bf8c2c1d24c7043008ab02849482421678a04ae2aef8,2026-07,North Wales Police,North Wales Police,-3.467551,53.303657,On or near Petrol Station,W01000223,Denbighshire 009B,Investigation complete; no suspect identified
3772070bd562ae3cd70bfabc31c6e649fbf1dbd4708e9569502160c117ccc663,2026-07,North Wales Police,North Wales Police,-4.454295,53.414218,On or near Ffordd Y Traeth,W01000018,Isle of Anglesey 001C,Investigation complete; no suspect identified
927d39c04e3d8a18c9bc8c184a7a3444c07a64c6d3c478f8bab686143ed0a1af,2026-07,North Wales Police,North Wales Police,-3.484231,53.315533,On or near Victoria Road,W01000236,Denbighshire 006A,Investigation complete; no suspect identified
e2d97990fd123edf285ff236962957d750dcf8d560686a4d23a784147d4bbca6,2026-07,North Wales Police,North Wales Police,-3.732011,53.298392,On or near Princes Drive,W01000182,Conwy 007D,Investigation complete; no suspect identified
67f1b4fb7baac217ff0bb8be99c945d1199c9cdf907055214a7edf8a7a0008dc,2026-07,North Wales Police,North Wales Police,-3.148349,53.247047,On or near Shaftesbury Drive,W01000289,Flintshire 005A,Local resolution
d4ba248870f19d80a687184e43445674535cf89ff858e3063b52e0344665ce98,2026-07,North Wales Police,North Wales Police,-4.241919,53.348450,On or near Trem y Môr,W01002005,Isle of Anglesey 002E,Unable to prosecute suspect
60befa7e8129e93130b77e0e85922c5d4b3c9de03260ac3c5b1c5a2827bb6171,2026-07,North Wales Police,North Wales Police,-3.523277,53.307975,On or near Ash Grove,W01000149,Conwy 005A,Unable to prosecute suspect
fa67fe138e9fd08d1fd434c811c2df2ec41f943622d671d7223c52004b54f48d,2026-07,North Wales Police,North Wales Police,-3.059048,53.051654,On or near Celyn Place,W01000362,Wrexham 006C,Unable to prosecute suspect
3f8fa51c6a2a4664762452d678ac8bc922e87f19baf83375238001a1f565de0c,2026-07,North Wales Police,North Wales Police,-3.922172,53.267707,On or near Parking Area,W01000171,Conwy 013D,Unable to prosecute suspect
22a48b3c9d3fca053b713a5a77882f081fb848d144ed1b79a3e71c10fe15152a,2026-07,North Wales Police,North Wales Police,-4.404064,52.975909,On or near Maes Hyfryd,W01000078,Gwynedd 011C,Unable to prosecute suspect
bc7f29fc5cb4b0ade9fb775bbd4ff8bd799796f319141d4608333bc35a4c9a0b,2026-07,North Wales Police,North Wales Police,-3.031176,53.203784,On or near Dee View,W01000336,Flintshire 009E,Investigation complete; no suspect identified
02d58d0f6426a871075f98770e421d10e9fe78be1bbc9773fd12b725272b2d7c,2026-07,North Wales Police,North Wales Police,-3.055113,53.215845,On or near Howard Street,W01000274,Flintshire 007B,Unable to prosecute suspect
1c13c97db90ed589b466e74688e9e5f37eaeb9f2e7c1be29123b3d3e27f3725c,2026-07,North Wales Police,North Wales Police,-4.633071,53.312024,On or near Stanley Street,W01000016,Isle of Anglesey 003A,Unable to prosecute suspect
7bbcfdf473361986b68332d1b50a492949b049de536bad4479d35fcac3f251e3,2026-07,North Wales Police,North Wales Police,-3.007893,53.051730,On or near Parc Ial,W01000349,Wrexham 011A,Unable to prosecute suspect
ef4a205f9aefc2d878f20d46f1cf3e14143aa736663477916b38e0dad342ae61,2026-07,North Wales Police,North Wales Police,-2.987475,53.046094,On or near Supermarket,W01001931,Wrexham 012G,Suspect charged
1b658da0b9c396d81cae7263c06936c8d02bae6f8d26b716b29c46b4c7ab0130,2026-07,North Wales Police,North Wales Police,-3.479908,53.312944,On or near Meredith Crescent,W01000236,Denbighshire 006A,Unable to prosecute suspect
c2e3fd84d098b84ff935fec267729c8d0261b39f6129db23dd9c038414bca462,2026-07,North Wales Police,North Wales Police,-3.057186,53.219754,On or near Fishermans' Road,W01000274,Flintshire 007B,Investigation complete; no suspect identified
fc12b20d0e946319a58e8ffdc96ca992d40a9c1e48473c33e32ef139db161e18,2026-07,North Wales Police,North Wales Police,-2.998094,53.066025,On or near Parking Area,W01000375,Wrexham 003B,Unable to prosecute suspect
6f8426e26052f38681cda7f14618b328398b872a5a1b47c2ac60aa15fba72b44,2026-07,North Wales Police,North Wales Police,-3.057186,53.219754,On or near Fishermans' Road,W01000274,Flintshire 007B,Suspect charged
f850ae11021dc5042129e40a2334d8f00d79c00f256eefb54201fdc405474907,2026-07,North Wales Police,North Wales Police,-3.057770,53.212450,On or near Maes Y Berllan,W01000283,Flintshire 008E,Unable to prosecute suspect
ede5cdd6a16a7258ca51046e1df3a476b275ba74ae4b77650f65de2b0d66df14,2026-07,North Wales Police,North Wales Police,-3.051315,53.183067,On or near Brunswood Green,W01000284,Flintshire 013C,Unable to prosecute suspect
a16a21c318743d27a12fbda2ecde72df06ce110e4d6308323ba59e14625f5035,2026-07,North Wales Police,North Wales Police,-3.303261,53.233444,On or near Llys-Y-Pentre,W01000271,Flintshire 006C,Unable to prosecute suspect
78c72950113433d065e655a5c47abc1fc0c53a92a5c2c3e1f5ad501240b13733,2026-07,North Wales Police,North Wales Police,-4.139431,53.222901,On or near Belmont Street,W01000075,Gwynedd 002C,Suspect charged
f128af72f419f764910cc5fea2a8365a199e31f922e90b37874c07d8f52051b4,2026-07,North Wales Police,North Wales Police,-3.926813,53.266527,On or near David Street,W01000172,Conwy 013E,Unable to prosecute suspect
a3b373201156116a509acc030e89cf655fecc799db0e173bb318315d48ff6d0f,2026-07,North Wales Police,North Wales Police,-3.822983,53.291462,On or near Park Road,W01000136,Conwy 006B,Unable to prosecute suspect
d48b552804e7424b2c728eb62e8e1226e299da0223e67b14570019e30a43ff52,2026-07,North Wales Police,North Wales Police,-3.222165,53.274558,On or near Ffordd St Gregoire,W01000304,Flintshire 003E,Investigation complete; no suspect identified
12db998a5e9a125d870d8a2f10385e24f78f20c1a4c13a2f697a47cc277aa5e0,2026-07,North Wales Police,North Wales Police,-2.987475,53.046094,On or near Supermarket,W01001931,Wrexham 012G,Suspect charged
daa6e3995dc8e8410a374bb380ac754550cc7bcc6beeb58a6be0ae0d1e7d4a47,2026-07,North Wales Police,North Wales Police,-3.831606,53.320808,On or near St David's Place,W01000169,Conwy 001D,Investigation complete; no suspect identified
9769d9f30efaba479aaed84502aa2c2dd0c26382465768611365d06c1468ab5a,2026-07,North Wales Police,North Wales Police,-3.318171,53.112020,On or near Mwrog Street,W01000242,Denbighshire 014A,Unable to prosecute suspect
34e210302d6bc474ac2daba03166a9f817c0c780a0e371d28561c2e32bce64e7,2026-07,North Wales Police,North Wales Police,-3.582446,53.295095,On or near Parking Area,W01001928,Conwy 010H,Suspect charged
ef3829bb15ed8222991a0f86a51f4aa31a0a8fa230532e71622255e0f167031a,2026-07,North Wales Police,North Wales Police,-3.020241,53.235035,On or near Tenth Avenue,W01000332,Flintshire 009A,Unable to prosecute suspect
4706227a1f36466a83dc0be244c32afa9ed3d320d5ebd501339f9ad58d61a3e6,2026-07,North Wales Police,North Wales Police,-3.036191,53.211813,On or near Ash Grove,W01000334,Flintshire 009C,Unable to prosecute suspect
8b1c901d0f8d72648200d44f75af9305c08c587eb08c8c8d897dcbfbbe7b8971,2026-07,North Wales Police,North Wales Police,-3.009592,53.216086,On or near Mapplewood Avenue,W01000333,Flintshire 009B,Investigation complete; no suspect identified
dcfdcb00381e3c41e0cdb0aaf32a5238d128db31c28316b745ab018115a3af88,2026-07,North Wales Police,North Wales Police,-3.489671,53.322603,On or near Parking Area,W01000240,Denbighshire 004E,Unable to prosecute suspect
941cb0e78c5f83db82cc5e4430e3169b3f7dd209e89dad68c8256f5d37486115,2026-07,North Wales Police,North Wales Police,-3.001346,53.091708,On or near Penderyn Way,W01000391,Wrexham 003D,Local resolution
4efcef888688c63f9c534f854361892cf9491652a069cd484cf2322df5ce3683,2026-07,North Wales Police,North Wales Police,-3.493349,53.322575,On or near Parking Area,W01000239,Denbighshire 004D,Suspect charged
327b9bf13d48827e47dc8166d7aabbb7405a10dc5c9cf502d97f5f9f048fd7ee,2026-07,North Wales Police,North Wales Police,-4.633071,53.312024,On or near Stanley Street,W01000016,Isle of Anglesey 003A,Unable to prosecute suspect
fa61bd5ee9cd3efdf7876c2bfd817cd18ed295e1092bbbff14e194480a7fefde,2026-07,North Wales Police,North Wales Police,-4.633071,53.312024,On or near Stanley Street,W01000016,Isle of Anglesey 003A,Unable to prosecute suspect
ad6014732e88c55229a2ee7f35cb904c5a1b3400675e58f689e57ade07b6d684,2026-07,North Wales Police,North Wales Police,-3.057186,53.219754,On or near Fishermans' Road,W01000274,Flintshire 007B,Unable to prosecute suspect
ddfaf2a20899f658eb983cfd123b1d8f2af3fe91275d650d6a1bd9c44d09e2e5,2026-07,North Wales Police,North Wales Police,-3.071420,53.052416,On or near Manley Road,W01000364,Wrexham 006E,Local resolution
6790ced8adbbfc98dbdd22953a22bec50e72e6fc9d0c501896ce198264073be2,2026-07,North Wales Police,North Wales Police,-4.299269,53.256578,On or near Pencraig,W01000041,Isle of Anglesey 006D,Investigation complete; no suspect identified
8ccd67b17cbda2601ae3edcd27183e0bda9657d2309680f27c6d2d4a0b9547cf,2026-07,North Wales Police,North Wales Police,-4.546123,52.930248,On or near Trem Y Garn,W01000094,Gwynedd 012B,Investigation complete; no suspect identified
e4cde6103110d7c64a883228db59020c757a8c38092f719931c1172505f8f66c,2026-07,North Wales Police,North Wales Police,-3.374255,52.980673,On or near Chapel Street,W01000193,Denbighshire 015A,Unable to prosecute suspect
a472b179a2427edd63cc08474bb58bce548db7dac4be02862180cd57ec4549fc,2026-07,North Wales Police,North Wales Police,-3.037599,53.208762,On or near Butler Street,W01000334,Flintshire 009C,Investigation complete; no suspect identified
5dbd57bc09c3eef6f24d48c14b16681caf334a1a823937e8f69e4990d9379ef6,2026-07,North Wales Police,North Wales Police,-4.505676,52.820951,On or near Lon Golff,W01000080,Gwynedd 014C,Unable to prosecute suspect
f85b453f900677955b2a1ba67b6e453c45cb6c7433e8a7d3f253d45ae698ccf1,2026-07,North Wales Police,North Wales Police,-3.793281,53.286932,On or near Dalar Aur,W01000177,Conwy 011E,Unable to prosecute suspect
f464045aeec94f0261de59157ea5ae4ddd1e8354a3490f6d9bb71331f48848ef,2026-07,North Wales Police,North Wales Police,-2.996436,53.047233,On or near Duke Street,W01000372,Wrexham 008C,Suspect charged
a2b966db6af0946d0ff81881658879de2264e5acb84b5c1d04c379a803b4e444,2026-07,North Wales Police,North Wales Police,-2.981196,53.039566,On or near Connor Crescent,W01000423,Wrexham 012D,Investigation complete; no suspect identified
e100cd7294fc320f86ddf46273d848446b80363ba29cae235ba171393a42aaef,2026-07,North Wales Police,North Wales Police,-4.341939,53.408960,On or near Gorwel,W01000003,Isle of Anglesey 001A,Investigation complete; no suspect identified
12391a55db6760250946daa8d04728a022c988f0e0ff3b40567a53c2ef0c6046,2026-07,North Wales Police,North Wales Police,-3.893194,53.281117,On or near Glan-Yr-Afon Road,W01000125,Conwy 013B,Investigation complete; no suspect identified
d4849c9cf7f77971dd176027a38cac8775461fa5a806e3c0b712f375f117354c,2026-07,North Wales Police,North Wales Police,-3.049861,53.214830,On or near Parking Area,W01000283,Flintshire 008E,Unable to prosecute suspect
57d52b4dabd2782740bfaa4998fbc3653d96c9179e97d8005d1d0a4331f55237,2026-07,North Wales Police,North Wales Police,-3.048513,53.212361,On or near Mill Lane,W01000283,Flintshire 008E,Unable to prosecute suspect
719cda5544bd0092929edf5bea0dfd5574ba9148688732257f27d2ded620a790,2026-07,North Wales Police,North Wales Police,-3.049861,53.214830,On or near Parking Area,W01000283,Flintshire 008E,Unable to prosecute suspect
b4504e6a21604d84f16a82ba5a786e37421389824fa13e89f34ffba7c381cb84,2026-07,North Wales Police,North Wales Police,-3.889098,53.053647,On or near Slop Y Llan,W01000121,Conwy 015A,Local resolution
47bcbf6115134e5d5bd11dacd107c8c5d3b65ac5cc5b6bee4e1674b282a5a160,2026-07,North Wales Police,North Wales Police,-3.174083,52.971286,On or near Llangollen,W01000209,Denbighshire 016D,Unable to prosecute suspect
67a0c53a995d900e9b7dc769ba0ec89517a3007bfdc205b3c090f8d0bfb497a3,2026-07,North Wales Police,North Wales Police,-2.946022,53.108755,On or near Supermarket,W01000418,Wrexham 022A,Investigation complete; no suspect identified
b5af67be6a1ebc4744dd67e0dbc390d58f74da47cda2d873a707893187e7f50d,2026-07,North Wales Police,North Wales Police,-4.633691,53.310635,On or near Stryd Williams,W01000016,Isle of Anglesey 003A,Unable to prosecute suspect
57f3c29dc69e6124f1c3418e734982ae8ec910f7e5cd8bd84e8e450ae7005fc1,2026-07,North Wales Police,North Wales Police,-3.066326,52.979601,On or near Chathams Close,W01000355,Wrexham 017B,Investigation complete; no suspect identified
5e51122691a11831f14024920899dcf05ee10b5bf4f1cf7d7870d19f6a82cb67,2026-07,North Wales Police,North Wales Police,-3.308914,53.330270,On or near Glasdir,W01000287,Flintshire 001A,Unable to prosecute suspect
e486b8ccc5a005932ad849064cfaca8ff26e2ca8329aa3754ba7c5b4e025872c,2026-07,North Wales Police,North Wales Police,-4.176776,53.210752,On or near Ffordd Bronwydd,W01000103,Gwynedd 005D,Investigation complete; no suspect identified
fd569535db7cf70ca55032eea560526d6466dadfa42b72306d098d1cbbec9348,2026-07,North Wales Police,North Wales Police,-4.485843,53.337681,On or near Stad Yr Hen Ysgol,W01000028,Isle of Anglesey 001D,Investigation complete; no suspect identified
9648f85bfeb835fe7235b75fe03a35f91b50e8e59d56818c9317cf95a2ffd80d,2026-07,North Wales Police,North Wales Police,-3.048513,53.212361,On or near Mill Lane,W01000283,Flintshire 008E,Investigation complete; no suspect identified
044d8385d058545370f92b6af7c902b7e45e154c371004c9588dd3371ad2f2e0,2026-07,North Wales Police,North Wales Police,-4.270854,53.133607,On or near Supermarket,W01000111,Gwynedd 007C,Unable to prosecute suspect
b9210f8b8ce06513643df8ff49fbb2fc2e1c88b2596cb887284d7013a3df8bb1,2026-07,North Wales Police,North Wales Police,-3.411166,53.188364,On or near Maes Y Coed Road,W01000196,Denbighshire 012B,Unable to prosecute suspect
ff26ccb28b8ebea519a503d6d5d1c7cddd945fa0d6ad44bff72bf3e64534ea63,2026-07,North Wales Police,North Wales Police,-4.259250,53.146388,On or near Ffordd Cwellyn,W01000059,Gwynedd 006A,Investigation complete; no suspect identified
9077db3849b633fa2db91d52f4c00bb4214969471e467448d00b5c86c2b25d58,2026-07,North Wales Police,North Wales Police,-3.476600,53.308850,On or near Ffordd Derwen,W01000223,Denbighshire 009B,Investigation complete; no suspect identified
d1075a4acf2da45f335bbd65e477598e0f49db2a965ad1c8db5bd467cdfe3f43,2026-07,North Wales Police,North Wales Police,-3.544106,53.282500,On or near Rhuddlan Road,W01000140,Conwy 010B,Local resolution
b74a9ecb41f7de4033b9a431a0c0ade7b39b84b7803fb77ac26bf7e67e2e463f,2026-07,North Wales Police,North Wales Police,-4.622267,53.305996,On or near Llanfawr Close,W01000033,Isle of Anglesey 003E,Unable to prosecute suspect
12deeaaeb043695b643b27e36aff146dbdf804a71d9b8e8273f075802d4cfcf9,2026-07,North Wales Police,North Wales Police,-3.678056,53.287846,On or near Mor Awel,W01000163,Conwy 009E,Unable to prosecute suspect
ac605e54d8319f25099abc6f71d0e48a7c40f985059d06710690ab1e343c6928,2026-07,North Wales Police,North Wales Police,-2.971944,53.036694,On or near Fishguard Close,W01000423,Wrexham 012D,Investigation complete; no suspect identified
a632530270548f39311237c3fff39df4aa9ac6729a9b905b5f13662dbc873cfe,2026-07,North Wales Police,North Wales Police,-3.032749,53.208786,On or near Petrol Station,W01000336,Flintshire 009E,Unable to prosecute suspect
16e4928a71c3ef84d5cf6e18cc7a242e92bb662d6eef34eecf03df0deb1321b2,2026-07,North Wales Police,North Wales Police,-3.696625,53.289255,On or near Back Cadwgan Road,W01000128,Conwy 009C,Investigation complete; no suspect identified
6e7754291ae1820ad6860972e8dea9fb025428ed0e0870abc2a2143f4d5da798,2026-07,North Wales Police,North Wales Police,-3.153179,53.168038,On or near Queens Park,W01000318,Flintshire 016F,Action to be taken by another organisation
2d4bae849721fce3883bc1332bbb4d3de5db194156402e21576075dcd5eb3b0c,2026-07,North Wales Police,North Wales Police,-4.616305,53.302253,On or near Shopping Area,W01000029,Isle of Anglesey 003C,Further investigation is not in the public interest
a9c2e3f40abcb1b0afeb237350940fa4726f239f684fb4151a5f0dfe07abf3d5,2026-07,North Wales Police,North Wales Police,-3.674250,53.286020,On or near Llys Cynfran,W01000163,Conwy 009E,Investigation complete; no suspect identified
b2ed51cfd717507b698686fde1f7ef21db735d24d9b289a85c19d99bbbedac7e,2026-07,North Wales Police,North Wales Police,-3.043923,53.199097,On or near Beech Road,W01000252,Flintshire 010A,Suspect charged
7f7e0aa222c043723ab447ab0620da0a082e9f2e54d3febdf6e033efba3cb432,2026-07,North Wales Police,North Wales Police,-4.519027,52.935654,On or near Stad Ty Cerrig,W01000095,Gwynedd 012C,Suspect charged
7f7e0aa222c043723ab447ab0620da0a082e9f2e54d3febdf6e033efba3cb432,2026-07,North Wales Police,North Wales Police,-4.519027,52.935654,On or near Stad Ty Cerrig,W01000095,Gwynedd 012C,Suspect charged
ca99c5db77d6046f9e5737668bef4c8202a5c8e357c8aa15b7e38bf19a7be2ac,2026-07,North Wales Police,North Wales Police,-3.835507,53.250428,On or near Cwrt-Y-Groes,W01000124,Conwy 012A,Suspect charged
ca99c5db77d6046f9e5737668bef4c8202a5c8e357c8aa15b7e38bf19a7be2ac,2026-07,North Wales Police,North Wales Police,-3.835507,53.250428,On or near Cwrt-Y-Groes,W01000124,Conwy 012A,Suspect charged
88042355476e8976ca1bc1130499e0a479be874353001746f845908e4f9f33f1,2026-07,North Wales Police,North Wales Police,-4.280113,53.076409,On or near Tre Wen,W01000073,Gwynedd 008A,Unable to prosecute suspect
42c866959499da972075cf950aeb59d28abc1cfd6b5529b6540c8bba55174b65,2026-07,North Wales Police,North Wales Police,-4.625341,53.306926,On or near Bwlch Alltran,W01000033,Isle of Anglesey 003E,Investigation complete; no suspect identified
7d9a4ac6b45e32c1a628d50f979737592d05f2849a103c4e3f1e861df9f31dc7,2026-07,North Wales Police,North Wales Police,-3.489058,53.316623,On or near Clwyd Avenue,W01000236,Denbighshire 006A,Suspect charged
e6b1c86aacf54280f641bb88366116f4c86e5567ab6976520d17e64b66101c7d,2026-07,North Wales Police,North Wales Police,-3.495928,53.316475,On or near Orton Grove,W01000239,Denbighshire 004D,Suspect charged
96dd0073e452354a7d795e4becb5e690f3787bbeced9c68f1b75f5d0750f09b0,2026-07,North Wales Police,North Wales Police,-3.435091,52.922841,On or near Maes Hir,W01000205,Denbighshire 016B,Unable to prosecute suspect
f6e6738f796885a51a52f98773b60f02de6d68bf1eb02a1753bf019751227530,2026-07,North Wales Police,North Wales Police,-3.493697,53.320431,On or near Nightclub,W01000240,Denbighshire 004E,Suspect charged
b825f265b8594294f55152e8a794568d68fe04d401600898ef603be1ec8ffd10,2026-07,North Wales Police,North Wales Police,-3.493697,53.320431,On or near Nightclub,W01000240,Denbighshire 004E,Suspect charged
b9e6cc145268e25f3674a8df1d303acb39ca09ba5efe39244b8c36c9b254e84c,2026-07,North Wales Police,North Wales Police,-4.107319,53.220902,On or near Ffordd Llandegai,W01000050,Gwynedd 003A,Suspect charged
28c17493e100511a11f684884d9e38fc265d5ba993bd3b67bd4159093a117436,2026-07,North Wales Police,North Wales Police,-4.276708,53.141704,On or near Market Street,W01000093,Gwynedd 006B,Formal action is not in the public interest
a7a62fdabb084fbd6fd2102178dd04ec9841e7fdbab325cef7479df1532442d1,2026-07,North Wales Police,North Wales Police,-4.560554,53.282032,On or near Shopping Area,W01002007,Isle of Anglesey 004G,Further action is not in the public interest
e0bdc1f6625e255cf3554f6ff6c76ccc814b4d2ef8db9ad413f1046cf775d731,2026-07,North Wales Police,North Wales Police,-3.045013,52.983925,On or near James Park Way,W01000407,Wrexham 016C,Suspect charged
028104800826c2efb17c19cec5ac398e7e5e3e99c2914e44ce0be788e896f774,2026-07,North Wales Police,North Wales Police,-2.971005,53.166687,On or near Bretton Road,W01000255,Flintshire 015A,Suspect charged
7af3ab3fd505d4ac5f255f4ffb058a8c8d96b58860be1dec9268693faa36fdb1,2026-07,North Wales Police,North Wales Police,-2.994514,53.041737,On or near Supermarket,W01000365,Wrexham 011C,Suspect charged
cf18cfab913845eabc675f8e607d90739ce013035596b51e8ce3d3f3125d01c8,2026-07,North Wales Police,North Wales Police,-3.003901,53.057778,On or near Stansty Close,W01000372,Wrexham 008C,Investigation complete; no suspect identified
fa6a7ae8cd7685a8a49e8b0bc1e6bfa1b2c4786b35bcba7b88159938e0cd6580,2026-07,North Wales Police,North Wales Police,-3.481902,53.314160,On or near Walford Avenue,W01000236,Denbighshire 006A,Investigation complete; no suspect identified
902f0429ee3e20fc5867890e95dfeadd69fa7c4aaa11fc07c3d3326362be85b1,2026-07,North Wales Police,North Wales Police,-3.724453,53.295165,On or near Shopping Area,W01000144,Conwy 007C,Further action is not in the public interest
01f4caf4d46b675f846b817bcc5d10543e4e51beb449082d5d4165e5514f4741,2026-07,North Wales Police,North Wales Police,-3.004499,53.060371,On or near Colliery Road,W01000422,Wrexham 008F,Suspect charged
37dba881b2824850b3339ec6e6904ec9bce5876c9ff0408c1d41b90ecee3dd3d,2026-07,North Wales Police,North Wales Police,-4.196704,53.146830,On or near Glan Moelyn,W01000087,Gwynedd 004C,Unable to prosecute suspect
1170379a993dbf80398d0843ec72d30e657c2dfc5378dc01a84ebc88b731b208,2026-07,North Wales Police,North Wales Police,-3.493697,53.320431,On or near Nightclub,W01000240,Denbighshire 004E,Unable to prosecute suspect
3187aea7d942a83262d06887a998b6cdd38bad441c4d2f1f0937755a3a76b072,2026-07,North Wales Police,North Wales Police,-3.004272,53.051240,On or near A541,W01000350,Wrexham 011B,Suspect charged
da407462c1695a1e368c2bdd8b861cc4e6a7b758ac15c2c1594ec13422567849,2026-07,North Wales Police,North Wales Police,-3.815017,53.313771,On or near Cwrt W M Hughes,W01000188,Conwy 002D,Unable to prosecute suspect
8310846b62205a5e526f360820176792377014185bd460556a1cb21c648802f1,2026-07,North Wales Police,North Wales Police,-2.994434,53.041910,On or near Poplar Road,W01000365,Wrexham 011C,Local resolution
650f1cba5c64d8116a014c3d9ecf069ead9268d174cf13cd8707085592cbbfb9,2026-07,North Wales Police,North Wales Police,-2.995123,53.045249,On or near Vicarage Hill,W01000350,Wrexham 011B,Investigation complete; no suspect identified
1061ddb5e2ba215ffee59871771e5e9f33a5515ce78b2d19cbc3727163cf73e1,2026-07,North Wales Police,North Wales Police,-3.189233,53.276734,On or near Cae'r Ffynnon,W01000254,Flintshire 003B,Suspect charged
edd6c85011d9dcb32810615c42fb75a336a59777f17fcffda30f6e12f413be8c,2026-07,North Wales Police,North Wales Police,-3.189233,53.276734,On or near Cae'r Ffynnon,W01000254,Flintshire 003B,Suspect charged
d58669b48e68a853f38587d2bff5e27ee938f7571117bd3719a9cb4d10c64ebf,2026-07,North Wales Police,North Wales Police,-3.464003,53.318390,On or near Bron Haul,W01000232,Denbighshire 017B,Unable to prosecute suspect
2da40742c36e69197f33cdfd6dc9083a60f4e098f0cf5470037b43dcf2b11b28,2026-07,North Wales Police,North Wales Police,-3.062764,53.021983,On or near Llwn Einion Road,W01000412,Wrexham 015D,Investigation complete; no suspect identified
c865037d7b6ecefca96ac20bd44749b9064d0bbeb78857fa82a09def694ba227,2026-07,North Wales Police,North Wales Police,-3.512464,53.312454,On or near Plas Foryd,W01000152,Conwy 005D,Unable to prosecute suspect
75c1b2daf72eff94e37d5b0b061637a69f92cc70e7f051d6559502f8b308e3b0,2026-07,North Wales Police,North Wales Police,-3.338562,53.347704,On or near Park/Open Space,W01000287,Flintshire 001A,Local resolution
68f0d3b2cba41ff517878c677664e34c345f17f3ba1d87c06816e0d418f46ae4,2026-07,North Wales Police,North Wales Police,-4.418310,52.890902,On or near Troedyrallt,W01000108,Gwynedd 012D,Investigation complete; no suspect identified
934214686048328238e0d072f7a89a5201deaf31615beb1ad37df982af9db343,2026-07,North Wales Police,North Wales Police,-3.834005,53.316879,On or near King's Drive,W01000168,Conwy 002B,Offender given a caution
9ec3eb0d9c8ec9cd7eb253e6f83d88338324fec00d16fa618da48983a8bc5048,2026-07,North Wales Police,North Wales Police,-4.418133,52.888523,On or near Mitre Place,W01000108,Gwynedd 012D,Local resolution
a33a7ea458209e0e3114f66f3d952fa7da829046480d95c34054cf0081f78b3c,2026-07,North Wales Police,North Wales Police,-3.419877,53.183397,On or near High Street,W01000194,Denbighshire 011A,Unable to prosecute suspect
7dc618240466f9edbfb1d5428df6c88003fa520bcb1a90be2079bcd5fcd4d324,2026-07,North Wales Police,North Wales Police,-3.729227,53.295232,On or near Llewelyn Road,W01000182,Conwy 007D,Unable to prosecute suspect
b8fb349fe0b6b16f04f19aef6b679d3dec1ea58ada1422482b1b1d9da149672a,2026-07,North Wales Police,North Wales Police,-3.022963,53.034791,On or near Parkend Walk,W01000367,Wrexham 014B,Unable to prosecute suspect
af45bdde665bc834f95ed96a23ae67e766110ded9fa2045819d596018ae2834f,2026-07,North Wales Police,North Wales Police,-2.771975,52.981931,On or near Highfields,W01000346,Wrexham 018B,Investigation complete; no suspect identified
6012d8f586170d35ccc5a76b3a1e98267c6a7037ad193ee9dc5422762c7da127,2026-07,North Wales Police,North Wales Police,-2.792377,52.963018,On or near Parking Area,W01000346,Wrexham 018B,Investigation complete; no suspect identified
30bb81cf45eac8bc059a2e93936c5f31c2292fb763c03b863ac324e5421fdecd,2026-07,North Wales Police,North Wales Police,-4.618123,52.821382,On or near Parking Area,W01001932,Gwynedd 014E,Unable to prosecute suspect
d292689481541ecb138799233a779194b12a1f52bf61b0ccc426b976b8e31ee1,2026-07,North Wales Police,North Wales Police,-3.165274,52.999762,On or near Llwybry Y Fuwch,W01000208,Denbighshire 016C,Investigation complete; no suspect identified
af0bacbd8cd5d74c31b09fddf9c6db146defd9890378cb9b6cd25e7ebf64e5d6,2026-07,North Wales Police,North Wales Police,-3.195992,53.008307,On or near Parking Area,W01000208,Denbighshire 016C,Investigation complete; no suspect identified
2b80b92240477793cfad8030255bfdb49603f4eddb14573a6e2e6dbfe499492b,2026-07,North Wales Police,North Wales Police,-3.467551,53.303657,On or near Petrol Station,W01000223,Denbighshire 009B,Investigation complete; no suspect identified
82444100cbb711a0e6caa850ec7ef874a5bdeee909ead564f9e6a012aa4cbe37,2026-07,North Wales Police,North Wales Police,-3.407753,53.327535,On or near Davids Close,W01000212,Denbighshire 003A,Unable to prosecute suspect
f53bb6a7a94759e3ef310ab8a48157b4fa3ce6f8bc9d7bd827660757d9162ae2,2026-07,North Wales Police,North Wales Police,-3.502745,53.315247,On or near Sydenham Avenue,W01000241,Denbighshire 004F,Suspect charged
d967a112d3a30d87e936bdb7d45016d3c92592d4011c59befc74e5bc4a7da905,2026-07,North Wales Police,North Wales Police,-3.310721,53.114637,On or near St Peter's Square,W01000242,Denbighshire 014A,Local resolution
031a56ff08b045c1b9167379493ce7fffff734033ad04b736fe6ad9e5024f1dd,2026-07,North Wales Police,North Wales Police,-3.566537,53.297022,On or near Y Ddol,W01001927,Conwy 010G,Unable to prosecute suspect
5496048c98dd6d783bf7a7808df1c333213e05353558e527ef1040174caf1cd4,2026-07,North Wales Police,North Wales Police,-3.465667,53.314378,On or near Foel View Road,W01000234,Denbighshire 017G,Unable to prosecute suspect
28ee4908c1a043bdddbd6d2848aa316c36ddfa3a835cbe5e9444b8b83c7b7bba,2026-07,North Wales Police,North Wales Police,-3.411580,53.337936,On or near Norton Avenue,W01000218,Denbighshire 001A,Unable to prosecute suspect
bf134dae977b834f52dc0cab8f4e5e5ee9811011fe58184f11f0ae3ad75b83ac,2026-07,North Wales Police,North Wales Police,-2.979843,53.050275,On or near Archer's Way,W01000425,Wrexham 010E,Investigation complete; no suspect identified
8ae10d94b1c75b9e40329de7263ac4491d74964679b3771673abd9bd12087356,2026-07,North Wales Police,North Wales Police,-3.723104,53.289972,On or near Kenneth Avenue,W01000145,Conwy 008B,Unable to prosecute suspect
e658e474e95777797a823417623c3c77b42077946b2d13f109357a0e66f1c793,2026-07,North Wales Police,North Wales Police,-4.212876,53.221352,On or near Supermarket,W01000008,Isle of Anglesey 008A,Suspect charged
8bb38550fb2dea2088880e2ec6fdaff0d7ae5358e685a65687892be0a7c62917,2026-07,North Wales Police,North Wales Police,-3.479965,53.314579,On or near Aled Avenue,W01000236,Denbighshire 006A,Unable to prosecute suspect
1c1a671bf966f22510dbe0fc76c22ce8887244aa01a3f8571ca1e7eb47385232,2026-07,North Wales Police,North Wales Police,-4.219375,53.282080,On or near Ffordd Talwrn,W01000035,Isle of Anglesey 005E,Investigation complete; no suspect identified
cea7c5924c1be254bdea9fd2e1fd0c6c37d05900ddc183226054e88614780e4a,2026-07,North Wales Police,North Wales Police,-3.729227,53.295232,On or near Llewelyn Road,W01000182,Conwy 007D,Unable to prosecute suspect
c879775f084a009f014e35037949a6aa869fa883784747fdce935cef9d2a2356,2026-07,North Wales Police,North Wales Police,-3.577852,53.288513,On or near Ffordd-Y-Morfa,W01000178,Conwy 010E,Unable to prosecute suspect
eb6e6468169970e936b7895087a94f7b31680cbf3bff24178f47cad30f77af2f,2026-07,North Wales Police,North Wales Police,-2.989324,53.049047,On or near Police Station,W01000393,Wrexham 023G,Unable to prosecute suspect
56e078f1b4ae7d6112e2c46cd9047577b7ac878d7ff7080517f9e3a12a660bb7,2026-07,North Wales Police,North Wales Police,-3.492817,53.321107,On or near Parking Area,W01000240,Denbighshire 004E,Further action is not in the public interest
47404f2b0e37cc8bee8227fd1d3a488c8ffd9108153cf07fe90dac4f5b23521a,2026-07,North Wales Police,North Wales Police,-3.086278,53.178591,On or near Willow Grove,W01000264,Flintshire 012A,Unable to prosecute suspect
ea43b2046c2a5b74271efcf15477b578519e9b65bffe4b3a975a9d3d088a000d,2026-07,North Wales Police,North Wales Police,-3.416056,53.337038,On or near Windermere Drive,W01000219,Denbighshire 001B,Investigation complete; no suspect identified
ec9a3062151bb82d4a2c0368412f3401e8c0269d4643e26a9358caf59a7088ad,2026-07,North Wales Police,North Wales Police,-2.976352,53.036433,On or near The Orchards,W01000424,Wrexham 012E,Suspect charged
376915baf7327e12a6631d7c492adc4a299e18706e3838a7bfeea20814547049,2026-07,North Wales Police,North Wales Police,-4.633266,53.310321,On or near Market Street,W01000016,Isle of Anglesey 003A,Suspect charged
31a00d97cf6d97b6ea652d9aba892b2f954ec29b16297f9b7d09b1a5bbd2b44d,2026-07,North Wales Police,North Wales Police,-3.488481,53.312136,On or near Brookes Avenue,W01000237,Denbighshire 006B,Local resolution
37786dc63e7575047ff21f94887883e1979414c6690f88c0657c7d913e77637f,2026-07,North Wales Police,North Wales Police,-2.982132,53.055811,On or near The Hawthorns,W01000341,Wrexham 023C,Unable to prosecute suspect
fb5b0131f6f058ffbedf8d1821cfc67d1480ff9fdb5d64bff75086e3150cc75a,2026-07,North Wales Police,North Wales Police,-2.969061,53.035818,On or near Abenbury Road,W01000423,Wrexham 012D,Investigation complete; no suspect identified
b42212e7f1a5a15de9ad4eb928da5b24c5a2fceb67ae12b6af165e353f2f4ad3,2026-07,North Wales Police,North Wales Police,-3.726280,53.292479,On or near Victor Road,W01000143,Conwy 007B,Unable to prosecute suspect
a63d506da40b257f4919a65c15f5216272423bfd8de37140f203f66e8d9b381a,2026-07,North Wales Police,North Wales Police,-3.420598,53.306500,On or near Dyserth Road,W01000201,Denbighshire 008B,Unable to prosecute suspect
7f193fb1b0410f1d18378ac407d1700df63bb31eb386be0b6453185571c274d2,2026-07,North Wales Police,North Wales Police,-4.636506,53.298344,On or near Cae Rhos,W01000017,Isle of Anglesey 003B,Unable to prosecute suspect
817604926d24f14be3e4e722de3fea981aa7ec06f3e044daf740b87e6de08c05,2026-07,North Wales Police,North Wales Police,-4.620414,53.304409,On or near Ffordd Jasper,W01000029,Isle of Anglesey 003C,Unable to prosecute suspect
b59a8bb5b8eaf4c8482fc8675b9c75be96eb3867c104df4ac14aef57291c5ff2,2026-07,North Wales Police,North Wales Police,-3.678056,53.287846,On or near Mor Awel,W01000163,Conwy 009E,Unable to prosecute suspect
1ebb0853350def91b3db61ee32079a187f7d82dfceba157644e5fa250848088b,2026-07,North Wales Police,North Wales Police,-3.489671,53.322603,On or near Parking Area,W01000240,Denbighshire 004E,Investigation complete; no suspect identified
d661485e0f4ac9b8c10c54d761dfb9750a143aae8b0edd316514b695e382134e,2026-07,North Wales Police,North Wales Police,-3.818536,53.316046,On or near Lon Cymru,W01000188,Conwy 002D,Suspect charged
a7cb109f0aaa1d2dfe9b00355e6289b8b5c915e499bf1fda462a5389447abacb,2026-07,North Wales Police,North Wales Police,-3.581106,53.293738,On or near Meirion,W01001928,Conwy 010H,Investigation complete; no suspect identified
4b0034c27f7ef8963ca65ca7161e664e2353e75f02e4b5a258e55cca1f9a4c01,2026-07,North Wales Police,North Wales Police,-3.581106,53.293738,On or near Meirion,W01001928,Conwy 010H,Investigation complete; no suspect identified
554a4439e78009be6c6a00d432decb077608fbcbfc0567e089f1eb5c1442ae97,2026-07,North Wales Police,North Wales Police,-3.041120,53.006002,On or near Heol Offa,W01000386,Wrexham 015A,Suspect charged
af105d0192dfb0d9c912612dcc1f33fceb3e020593a642f9512be09341759424,2026-07,North Wales Police,North Wales Police,-3.041120,53.006002,On or near Heol Offa,W01000386,Wrexham 015A,Suspect charged
4564f5484aef29e969b55f19fb056c4c6efb63faeb5020e853115880650d5288,2026-07,North Wales Police,North Wales Police,-3.041120,53.006002,On or near Heol Offa,W01000386,Wrexham 015A,Suspect charged
68c0453e78aab4b2c162077d91022021d51a60a2a8467f365bcfc9785af090f1,2026-07,North Wales Police,North Wales Police,-3.017661,53.072440,On or near Hope Street,W01000374,Wrexham 003A,Suspect charged
db199faacca977b464a5ab80c79161714866a9650be1aaf9bb9e17cbc4269d65,2026-07,North Wales Police,North Wales Police,-2.996059,53.054149,On or near Greenfield,W01000371,Wrexham 008B,Unable to prosecute suspect
6a5e5928cab4218f01d9a5cf832febb1aae6babbb38221dac458980f93f88c4b,2026-07,North Wales Police,North Wales Police,-3.738947,53.309169,On or near Rhos Promenade,W01000156,Conwy 004B,Investigation complete; no suspect identified
ffdb812bd57b88ab5c20a9c04af5d6d5694462ee65943fc274f1d083442bb187,2026-07,North Wales Police,North Wales Police,-2.991546,53.044766,On or near Stryt Efrog,W01001931,Wrexham 012G,Unable to prosecute suspect
364b11ab475cc2b22592a3b9a56ea12f0f64fab44c428653c348e77180db394e,2026-07,North Wales Police,North Wales Police,-3.809026,53.285355,On or near Broad Street,W01000166,Conwy 006D,Investigation complete; no suspect identified
c420592bcfef5afa5f12cf7142d03639c21b2912e42ddc1c596d858d6ded06d5,2026-07,North Wales Police,North Wales Police,-3.585516,53.286820,On or near Groes Lwyd,W01000179,Conwy 010F,Investigation complete; no suspect identified
895af1e38249bf340cf1804ded5ca2b60c967b9e80fc34cb98edb9a358ce5cdf,2026-07,North Wales Police,North Wales Police,-2.993548,53.046161,On or near Stryt Y Syfwr,W01000372,Wrexham 008C,Suspect charged
1ef5e7f547e0f17b361a8c3035a1db10430fc5eba9304fa0c349d0a9b805ea4d,2026-07,North Wales Police,North Wales Police,-3.039643,52.987991,On or near Maelor Place,W01000420,Wrexham 016E,Suspect charged
321ab39772b3753690b36dc971acc57a4cb1eec24ff787152e52e62fb7938b51,2026-07,North Wales Police,North Wales Police,-3.584524,53.284595,On or near Shopping Area,W01000140,Conwy 010B,Investigation complete; no suspect identified
9aa701a5ca805db1c049854f3574cde1bda00d50e774deb2f432cb51eb5b245a,2026-07,North Wales Police,North Wales Police,-3.719902,53.292445,On or near Lawson Road,W01000144,Conwy 007C,Suspect charged
aec26658ba75a405589dba46572c264230583b0ebddadf32fbe1e314c5f791b9,2026-07,North Wales Police,North Wales Police,-3.781894,53.316464,On or near Ormeside,W01000173,Conwy 003B,Unable to prosecute suspect
12ec3ff7755841f0a5d475bc82669a920718ed9b36f83f2e02d5dc797a34b6ad,2026-07,North Wales Police,North Wales Police,-3.042212,53.212515,On or near Parking Area,W01000337,Flintshire 009F,Suspect charged
acad76863876302a5bbcd7327979808e24caa07d58b854b09c66f5162f83f2d6,2026-07,North Wales Police,North Wales Police,-3.796246,53.137931,On or near Watling Street,W01000134,Conwy 015B,Action to be taken by another organisation
cd56b793fec0f18c53d87aeed5c7ec6e8038911e69fd69486a4ec157cc32038a,2026-07,North Wales Police,North Wales Police,-3.033328,53.209851,On or near Park Avenue,W01000334,Flintshire 009C,Unable to prosecute suspect
c5bba1a940e0491d3ba25ca1b45e1c64348210238609a135319e9c489b446887,2026-07,North Wales Police,North Wales Police,-3.467551,53.303657,On or near Petrol Station,W01000223,Denbighshire 009B,Investigation complete; no suspect identified
61d93fd4c1390c45bbcbfc96ea844fef980913d496ec5ac01900eb62f3bd2b37,2026-07,North Wales Police,North Wales Police,-3.257886,53.308202,On or near Ffordd Pandarus,W01000320,Flintshire 002B,Investigation complete; no suspect identified
16400f0f5094e0191e41a3ad77b51306519df56ced922a2845b5bdbe8083ba76,2026-07,North Wales Police,North Wales Police,-3.574139,53.284229,On or near Rhuddlan Road,W01000178,Conwy 010E,Investigation complete; no suspect identified
1571c5ebb64aed3bbcc531330644d2b8c1ebb241ed05e7296e366bc6daae9b57,2026-07,North Wales Police,North Wales Police,-3.495264,53.320249,On or near Parking Area,W01000240,Denbighshire 004E,Unable to prosecute suspect
f5692595fba7f1c81f1065c0a0603e4aa9956f80de1646efca1e428bf199a24b,2026-07,North Wales Police,North Wales Police,-4.113850,53.230622,On or near Ffordd Pen Y Bryn,W01000077,Gwynedd 001C,Unable to prosecute suspect
c76c858dbdd966ca2c7b93cc11640befec1b2554b76b04318c26005a413ac05b,2026-07,North Wales Police,North Wales Police,-3.291640,53.108616,On or near Maes-Y-Llan Road,W01000244,Denbighshire 014C,Unable to prosecute suspect
f7a6f9dc231e667c3de485ac2491f94fefc14cbf96d52d174d2f5456b4bb6192,2026-07,North Wales Police,North Wales Police,-3.815316,53.318693,On or near Cae Clyd,W01000186,Conwy 001E,Unable to prosecute suspect
fdca0633b0a922de1ee16f0dec628518a9b3a81918b1f284f63abc1cb815ed0f,2026-07,North Wales Police,North Wales Police,-3.828847,53.322649,On or near Stephen Street,W01000169,Conwy 001D,Unable to prosecute suspect
106463b94ee30c164ae9ed629f4e37414d7781500294d6823629e58454f39ed7,2026-07,North Wales Police,North Wales Police,-3.007644,53.076849,On or near Glan-Llyn Road,W01000374,Wrexham 003A,Unable to prosecute suspect
f1b349118a0b34c138caeda31f95e77aaab417bfb9be901e25ebb62b8d54c370,2026-07,North Wales Police,North Wales Police,-3.502745,53.315247,On or near Sydenham Avenue,W01000241,Denbighshire 004F,Unable to prosecute suspect
344c7fb871c09250fc56a73a6c3d03b2199a077c64b54c69b7ce99528bce1dd8,2026-07,North Wales Police,North Wales Police,-3.830485,53.325150,On or near Ty Isa Road,W01000146,Conwy 001B,Investigation complete; no suspect identified
5688469f1ee83c7f4389a5d508399cd4b6aab8319de66954972a40cc6d7f2158,2026-07,North Wales Police,North Wales Police,-4.307217,53.255507,On or near Bridge Street,W01000012,Isle of Anglesey 006B,Unable to prosecute suspect
5c0eaf598600b7fe7b45eff551a74d734619642d487f74ab5e300b18b9fa7754,2026-07,North Wales Police,North Wales Police,-3.044886,52.986075,On or near Wynnstay Gardens,W01000407,Wrexham 016C,Investigation complete; no suspect identified
d3628fbb9d23e6e4eb12aca36a3262b032032be1104d06179516802b5fff6a1c,2026-07,North Wales Police,North Wales Police,-4.125754,53.227166,On or near Shopping Area,W01000062,Gwynedd 001A,Unable to prosecute suspect
ccb48768099eca749a247818207f5e69fe70b7313332c9a976786cf45d1879f0,2026-07,North Wales Police,North Wales Police,-3.052309,52.945233,On or near Sycamore Drive,W01000360,Wrexham 019D,Unable to prosecute suspect
d06aecbdbc9d156cb309e8f7ed7599d48e87a170cf46a0a6a8efe2ec5288bc38,2026-07,North Wales Police,North Wales Police,-3.463155,53.298848,On or near Bryn Hafod,W01000223,Denbighshire 009B,Unable to prosecute suspect
3258ae1eae8712b1d73d243d26f38d404211dc6e3b5d0514438b584f22fee483,2026-07,North Wales Police,North Wales Police,-3.441351,53.332240,On or near Kynaston Road,W01000220,Denbighshire 001C,Investigation complete; no suspect identified
b71815994a2358960d88643b4bb2688493fefc1986ceb3f788852d1beab22d3f,2026-07,North Wales Police,North Wales Police,-3.489840,53.317953,On or near Parking Area,W01000240,Denbighshire 004E,Unable to prosecute suspect
21b67dcf26d37ac325fbc5dca4c0e2e5dfa09ac0992770a9a38ce8bb4dcc9e2c,2026-07,North Wales Police,North Wales Police,-3.732940,53.299844,On or near Sea Bank Road,W01000182,Conwy 007D,Unable to prosecute suspect
db6e886c64d092252befd1f756d586f10721444a1868f6a3f1efd413d5c9cd1f,2026-07,North Wales Police,North Wales Police,-2.946022,53.108755,On or near Supermarket,W01000418,Wrexham 022A,Investigation complete; no suspect identified
3c79afbece0cb232c57b7d33197ed7133a63d5ba4ef6e10ab48157502a4600c9,2026-07,North Wales Police,North Wales Police,-3.830485,53.325150,On or near Ty Isa Road,W01000146,Conwy 001B,Suspect charged
33076276a3f5698eb22aec2f9d6d0f9055ff1481f150fa49f388229592973d3a,2026-07,North Wales Police,North Wales Police,-3.719902,53.292445,On or near Lawson Road,W01000144,Conwy 007C,Suspect charged
127d6afdc217647e58f8f4d1ea8df2c4c6e71264bf932b06173e8039d9ba249e,2026-07,North Wales Police,North Wales Police,-4.089376,53.290139,On or near Pont-Y-Brenin,W01000026,Isle of Anglesey 005D,Unable to prosecute suspect
b54b531eb1d588bad7cc6aa8e7874ec45c088d88ddff168e0f779f76111978c8,2026-07,North Wales Police,North Wales Police,-4.238785,53.129913,On or near Petrol Station,W01000118,Gwynedd 007D,Investigation complete; no suspect identified
972176d340ad939a9d6b678908dcd92b080f74dbf3aa8831fe09d8c0f4ba6fff,2026-07,North Wales Police,North Wales Police,-3.058340,53.010429,On or near Police Station,W01000411,Wrexham 015C,Suspect charged
bf315682a8056739ea336873bd45b787edad9f2c3f1eabe89733e79dab4751a8,2026-07,North Wales Police,North Wales Police,-3.502745,53.315247,On or near Sydenham Avenue,W01000241,Denbighshire 004F,Local resolution
97c3eb944fb0d18050a141013abe175b6a67141c00352b38e081a92da6490a2f,2026-07,North Wales Police,North Wales Police,-2.977998,53.168994,On or near Vickers' Way,W01000255,Flintshire 015A,Local resolution
a09ee0c166ad483b4422fd8728bd20856d18fe6daae2d9b5c4c9bf9dd2d58f2d,2026-07,North Wales Police,North Wales Police,-3.017427,53.077728,On or near Regent Close,W01000376,Wrexham 003C,Investigation complete; no suspect identified
90be5a1d68c9f253232702b46870c789ae4db301ed4feeece4fb32c8fab1f926,2026-07,North Wales Police,North Wales Police,-4.421187,52.884369,On or near Lon Cob Bach,W01000109,Gwynedd 012E,Investigation complete; no suspect identified
1dc77c5316c9c3a4564dbf4e6fceac1552b25fce23ffc9b66f7b6eb3b6776292,2026-07,North Wales Police,North Wales Police,-3.498872,53.316959,On or near Butterton Road,W01000239,Denbighshire 004D,Unable to prosecute suspect
89918d5b1b6576c239048ce0b131fd4776926cbb136175afbc190e17f3a04712,2026-07,North Wales Police,North Wales Police,-3.048522,53.062985,On or near College Hill,W01000347,Wrexham 006A,Investigation complete; no suspect identified
84da8ae063dad79f432fa7cac953b72f010dd47f5baad639689bffbc9e1b3c1d,2026-07,North Wales Police,North Wales Police,-3.028013,53.055262,On or near New Road,W01000400,Wrexham 005C,Unable to prosecute suspect
5e64f881c06963fea43b799561ce92c7682f381d1702b793993e4a448d375fc1,2026-07,North Wales Police,North Wales Police,-2.989065,53.044517,On or near Shopping Area,W01001931,Wrexham 012G,Unable to prosecute suspect
4ead804fef24b4e4ac76a52073d05738170464b4002d3fe0c19b898e75868aee,2026-07,North Wales Police,North Wales Police,-3.130275,53.166846,On or near Wood Green,W01000315,Flintshire 016C,Investigation complete; no suspect identified
19fabe435fce28ae6c9ff022c686faf3615b1424008dcf2dc1eed0ce10e84622,2026-07,North Wales Police,North Wales Police,-3.066304,53.213596,On or near Wirral View,W01000281,Flintshire 008D,Local resolution
704a9d41ad1e46cce08f0aacdce2dc880e7a9bed1130ac558b4e42dc1bccb602,2026-07,North Wales Police,North Wales Police,-2.993548,53.046161,On or near Stryt Y Syfwr,W01000372,Wrexham 008C,Suspect charged
9250007153f03bb88022d16521a36ddd4c625492b81c3783f01a952f977682d5,2026-07,North Wales Police,North Wales Police,-3.479005,53.318510,On or near Brookdale Road,W01000238,Denbighshire 006C,Unable to prosecute suspect
e9a5094ef99255d487ac25d4d152981e77d0e5cf5d4e3ef2cb134e64ccdc5f0c,2026-07,North Wales Police,North Wales Police,-2.970989,53.047983,On or near Eaton Drive,W01000425,Wrexham 010E,Unable to prosecute suspect
27e49a8d2007972e86abc3b8f0cab0d0f08c022bfc290a381af1e026a3b1a3a8,2026-07,North Wales Police,North Wales Police,-2.993548,53.046161,On or near Stryt Y Syfwr,W01000372,Wrexham 008C,Suspect charged
c847cf9ebb04ea5f33a286d67ece35d96fb4297f85bfc44bb4fa436028cba41e,2026-07,North Wales Police,North Wales Police,-3.489058,53.316623,On or near Clwyd Avenue,W01000236,Denbighshire 006A,Unable to prosecute suspect
a11a6dec458d430c6c8cf6bc6477c03a6c4ae88c78da37a3e9614eb095696d56,2026-07,North Wales Police,North Wales Police,-3.491419,53.318032,On or near Elwy Street,W01000240,Denbighshire 004E,Unable to prosecute suspect
6fc9acbfc55125e2145e4b3a6c47c646c2e543df1f9e155768f740bae48e5d16,2026-07,North Wales Police,North Wales Police,-4.365736,53.372500,On or near Stad Ty'n Llidiart,W01000021,Isle of Anglesey 002C,Unable to prosecute suspect
3c6901b4c5ee6964d6112388794685b413cf9e4c3e8154031573ef2273ddfd4b,2026-07,North Wales Police,North Wales Police,-3.481731,53.316157,On or near Vale Park,W01000236,Denbighshire 006A,Unable to prosecute suspect
34734aab7c0f4fc4b3cb8c386ef4d51b16397f67d767927e9a692a4c0685e097,2026-07,North Wales Police,North Wales Police,-3.489058,53.316623,On or near Clwyd Avenue,W01000236,Denbighshire 006A,Unable to prosecute suspect
6f312039ba751fabf37ef3446e80317d6715835aab9381ffda963fbfd54410b9,2026-07,North Wales Police,North Wales Police,-3.489058,53.316623,On or near Clwyd Avenue,W01000236,Denbighshire 006A,Unable to prosecute suspect
01dbe7bfe010cbee8582ceb7c51e3217e80e18d99671c618f69aa37e989efa3c,2026-07,North Wales Police,North Wales Police,-3.489058,53.316623,On or near Clwyd Avenue,W01000236,Denbighshire 006A,Unable to prosecute suspect
462fa03465ed334ba3c507ae7d13538d330af421739f4531a79ec594437721ae,2026-07,North Wales Police,North Wales Police,-3.015319,53.071857,On or near Parking Area,W01000375,Wrexham 003B,Investigation complete; no suspect identified
5c0f84acfbb509c509beabfadd29aac8f4e5004904482433e25896b442d2af2d,2026-07,North Wales Police,North Wales Police,-3.065205,53.216977,On or near Linden Avenue,W01000273,Flintshire 007A,Investigation complete; no suspect identified
1d40082db745b7372833b84784d32d20cea89de907140e327f1fa12dc2543ec0,2026-07,North Wales Police,North Wales Police,-3.490721,53.320423,On or near Market Street,W01000240,Denbighshire 004E,Investigation complete; no suspect identified
c1bbb5af5ea5fde53748062ae3616d717cae76f1d99e2959373fd57c588beb8b,2026-07,North Wales Police,North Wales Police,-4.141545,53.288332,On or near Maes Gwyn,W01000035,Isle of Anglesey 005E,Unable to prosecute suspect
d277b67b8157a6e0d1c3ebcfa8720044c07dc4c86c5d386b41deede41f890ef7,2026-07,North Wales Police,North Wales Police,-4.139244,53.222445,On or near Clarence Street,W01000075,Gwynedd 002C,Unable to prosecute suspect
f119f69c9f17c162774ccf6bd656fa9daec235b7cb229db7d3c7c19e0ef1d0cc,2026-07,North Wales Police,North Wales Police,-3.060490,53.012528,On or near Owens Street,W01000412,Wrexham 015D,Unable to prosecute suspect
376f23a0356ceb7c05511ce2421ab6883bddeb955154fdd88141ac8d366bfde6,2026-07,North Wales Police,North Wales Police,-3.416388,53.334364,On or near Min Y Morfa,W01000219,Denbighshire 001B,Investigation complete; no suspect identified
0f88a15f589fe87dd0539de927297d294143ecd88843217d1b16bd723d8560a8,2026-07,North Wales Police,North Wales Police,-4.642925,53.315987,On or near Bryn Marchog,W01000037,Isle of Anglesey 003G,Unable to prosecute suspect
92645cc2dd9c08beb3c2e07682fffee53caa92c905bff109c3a67de0d67344a9,2026-07,North Wales Police,North Wales Police,-3.572658,53.285147,On or near Petrol Station,W01000178,Conwy 010E,Unable to prosecute suspect
cdd93974f8800cb2e382a753bde14afa3c2c77923891c98b497698efe4961a97,2026-07,North Wales Police,North Wales Police,-3.686249,53.291695,On or near Voryn Avenue,W01000127,Conwy 009B,Action to be taken by another organisation
cefaa8271f7a6e2cce8f0d9d4c0ef8a3a3a57481fcdae79fd85096c04179ed8b,2026-07,North Wales Police,North Wales Police,-4.113850,53.230622,On or near Ffordd Pen Y Bryn,W01000077,Gwynedd 001C,Unable to prosecute suspect
5a5dff58f4abb2ece76b21bbbe7d5521a322b38159c7c55d584b61eb123e96d4,2026-07,North Wales Police,North Wales Police,-3.033096,53.202050,On or near Aston Road,W01000252,Flintshire 010A,Unable to prosecute suspect
3c9d63544733f3a556e657fe5a665d58e37a95b7e935f3dde3a5e00df3404d7c,2026-07,North Wales Police,North Wales Police,-4.517443,53.225833,On or near Chelford Close,W01002008,Isle of Anglesey 007F,Investigation complete; no suspect identified
fa96b17bfbc5b81b7b0e6d1674bc1ad7f4c7d7a94fdca53aa5b61f6fac1b791b,2026-07,North Wales Police,North Wales Police,-3.940306,52.993494,On or near The Square,W01000056,Gwynedd 009A,Investigation complete; no suspect identified
c51324af3846ff3737657c3f33734fbb5821a7e6381cadea00a686f6592150d3,2026-07,North Wales Police,North Wales Police,-3.007856,53.048207,On or near Bron-Y-Nant,W01000350,Wrexham 011B,Investigation complete; no suspect identified
87d87dc196e9a55e488e9d79302afe522e15acc09e83aeb8badbbd5dc5e5cd7a,2026-07,North Wales Police,North Wales Police,-2.990400,53.045486,On or near Charles Street,W01001931,Wrexham 012G,Local resolution
988bf42db01395ad420d0ada948a2dfaf4c77d1960feb7348b6685191d9c70e3,2026-07,North Wales Police,North Wales Police,-3.221403,53.271509,On or near Park Lane,W01000304,Flintshire 003E,Investigation complete; no suspect identified
9b668e0978345b6f253a220c4747c606fcf0f631ffb2abd686061c333eee4c4e,2026-07,North Wales Police,North Wales Police,-3.490721,53.320423,On or near Market Street,W01000240,Denbighshire 004E,Investigation complete; no suspect identified
17c4b575f0278c0de88db834eebca00d2699720a0256d208f0f5ee8bd333cd0c,2026-07,North Wales Police,North Wales Police,-3.590435,53.283140,On or near Clifton Rise,W01000141,Conwy 010C,Unable to prosecute suspect
34450806b2b4f56917273166339f0c5d7274159f7f505b0288f5752f1e8b0bda,2026-07,North Wales Police,North Wales Police,-3.803398,53.284226,On or near Oswald Road,W01000176,Conwy 011D,Action to be taken by another organisation
7ae6eb660a97af3b4ea3ec624e8c513131e34347b4ef9f5ee12cf217bf2b0581,2026-07,North Wales Police,North Wales Police,-3.428118,53.184593,On or near Lloyd Avenue,W01000199,Denbighshire 011C,Action to be taken by another organisation
8f918c6ac2598d55d51d00ccca4664dc34bb9ef1b5c2fb8370b85b065d6852ba,2026-07,North Wales Police,North Wales Police,-2.979771,53.053044,On or near Ffordd Maelor,W01000393,Wrexham 023G,Investigation complete; no suspect identified
5eb25290aa306d622966d76762ec68c2958d8c688e5c8976a935335f02cd33e3,2026-07,North Wales Police,North Wales Police,-3.836881,53.276874,On or near Mount Park,W01000130,Conwy 012C,Action to be taken by another organisation
58ff9a11639613a6dbc37358bf86c8b3547d59010f609c83f8264a6b94269250,2026-07,North Wales Police,North Wales Police,-2.927246,53.072064,On or near Buck Road,W01001971,Wrexham 022D,Investigation complete; no suspect identified
9519008836933c69388fe8b19607791be1f2bdea549cd9207b190b24218440cd,2026-07,North Wales Police,North Wales Police,-3.318862,53.118485,On or near Stryd Yr Eos,W01000243,Denbighshire 014B,Action to be taken by another organisation
b9917c787585d8dcc0462f2772d26ae564df2060b16197845929ce2894ba30b2,2026-07,North Wales Police,North Wales Police,-4.281707,53.044451,On or near Glan Aber,W01000086,Gwynedd 008B,Action to be taken by another organisation
28598b5f39b924164b0369dd16650c7456a27048927f34c9def48ac91ea1f498,2026-07,North Wales Police,North Wales Police,-3.726806,53.295843,On or near Station Road,W01000144,Conwy 007C,Investigation complete; no suspect identified
95c4e170fcaf04c43b5b8bdfff0f076c075263cf5a48ec5be79751144bc90062,2026-07,North Wales Police,North Wales Police,-4.634729,53.304579,On or near Cleveland Crescent,W01000017,Isle of Anglesey 003B,Unable to prosecute suspect
ec67a2378f327a0dbe349b480f413d196bf4e575f2866191e323e7441f610b5a,2026-07,North Wales Police,North Wales Police,-3.502745,53.315247,On or near Sydenham Avenue,W01000241,Denbighshire 004F,Suspect charged
dc6e23775c80111880050dd54d44f4a6961c88d6bc5438debf66a4d9fbcea558,2026-07,North Wales Police,North Wales Police,-3.087240,53.165746,On or near Clwyd Grove,W01000263,Flintshire 017D,Action to be taken by another organisation
f5c754f526c72f2cc9e3868a93b06062c1e990cf7ed1846199ae61085b044d9b,2026-07,North Wales Police,North Wales Police,-3.067690,53.168161,On or near Clos Y Rhostir,W01000266,Flintshire 017E,Action to be taken by another organisation
6192074db9a470748eeef8c3dde9da21894ea5468178f4ca7b9673cb669ec387,2026-07,North Wales Police,North Wales Police,-4.519027,52.935654,On or near Stad Ty Cerrig,W01000095,Gwynedd 012C,Suspect charged
82a82f61f19e96bb8df345f76a654a9ed3d94e79f961c49205ef7948c117baa4,2026-07,North Wales Police,North Wales Police,-4.073038,52.931203,On or near Cae Mawr,W01000100,Gwynedd 010B,Suspect charged
ca416d08d50b52338a53eca7e6b4eeed56a96af591b889a54ba13e36d9e04168,2026-07,North Wales Police,North Wales Police,-3.492974,53.318892,On or near Shopping Area,W01000240,Denbighshire 004E,Unable to prosecute suspect
82e59beeb1ad4646a8c93bb43939720468402d66c0772d122a982563a54de899,2026-07,North Wales Police,North Wales Police,-3.129852,53.246352,On or near Borough Grove,W01000288,Flintshire 004A,Unable to prosecute suspect
00d47c523591ee5df09324d8423b59794f64991d4b9a4b6e89415de851181aef,2026-07,North Wales Police,North Wales Police,-3.501612,53.315882,On or near Sandringham Avenue,W01000241,Denbighshire 004F,Local resolution
1ddacc23aa7e5e5cf86157444e378a1232f325fcd74be205e9131a55cf260ec1,2026-07,North Wales Police,North Wales Police,-4.274688,53.140834,On or near Stryd Y Porth Mawr,W01000111,Gwynedd 007C,Suspect charged
440c32bb7016d573878cf170d70848e56b3b1c3231f0f92aa23ad3b1544b6657,2026-07,North Wales Police,North Wales Police,-4.052714,53.178215,On or near Bryn Caseg,W01000096,Gwynedd 003C,Further action is not in the public interest
e478fbad188bf8ad00c52002c90ef13a8046ea73e8dfb34ffe8e3cc865adf059,2026-07,North Wales Police,North Wales Police,-3.032749,53.208786,On or near Petrol Station,W01000336,Flintshire 009E,Local resolution
5ce306eab8e3c33f1b98e2c14107557efbdc3c80468bf3f8664e1df0c89fcd2e,2026-07,North Wales Police,North Wales Police,-3.032749,53.208786,On or near Petrol Station,W01000336,Flintshire 009E,Local resolution
97784a26cccbb7397645ac135a2571d68d53a77f266339c0b119162a621569bc,2026-07,North Wales Police,North Wales Police,-3.724453,53.295165,On or near Shopping Area,W01000144,Conwy 007C,Local resolution
9f54f6df34b3a7de8cf1e12671c4187085f4189a06dab53ff75fbaa08c1b10b6,2026-07,North Wales Police,North Wales Police,-4.503273,52.820471,On or near Parking Area,W01000080,Gwynedd 014C,Unable to prosecute suspect
0e9c6f8d0a4d67e493869033d3f4ab9ff99168439ce4f5366cce67cf99db967f,2026-07,North Wales Police,North Wales Police,-3.038003,53.203176,On or near Grange Road,W01000335,Flintshire 009D,Local resolution
af5bb79b51afc4c64af4332760c91062761982c50f8f5ed9567a22ae020f9efe,2026-07,North Wales Police,North Wales Police,-4.196704,53.146830,On or near Glan Moelyn,W01000087,Gwynedd 004C,Unable to prosecute suspect
baa3746231f5532d854a2e28d63ec7c1cbc28c75362927b274b95b56ac945f7c,2026-07,North Wales Police,North Wales Police,-4.306183,53.257323,On or near Sports/Recreation Area,W01000041,Isle of Anglesey 006D,Unable to prosecute suspect
8d9cd7c4dce17eeccd990a790c87874eb2bc15be9bd524c32cdd875bac6ecd80,2026-07,North Wales Police,North Wales Police,-2.984968,53.046052,On or near Parking Area,W01001931,Wrexham 012G,Suspect charged
83478751b1abc510970a53dc64997109b856c70a2f2f799ca0f4b0a16c62a49e,2026-07,North Wales Police,North Wales Police,-3.467551,53.303657,On or near Petrol Station,W01000223,Denbighshire 009B,Suspect charged
95ee71c6c06768b87a0c631807ce836d6f4122cf55213cd9e3beb132eefc1710,2026-07,North Wales Police,North Wales Police,-3.821318,53.321961,On or near Bus/Coach Station,W01000186,Conwy 001E,Suspect charged
db72166721e2e0ec3ee5eef3ba9cb25387fc42e1c12e9d2ba8eb3f6dd3743fff,2026-07,North Wales Police,North Wales Police,-4.448799,52.960950,On or near Lon Elim,W01000078,Gwynedd 011C,Unable to prosecute suspect
6903aff00fd781dd2fb9d9c4f700ddd586088a34db52947ee29c401de02d2094,2026-07,North Wales Police,North Wales Police,-3.582354,53.290970,On or near Parking Area,W01000178,Conwy 010E,Unable to prosecute suspect
ee25bbaa331c1f7e024f6b2eb7483c923885d1bbe955b5b3927a2c09ec67c7b8,2026-07,North Wales Police,North Wales Police,-2.992290,53.045362,On or near Shopping Area,W01000372,Wrexham 008C,Local resolution
ee25bbaa331c1f7e024f6b2eb7483c923885d1bbe955b5b3927a2c09ec67c7b8,2026-07,North Wales Police,North Wales Police,-2.992290,53.045362,On or near Shopping Area,W01000372,Wrexham 008C,Local resolution
ee25bbaa331c1f7e024f6b2eb7483c923885d1bbe955b5b3927a2c09ec67c7b8,2026-07,North Wales Police,North Wales Police,-2.992290,53.045362,On or near Shopping Area,W01000372,Wrexham 008C,Local resolution
0590efec25402a897e66538add92c282d1f2874256355a9093363be96582a774,2026-07,North Wales Police,North Wales Police,-3.130274,53.249279,On or near Castle Road,W01000288,Flintshire 004A,Unable to prosecute suspect
fc7d41c48b610f4113a94cddcd0a5ec530cde2739d306983452dba9790d8ced6,2026-07,North Wales Police,North Wales Police,-3.578207,53.283905,On or near Llys Jenkin,W01000140,Conwy 010B,Unable to prosecute suspect
927ea224b1f46b45d6062f0fa7abe292331d3696410abf80a0fef91e56975eca,2026-07,North Wales Police,North Wales Police,-4.376422,53.333712,On or near Sports/Recreation Area,W01000028,Isle of Anglesey 001D,Unable to prosecute suspect
2e6413b43c761d17da3e12123e16e4d720265694eafbae4f080bfe4d2b209100,2026-07,North Wales Police,North Wales Police,-3.041646,53.111769,On or near Petrol Station,W01000269,Flintshire 020A,Investigation complete; no suspect identified
1401c31bb24c82c58fd5a370427879266cc9bec8cd4cffbba352bc919e461e1d,2026-07,North Wales Police,North Wales Police,-3.022067,53.205426,On or near Queen Street,W01000328,Flintshire 011C,Unable to prosecute suspect
ae668a382806526909be42c2f546b7685b911b7e2c80be53d823b530e03bffd6,2026-07,North Wales Police,North Wales Police,-4.067882,53.181495,On or near Rhes Coetmor,W01000097,Gwynedd 003D,Investigation complete; no suspect identified
6ec017e15b2dbb705902be2a21987c1d53ddce489d9141a097177174c2086ec7,2026-07,North Wales Police,North Wales Police,-3.044003,53.004431,On or near Supermarket,W01000386,Wrexham 015A,Local resolution
c6c2730f6c2ed259a37c21b77a5b9d11b772c9b73c80829bc36789d181296fe8,2026-07,North Wales Police,North Wales Police,-3.684870,53.292092,On or near Glanymor Road,W01000128,Conwy 009C,Unable to prosecute suspect
82d4a88b9595c39f82fed3121cb799ddf7ae36fbc87d940999dd375d17fd70be,2026-07,North Wales Police,North Wales Police,-4.418458,52.887941,On or near Maes Square,W01000108,Gwynedd 012D,Unable to prosecute suspect
16bdf9cb306d405fffebe19f14d87d0f25f5d02fed1a8c3ac90084bf9d0e5e6d,2026-07,North Wales Police,North Wales Police,-4.426602,52.993181,On or near Eifl Road,W01000078,Gwynedd 011C,Unable to prosecute suspect
1383a003f3b5218a8cb696fe589da8c55d52df76086d6a760574e2034929b7c8,2026-07,North Wales Police,North Wales Police,-3.412318,53.187525,On or near Supermarket,W01000194,Denbighshire 011A,Unable to prosecute suspect
91e98ff3c0675aa73f037ee7833936842ad714c73cb2fbdfbda8bc6312eef0fc,2026-07,North Wales Police,North Wales Police,-3.694966,53.287507,On or near Bodelwyddan Avenue,W01000126,Conwy 009A,Local resolution
13efb8ee92fd709083aea799594d1fc2d6e448da136f84905cd5b51768ffa4b6,2026-07,North Wales Police,North Wales Police,-4.152391,53.208300,On or near A4087,W01000064,Gwynedd 002A,Investigation complete; no suspect identified
aeedf585028c6b8b6df66706a8989bf28e4163f3fa2ff4a53112dc9f61672031,2026-07,North Wales Police,North Wales Police,-3.038003,53.203176,On or near Grange Road,W01000335,Flintshire 009D,Unable to prosecute suspect
a9cfecc597290bc98e5b59d64352824b2b8c82e2231c7cc3f606943dfd75b796,2026-07,North Wales Police,North Wales Police,-3.472110,53.307053,On or near Gurnard Place,W01000230,Denbighshire 017F,Unable to prosecute suspect
725fa680306fbf02ffaf3a2253c6b3895571f6994d6ccff11e9de185ee8eaf2c,2026-07,North Wales Police,North Wales Police,-4.529667,53.313149,On or near Parc Llynnon,W01000022,Isle of Anglesey 004A,Unable to prosecute suspect
382f31b257e04d00222fcb6959bdf4ab02841dd56b761af5a1ba1149c4967695,2026-07,North Wales Police,North Wales Police,-3.148208,53.172913,On or near Llys Daniel Owen,W01000319,Flintshire 016G,Unable to prosecute suspect
2597ea553b916e5e6d445226a2344e6d0800324d73bede3d0705ab660894bfef,2026-07,North Wales Police,North Wales Police,-3.035411,52.993520,On or near New Hall Road,W01000419,Wrexham 016D,Action to be taken by another organisation
77e79d81ccaa30d27ab16039c195d6de84b0b475e21206bffb0864776f665e6a,2026-07,North Wales Police,North Wales Police,-3.087891,53.200331,On or near Goodwood Grove,W01000325,Flintshire 010D,Unable to prosecute suspect
c04ff0dc14792efdd0ce149bdeae308c9113815d067d18ea88869c8cbc214932,2026-07,North Wales Police,North Wales Police,-3.431631,53.184020,On or near Ffordd Ysgubor,W01000199,Denbighshire 011C,Unable to prosecute suspect
1bbd04eed0e77a942a4f945de3e417a08982675a09b40eb56585ce51bd9d2065,2026-07,North Wales Police,North Wales Police,-4.083703,53.167041,On or near Gefnan,W01000115,Gwynedd 003E,Unable to prosecute suspect
aa0f21b49d90006949dfd91ecbfae26aa7d4dd89916424854b32117f01555c2a,2026-07,North Wales Police,North Wales Police,-3.705444,53.289192,On or near Kyffin Close,W01000139,Conwy 007A,Unable to prosecute suspect
4da6b04e82c511b986b384c2f06b8eb1ec9ef6bd512c7b28cacb9eb22fef5400,2026-07,North Wales Police,North Wales Police,-3.005813,53.055928,On or near Plas Coch Road,W01000372,Wrexham 008C,Investigation complete; no suspect identified
7c3eecbd7bf9e405c504f723df6436c1a13bc5ae807b1bcd8e99b8c24358b76a,2026-07,North Wales Police,North Wales Police,-3.005813,53.055928,On or near Plas Coch Road,W01000372,Wrexham 008C,Investigation complete; no suspect identified
5027f0fdcb04455d494c5d8d6ddf54257ac31e872c4d79dc4f522cad5fcc76e9,2026-07,North Wales Police,North Wales Police,-3.005813,53.055928,On or near Plas Coch Road,W01000372,Wrexham 008C,Investigation complete; no suspect identified
81f7f7d09ffa522b94c60000c4c85dc4ba3d19c10478eb96a2ec95d993bf095a,2026-07,North Wales Police,North Wales Police,-3.053788,52.939322,On or near Princess Avenue,W01000360,Wrexham 019D,Unable to prosecute suspect
7c9612ce2e1a1fc9e0c6e69aa32de200c6efba19e7ae33d091e7701c1f205aa1,2026-07,North Wales Police,North Wales Police,-3.458828,53.313653,On or near Maes Maenefa,W01000234,Denbighshire 017G,Unable to prosecute suspect
2edb8f8b0724ccfcadfb0b3153e19c5cf9aede7b7a313c91fd7dcbdc47323a99,2026-07,North Wales Police,North Wales Police,-4.133177,53.222988,On or near Further/Higher Educational Building,W01000062,Gwynedd 001A,Unable to prosecute suspect
e7fc9128a5f32a31f45b064fe365597d4f2030b860c0d1ced5abb67cfe90f89a,2026-07,North Wales Police,North Wales Police,-3.036844,53.186790,On or near Groomscroft,W01000285,Flintshire 013D,Unable to prosecute suspect
b86ae89abd2c2b1f8142294e170d2a4578deaf3731554f5b5588744acdbf271a,2026-07,North Wales Police,North Wales Police,-3.057501,53.050625,On or near Bracken Court,W01000364,Wrexham 006E,Investigation complete; no suspect identified
431748acc0be706e2b8411068ede10cd04eb038f18f51d4d719bc2fa8ec8799b,2026-07,North Wales Police,North Wales Police,-4.149519,53.210708,On or near Shopping Area,W01000064,Gwynedd 002A,Investigation complete; no suspect identified
40077976e3ec3878065228e358142ccc2d0d07e0919613cc87cb0495ea2432d9,2026-07,North Wales Police,North Wales Police,-3.048700,53.008246,On or near Maes-Y-Ficerdy,W01000405,Wrexham 015B,Unable to prosecute suspect
824068f89abefbe2edfca20e9a4a8200d4b3b1192222cfdf126ae1143a040a78,2026-07,North Wales Police,North Wales Police,-3.013759,53.214334,On or near Farm Road,W01000333,Flintshire 009B,Unable to prosecute suspect
6463ffdbf1f34d7ab2aeab2f202cf039985aceba0195354f860c8a34479281e2,2026-07,North Wales Police,North Wales Police,-3.919045,53.267515,On or near Brookside Close,W01000171,Conwy 013D,Unable to prosecute suspect
ad3e9354dcc0dbcab381aa3191f96e6edba7d15bae26bcb90f7516d89f631b73,2026-07,North Wales Police,North Wales Police,-4.418133,52.888523,On or near Mitre Place,W01000108,Gwynedd 012D,Unable to prosecute suspect
926c1dfd2182a0bb149da775834b7fc8be36f536fb2e7d94ebf7f0e9dd2ac795,2026-07,North Wales Police,North Wales Police,-4.315517,53.267880,On or near Parking Area,W01000014,Isle of Anglesey 006C,Unable to prosecute suspect
f5bbf658dc026e694a08d6c336fd24a72278db9f1a0a559a0173c42c4f63f50c,2026-07,North Wales Police,North Wales Police,-2.993548,53.046161,On or near Stryt Y Syfwr,W01000372,Wrexham 008C,Unable to prosecute suspect
c4c408d0ababc0f0cb31c602ca2f9a052b04aa9090a7bbf688d8602aabda6781,2026-07,North Wales Police,North Wales Police,-3.845457,53.286558,On or near Penmaen Crescent,W01000129,Conwy 012B,Unable to prosecute suspect
74439e8b91181312f1823d9337670ed82e369365da95bdfb8bcdf6cf2101d292,2026-07,North Wales Police,North Wales Police,-2.979794,53.049439,On or near Trevenna Way,W01000425,Wrexham 010E,Unable to prosecute suspect
f12389d7e7cad9506bae749e5a8edcfbf9d53dbc6ffc9c36ba369c2a3d12f09d,2026-07,North Wales Police,North Wales Police,-3.830485,53.325150,On or near Ty Isa Road,W01000146,Conwy 001B,Suspect charged
988ccbc4553db4d87eb9c0a78b6ad95ba528a0508165c0239a0c98eb24781549,2026-07,North Wales Police,North Wales Police,-3.830485,53.325150,On or near Ty Isa Road,W01000146,Conwy 001B,Investigation complete; no suspect identified
ba15d75e75d5dbf5c17a4bed3e572bb90e64c1ec4941b6add8f772227ac8f9d0,2026-07,North Wales Police,North Wales Police,-3.405609,53.330392,On or near South Avenue,W01000213,Denbighshire 002A,Investigation complete; no suspect identified
7c952a36efe020a1eb6dcb8bb1acf0687116a9e6da056be366ab435ba4762979,2026-07,North Wales Police,North Wales Police,-3.044003,53.004431,On or near Supermarket,W01000386,Wrexham 015A,Investigation complete; no suspect identified
4b5be5e99cddda8df183e534a1e1118542ce44b5de801fd5e1b682bc9261ed34,2026-07,North Wales Police,North Wales Police,-3.044003,53.004431,On or near Supermarket,W01000386,Wrexham 015A,Investigation complete; no suspect identified
0a089fa87d7869599d366dd479ece4115fcece987b113ce125aecd3a589edede,2026-07,North Wales Police,North Wales Police,-3.934470,52.993949,On or near Newborough Street,W01000065,Gwynedd 009B,Unable to prosecute suspect
2d933b5e3e2df67af34da62ecc00296f7165a99b7dc96278646099f20be63ae7,2026-07,North Wales Police,North Wales Police,-3.057501,53.050625,On or near Bracken Court,W01000364,Wrexham 006E,Action to be taken by another organisation
ed4ddc15867dbce4bd0d6593e28114a4c579e1321c83582b3c2526b043f175ab,2026-07,North Wales Police,North Wales Police,-4.091429,53.214205,On or near Bro Emrys,W01000050,Gwynedd 003A,Unable to prosecute suspect
d2be7159ad818537136be9d8a6e5af87160c40595b00a9500c8c4d292cace1a5,2026-07,North Wales Police,North Wales Police,-4.096828,53.215261,On or near Tre'r-Felin,W01000050,Gwynedd 003A,Unable to prosecute suspect
7a78699ad95ff76d6fd3e9bb636940693b421bbcccf4b0b310df99dffd6a6363,2026-07,North Wales Police,North Wales Police,-4.151751,53.220035,On or near Ffordd Eithinog,W01000072,Gwynedd 002B,Investigation complete; no suspect identified
4258d9b61eafab89b651838048d7ea2d2c8ce97b7d04b2fa5ba7e4782a216efc,2026-07,North Wales Police,North Wales Police,-3.171873,52.959504,On or near Allt Y Badi,W01000210,Denbighshire 016E,Unable to prosecute suspect
2ad71625f921b6abc30006d59cabb14e54c8c7d28b6c4a1a92cce2df067f572c,2026-07,North Wales Police,North Wales Police,-4.338243,52.905486,On or near Parking Area,W01000089,Gwynedd 011D,Investigation complete; no suspect identified
9b826960750d0b43e483de7ffccd9c6053747c5be4de38b5d1d0eb28def0b246,2026-07,North Wales Police,North Wales Police,-4.268535,53.136438,On or near Hendre Street,W01000111,Gwynedd 007C,Unable to prosecute suspect
6ea5fdc0302674e9139fe957baaae8b5b156c1c7de3bf5118856289cf4e130a9,2026-07,North Wales Police,North Wales Police,-3.823533,53.311771,On or near Ewloe Drive,W01000188,Conwy 002D,Unable to prosecute suspect
4043d737f38035d25633be07cdcc0edffb3bb5bb4e67f1a014423ea62ecbdade,2026-07,North Wales Police,North Wales Police,-4.334366,53.412443,On or near Lon Y Cei,W01000003,Isle of Anglesey 001A,Unable to prosecute suspect
b8efbdc8c0166524b39b5275d359de5219b0f4b8f38cb30fbf4c126c1d1f0318,2026-07,North Wales Police,North Wales Police,-3.306422,53.113776,On or near A494,W01000243,Denbighshire 014B,Suspect charged
b4369537e0e8fa6f0d4617c4319abca166eb7cb10456ad106f8743ff2d83d1a1,2026-07,North Wales Police,North Wales Police,-3.541891,53.299735,On or near Llys Nant,W01000184,Conwy 005E,Unable to prosecute suspect
62d051c549f81cbf7405fe3aa4706bace157890447687e62926164e87ed270cb,2026-07,North Wales Police,North Wales Police,-3.022537,53.062141,On or near Highfield Road,W01000380,Wrexham 004D,Investigation complete; no suspect identified
95ef6bc74cc2027ca6191e721e7a7ece0bbb5f5bd309e1487c5a2c969f146c8f,2026-07,North Wales Police,North Wales Police,-3.306422,53.113776,On or near A494,W01000243,Denbighshire 014B,Suspect charged
202c6e4a2a5f960ab71a9f903de9df9f7ac12a2d3c15b71b7f09e9d620829b96,2026-07,North Wales Police,North Wales Police,-4.268535,53.136438,On or near Hendre Street,W01000111,Gwynedd 007C,Unable to prosecute suspect
8813dc6e795f2cd4eb7317b6c3d2e49669b00ce7f97c4b922d9b0d0c2954617c,2026-07,North Wales Police,North Wales Police,-4.268535,53.136438,On or near Hendre Street,W01000111,Gwynedd 007C,Unable to prosecute suspect
06b1730dd69fc0f337461350f8e43594f333ad20dd3e86e7709520ebd93ae3e4,2026-07,North Wales Police,North Wales Police,-4.268535,53.136438,On or near Hendre Street,W01000111,Gwynedd 007C,Unable to prosecute suspect
d41fc022891c7c7878377b65473d0449328d226830a0165ee6b753a763993aa6,2026-07,North Wales Police,North Wales Police,-3.320866,53.081479,On or near Dyffryn,W01000202,Denbighshire 015B,Investigation complete; no suspect identified
bd5ff0cf4abc3e1cf7d8c1ac898bd66170f53968120f4ad7cbccac13c7351908,2026-07,North Wales Police,North Wales Police,-3.371030,53.152874,On or near Pont-Y-Bedol,W01000211,Denbighshire 012D,Unable to prosecute suspect
c2ff35a60735c1ce9e2de6161f665b41c8a8c1a5fed7d6b18a9baadc6a471eae,2026-07,North Wales Police,North Wales Police,-3.535218,53.305727,On or near Peris Avenue,W01000184,Conwy 005E,Investigation complete; no suspect identified
d96d78d97217ad87c60d0bcf3191ff2e45c6d016f789e7386de5aa74e5fc34fa,2026-07,North Wales Police,North Wales Police,-3.306422,53.113776,On or near A494,W01000243,Denbighshire 014B,Unable to prosecute suspect
ce3231edb3275f11a88005922c16f37d0b058419bdc0b569643d5ea48fdf6912,2026-07,North Wales Police,North Wales Police,-3.052374,53.006703,On or near Pen-Y-Wern,W01000405,Wrexham 015B,Unable to prosecute suspect
0e69eda69f5e62ea906b6eb0770c5e9744e0f61c0d90f002a7519707006b4b8d,2026-07,North Wales Police,North Wales Police,-3.724820,53.295568,On or near Shopping Area,W01000144,Conwy 007C,Unable to prosecute suspect
0a2b7681742d86af8f20834b1fdfe5bfff120194457e9627730ed37a98cb5d31,2026-07,North Wales Police,North Wales Police,-3.376228,52.981402,On or near Shopping Area,W01000193,Denbighshire 015A,Unable to prosecute suspect
137f5b6083671c65cdc10a8f99607a14f1ecf67f5de4ef302bf463875bfa9184,2026-07,North Wales Police,North Wales Police,-3.057186,53.219754,On or near Fishermans' Road,W01000274,Flintshire 007B,Suspect charged
28f844088579620c4d113e53b9439afee93d55a2f1cd5ef1bf2d585a97f710a3,2026-07,North Wales Police,North Wales Police,-3.439547,52.922652,On or near Bro Dinam,W01000205,Denbighshire 016B,Unable to prosecute suspect
612896b0484c1b209cc46305b60c3bb929e4e0d076a335ee2c0dcd3a16d0e9e7,2026-07,North Wales Police,North Wales Police,-3.467551,53.303657,On or near Petrol Station,W01000223,Denbighshire 009B,Investigation complete; no suspect identified
578ae5e38f7cd40df76af1897afe49cdc6410152ac6dd22ce0d171d59e4e587a,2026-07,North Wales Police,North Wales Police,-3.460410,53.203412,On or near Cil-Y-Coed,W01000199,Denbighshire 011C,Unable to prosecute suspect
27cfa8c6e41eb3b5629d6a77957f922c82d2c1f16d9e0bcc41f8cbd861610ca8,2026-07,North Wales Police,North Wales Police,-3.686249,53.291695,On or near Voryn Avenue,W01000127,Conwy 009B,Unable to prosecute suspect
bdbd4c3f9367910d905a03593aaf98733ba520b7be35455971dce1c5bc7d2ef9,2026-07,North Wales Police,North Wales Police,-4.303883,53.257901,On or near Bron-Y-Felin Road,W01000041,Isle of Anglesey 006D,Unable to prosecute suspect
288bf546d62f746393ec37fbe82b6deb7682bdab271155fc479e711d7ac1ae52,2026-07,North Wales Police,North Wales Police,-3.051051,53.067565,On or near Greenway Drive,W01000347,Wrexham 006A,Unable to prosecute suspect
4de57931516ada29c887772fd18f767e77e316fd30a3b55453aff2916cbacae9,2026-07,North Wales Police,North Wales Police,-3.456423,53.322384,On or near Llys Aderyn Du,W01000223,Denbighshire 009B,Unable to prosecute suspect
beeb84504d3c07b5e2aa911fd474d8dad4fa6eaace190f53f68f1303df6ed1b2,2026-07,North Wales Police,North Wales Police,-3.133155,53.249431,On or near Lower Sydney Street,W01000288,Flintshire 004A,Unable to prosecute suspect
a9748938094ad133873c5d6609f940ffe9c222d6121f3073cdaef43c0ef638a7,2026-07,North Wales Police,North Wales Police,-2.984968,53.046052,On or near Parking Area,W01001931,Wrexham 012G,Unable to prosecute suspect
f3f0b140790a359d5ed2a644d1243924974a6630757727d0a20a0aa88eb8fa91,2026-07,North Wales Police,North Wales Police,-4.265330,53.269150,On or near Maes Gwyn,W01002005,Isle of Anglesey 002E,Suspect charged
17e3372213afb9466d245c452e28d048e39ea793181dbbfb235ab8cfc8681cc1,2026-07,North Wales Police,North Wales Police,-3.014532,53.197014,On or near Llysy Dderwen,W01000311,Flintshire 011A,Unable to prosecute suspect
7a8919fd0b098cc6face58588f223bb40c4e7169ab3d9977cf6c6b56639164b8,2026-07,North Wales Police,North Wales Police,-3.723157,53.294646,On or near Parking Area,W01000144,Conwy 007C,Investigation complete; no suspect identified
93a1233d03e9795af130abca55fe2567501889ae666b753ce9eca7ffb8fab734,2026-07,North Wales Police,North Wales Police,-4.056911,53.178359,On or near Adwy'r Nant,W01000096,Gwynedd 003C,Unable to prosecute suspect
85bb0476dcdbfbee69cc7e4ba923841331b9e78b4b0be2c3f8038b0e89c840e4,2026-07,North Wales Police,North Wales Police,-3.062764,53.021983,On or near Llwn Einion Road,W01000412,Wrexham 015D,Unable to prosecute suspect
3fe1c485747f79afe4318164f385f640e17d3ca0c632269ced5c7d1a5aeba887,2026-07,North Wales Police,North Wales Police,-4.056911,53.178359,On or near Adwy'r Nant,W01000096,Gwynedd 003C,Unable to prosecute suspect
827f05480928bed73854ffbf34b3ab6b6c326b2bed56c28ad95bc4fd3b2ac4f8,2026-07,North Wales Police,North Wales Police,-4.142015,53.217279,On or near Shopping Area,W01000064,Gwynedd 002A,Investigation complete; no suspect identified
db9850aec047438c233bb12512b2b09e20ebeb008caa664632a7d16954b5850f,2026-07,North Wales Police,North Wales Police,-2.979794,53.049439,On or near Trevenna Way,W01000425,Wrexham 010E,Unable to prosecute suspect
a4ea8abf471c247cf348caaddbfbdabbe6e10d640f6a7bec1e174f8049ee3ac2,2026-07,North Wales Police,North Wales Police,-3.763494,53.291836,On or near Garth Road South,W01000167,Conwy 011C,Action to be taken by another organisation
7cb64d5af0a2ae651312c78727f00656e15f4d21aba1a9bdfde5fd58b38f2eec,2026-07,North Wales Police,North Wales Police,-3.717344,53.284014,On or near Severn Road,W01000145,Conwy 008B,Unable to prosecute suspect
c6361770dca1c3a4bc87c389ab8269f71dcd052bdb599bed84c4c31a26ee2704,2026-07,North Wales Police,North Wales Police,-4.142602,53.217692,On or near Shopping Area,W01000064,Gwynedd 002A,Investigation complete; no suspect identified
af66ea8d86223bd66cbbc69e84117ef0dcca612ac2f6620ead4045ed32ace50e,2026-07,North Wales Police,North Wales Police,-2.997243,53.098943,On or near Fairoaks Crescent,W01000390,Wrexham 021A,Investigation complete; no suspect identified
b114987dad6ac4a0c64f45e051e378f9e045349a5f3ecd7e7b5a4ce03be8d1b7,2026-07,North Wales Police,North Wales Police,-3.170795,53.267747,On or near Highfield Road,W01000254,Flintshire 003B,Unable to prosecute suspect
3f53e5e29920a0ea377d4894d3ccad9cc1a6f0fe92e284ac3721daed817394bf,2026-07,North Wales Police,North Wales Police,-4.100533,53.263412,On or near Thomas Close,W01000005,Isle of Anglesey 005A,Investigation complete; no suspect identified
4cc42c8610bf5eb26aa87f772763d92c296d854f2148230f07c19a4dbc981387,2026-07,North Wales Police,North Wales Police,-3.425626,53.186609,On or near Pen Y Graig,W01000198,Denbighshire 011B,Unable to prosecute suspect
f65354658dbeeb8dfa7f0dc4883cf5a47f6a1bc4e127950af433fc93e47a863e,2026-07,North Wales Police,North Wales Police,-3.030224,53.063504,On or near B5433,W01000401,Wrexham 005D,Investigation complete; no suspect identified
93751f13bd5f3850f6fed0ac34caac8ced91497b7cf26c38a9fd6a3cafa7fc10,2026-07,North Wales Police,North Wales Police,-2.991220,53.041569,On or near Supermarket,W01000365,Wrexham 011C,Unable to prosecute suspect
f8f9c25848b3396010fe0e3c5a576bb468804d8835ed1eda5b32688a5f8c3385,2026-07,North Wales Police,North Wales Police,-2.924709,53.175767,On or near Isabella Court,W01000330,Flintshire 015E,Unable to prosecute suspect
4b6a0f6e410cce5781c9f6362522577284cb803465344461a8ed339d6a33d6dd,2026-07,North Wales Police,North Wales Police,-3.040032,53.205352,On or near Farmfield Close,W01000335,Flintshire 009D,Investigation complete; no suspect identified
b636a87ea3831662407ae2ff1c3a17c7ced2d47aa3a4a08526c095784865aef1,2026-07,North Wales Police,North Wales Police,-4.338243,52.905486,On or near Parking Area,W01000089,Gwynedd 011D,Unable to prosecute suspect
67e7fb38d61290c1f703334fb9bc0136724b940ec99461250aa79a0f1a94d9bd,2026-07,North Wales Police,North Wales Police,-4.159825,53.209020,On or near Hospital,W01000102,Gwynedd 002E,Unable to prosecute suspect
66a866557bd362ec5a3b007b182feaa0186d31422575a57faa0b161c477159e9,2026-07,North Wales Police,North Wales Police,-4.322242,53.166403,On or near Maes Hyfryd,W01000038,Isle of Anglesey 009D,Investigation complete; no suspect identified
e374f8c06078115d8badcc942d8562d9dd03ccf5f5f9d213da0fd09419963630,2026-07,North Wales Police,North Wales Police,-3.523784,53.306206,On or near Parc Morfa,W01000149,Conwy 005A,Investigation complete; no suspect identified
4d6d6f2c1f774f256754ca6685dcbb39bbe65ba4b38cc6d98198476124f5480a,2026-07,North Wales Police,North Wales Police,-3.031176,53.203784,On or near Dee View,W01000336,Flintshire 009E,Suspect charged
4d6d6f2c1f774f256754ca6685dcbb39bbe65ba4b38cc6d98198476124f5480a,2026-07,North Wales Police,North Wales Police,-3.031176,53.203784,On or near Dee View,W01000336,Flintshire 009E,Suspect charged
87d0c1dd41dcfdd7da3c2261aad75e8d8519d850926013e2f099b0e913557036,2026-07,North Wales Police,North Wales Police,-3.813177,53.302238,On or near St Anne's Gardens,W01000135,Conwy 006A,Unable to prosecute suspect
d920378043086f177efd9424d932a8648ad3bc89bc97bf875d9aa4acb7e59c3c,2026-07,North Wales Police,North Wales Police,-3.724952,53.291905,On or near Gladys Grove,W01000143,Conwy 007B,Unable to prosecute suspect
d2722ac925cec594c0ecded697b98557eaed5ae71da54677649a055a926049c2,2026-07,North Wales Police,North Wales Police,-2.972357,53.041097,On or near Supermarket,W01000413,Wrexham 010C,Unable to prosecute suspect
d1003ed25f3eede499cd0b39a0379eb8fc814fcbad0bbef42455e072e8e63115,2026-07,North Wales Police,North Wales Police,-3.498716,53.315073,On or near West Street,W01000241,Denbighshire 004F,Action to be taken by another organisation
5c2b2ac298d2c985401c0f1b980aba28c9c7bfdc9529cf4e2bd83e933a550aa5,2026-07,North Wales Police,North Wales Police,-4.152576,53.206606,On or near Supermarket,W01000064,Gwynedd 002A,Unable to prosecute suspect
6f2ec78527d8e2c66a7e374104417797ab3d5eca670590e5342cf4054c88abb3,2026-07,North Wales Police,North Wales Police,-3.816598,53.316705,On or near Kingsway,W01000132,Conwy 001A,Investigation complete; no suspect identified
cdf1d39c8f9a6d6adc20253d876f9f75653c9b1d4042d959d9fd4ad15e93bc0b,2026-07,North Wales Police,North Wales Police,-4.338243,52.905486,On or near Parking Area,W01000089,Gwynedd 011D,Investigation complete; no suspect identified
039f071e740966ecd074d15998c7c1bce362a7499f454c02e0687f812c34ba97,2026-07,North Wales Police,North Wales Police,-3.579811,53.293620,On or near Rhodfa'r De,W01001928,Conwy 010H,Unable to prosecute suspect
5ccc610b8a8125bd9eaed3eeccbfc686177ec2ece9a1261c818268aa1455cf68,2026-07,North Wales Police,North Wales Police,-4.127200,53.225851,On or near Shopping Area,W01000062,Gwynedd 001A,Unable to prosecute suspect
280c3f1a3cda43dda99cced31c8505b093dbba475801deb5956e6e2207daa329,2026-07,North Wales Police,North Wales Police,-4.163076,53.225386,On or near Bridge Street,W01000011,Isle of Anglesey 008B,Unable to prosecute suspect
b29c019cbcc455a7eb68a8e981f67446e6e35f638ecfe23a7b7a21dc10bf9dad,2026-07,North Wales Police,North Wales Police,-3.054243,53.077236,On or near Bryn Road,W01000348,Wrexham 006B,Unable to prosecute suspect
5c2ad9181b3ff1463448a19f0902508c0e866b41ad99c935065954db6ca565ec,2026-07,North Wales Police,North Wales Police,-3.032749,53.208786,On or near Petrol Station,W01000336,Flintshire 009E,Unable to prosecute suspect
3f77e4ad9fed0a3dac260a2f4ada9b1aa856ad62e6d2e7ea33ec055e6ce19153,2026-07,North Wales Police,North Wales Police,-3.162583,52.966140,On or near Min-Y-Coed,W01000209,Denbighshire 016D,Unable to prosecute suspect
2a05d0e61a20cc30f90e523ccd02cda89ad7590637329635e5355755e560deed,2026-07,North Wales Police,North Wales Police,-3.054274,53.065684,On or near College Fields,W01000347,Wrexham 006A,Unable to prosecute suspect
2773cb6b43ecb9058941e0d245e729b7bfe074c8257a9fcbed502a1057e5b868,2026-07,North Wales Police,North Wales Police,-2.932578,52.971296,On or near Old School Mews,W01000404,Wrexham 018D,Investigation complete; no suspect identified
0fdb93bd2a4a93d60c7da5b288bfecbbf5475b00b36de0ef76e3b5f8192e68a2,2026-07,North Wales Police,North Wales Police,-4.310682,53.255800,On or near Bulkeley Square,W01000014,Isle of Anglesey 006C,Unable to prosecute suspect
a17646296b01665f15a9a6cf830f8f47c7dc386909b3a6cca84bc4d4e83c064f,2026-07,North Wales Police,North Wales Police,-3.710462,53.288248,On or near Hospital,W01000139,Conwy 007A,Unable to prosecute suspect
4d03918360cd6725553a48579159a4dacbdb533458ea39420d6f9be74032b765,2026-07,North Wales Police,North Wales Police,-3.490923,53.320609,On or near Glanglasfor,W01000240,Denbighshire 004E,Unable to prosecute suspect
e11393a685df09dd0116f2a46b6abb9928b1a8b746204a8f79374b9daea22325,2026-07,North Wales Police,North Wales Police,-4.528022,52.936776,On or near Y Lon Gam,W01000095,Gwynedd 012C,Investigation complete; no suspect identified
0afc786bc42707aa019faaafd24f3b8be67ab0316fced8aa31acbd820b0fa6a4,2026-07,North Wales Police,North Wales Police,-3.136551,53.249731,On or near Earl Street,W01000290,Flintshire 004B,Investigation complete; no suspect identified
ed24bb67f1946b472fec09e97f0bde368e36f318278c04ef7189ee8bf3ca0863,2026-07,North Wales Police,North Wales Police,-3.838372,53.317189,On or near Winllan Avenue,W01000168,Conwy 002B,Unable to prosecute suspect
1f4a622178606adfeca0fd64e2e62e6f657d5f4ce9d9c4ea9b780cbe00def7f9,2026-07,North Wales Police,North Wales Police,-3.488663,53.318994,On or near Bus/Coach Station,W01000240,Denbighshire 004E,Unable to prosecute suspect
d6713d35535361b398cc13ab6df7f35cbcea4d38fc9a3cd42485ffc4cc5148a8,2026-07,North Wales Police,North Wales Police,-3.012772,53.072095,On or near Pen-Y-Llyn,W01000374,Wrexham 003A,Unable to prosecute suspect
394c584a00c4ba950d3fafb8b0731df9da66d37201f525ce8467482159b8a0ee,2026-07,North Wales Police,North Wales Police,-3.412908,53.300434,On or near Y Stryd Fawr,W01000201,Denbighshire 008B,Investigation complete; no suspect identified
a66b090ad3abf7ab9387682338df4ee3157ad495b0eaf717a55cfbae00baec98,2026-07,North Wales Police,North Wales Police,-4.111183,53.229096,On or near Ffordd Llandegai,W01000091,Gwynedd 001D,Suspect charged
0d124ea65bee903770d2f2e86db0552bcb50b210c0456f2f4386fe9786ee808b,2026-07,North Wales Police,North Wales Police,-3.009592,53.216086,On or near Mapplewood Avenue,W01000333,Flintshire 009B,Unable to prosecute suspect
a26927fc7b1606af2f2fedda2ef6489b2863ac46942bd9729f229b55750ae7c6,2026-07,North Wales Police,North Wales Police,-4.631909,53.282172,On or near Lon Y Don,W01000040,Isle of Anglesey 004D,Investigation complete; no suspect identified
f0313727ed601d4bf95fe01fb6280a145cb544699261298b93997415a80a90a8,2026-07,North Wales Police,North Wales Police,-4.405207,53.284571,On or near Parking Area,W01000006,Isle of Anglesey 006A,Investigation complete; no suspect identified
3d435a580b0ed2e65c48bf13f7f314e919f533a315f85d444eafa779e6dff173,2026-07,North Wales Police,North Wales Police,-4.631909,53.282172,On or near Lon Y Don,W01000040,Isle of Anglesey 004D,Investigation complete; no suspect identified
0c3969d26012ddf1f4fc4f66ed4196630261bae486b6cd98133b99ce50e45d8f,2026-07,North Wales Police,North Wales Police,-2.981993,53.059543,On or near Herbert Jennings Avenue,W01000342,Wrexham 023E,Unable to prosecute suspect
c1c6c403d7afb41ec795b89fbf905433518dddfeafbfd2bb3d9569fcc01f54c0,2026-07,North Wales Police,North Wales Police,-3.151939,52.968455,On or near Maesmawr Road,W01000210,Denbighshire 016E,Unable to prosecute suspect
aa5234634085c4b10ea9b698dc1d1838ce895fb5edc878ba32c85e6b7208f989,2026-07,North Wales Police,North Wales Police,-3.084445,53.165241,On or near Bryn Mawr,W01000262,Flintshire 017C,Investigation complete; no suspect identified
719971b25b8ccbcd538665c2f7f3fcc9878b29328591826081ec6b1010cd4532,2026-07,North Wales Police,North Wales Police,-3.163655,52.967244,On or near Brook Street,W01000209,Denbighshire 016D,Investigation complete; no suspect identified
e99c7fbf20e3be290b47d3d92451d77cbaa75cfe79bc345b3d8d923e54767511,2026-07,North Wales Police,North Wales Police,-3.715425,53.294901,On or near Parking Area,W01000144,Conwy 007C,Unable to prosecute suspect
79319ce020d264682ef59a12c8d8aa8b624295d287a3acfc1375bd402712256f,2026-07,North Wales Police,North Wales Police,-3.822828,53.312825,On or near Bodnant Road,W01000188,Conwy 002D,Suspect charged
f4bb253c8d06167534a77332aa889832956127e74a39b8b975af1b88b398a260,2026-07,North Wales Police,North Wales Police,-3.003963,53.214902,On or near Maes Helyg,W01000333,Flintshire 009B,Investigation complete; no suspect identified
465d22bdb421ce3c44240e34cb748d88d2bc4dfd25fc728c27f53d0490da8ddc,2026-07,North Wales Police,North Wales Police,-3.810261,53.289373,On or near Victoria Drive,W01000166,Conwy 006D,Action to be taken by another organisation
186952944ed31fd8e6b700ec2b3db3590dc95b96467f99a709c27209f4c61b06,2026-07,North Wales Police,North Wales Police,-3.319277,53.118840,On or near Stryd Yr Hebog,W01000243,Denbighshire 014B,Unable to prosecute suspect
9927864a8cf8d17abe382fed81049739c21de4d5f56c1fe406dee3cd348d76fa,2026-07,North Wales Police,North Wales Police,-2.981909,53.049961,On or near Hill Crest,W01000425,Wrexham 010E,Investigation complete; no suspect identified
8075816970cc0c4356ec02d581ef4b002302680671b1e4858722a293cf7b9159,2026-07,North Wales Police,North Wales Police,-3.825361,53.152546,On or near Maes Bodaelog,W01000185,Conwy 015E,Unable to prosecute suspect
632d8cc367ea9bdb3a6303508c7e3c745a23990a753e22bf96dc7401e9060232,2026-07,North Wales Police,North Wales Police,-3.490721,53.320423,On or near Market Street,W01000240,Denbighshire 004E,Unable to prosecute suspect
92d8f24f69463a5560df65fe01e89529e2489f5f0f77e80685f564808d828232,2026-07,North Wales Police,North Wales Police,-3.501612,53.315882,On or near Sandringham Avenue,W01000241,Denbighshire 004F,Investigation complete; no suspect identified
64dba729b1a3b21b5b4c3e8ddb77d6481ccb6a393a0bcfea5b3221078179b237,2026-07,North Wales Police,North Wales Police,-2.991714,53.046886,On or near Chester Street,W01000372,Wrexham 008C,Investigation complete; no suspect identified
9acc932c97962780f99ed9a1e5b871e6863e0aac1fbcf4e6f6cb704109e04275,2026-07,North Wales Police,North Wales Police,-2.965202,53.043347,On or near Arenig Road,W01000414,Wrexham 010D,Investigation complete; no suspect identified
01152a48fdf2f6c77a6728460dc6d0acd78c9ea8309f533d022ae8e03e6ea8a1,2026-07,North Wales Police,North Wales Police,-3.035497,52.994607,On or near Daniels Drive,W01000419,Wrexham 016D,Unable to prosecute suspect
8f444dd1f8374399aea232391b85a1aef037ce35252a400e38741d08c4965719,2026-07,North Wales Police,North Wales Police,-2.976413,53.049017,On or near Wynnstay Avenue,W01000425,Wrexham 010E,Unable to prosecute suspect
84dc0a15bb683a13603f5883273a3d5c9c61ef64f93ed357880fd4324b6d3e0b,2026-07,North Wales Police,North Wales Police,-3.493134,53.320294,On or near Stryd Y Dwr,W01000240,Denbighshire 004E,Investigation complete; no suspect identified
2a9068abab33e9f568e92b2e4fce73d3612a955e7e031c7706145837d1133dbf,2026-07,North Wales Police,North Wales Police,-2.996436,53.047233,On or near Duke Street,W01000372,Wrexham 008C,Investigation complete; no suspect identified
6cc6aada7399df9f03c66411fb9bd00048c3df8048cad7ab0d8108a06456a528,2026-07,North Wales Police,North Wales Police,-3.399363,53.336363,On or near Lon Eirlys,W01000216,Denbighshire 002D,Investigation complete; no suspect identified
87b7885e3f853bb820637a687fed74a8bfca877869ad88af5fa674254e6e14a3,2026-07,North Wales Police,North Wales Police,-3.137449,53.248581,On or near Coleshill Street,W01000290,Flintshire 004B,Investigation complete; no suspect identified
b2779a76e91efdee99d4aea08a0f76b006772926a2095680b7f8e3f6cb6f6278,2026-07,North Wales Police,North Wales Police,-3.136551,53.249731,On or near Earl Street,W01000290,Flintshire 004B,Unable to prosecute suspect
f7d433ab0d011e62db3ef962da057ac2e83675cd58d98074d141018ec6de5ad3,2026-07,North Wales Police,North Wales Police,-3.460410,53.203412,On or near Cil-Y-Coed,W01000199,Denbighshire 011C,Unable to prosecute suspect
bb2df475477385f91d3b2529f15d94721b8fb7074487ed391e8b67c6c7046fab,2026-07,North Wales Police,North Wales Police,-3.941631,52.993131,On or near Dorvil Road,W01000056,Gwynedd 009A,Unable to prosecute suspect
35a1c25ee31e222cad629a5383cc57d30fd36c179090bcb9964ff20d2e8e4fcd,2026-07,North Wales Police,North Wales Police,-2.991220,53.041569,On or near Supermarket,W01000365,Wrexham 011C,Formal action is not in the public interest
e4d41c044fa13ae7467d3d85fbcfd7d325666279571ca23d3e09e35069cac408,2026-07,North Wales Police,North Wales Police,-3.062710,52.983391,On or near Sports/Recreation Area,W01000409,Wrexham 017E,Suspect charged
41d1f38c19d14aee68f5da582e0141f9d3ef341f10cc910017b33139e0fc9474,2026-07,North Wales Police,North Wales Police,-2.933632,53.034681,On or near Bridgeway East,W01001971,Wrexham 022D,Unable to prosecute suspect
f7938c2e47fe943efbc1e687d3d9d05c5ba23109b781a358c4d211d7da706b7f,2026-07,North Wales Police,North Wales Police,-2.994896,53.052883,On or near Cunliffe Street,W01000371,Wrexham 008B,Unable to prosecute suspect
b913c7abef8dfc9d241375e43edb543c1f2025a89a66600662b1b87df286c041,2026-07,North Wales Police,North Wales Police,-3.488663,53.318994,On or near Bus/Coach Station,W01000240,Denbighshire 004E,Unable to prosecute suspect
714cad4ce432c86bf946ddf8af43d5f55df7aa44c5dd91994bd3f332d43c2827,2026-07,North Wales Police,North Wales Police,-3.137381,53.171381,On or near Bridge Street,W01000315,Flintshire 016C,Unable to prosecute suspect
3e3bf60ec7b720396a4d6d3676a07d0e3796e55f5d3956f42f0341e7e333acfc,2026-07,North Wales Police,North Wales Police,-3.488663,53.318994,On or near Bus/Coach Station,W01000240,Denbighshire 004E,Unable to prosecute suspect
4db44a6f69349105514cbc88fbe0dcabc564cf5fe71c0f05f239bdcc3cef1ba7,2026-07,North Wales Police,North Wales Police,-3.725962,53.293518,On or near Police Station,W01000143,Conwy 007B,Further action is not in the public interest
28b0a9cfdff50c2b0c5b67fb7abf3d512c9c2984adc81b6034879486f6615567,2026-07,North Wales Police,North Wales Police,-3.765154,53.288790,On or near Old Conway Road,W01000167,Conwy 011C,Further action is not in the public interest
af7dbaa67d8bb66ab52d0f8381d08103be34cc4b225b14fcc61f2d3b72666b01,2026-07,North Wales Police,North Wales Police,-3.585516,53.286820,On or near Groes Lwyd,W01000179,Conwy 010F,Unable to prosecute suspect
c425c58eccb47e701de80d7b37770512410aec7086e62ff007bd12c8bf2e07f3,2026-07,North Wales Police,North Wales Police,-3.495101,53.270917,On or near Parking Area,W01000191,Denbighshire 009A,Unable to prosecute suspect
898c248c89a02ea92fcf90a8d347606b7c2e42e3c62d055f76566f8cc0b43b3f,2026-07,North Wales Police,North Wales Police,-4.022151,53.238507,On or near Parking Area,W01000050,Gwynedd 003A,Suspect charged
4e0610403f3f1b76706b3c1f418459b32ae91e194e6144ff9d31ed668870a4c6,2026-07,North Wales Police,North Wales Police,-3.582778,53.293113,On or near Dundonald Avenue,W01001928,Conwy 010H,Further action is not in the public interest
1385614ffc5b4da33f30078816d0cfa57fdd795498e4c20e3ca7e3cea9f39a5f,2026-07,North Wales Police,North Wales Police,-3.462169,53.294599,On or near Glyn Avenue,W01000224,Denbighshire 009C,Unable to prosecute suspect
759123c622f730e6c2864c30390c67d242915ac72d1564ebeec529736e20549e,2026-07,North Wales Police,North Wales Police,-3.889110,53.053251,On or near Maes-Y-Llan,W01000121,Conwy 015A,Suspect charged
cfe5de8fbd0995d5ba40b9f7aba1717fa7054b0ecf1b0e6f1febc3cfebcda0c1,2026-07,North Wales Police,North Wales Police,-3.520790,53.310227,On or near Foryd Road,W01000149,Conwy 005A,Unable to prosecute suspect
4794005b0c5a16b33dfec76e524671508f21de5e8979b12114416986d76c903a,2026-07,North Wales Police,North Wales Police,-2.996436,53.047233,On or near Duke Street,W01000372,Wrexham 008C,Investigation complete; no suspect identified
9d56f50508f851e00cc3a59a3999fd308cd3bb80da65ca642aaf77f6e4e7862d,2026-07,North Wales Police,North Wales Police,-3.066774,53.216873,On or near Beechwood Avenue,W01000273,Flintshire 007A,Unable to prosecute suspect
d6ed26c79edd82cc623633226a79d0bb15f67f833300aa1fd94fd692e75985ac,2026-07,North Wales Police,North Wales Police,-3.706453,53.287407,On or near Windsor Drive,W01000139,Conwy 007A,Unable to prosecute suspect
e8fb42671d694e20fd4888eb99cb39ed52b9f716ac79ca80c05174b758a98a29,2026-07,North Wales Police,North Wales Police,-3.069208,53.211170,On or near Bodnant Grove,W01000281,Flintshire 008D,Suspect charged
98fcd91ea9c22b73295f1b96771856ab571d17bd49d849df462a9098ba4235bf,2026-07,North Wales Police,North Wales Police,-3.581106,53.293738,On or near Meirion,W01001928,Conwy 010H,Unable to prosecute suspect
1383594ae2feb34a7cc5b66a173a53e62eea5c8091d84f84046e4d6e79749b97,2026-07,North Wales Police,North Wales Police,-3.581106,53.293738,On or near Meirion,W01001928,Conwy 010H,Unable to prosecute suspect
c444c2a5c0709a33b642d8498012fba83aeb98e9f314a0ac2b0c47eb7027e1b1,2026-07,North Wales Police,North Wales Police,-3.740316,53.304825,On or near Green Road,W01000155,Conwy 004A,Unable to prosecute suspect
2f0ee5ea60215d7d4dfe84274316ff065993a46d15231e6a0eb74ad1627abb00,2026-07,North Wales Police,North Wales Police,-2.972357,53.041097,On or near Supermarket,W01000413,Wrexham 010C,Unable to prosecute suspect
8e863daa2bd7d9921fd6f12052e9eaf3fa668d9217eedb1cf2e613e134ef31c9,2026-07,North Wales Police,North Wales Police,-3.502745,53.315247,On or near Sydenham Avenue,W01000241,Denbighshire 004F,Suspect charged
3960b3bde04b33ebc98f9e1587584c3ef55c144d846d60ebf98e8d423b035c99,2026-07,North Wales Police,North Wales Police,-3.035830,53.235979,On or near Weighbridge Road,W01000283,Flintshire 008E,Unable to prosecute suspect
c3fc4196d8d2052314810316ed2a40fb78066fbb8c933bfad8f74023cffeed21,2026-07,North Wales Police,North Wales Police,-3.003763,53.044753,On or near Llys David Lord,W01000350,Wrexham 011B,Unable to prosecute suspect
0c48c00dfb7d447f314b2171454ff84983efa98a7d71b0b51edcf063aafcdcae,2026-07,North Wales Police,North Wales Police,-4.633198,53.312867,On or near Parking Area,W01000036,Isle of Anglesey 003F,Unable to prosecute suspect
9e95031f6fb6848a4610699b783e35163390903ad1c8dfe6d6a244c89fa46ff7,2026-07,North Wales Police,North Wales Police,-3.411645,53.339005,On or near Glan Mor,W01000218,Denbighshire 001A,Investigation complete; no suspect identified
5eb37bfc75b0d18d5ac3466aca4e4b172be2b8c47f9e38c55b76aa7376e55015,2026-07,North Wales Police,North Wales Police,-3.053844,52.938585,On or near Chapel Lane,W01000360,Wrexham 019D,Local resolution
095df4a7c1b867117189d30e34c53f3f065399ee721b271e2d2643475bc74594,2026-07,North Wales Police,North Wales Police,-3.041120,53.006002,On or near Heol Offa,W01000386,Wrexham 015A,Unable to prosecute suspect
22289dfefab7232c1b913577c84d4e71cc343114976298395dade50594f3b22a,2026-07,North Wales Police,North Wales Police,-4.259250,53.146388,On or near Ffordd Cwellyn,W01000059,Gwynedd 006A,Unable to prosecute suspect
7e312d90f3b59bd8be728ee5d81145ee373911b36ead1a57263898c92f40e975,2026-07,North Wales Police,North Wales Police,-3.026889,53.076343,On or near Heol Cefn,W01000378,Wrexham 004B,Suspect charged
cea962be055871e0953dd10c1da4cf3916cf1e7f94be1b09b61eaf9036b62edf,2026-07,North Wales Police,North Wales Police,-3.693476,53.291197,On or near West Road,W01000128,Conwy 009C,Unable to prosecute suspect
1d5034abef7e8c92943ab3503632854f9447f193ed0229eb1d48e0901e6067b4,2026-07,North Wales Police,North Wales Police,-3.490721,53.320423,On or near Market Street,W01000240,Denbighshire 004E,Unable to prosecute suspect
1f5c097b695a9c78e012d36551fcd2aec2728322ea874bad1c025525474bf286,2026-07,North Wales Police,North Wales Police,-3.833470,53.327522,On or near Tan-Yr-Ogof Road,W01000146,Conwy 001B,Suspect charged
1f5c097b695a9c78e012d36551fcd2aec2728322ea874bad1c025525474bf286,2026-07,North Wales Police,North Wales Police,-3.833470,53.327522,On or near Tan-Yr-Ogof Road,W01000146,Conwy 001B,Suspect charged
1f5c097b695a9c78e012d36551fcd2aec2728322ea874bad1c025525474bf286,2026-07,North Wales Police,North Wales Police,-3.833470,53.327522,On or near Tan-Yr-Ogof Road,W01000146,Conwy 001B,Suspect charged
51c1bf5d8a00985c1c47dea4778544edb9ac4bf20b5012177c8317265de7d837,2026-07,North Wales Police,North Wales Police,-2.984968,53.046052,On or near Parking Area,W01001931,Wrexham 012G,Unable to prosecute suspect
2184872ad5569f54beb2ecc8279506dc7f0921f807af5655f31602f9f83891e4,2026-07,North Wales Police,North Wales Police,-4.273857,53.140373,On or near Bridge Street,W01000059,Gwynedd 006A,Further action is not in the public interest
d54730062a7d6f9a1745c1823038c73ef042268d6363159c1dbde7529b575ec7,2026-07,North Wales Police,North Wales Police,-3.070389,53.216499,On or near Lon Dderwen,W01000278,Flintshire 007D,Unable to prosecute suspect
0dfc0411e363f5b930c78fe00a323a275f144e305d5f6d40b6b476d69c6afa91,2026-07,North Wales Police,North Wales Police,-3.582778,53.293113,On or near Dundonald Avenue,W01001928,Conwy 010H,Unable to prosecute suspect
a10a81c4d00623b20e320475c19c82396f691fc2b94e18bc419342be16db205c,2026-07,North Wales Police,North Wales Police,-2.972357,53.041097,On or near Supermarket,W01000413,Wrexham 010C,Investigation complete; no suspect identified
0254e6022f759518b1e0183934eda2a4444153122313733b6f05cd5a0408a47f,2026-07,North Wales Police,North Wales Police,-3.420977,53.304351,On or near Sports/Recreation Area,W01000201,Denbighshire 008B,Unable to prosecute suspect
a74e99d46fdac506719e73c629b06e972e87d190670a0873151f2ce0b40516fe,2026-07,North Wales Police,North Wales Police,-3.424229,53.184639,On or near Maes-Yr-Eglwys,W01000198,Denbighshire 011B,Unable to prosecute suspect
2ddd6f6b7955b2f2d318ace0b09ed94fdac69697599093f38cbf4503d8a69395,2026-07,North Wales Police,North Wales Police,-3.516657,53.305416,On or near Glyn Circle,W01000150,Conwy 005B,Investigation complete; no suspect identified
3f05885277571194c2196bc5de6802c92a2bc043a1ab8e4a53eb7dcd24527f39,2026-07,North Wales Police,North Wales Police,-3.052934,53.194539,On or near Sports/Recreation Area,W01000251,Flintshire 013A,Unable to prosecute suspect
70dae94a8a772e868cc984d34df5487dcd661054a3b5ccdbc70999d256bf3387,2026-07,North Wales Police,North Wales Police,-3.032749,53.208786,On or near Petrol Station,W01000336,Flintshire 009E,Local resolution
c4deb5f76b07a1599a35f82d5fdfd2bb9235effd5f4fdbff85fe7bad6df98d47,2026-07,North Wales Police,North Wales Police,-4.419704,52.886567,On or near Penrhydlyniog,W01000108,Gwynedd 012D,Unable to prosecute suspect
76835621b84b04a561720db04537705111c68462a99bf4538ddbc65591e8d265,2026-07,North Wales Police,North Wales Police,-2.994510,53.045182,On or near Abbot Street,W01000350,Wrexham 011B,Unable to prosecute suspect
c71ef82ff2a27b453e47194a4bae632926cc387468dacf93e6926d9744a97ca2,2026-07,North Wales Police,North Wales Police,-4.127929,52.925755,On or near Shopping Area,W01000105,Gwynedd 010C,Investigation complete; no suspect identified
6813fccd6c32b1bd1653037f20a68a85a1397f1339abcb3ab2d734302cf85ded,2026-07,North Wales Police,North Wales Police,-3.493653,53.320971,On or near Sussex Lane,W01000240,Denbighshire 004E,Unable to prosecute suspect
cd2b2d836691e071b1c27b7a7b5e0f354d6131c5197274e9b58b215aefc7328b,2026-07,North Wales Police,North Wales Police,-3.540019,53.303166,On or near Bryn Road,W01000184,Conwy 005E,Unable to prosecute suspect
7f6a50fd2097df03e55d3763625be8cd2a7cb832711e635938526bf96abc319e,2026-07,North Wales Police,North Wales Police,-3.541180,53.302486,On or near Parking Area,W01000184,Conwy 005E,Unable to prosecute suspect
674e01f430c2b1ad8c50e690ee67ed23b42706a08dc54f37517361d537ce3e07,2026-07,North Wales Police,North Wales Police,-2.980931,53.037743,On or near Kings Close,W01000424,Wrexham 012E,Unable to prosecute suspect
37c430db7816e9a3a42f23590384851c1ae99ae8027062abbc3581f9beefde42,2026-07,North Wales Police,North Wales Police,-3.024091,53.203647,On or near A550,W01000328,Flintshire 011C,Investigation complete; no suspect identified
6a76f1bb84b8f132210c40274c3f414bea01dfbf39ade0e2c55930ca4d4a8189,2026-07,North Wales Police,North Wales Police,-3.694966,53.287507,On or near Bodelwyddan Avenue,W01000126,Conwy 009A,Investigation complete; no suspect identified
73a48d9fc34e78b8249dcb9dcac5013fa54425f94f69da7996d91375ebc693b9,2026-07,North Wales Police,North Wales Police,-3.431631,53.184020,On or near Ffordd Ysgubor,W01000199,Denbighshire 011C,Unable to prosecute suspect
741ed2acafa225f916f0578459d90b62d2d7f138cc893f6292bb5b5ca953afde,2026-07,North Wales Police,North Wales Police,-2.978938,53.050525,On or near Churton Drive,W01000425,Wrexham 010E,Investigation complete; no suspect identified
b1ed009f179090b698e2befd7af75dfedab8cca5c87eb62efec4d7247b310f6a,2026-07,North Wales Police,North Wales Police,-3.578207,53.283905,On or near Llys Jenkin,W01000140,Conwy 010B,Investigation complete; no suspect identified
aada1cfe679f786d20a7e99199399efe9ffa50f497f3ad21baa624db2a453def,2026-07,North Wales Police,North Wales Police,-3.177903,53.267228,On or near Cadnant Drive,W01000254,Flintshire 003B,Investigation complete; no suspect identified
c011dda883609b14ac3bad85014f52a4eaabf2377a85076ee750a9e008ea0c8d,2026-07,North Wales Police,North Wales Police,-3.078505,53.206295,On or near Ffordd Boydell,W01000280,Flintshire 010B,Unable to prosecute suspect
dd67bda18fba7e5da23ffb24eaec7c12f02c4c50424833f457e1e1d8461c17cb,2026-07,North Wales Police,North Wales Police,-2.993959,53.089936,On or near Pentre Street,W01000392,Wrexham 003E,Suspect charged
0163acef5f5d6c18416704fb974f31e7d2c90ec2578e8a3062fb0f3c52325780,2026-07,North Wales Police,North Wales Police,-3.035969,53.202007,On or near Castle Hill Street,W01000335,Flintshire 009D,Unable to prosecute suspect
fd03a41fcc8a97f541b6848d55b3a08ad458428fd4b8a2843efc57415614c2ff,2026-07,North Wales Police,North Wales Police,-4.627907,53.306177,On or near Wian Street,W01000029,Isle of Anglesey 003C,Formal action is not in the public interest
311f4d5242d3e89bda391e5511768e702cb617e5645de99dcda2ca27242ce4af,2026-07,North Wales Police,North Wales Police,-3.001183,53.057019,On or near Brunel Court,W01000422,Wrexham 008F,Unable to prosecute suspect
0bee9a666264a337fa95030f898bd2d5e849539064860fe973e99989a49ea8eb,2026-07,North Wales Police,North Wales Police,-3.037599,53.208762,On or near Butler Street,W01000334,Flintshire 009C,Investigation complete; no suspect identified
dbedf70eb72995595f1cf7013b94c5c58ce69a8dae817b57a1b88ac6c44b7b33,2026-07,North Wales Police,North Wales Police,-2.948661,53.181124,On or near Ewart Street,W01000329,Flintshire 015D,Suspect charged
ade5cff8ed57dab1db754f40db0ab6336a95c506de9e721ebb0c3714ff9d9fbc,2026-07,North Wales Police,North Wales Police,-3.056358,53.011819,On or near New Street,W01000411,Wrexham 015C,Investigation complete; no suspect identified
eb5e87c3fb461f88d1682db19fcc296f28671b3fa4e6477f07d26f4a45ba6db4,2026-07,North Wales Police,North Wales Police,-2.958712,53.090971,On or near Woodlands Road,W01001970,Wrexham 021C,Unable to prosecute suspect
b7f79c8473731dd91fccc659c0061868566d38f8a4ae7cd943d1345b3b32c00b,2026-07,North Wales Police,North Wales Police,-2.972357,53.041097,On or near Supermarket,W01000413,Wrexham 010C,Local resolution
03822a67ae1afdfee238e536881a35b510441c7e470fc0954e038657b318d91f,2026-07,North Wales Police,North Wales Police,-3.430145,53.185252,On or near Tan Y 'sgubor,W01000199,Denbighshire 011C,Unable to prosecute suspect
1753c4525071a5a3ccfe47e0b7e277d748fe2b18d45570fefc5c557f6d8be5e2,2026-07,North Wales Police,North Wales Police,-3.004315,53.041549,On or near Alexandra Road,W01000402,Wrexham 011D,Investigation complete; no suspect identified
c3d5ec7373aad4d19bee7f3c536fe2efbf9700104986035a37ef5013e36ea992,2026-07,North Wales Police,North Wales Police,-3.057186,53.219754,On or near Fishermans' Road,W01000274,Flintshire 007B,Unable to prosecute suspect
3b03c51f28999819b60f9af8a47d1a329165b8c1f6e18f42dcc9d45f182ca91a,2026-07,North Wales Police,North Wales Police,-4.061027,52.725168,On or near Marine Place,W01002004,Gwynedd 016F,Formal action is not in the public interest
f8bf6f3f7c8cbf1319037fc3abb17fac8316f83c3958df9988340ceda276c918,2026-07,North Wales Police,North Wales Police,-2.911148,53.004480,On or near Friar's Court,W01000345,Wrexham 018A,Unable to prosecute suspect
49b99b1fc9ace00d294daf6556e2a11cc5b61674586df12bbb27a03d1ebabc6a,2026-07,North Wales Police,North Wales Police,-3.830485,53.325150,On or near Ty Isa Road,W01000146,Conwy 001B,Suspect charged as part of another case
75d9707dd12a2e8b7063518ce738af53c6c7293d592609ec89c49c937d956499,2026-07,North Wales Police,North Wales Police,-3.034860,53.009742,On or near Gwalia,W01000385,Wrexham 014C,Investigation complete; no suspect identified
c3447e0619eae3736d9d66e07c6fa1d41720d32510a50549d53e5b14c4986994,2026-07,North Wales Police,North Wales Police,-4.326214,53.260218,On or near Bryn Meurig,W01000014,Isle of Anglesey 006C,Unable to prosecute suspect
b83b777fb41a6c33c3aacf7c7496ea1826cdb4ae7823036c4a9e67f09d259da3,2026-07,North Wales Police,North Wales Police,-2.882066,53.077882,On or near Fairview,W01000384,Wrexham 022C,Investigation complete; no suspect identified
94d5ede9987b8a6ec03286ddd10d9b94dd898095acc56df4c1038476c3697359,2026-07,North Wales Police,North Wales Police,-2.911148,53.004480,On or near Friar's Court,W01000345,Wrexham 018A,Unable to prosecute suspect
113f87bb13b4c560ac9b0d729fd4c97241c6b8b47b3f397e7486eea10e8a1fb8,2026-07,North Wales Police,North Wales Police,-3.491763,53.321030,On or near Sussex Street,W01000240,Denbighshire 004E,Investigation complete; no suspect identified
fd9f727a7f810713e07a70222744d9573a34d7f7e973544739c6f82807c26d0e,2026-07,North Wales Police,North Wales Police,-3.042343,53.200010,On or near New Park Road,W01000252,Flintshire 010A,Investigation complete; no suspect identified
45e6e9a2a2e2d33f8bc3c0db8c562cac7489d294860a34930a71a0810f720a17,2026-07,North Wales Police,North Wales Police,-3.080022,53.204699,On or near Ffordd Bate,W01000280,Flintshire 010B,Unable to prosecute suspect
ed788b6b366e7f230fde1b3bd23138d4e569f6ab647bf796d257fba7e839b06a,2026-07,North Wales Police,North Wales Police,-3.050639,53.007069,On or near Ffordd Powys,W01000405,Wrexham 015B,Unable to prosecute suspect
9a68539ccb02b680553d0533cb217d167f5262aa3655eeb98586b789e6239dfd,2026-07,North Wales Police,North Wales Police,-3.402768,53.335334,On or near Parking Area,W01000214,Denbighshire 002B,Investigation complete; no suspect identified
a968b87853a4f5ff8cb76df173f561b835d3cde9543dee36aa0793cdba18eef3,2026-07,North Wales Police,North Wales Police,-4.352445,53.404383,On or near Maesllwyn,W01000004,Isle of Anglesey 001B,Unable to prosecute suspect
3ddbeacab7d6d69f2e5618f699819b757772d24f6bbd7c9fc686fb6333147dc8,2026-07,North Wales Police,North Wales Police,-2.968280,53.089455,On or near Pant Lane,W01000369,Wrexham 021B,Unable to prosecute suspect
4b603912876423c584df9aaf0529e2cb55c7f689afa383bb323f6c248aa0b72c,2026-07,North Wales Police,North Wales Police,-4.152576,53.206606,On or near Supermarket,W01000064,Gwynedd 002A,Unable to prosecute suspect
8d19cf99ce1270f6e6037ac1fb657c122cbb77765fafbb1a821fb5e21d331049,2026-07,North Wales Police,North Wales Police,-2.991714,53.046886,On or near Chester Street,W01000372,Wrexham 008C,Unable to prosecute suspect
9fb59b2000a5fc0b298d8e4f83ce7b6d7d99afaedd07e59b184616df5d3a8d60,2026-07,North Wales Police,North Wales Police,-4.273594,53.138508,On or near Rhes Segontiwm,W01000111,Gwynedd 007C,Unable to prosecute suspect
844f5a056791d9c40e27708a849625bd2ce088a4d2fd8226340d863799e1411a,2026-07,North Wales Police,North Wales Police,-3.085152,53.163598,On or near Hillsview Road,W01000263,Flintshire 017D,Unable to prosecute suspect
652a8996ffc6a498ac1c713027a6af3992d5e2bb6dd3c89e7f8f6e5ec9bcef8b,2026-07,North Wales Police,North Wales Police,-4.261247,53.142277,On or near Cefn Cadnant,W01000059,Gwynedd 006A,Investigation complete; no suspect identified
d457beedce93fa54e0db7a29b14fee1395fc2950a76e16f486ed9032faeb6490,2026-07,North Wales Police,North Wales Police,-4.063164,53.179869,On or near Parking Area,W01000097,Gwynedd 003D,Unable to prosecute suspect
7782b203e2ec18d55d434bd1ee6f43d7e6c46a9fe5a0f78af06d784317f4789b,2026-07,North Wales Police,North Wales Police,-3.487470,53.314558,On or near Ffordd Las,W01000236,Denbighshire 006A,Unable to prosecute suspect
869af39e682505efe45e35703ef1aa8407b9e28e57d8f97e251ecf7ff7b46ac1,2026-07,North Wales Police,North Wales Police,-3.225698,53.272777,On or near A5026,W01000304,Flintshire 003E,Investigation complete; no suspect identified
89d92ef7bd0debe2e28aed20d86205453d33e2ffad421e5717315e36f70b4c54,2026-07,North Wales Police,North Wales Police,-2.991355,53.056553,On or near Llwyn Celli,W01000342,Wrexham 023E,Unable to prosecute suspect
bc2ea48ea6f55e83df9f6d8f83486b54a6df7e9605e60f58198bf28e8c708594,2026-07,North Wales Police,North Wales Police,-3.488333,53.320390,On or near Heol Clwyd,W01000240,Denbighshire 004E,Investigation complete; no suspect identified
503afbb3f86f99e3c33d54e6addccfeebaa925f764930097cebd80fabccbe6ee,2026-07,North Wales Police,North Wales Police,-3.358614,53.337220,On or near Bryn Mor,W01000298,Flintshire 001B,Suspect charged
c8143b0ffd2fa2de7bc5d8298f3b9c7433327933bce5fc490a6104fc29e033b2,2026-07,North Wales Police,North Wales Police,-3.057269,52.940487,On or near South View,W01000360,Wrexham 019D,Suspect charged
a718ece87b8a63a25d789720375465e70680fa7ec3be0e692e96efbf296cad03,2026-07,North Wales Police,North Wales Police,-3.581106,53.293738,On or near Meirion,W01001928,Conwy 010H,Unable to prosecute suspect
c9e7ec087d98221f83b71596c0758cbb5a137fb0411571efd79f108a4b016533,2026-07,North Wales Police,North Wales Police,-3.091550,53.174067,On or near Sunningdale,W01000265,Flintshire 012B,Unable to prosecute suspect
c9fa8a6ab915e548b4eaee21cb8c8f552f47fd946f4ceb9e9db51ad86cc8f876,2026-07,North Wales Police,North Wales Police,-3.073047,53.166450,On or near Moorefields,W01000260,Flintshire 017B,Unable to prosecute suspect
44e02f790fd585174cfdb69a669e454ffaf28bfd3aa917ce113eadd7dfe1254f,2026-07,North Wales Police,North Wales Police,-3.843226,53.187980,On or near Tayler Avenue,W01000185,Conwy 015E,Unable to prosecute suspect
34deaa95708d93004f1c08fee86c1e3e50f0c2663833959935dc323cdd4efc39,2026-07,North Wales Police,North Wales Police,-3.513441,53.304010,On or near Owain Glyndwr,W01000151,Conwy 005C,Unable to prosecute suspect
0bd95a4396962faead6808079f32130155128381ac4a93819014cd720d6c357c,2026-07,North Wales Police,North Wales Police,-4.507022,52.805142,On or near Daufor,W01000084,Gwynedd 014D,Unable to prosecute suspect
5bbf5a28cd2bfeb031017e953a2c1bafe0fcb281938f114ceb7068277b69f4af,2026-07,North Wales Police,North Wales Police,-3.489931,53.319273,On or near Stryd Bodfor,W01000240,Denbighshire 004E,Investigation complete; no suspect identified
16c8d25c3c09fef992fc9654a409f9cb62d5678df378a267a9a127eaf98fe9dd,2026-07,North Wales Police,North Wales Police,-4.119597,53.231706,On or near Ffordd Seion,W01000077,Gwynedd 001C,Investigation complete; no suspect identified
b69c903f4c9b609fee8b95f32e439fdc4eb61a80d5981c69d862a4f37a61289b,2026-07,North Wales Police,North Wales Police,-4.062657,53.181145,On or near Victoria Square,W01000097,Gwynedd 003D,Unable to prosecute suspect
b7951c2501bc5cf765edb75ab6ed5205c4174445092a0fb2138ada587485b874,2026-07,North Wales Police,North Wales Police,-3.135453,53.249607,On or near Parking Area,W01000290,Flintshire 004B,Unable to prosecute suspect
3656f0eb40b399b0b55376193419b4954d8ca53b7ceac070e61884578b145dcd,2026-07,North Wales Police,North Wales Police,-3.311004,53.119497,On or near Lon Parcwr,W01000243,Denbighshire 014B,Investigation complete; no suspect identified
a2f664eb2af913db5a0095050f81b4de4be26551bb412bf056bcf66fdf83e7d1,2026-07,North Wales Police,North Wales Police,-3.419877,53.183397,On or near High Street,W01000194,Denbighshire 011A,Investigation complete; no suspect identified
031494922633c381b216c97491124de1efe13a83f966e053e9e8fe9b0198d47a,2026-07,North Wales Police,North Wales Police,-3.488663,53.318994,On or near Bus/Coach Station,W01000240,Denbighshire 004E,Unable to prosecute suspect
73eb4a5f6ea3cb84eeb76291255b360db82ee022313e4cc6887536f65e96d869,2026-07,North Wales Police,North Wales Police,-3.039340,53.212028,On or near Charmleys Lane,W01000337,Flintshire 009F,Investigation complete; no suspect identified
9277583f77da897375c9dc6fc9021e868fa5779a8e240a1abbe9e47cd1d9eaf4,2026-07,North Wales Police,North Wales Police,-3.491763,53.321030,On or near Sussex Street,W01000240,Denbighshire 004E,Unable to prosecute suspect
c639af7a71a195a9fcc8a111b8a9afe28c362a5ad55bb3a1500db6e3507003ea,2026-07,North Wales Police,North Wales Police,-3.032749,53.208786,On or near Petrol Station,W01000336,Flintshire 009E,Unable to prosecute suspect
b0e3e6c07f6a814d6196ebc31611ae34171aba6c9adae54fea8c044ae89e47aa,2026-07,North Wales Police,North Wales Police,-4.347265,53.285375,On or near Llangwyllog,W01002005,Isle of Anglesey 002E,Unable to prosecute suspect
2a7813b357dddb69fc07db11893a6419bdcaf4cb087b946ac72a33a101fbe3a2,2026-07,North Wales Police,North Wales Police,-2.969299,53.049759,On or near Falcon Road,W01001969,Wrexham 010F,Unable to prosecute suspect
eaf8d96f99c33daee193390197af244efcd28d8485fba3fec8e1343f2e27a80c,2026-07,North Wales Police,North Wales Police,-4.124881,53.226757,On or near York Place,W01000062,Gwynedd 001A,Suspect charged
039bcc3f0628c7802c8cc02c1cbf0ad2664fb88ed042add9182f34c3d4caf5b9,2026-07,North Wales Police,North Wales Police,-2.997596,53.094850,On or near Pumed Rhodfa,W01000392,Wrexham 003E,Investigation complete; no suspect identified
a64f773a6942924a7b6b3ff342d757328e8c4be43d01c2f43cc3ff771b372632,2026-07,North Wales Police,North Wales Police,-4.191129,53.222302,On or near Pant Lodge Estate,W01000015,Isle of Anglesey 008C,Unable to prosecute suspect
df87aefc63d650adbf97f8ea64a2cb29b4404825ebc6537a7b879561a1285328,2026-07,North Wales Police,North Wales Police,-3.583919,53.287452,On or near Castle Place,W01000178,Conwy 010E,Investigation complete; no suspect identified
e6110d871ce69b732e11e75ae08e047181b6504a2d94473be1f98d4c846910da,2026-07,North Wales Police,North Wales Police,-3.080012,52.982534,On or near Bowers Road,W01000354,Wrexham 017A,Unable to prosecute suspect
7f46e30704f92f750909241054b278cf2ecf7d6b6b0e9278efa5920dcab5c7ab,2026-07,North Wales Police,North Wales Police,-3.001905,53.045048,On or near Bright Street,W01000350,Wrexham 011B,Unable to prosecute suspect
eca431f54e2f0585198da0694ebea1101088f25d11410d094b76dcbe0baa139b,2026-07,North Wales Police,North Wales Police,-3.022537,53.062141,On or near Highfield Road,W01000380,Wrexham 004D,Unable to prosecute suspect
9c990e3aa52ec3ef3b9adc461006f5e997acd706ee12e80c2a16fce07e12ce06,2026-07,North Wales Police,North Wales Police,-4.123906,53.227341,On or near Rhes Plas Llwyd,W01000062,Gwynedd 001A,Offender given a caution
34269316db57d193fdaf0cb29de3c211b085048ed58921529a5ce378d4d5f916,2026-07,North Wales Police,North Wales Police,-3.080012,52.982534,On or near Bowers Road,W01000354,Wrexham 017A,Unable to prosecute suspect
6f0c8bfb0eb6b6399e9605d8ab7ac5669ca166bed34f230ac71c3ed846bd536d,2026-07,North Wales Police,North Wales Police,-3.828847,53.322649,On or near Stephen Street,W01000169,Conwy 001D,Offender given a caution
a4e658debcedc8a0a3ee10632297e482e7b0484d3212002ff7825310827a3923,2026-07,North Wales Police,North Wales Police,-3.494059,53.313675,On or near Thornton Close,W01000237,Denbighshire 006B,Unable to prosecute suspect
2f33fbc361ee60a333313e05d6801a37311ab8cb63d7405f1b1fc55401f86091,2026-07,North Wales Police,North Wales Police,-3.058340,53.010429,On or near Police Station,W01000411,Wrexham 015C,Suspect charged
127f5dee6af1177da8ef2e584280cddb7794d7756079a61e302cbc9a65c5f9b9,2026-07,North Wales Police,North Wales Police,-3.058340,53.010429,On or near Police Station,W01000411,Wrexham 015C,Suspect charged
55f87d4ef7b5a90901a9d124afb72cff0a61429e35d876bdcc11c016a436f374,2026-07,North Wales Police,North Wales Police,-3.308914,53.330270,On or near Glasdir,W01000287,Flintshire 001A,Unable to prosecute suspect
382c7f52f6239f31f78e351c821c771d50a6e28f03e3a036da052350db525712,2026-07,North Wales Police,North Wales Police,-3.046502,53.211570,On or near Woodland Crescent,W01000337,Flintshire 009F,Unable to prosecute suspect
e85644d6af8b914babb8c6e8178302eccc70b7bc2ca3e069d013e89f3d2a8745,2026-07,North Wales Police,North Wales Police,-3.826583,53.321326,On or near Charlton Mews,W01000169,Conwy 001D,Investigation complete; no suspect identified
9402defec705a258038677024404e023443561ddcef429683e897c225dd57d6d,2026-07,North Wales Police,North Wales Police,-3.000819,53.044527,On or near Bellevue Road,W01000350,Wrexham 011B,Investigation complete; no suspect identified
cbba91b71eba302a8807ddc3fff9c99eba0bdd31d1f4c3094a5734bedfbd69b5,2026-07,North Wales Police,North Wales Police,-4.633266,53.310321,On or near Market Street,W01000016,Isle of Anglesey 003A,Suspect charged
36b5fb1e29955d5fddfc47bfcf1c629d9ba90fff12b0feacf02c02591ac07dd4,2026-07,North Wales Police,North Wales Police,-4.191129,53.222302,On or near Pant Lodge Estate,W01000015,Isle of Anglesey 008C,Unable to prosecute suspect
949f288c2f399ebd025be412f39c963df20042156692d578cf4b34642fb3911e,2026-07,North Wales Police,North Wales Police,-3.589396,53.291542,On or near Llys-Y-Mor,W01000179,Conwy 010F,Unable to prosecute suspect
865c6997beaced041d8c8ff76d80f249785e95bd6311f11881e83d7f6f82233a,2026-07,North Wales Police,North Wales Police,-2.983412,53.041930,On or near Maes Bentley,W01001929,Wrexham 012F,Investigation complete; no suspect identified
ef48e4ce762620b5f1abfd5b339cd4be52b8fb08121cb3a72bb2c67f954adcfe,2026-07,North Wales Police,North Wales Police,-3.401345,53.344133,On or near Parking Area,W01000214,Denbighshire 002B,Investigation complete; no suspect identified
e7c4c36345cdb559e08dc6104e376839ba01b309813825b0a56b3c1f21cacdf5,2026-07,North Wales Police,North Wales Police,-3.480359,53.253085,On or near Glascoed Road,W01000191,Denbighshire 009A,Investigation complete; no suspect identified
03998f652d97cb8f4c0c2052293431be85b0f3534924ccb14257e6ff55e23990,2026-07,North Wales Police,North Wales Police,-3.904258,53.277282,On or near Ysguborwen Road,W01000125,Conwy 013B,Investigation complete; no suspect identified
cc8fde872dc0178a7037d77ac6e38b6066bf28f25471ad40d1f0de829302cad2,2026-07,North Wales Police,North Wales Police,-2.996282,53.041850,On or near Colemere Street,W01000402,Wrexham 011D,Unable to prosecute suspect
0ea6dfb737adc0d3d0aa41693cf6573d4c74efaa790f03e0265750fcb80f14f5,2026-07,North Wales Police,North Wales Police,-2.988990,53.038657,On or near Stuart Street,W01000381,Wrexham 012A,Investigation complete; no suspect identified
87acb8f4712694144a65838842b5e7167a304849c7e93fd1b6f847fd70308978,2026-07,North Wales Police,North Wales Police,-3.402311,53.183012,On or near Crud-Y-Castell,W01000195,Denbighshire 012A,Unable to prosecute suspect
6b12d1f52439f815e6ce3c26532030d6d501c62b06dd6be3a74be6f94ff3b7c9,2026-07,North Wales Police,North Wales Police,-3.824309,53.317639,On or near Ffordd Penrhyn,W01000186,Conwy 001E,Investigation complete; no suspect identified
fed7bcaf3d4520ad66b48eea31cb3a5c620ebe04490a80ec8326971a4d012541,2026-07,North Wales Police,North Wales Police,-3.489590,53.312940,On or near Arfon Grove,W01000237,Denbighshire 006B,Suspect charged
982928bf127f80e9859ef6f0f3d2d25e0e75a6243a290f3d89b9f303707c4fa1,2026-07,North Wales Police,North Wales Police,-3.482778,53.323408,On or near Churton Road,W01000228,Denbighshire 004C,Unable to prosecute suspect
304570349c71ca3774a05346493b3cce6e36aa9ccd76ee01459d50abaaeeafd9,2026-07,North Wales Police,North Wales Police,-4.139431,53.222901,On or near Belmont Street,W01000075,Gwynedd 002C,Unable to prosecute suspect
e36836fb639b6379e131cfe0801cfb5b355658e0521333b6e3d68a27f1971e8a,2026-07,North Wales Police,North Wales Police,-3.540019,53.303166,On or near Bryn Road,W01000184,Conwy 005E,Unable to prosecute suspect
0f50824c6cb8566cca22911e5fa0305efa99db7778024bb8d20ba2a1a83493b8,2026-07,North Wales Police,North Wales Police,-3.039340,53.212028,On or near Charmleys Lane,W01000337,Flintshire 009F,Unable to prosecute suspect
96783a722411df28824e674ae870017db885dba97d478b9d2f33c60f5787712f,2026-07,North Wales Police,North Wales Police,-3.493564,53.317133,On or near Oxford Grove,W01000239,Denbighshire 004D,Unable to prosecute suspect
4ffa75c83c135e98ff303a34487459f945e8b0faf70d98fbba4f71b9f4dc9c64,2026-07,North Wales Police,North Wales Police,-3.579793,53.207309,On or near Park/Open Space,W01000122,Conwy 014A,Investigation complete; no suspect identified
9aca80e6b5c9ff36c620ea29d1bf46d7ca81cf4b6286238c37439f03c9fd0ba3,2026-07,North Wales Police,North Wales Police,-3.693918,53.289851,On or near Wynnstay Road,W01000128,Conwy 009C,Investigation complete; no suspect identified
e915f0a161242388640d88f470707c7d85a9510ce437b77b86f1b08f807bfb0b,2026-07,North Wales Police,North Wales Police,-3.035236,53.202014,On or near South Bank,W01000335,Flintshire 009D,Unable to prosecute suspect
e03e83be0c3045e54ff48ea763e54a363da1276ea421e12f459f7fd77e625c5d,2026-07,North Wales Police,North Wales Police,-4.624928,53.305568,On or near Marchog,W01000029,Isle of Anglesey 003C,Action to be taken by another organisation
d51de2e0fa4725c08ce81a5a9abef6daaa50a763cc5afc450c03d1a98dcfcd68,2026-07,North Wales Police,North Wales Police,-2.970989,53.047983,On or near Eaton Drive,W01000425,Wrexham 010E,Unable to prosecute suspect
e3a329e129eb3d48b934e0697cc6f7997607441fc2548520653015ca6b24a9a0,2026-07,North Wales Police,North Wales Police,-3.843723,53.319785,On or near West Parade,W01000147,Conwy 001C,Investigation complete; no suspect identified
13f92bc61305f342d27c1cc9ca5703ce7dd46407ed409d7f79cd542081e795fb,2026-07,North Wales Police,North Wales Police,-3.726806,53.295843,On or near Station Road,W01000144,Conwy 007C,Unable to prosecute suspect
666195a0c72ed2ad1b8c4405a3793cdbb52b5711e6a1302d4c38f20a2d53929f,2026-07,North Wales Police,North Wales Police,-3.502745,53.315247,On or near Sydenham Avenue,W01000241,Denbighshire 004F,Local resolution
2857786461ce75f71c47eaf5881dc86d71eec176541567c25922dc56b0a8ebef,2026-07,North Wales Police,North Wales Police,-3.460242,53.290443,On or near Llys Hendre,W01000224,Denbighshire 009C,Unable to prosecute suspect
5fa52910112549447bf72b4988a9c3a733901199979f5e837d9ec34c4914e7fc,2026-07,North Wales Police,North Wales Police,-3.021987,53.079271,On or near Petrol Station,W01000378,Wrexham 004B,Investigation complete; no suspect identified
a800c3f46702a2ade8397c3477e31ffd79b80deac98159fe35e94ec5824e5b5a,2026-07,North Wales Police,North Wales Police,-3.479111,53.312459,On or near Meredith Close,W01000236,Denbighshire 006A,Action to be taken by another organisation
a4c340826caa384a80509920b6bf205907120c4fd6dfe07f7557cc6f00dd52d1,2026-07,North Wales Police,North Wales Police,-4.066783,52.730066,On or near Tai'r Heli,W01002004,Gwynedd 016F,Investigation complete; no suspect identified
c135834bddf434007f1439117695e1147d91f86dfc56b9b6b8e195c04a3fe9bf,2026-07,North Wales Police,North Wales Police,-4.667344,52.874408,On or near Parking Area,W01001932,Gwynedd 014E,Investigation complete; no suspect identified
cdd3c969b31ada7dfc6aac41b66498b7eb1fbf4969e84086fffdab14ddc723c1,2026-07,North Wales Police,North Wales Police,-3.481902,53.314160,On or near Walford Avenue,W01000236,Denbighshire 006A,Action to be taken by another organisation
1c3bdffd78140820a40c80fa9868d63182c716f3e1373d69002fb993192d2827,2026-07,North Wales Police,North Wales Police,-3.423781,53.333602,On or near Penley Avenue,W01000219,Denbighshire 001B,Unable to prosecute suspect
e1975b9210aec9088a34d6fd137f2b9bfd675144d611e005fa7b24182494b67a,2026-07,North Wales Police,North Wales Police,-3.815635,53.319848,On or near B5115,W01000186,Conwy 001E,Unable to prosecute suspect
eff35d18261865124eeb9e03242063de7aa5572f4facd878087999f7d1826244,2026-07,North Wales Police,North Wales Police,-3.521670,53.302026,On or near Argoed,W01000151,Conwy 005C,Unable to prosecute suspect
a81df582aae937f0e67e4bc1eb43070e87cab819f7fdccecd65023eda7f69b42,2026-07,North Wales Police,North Wales Police,-4.151496,53.214052,On or near Llys Adda,W01000064,Gwynedd 002A,Unable to prosecute suspect
ba1bf8fa22d67dba680d5b76a911ae33024d73eca982d5d989fdfa610acf877c,2026-07,North Wales Police,North Wales Police,-3.481484,53.317716,On or near The Crescent,W01000238,Denbighshire 006C,Unable to prosecute suspect
8f5c1510b101677caad60ac46f6e430c21cc750cbbc3c56b8350eefd9b4c603d,2026-07,North Wales Police,North Wales Police,-3.066326,52.979601,On or near Chathams Close,W01000355,Wrexham 017B,Investigation complete; no suspect identified
a7a68541387b0fc7d4fbebcd580e48c1598c90ec134971c6b7da0cb4fdb5e435,2026-07,North Wales Police,North Wales Police,-2.971005,53.166687,On or near Bretton Road,W01000255,Flintshire 015A,Investigation complete; no suspect identified
cd29d308a91e3e36238ad02043a4ab8de073aeb2de89dc6b69f30d7f01379fab,2026-07,North Wales Police,North Wales Police,-3.169829,53.266938,On or near Merllyn Lane,W01000253,Flintshire 003A,Investigation complete; no suspect identified
2186986238bc3641fbe0e091afcea1834d1700c9983abbb530983fa820188318,2026-07,North Wales Police,North Wales Police,-3.124812,53.165766,On or near Petrol Station,W01000322,Flintshire 014E,Investigation complete; no suspect identified
94589a07be0102317eee37b9eb31f7433a45d6d2a2f28afe0c91734f4f98a926,2026-07,North Wales Police,North Wales Police,-3.402774,53.335923,On or near Shopping Area,W01000214,Denbighshire 002B,Local resolution
94589a07be0102317eee37b9eb31f7433a45d6d2a2f28afe0c91734f4f98a926,2026-07,North Wales Police,North Wales Police,-3.402774,53.335923,On or near Shopping Area,W01000214,Denbighshire 002B,Local resolution
94589a07be0102317eee37b9eb31f7433a45d6d2a2f28afe0c91734f4f98a926,2026-07,North Wales Police,North Wales Police,-3.402774,53.335923,On or near Shopping Area,W01000214,Denbighshire 002B,Local resolution
cf24c2dc993411db560c95f24876c70b2c27365bdf9ecf7fcec358719ad60ddc,2026-07,North Wales Police,North Wales Police,-3.678799,53.291863,On or near Bryn Colwyn,W01000127,Conwy 009B,Suspect charged
f3de2f6286b8b96505b2fbf35adad1ff8e299965057217a4ff04f3725cdfe94b,2026-07,North Wales Police,North Wales Police,-2.866562,53.009075,On or near Whitehouse Mews,W01000345,Wrexham 018A,Local resolution
69bb6243d1335f75d40e0a6824c3b75a09f48f3e6ff71860ae4b15b06d70a696,2026-07,North Wales Police,North Wales Police,-3.720324,53.291370,On or near The Dingle,W01000144,Conwy 007C,Unable to prosecute suspect
cbdf33dddeaa3ffdb92c8931c47564b2bac38101aa790677cbef3a791a364802,2026-07,North Wales Police,North Wales Police,-2.933632,53.034681,On or near Bridgeway East,W01001971,Wrexham 022D,Suspect charged
3f649ba80aed32dc667d2d59640cba8f6306231fc9cd9b333ef78922e860aba8,2026-07,North Wales Police,North Wales Police,-2.933632,53.034681,On or near Bridgeway East,W01001971,Wrexham 022D,Suspect charged
63cb65a102d137c13b69b687f55feb9a87bd0f39a4912c37bd5275b6acd400fb,2026-07,North Wales Police,North Wales Police,-3.831935,53.326728,On or near Vardre Lane,W01000146,Conwy 001B,Local resolution
d60d65ce2ee80c6b98ea11c44803387e1ff4e8612436b0d8b128c8ce50613322,2026-07,North Wales Police,North Wales Police,-3.004357,53.051944,On or near Sports/Recreation Area,W01000372,Wrexham 008C,Unable to prosecute suspect
4d7c4a4fd9d8ada67e9784a3d7d91a2578350aa5e9bfb25cbb252ecd2747de54,2026-07,North Wales Police,North Wales Police,-2.972357,53.041097,On or near Supermarket,W01000413,Wrexham 010C,Investigation complete; no suspect identified
139006229fe0f80046c87d370e1656935e2d619c80a4fe5fe1287fb007a48ac1,2026-07,North Wales Police,North Wales Police,-3.303261,53.233444,On or near Llys-Y-Pentre,W01000271,Flintshire 006C,Unable to prosecute suspect
b3003a31774b489cdf6668bbba259008d376b50cd469127b378633b5208a5e16,2026-07,North Wales Police,North Wales Police,-3.082329,53.168591,On or near Police Station,W01000264,Flintshire 012A,Unable to prosecute suspect
4fa90eb3f38121f6ea3d9dbd7b0a95e93889d9e5a8c6ce20e38d6bceae4e8766,2026-07,North Wales Police,North Wales Police,-3.133385,53.169239,On or near Sports/Recreation Area,W01000315,Flintshire 016C,Suspect charged
d21a8138b59bdebcd205e6e5a4183ad2442096104d8382dd1e97cab13c474d6e,2026-07,North Wales Police,North Wales Police,-4.043395,52.544569,On or near Church Street,W01001933,Gwynedd 017F,Unable to prosecute suspect
41e5edc18c8f6763376a3cbe093ec55963a11985f1feb5639046893f700a976f,2026-07,North Wales Police,North Wales Police,-3.076492,53.225390,On or near Sports/Recreation Area,W01000275,Flintshire 007C,Unable to prosecute suspect
5da5143f7fac3b41763e0eca59d44ba448efd389918205b09220e5b167fa09c7,2026-07,North Wales Police,North Wales Police,-4.047881,53.177903,On or near Morgan Street,W01000071,Gwynedd 003B,Unable to prosecute suspect
fe13a1a5d913022888079d30f9bcbb915ea616039b91f17db7fb321d6d40779c,2026-07,North Wales Police,North Wales Police,-4.310586,53.257079,On or near Petrol Station,W01000014,Isle of Anglesey 006C,Further action is not in the public interest
db0933cc67c8ae180aa2fe0a97ac2b8cb075da22c0aa55cf6af77c0733acb61b,2026-07,North Wales Police,North Wales Police,-3.012772,53.072095,On or near Pen-Y-Llyn,W01000374,Wrexham 003A,Unable to prosecute suspect
80fae37e12823d6c831be8728b724e4122bba14f4f179c0ed0d6463b8d6edd61,2026-07,North Wales Police,North Wales Police,-2.999392,53.045981,On or near Shopping Area,W01000350,Wrexham 011B,Suspect charged
85e89a90333edb48b32150b4e79e43e3b1f020432d57395db08e6b45e217c8bc,2026-07,North Wales Police,North Wales Police,-3.827473,53.312637,On or near Mcinroy Close,W01000187,Conwy 002C,Unable to prosecute suspect
905ac98d53983ab2e0d080de8e204e648bdd9b6cd410637b34efafc75d9a0aa5,2026-07,North Wales Police,North Wales Police,-3.724453,53.295165,On or near Shopping Area,W01000144,Conwy 007C,Unable to prosecute suspect
0622de8cefb5f1abcaf9706f3dfb29e455a2cdee4b3950d47d81258e09cc72b5,2026-07,North Wales Police,North Wales Police,-3.694966,53.287507,On or near Bodelwyddan Avenue,W01000126,Conwy 009A,Suspect charged
213379e00d4055d90f4e3b0d70df423e9c9b06a54e255996ce4afb7410365e1a,2026-07,North Wales Police,North Wales Police,-3.715743,53.290869,On or near Sports/Recreation Area,W01000144,Conwy 007C,Unable to prosecute suspect
a14dab0315188891cdbd74ebf3ac4ffe506e073c495e66ce630e2caf71ddbf56,2026-07,North Wales Police,North Wales Police,-2.996436,53.047233,On or near Duke Street,W01000372,Wrexham 008C,Suspect charged
962fa8ef031a40d0650ce96c67410ff010b1ec5e0c86aa1975fb76463f98e4e5,2026-07,North Wales Police,North Wales Police,-4.152391,53.208300,On or near A4087,W01000064,Gwynedd 002A,Unable to prosecute suspect
f5217da2357544815317df5ab5057640df87d72c1fec7600a993fd921587f1fa,2026-07,North Wales Police,North Wales Police,-3.934470,52.993949,On or near Newborough Street,W01000065,Gwynedd 009B,Unable to prosecute suspect
a83869eb44fbe09bb5eb3956e05ba912d2ec22078d9e76f54be974a3b64bc598,2026-07,North Wales Police,North Wales Police,-3.199794,53.283253,On or near Trem Y Mor,W01000305,Flintshire 003F,Unable to prosecute suspect
1f9b880d77676d9bba6b29aa2b20a9efe0b01c13d5c136a5662b14cf4dd016c0,2026-07,North Wales Police,North Wales Police,-3.818997,53.318062,On or near Supermarket,W01000186,Conwy 001E,Local resolution
16bce809cf91e563245b86cf0faddba8c4261e19797e2a444fc9154fe1d150e4,2026-07,North Wales Police,North Wales Police,-2.992290,53.045362,On or near Shopping Area,W01000372,Wrexham 008C,Suspect charged
abe0bb46ce132036d7d7a7d6ac2fedd2dc4d9bf7af87e34d718794962bd1faf3,2026-07,North Wales Police,North Wales Police,-4.131140,52.928125,On or near Chapel Street,W01000105,Gwynedd 010C,Unable to prosecute suspect
c68d44a341e07899431d59f33573f761796f762b85e7e10539b532e1bfc51b2d,2026-07,North Wales Police,North Wales Police,-2.962669,53.025388,On or near Taliesin Close,W01000395,Wrexham 016B,Unable to prosecute suspect
e3b097bf66f45477a7500d9f2f059ced33ee2d32bd428a6c3dced9288a11b853,2026-07,North Wales Police,North Wales Police,-3.740807,53.310994,On or near Colwyn Avenue,W01000156,Conwy 004B,Suspect charged
6e9858f1ec6fd67b65bb3a49e5a41dc4c2338436761dff06e8609083595c946c,2026-07,North Wales Police,North Wales Police,-2.995123,53.045249,On or near Vicarage Hill,W01000350,Wrexham 011B,Investigation complete; no suspect identified
4e6f84a30ae3377f8c14bf8671c747f511029dfc1d700c0a6df010818d0ed07f,2026-07,North Wales Police,North Wales Police,-2.996436,53.047233,On or near Duke Street,W01000372,Wrexham 008C,Suspect charged
b3a36f6165a09a02c1d0cc00998732f4440d63f7ca0698d8562bdd686e770087,2026-07,North Wales Police,North Wales Police,-3.580390,53.294277,On or near Marine Road,W01001928,Conwy 010H,Unable to prosecute suspect
37017c0c823395c619ccbf1a80869aa6b402af204d0f9650d381bf88e2d8f4f7,2026-07,North Wales Police,North Wales Police,-3.053113,53.165459,On or near Dirty Mile,W01000267,Flintshire 017F,Investigation complete; no suspect identified
fca0b56e3b0af8a21b7c6c8f122048d4fbb7e003a9bafeb2cd3a289d2cf9402c,2026-07,North Wales Police,North Wales Police,-3.013759,53.214334,On or near Farm Road,W01000333,Flintshire 009B,Action to be taken by another organisation
a24e037cc715c84826fd7f1fe2a03959b278e98acba05d43289c3d90f9be60e0,2026-07,North Wales Police,North Wales Police,-3.824059,53.318470,On or near Supermarket,W01000186,Conwy 001E,Unable to prosecute suspect
7b00c6ddc8dc875c091cc83d8323cc0eaec4a3553347b4e4940018e1b10e7c4b,2026-07,North Wales Police,North Wales Police,-3.479908,53.312944,On or near Meredith Crescent,W01000236,Denbighshire 006A,Unable to prosecute suspect
1ecdc133bf006f6e9336b40149063db944b12febce4488027353869098cb091e,2026-07,North Wales Police,North Wales Police,-2.972357,53.041097,On or near Supermarket,W01000413,Wrexham 010C,Unable to prosecute suspect
6acd2d714f428fb08240d7932acb6ab308914e7aa33e6934b8de2810ca23a778,2026-07,North Wales Police,North Wales Police,-3.942492,52.992739,On or near Jones Street,W01000056,Gwynedd 009A,Unable to prosecute suspect
e1fb5b0a16082e2b4eaf69165b1b029a2b9404a37bc973dcef1d448154fb4085,2026-07,North Wales Police,North Wales Police,-3.217325,53.267299,On or near Old Chester Road,W01000306,Flintshire 002A,Suspect charged
2d9c6f8b57888ae824c356ee288c6d7fca79ec950bc87ef9da8233ee83e0fe31,2026-07,North Wales Police,North Wales Police,-3.459404,53.313394,On or near Maes Gaer,W01000229,Denbighshire 017E,Unable to prosecute suspect
a8591e4965e36a2a692c2be2c2979489f9e08fdf66e001f69087cd7520e8022e,2026-07,North Wales Police,North Wales Police,-4.115360,53.221137,On or near Rhodfa'r Frenhines,W01000090,Gwynedd 002D,Unable to prosecute suspect
80393cd9c57149435404d88de10c19f38464dccd18fbf1a9a4c1d163f48a25e2,2026-07,North Wales Police,North Wales Police,-2.998706,53.211000,On or near North Green,W01000332,Flintshire 009A,Formal action is not in the public interest
30f3559b7ccf46232e4f97c035bcd5e557bf132a5742612402f5e3d9e6ef419b,2026-07,North Wales Police,North Wales Police,-4.133298,53.146221,On or near Lon Haern,W01000063,Gwynedd 005A,Further investigation is not in the public interest
6b76e1004c387c9bf6346ecf021a4f43050207a23748f23006e219611fa2f5f0,2026-07,North Wales Police,North Wales Police,-3.082687,53.164906,On or near Princess Avenue,W01000262,Flintshire 017C,Unable to prosecute suspect
710f3bff0a873a3eae69a2bad5f63b94dfd6cb37a93d170959417f45ac5aa5bd,2026-07,North Wales Police,North Wales Police,-2.973518,53.054938,On or near Sports/Recreation Area,W01000415,Wrexham 023F,Unable to prosecute suspect
5d47870998226b38871600392bf9b160b8035172fb3931e275183df72c81bb4d,2026-07,North Wales Police,North Wales Police,-3.815635,53.319848,On or near B5115,W01000186,Conwy 001E,Investigation complete; no suspect identified
81b6acb7ef5b622fb22d5dc490ddc301e49c447aa2e2c4f57c256ebb556ab386,2026-07,North Wales Police,North Wales Police,-3.975078,53.254391,On or near Park Road,W01000170,Conwy 013C,Investigation complete; no suspect identified
9441b328c3f969e2c5ff5416ed2cafe2729309093225cc03c42f8a785027c729,2026-07,North Wales Police,North Wales Police,-3.378324,53.011165,On or near Bryn Elwern,W01000207,Denbighshire 015C,Investigation complete; no suspect identified
6c343356e6c2e7f5a6b2c295440e074b3ee80dbecbbe8680a01a73af9a23cbef,2026-07,North Wales Police,North Wales Police,-4.138237,52.928123,On or near Awel Y Grug,W01000106,Gwynedd 010D,Investigation complete; no suspect identified
11cd8ddef47fce85075b1ec4d1c8e6d0cbd373f3620b57b28d3ab7d59c39a14d,2026-07,North Wales Police,North Wales Police,-3.489671,53.322603,On or near Parking Area,W01000240,Denbighshire 004E,Unable to prosecute suspect
65a8b58d83838c82b9d335dd0a3b4750d1d5cc1d9f0e5d1bed0389ddb8184824,2026-07,North Wales Police,North Wales Police,-4.146878,53.214855,On or near Ffordd Coed Mawr,W01000064,Gwynedd 002A,Unable to prosecute suspect
ff99cfef692427772b3a953aba0e2ad68d03f0fbe5b5873cf47539fe277b0336,2026-07,North Wales Police,North Wales Police,-3.489671,53.322603,On or near Parking Area,W01000240,Denbighshire 004E,Unable to prosecute suspect
a48511c695e9a6526093beb797a358d98212c27b7d3b383ea02ea2e25878fc03,2026-07,North Wales Police,North Wales Police,-3.489671,53.322603,On or near Parking Area,W01000240,Denbighshire 004E,Unable to prosecute suspect
865d1da4b0913121c1e179b25d1eef1e305319e67abf9fe57b662e900ffb5f25,2026-07,North Wales Police,North Wales Police,-3.918192,53.266549,On or near Merton Park,W01000171,Conwy 013D,Investigation complete; no suspect identified
fbaf845d4a9917de3daa154002f6e3a312c7f16f8d8724e181695f8906472d7c,2026-07,North Wales Police,North Wales Police,-2.982634,53.056895,On or near Oak Drive,W01000341,Wrexham 023C,Unable to prosecute suspect
993c0523340f34cb4f7d382bbfc5324bc5d04108c53bdeb990d053fa66d49f1e,2026-07,North Wales Police,North Wales Police,-2.993548,53.046161,On or near Stryt Y Syfwr,W01000372,Wrexham 008C,Unable to prosecute suspect
540bfb0a1f3de1959fd170ff9d04c50d13924879f03848925996b9ea1d6b34ac,2026-07,North Wales Police,North Wales Police,-3.810711,53.316668,On or near Queen's Road,W01000133,Conwy 002A,Unable to prosecute suspect
ba233bc979de399d3a07f9b0af898c37c3ec7d1b83012cf08807a70c5e50e0d0,2026-07,North Wales Police,North Wales Police,-3.011638,53.052364,On or near Berse Road,W01000349,Wrexham 011A,Unable to prosecute suspect
373eee100d86e077be85b60079c7245f422624631b510ca6c4b0e58ad9a34ad3,2026-07,North Wales Police,North Wales Police,-3.578726,53.285355,On or near Sports/Recreation Area,W01000178,Conwy 010E,Unable to prosecute suspect
16d0de7c337d4b07bb876fb1841ade94f3d2e428eb7bf218e955d6ac259ceebb,2026-07,North Wales Police,North Wales Police,-3.290793,53.308992,On or near Edward Road,W01000320,Flintshire 002B,Local resolution
626acc191cb4a3f627c330de633117933bd8688f1505b90e123d70997b3c0c9b,2026-07,North Wales Police,North Wales Police,-3.488666,53.314435,On or near Menai Avenue,W01000237,Denbighshire 006B,Unable to prosecute suspect
f7578583a9a81497fdf95fb9c7e78448dacdffa96ffdc31f1fc75f83743200cb,2026-07,North Wales Police,North Wales Police,-3.048570,53.077871,On or near Clayton Road,W01000351,Wrexham 005A,Unable to prosecute suspect
b5f0cf68520b05989ab90b690d26cbd6e3b0ea3220a0bbcdc3aa6f6ead63f57d,2026-07,North Wales Police,North Wales Police,-3.015319,53.071857,On or near Parking Area,W01000375,Wrexham 003B,Investigation complete; no suspect identified
ed3d9b83dc15e4643a3cc9ba71d85ebf5c35648e6f8806b6919acd18e3768c06,2026-07,North Wales Police,North Wales Police,-2.903986,53.053968,On or near Ridley Wood Road,W01001971,Wrexham 022D,Unable to prosecute suspect
6cc4981c828adda7d949d423aa7d0c61ed52a6231e8206d014a4565d28101131,2026-07,North Wales Police,North Wales Police,-4.504943,52.823691,On or near Stryd Fawr,W01000080,Gwynedd 014C,Investigation complete; no suspect identified
bfbed31afd6a5d093fb46d328eb0a791cc0c60c0b7ce091c5f4d8b47acb6c2fb,2026-07,North Wales Police,North Wales Police,-3.000852,53.063341,On or near Ffordd Trefaldwyn,W01000422,Wrexham 008F,Unable to prosecute suspect
e73285ed2ead685ac5f8b73dd0d7e3dd14a1fb15f0dddfe1c6076ad7e784cda0,2026-07,North Wales Police,North Wales Police,-3.834615,53.275461,On or near Parking Area,W01000130,Conwy 012C,Investigation complete; no suspect identified
d8d0ac176882568cd6883255d67806e7cce091d370fe70c57febc6a03f88a46e,2026-07,North Wales Police,North Wales Police,-3.796246,53.137931,On or near Watling Street,W01000134,Conwy 015B,Unable to prosecute suspect
c57e5bcdd68130d52d13cc193a4beac43c3d3b0bc1358040625ce98a0e99ee9b,2026-07,North Wales Police,North Wales Police,-3.066326,52.979601,On or near Chathams Close,W01000355,Wrexham 017B,Unable to prosecute suspect
27c69b19670c849a9f97faee79fa66d4128afe250d6a087eb22abb4be933f0f8,2026-07,North Wales Police,North Wales Police,-3.040681,53.213580,On or near Salisbury Street,W01000337,Flintshire 009F,Investigation complete; no suspect identified
7ab1e62ae09bf8e9cb143b1f2df9564d7f7119907d15b0be0a34f1f72e3ea837,2026-07,North Wales Police,North Wales Police,-3.809218,53.286332,On or near Plas Tre Marl,W01000166,Conwy 006D,Unable to prosecute suspect
df43f6a3afebcc9162340242455c6e638faaa9cc6c50178af87c930450af8f20,2026-07,North Wales Police,North Wales Police,-3.067912,53.190974,On or near Green Lane,W01000286,Flintshire 013E,Unable to prosecute suspect
b133a793acbf5449e0fc8515a2f10e0edc1fb67daf4e3f27e9a76272745e74f5,2026-07,North Wales Police,North Wales Police,-3.600934,52.910697,On or near Maes Y Bronydd,W01000051,Gwynedd 015A,Investigation complete; no suspect identified
255edd96cd24478c3a9ca17937cbbdaeeffe7c1e8c30aabf0930a635d9418547,2026-07,North Wales Police,North Wales Police,-3.055903,52.936948,On or near Maes Yr Ysgol,W01000361,Wrexham 019E,Unable to prosecute suspect
45283528a1b070beeb684ab2a03f9adac9615a184d54708ddecffd1a00a6c977,2026-07,North Wales Police,North Wales Police,-3.066731,53.215112,On or near St Mark's Avenue,W01000281,Flintshire 008D,Investigation complete; no suspect identified
247b425041147bd2106cb54c238c6f092daca140e02f55ec443399d3b71c19b6,2026-07,North Wales Police,North Wales Police,-3.170242,53.155170,On or near Parking Area,W01000300,Flintshire 019B,Unable to prosecute suspect
a77d7c65c209cb04f427ac3203d806d073a64c1471ef72a11cbf6c3e6edaced5,2026-07,North Wales Police,North Wales Police,-3.809685,53.294200,On or near Woodlands,W01000166,Conwy 006D,Unable to prosecute suspect
61a4cecc1c66c864b34dca911358b8f56b0259724f1eaafe65ad6556a9218dab,2026-07,North Wales Police,North Wales Police,-3.042999,53.012233,On or near Petrol Station,W01000410,Wrexham 014D,Investigation complete; no suspect identified
5a59b4dc900df5f9f3d0c843513e44500d0d5982c4d056c321f4dd8abf590465,2026-07,North Wales Police,North Wales Police,-3.723157,53.294646,On or near Parking Area,W01000144,Conwy 007C,Unable to prosecute suspect
2a35d19f94f720871d8e0ae3655995ba29d19a98a33177ed9520545ba8564a57,2026-07,North Wales Police,North Wales Police,-3.044682,53.202605,On or near Dale Road,W01000252,Flintshire 010A,Unable to prosecute suspect
2814d9ec9c8ffd72bb204503d20acd0499f1f2e40cd108e1a6f4f3325080f8d0,2026-07,North Wales Police,North Wales Police,-3.490721,53.320423,On or near Market Street,W01000240,Denbighshire 004E,Unable to prosecute suspect
12e202dac3417f40a7895563a7c9fddafc78b89198149317cc67ed7e55d994ca,2026-07,North Wales Police,North Wales Police,-3.878712,52.740245,On or near Maesbrith,W01000068,Gwynedd 016E,Unable to prosecute suspect
5df40e2c129f8b6795c4cd534cbed12c49f25c0b7b13725ccffb9c791790540e,2026-07,North Wales Police,North Wales Police,-3.425398,53.327146,On or near Tan Y Coed,W01000201,Denbighshire 008B,Suspect charged
d4779a9b9cc0c203a22750fbac88765f8a4b40b908cfc7e8e8e2e49104eb4660,2026-07,North Wales Police,North Wales Police,-3.402774,53.335923,On or near Shopping Area,W01000214,Denbighshire 002B,Unable to prosecute suspect
4f08f6ad0c7fc0ecff975eca3065cfc4de3dc9c1be285141412fdc85d3ca06f8,2026-07,North Wales Police,North Wales Police,-3.039340,53.212028,On or near Charmleys Lane,W01000337,Flintshire 009F,Investigation complete; no suspect identified
b4cf53c6e7a96778af9e41c85d674cac02e8ee0aa01835f4e3e982428964b106,2026-07,North Wales Police,North Wales Police,-3.802916,53.318009,On or near Nant-Y-Gamar Road,W01000133,Conwy 002A,Unable to prosecute suspect
e9c500cd7950505acd8f7bc6f1e99bbfef29121146841ecc5f29177bb8e657f2,2026-07,North Wales Police,North Wales Police,-3.462398,53.293392,On or near Rhyl Road,W01000224,Denbighshire 009C,Investigation complete; no suspect identified
1d392f89ce2e48ee7d796e8e047d10dd5286533ec66df636bb0f66a134d5bb81,2026-07,North Wales Police,North Wales Police,-3.678056,53.287846,On or near Mor Awel,W01000163,Conwy 009E,Unable to prosecute suspect
a13bef80e4382a1a6d756364e0b04d90f5e9fd1a8aa2690cf579db105e24e5fd,2026-07,North Wales Police,North Wales Police,-3.572658,53.285147,On or near Petrol Station,W01000178,Conwy 010E,Unable to prosecute suspect
2850658ab80f445d010445f306fe633e1ad7c3b0e1a371933e2684f6f9e8a6b2,2026-07,North Wales Police,North Wales Police,-3.355760,53.219689,On or near Quarry Bank,W01000248,Denbighshire 008D,Unable to prosecute suspect
fab6544131dda565ca6167bfb336a0f64fbff68b19599adf14675b474d11a301,2026-07,North Wales Police,North Wales Police,-3.065205,53.216977,On or near Linden Avenue,W01000273,Flintshire 007A,Unable to prosecute suspect
360cbfa285f0a555910f88b8d02920d70e482435b04b25b9afc9e5121ff895be,2026-07,North Wales Police,North Wales Police,-2.998973,53.048542,On or near Caxton Place,W01000372,Wrexham 008C,Investigation complete; no suspect identified
220dcd77c4de2b5692e22063ceb7126edc33988af8ea7d3eb80d0911c2b93bd4,2026-07,North Wales Police,North Wales Police,-3.932282,52.994668,On or near Lord Street,W01000065,Gwynedd 009B,Unable to prosecute suspect
4a6f9a575d8d9a3e0c382a11e33c9eda38a6c114ec107676cab7f86b45e292e8,2026-07,North Wales Police,North Wales Police,-3.071312,53.167050,On or near Parking Area,W01000259,Flintshire 017A,Unable to prosecute suspect
9e7c31a61abecde38fb7c25a899b1a2a75faec049042acd3d21170e81c186f2c,2026-07,North Wales Police,North Wales Police,-4.063164,53.179869,On or near Parking Area,W01000097,Gwynedd 003D,Unable to prosecute suspect
196795fe77eb15f8b86c1f52b491ba82514e9178e2a3f4b8aca5b1837be0f8bd,2026-07,North Wales Police,North Wales Police,-3.928041,52.988443,On or near Maes Y Plas,W01000113,Gwynedd 009C,Unable to prosecute suspect
b82c5f74a283c48aea7cffba00380dc0c7398ddd10968ffaf073f6aa8c3f94a1,2026-07,North Wales Police,North Wales Police,-3.411564,53.317916,On or near Isfryn Road South,W01000217,Denbighshire 008C,Investigation complete; no suspect identified
34bd43a9174d7608b2e0d5d9f86df3cde1b28fddd937c23c5440452db0558a04,2026-07,North Wales Police,North Wales Police,-4.052714,53.178215,On or near Bryn Caseg,W01000096,Gwynedd 003C,Unable to prosecute suspect
139bc749c635019a2ad600d12a7d49cec7450d540b96f9a5d1183f6afdefec4a,2026-07,North Wales Police,North Wales Police,-4.052714,53.178215,On or near Bryn Caseg,W01000096,Gwynedd 003C,Unable to prosecute suspect
c605948f9c8927b1169955a064741834cbad70abc9801e5410bf60ad51bdafeb,2026-07,North Wales Police,North Wales Police,-3.976037,53.256982,On or near Maes Glanarfon,W01000123,Conwy 013A,Unable to prosecute suspect
d93e4408b25f0d778e4f48103f7ac0b299d119f4ffd6db3aeabbeac59c188f8e,2026-07,North Wales Police,North Wales Police,-4.121137,53.145225,On or near Rhyd Fadog,W01000063,Gwynedd 005A,Unable to prosecute suspect
411c031d231e891505d6e07387fa3dac634554628b33232f419662cd7be93707,2026-07,North Wales Police,North Wales Police,-3.902992,53.276133,On or near Gogarth Avenue,W01000125,Conwy 013B,Unable to prosecute suspect
46b0a9ed69581a2504ab5c2534fb1cfe9a53483e6701f448600beff3c1438ec2,2026-07,North Wales Police,North Wales Police,-2.983718,53.041622,On or near Golgfa'r Ddol,W01000424,Wrexham 012E,Investigation complete; no suspect identified
0588564d727fd8ca2b7dc0477acd8eeb925bfe8237736629f468d322f6885eed,2026-07,North Wales Police,North Wales Police,-3.495101,53.270917,On or near Parking Area,W01000191,Denbighshire 009A,Unable to prosecute suspect
83c05e28bde7fe949e712ede5304f64ba565b6860883a4746a43cc8cbd50140c,2026-07,North Wales Police,North Wales Police,-3.200576,53.242128,On or near Allt-Y-Plas,W01000258,Flintshire 006A,Unable to prosecute suspect
715565d71dfc994f967e5a787bbb9957c9eaddaebcd13017bf612e9c2035ade8,2026-07,North Wales Police,North Wales Police,-3.472717,53.322076,On or near Bridgegate Road,W01000231,Denbighshire 017A,Further action is not in the public interest
106e1046ae2fbafeb838b80d4dee71cfdfa356a78c6e54ff7c71a52bb345d57f,2026-07,North Wales Police,North Wales Police,-3.059868,53.175539,On or near Burntwood Road,W01000267,Flintshire 017F,Unable to prosecute suspect
84e976f93f30c7cb346fbb8c9cf195ad0d36e229d5b9049a0615ce4f94a5ed4c,2026-07,North Wales Police,North Wales Police,-3.810552,53.282419,On or near Sports/Recreation Area,W01000176,Conwy 011D,Investigation complete; no suspect identified
196ca453f14072ce15c3466fe5a7d97c57cf15b071b5a7585aa7d3015d61a553,2026-07,North Wales Police,North Wales Police,-3.458152,53.315864,On or near Llys Walsh,W01000234,Denbighshire 017G,Investigation complete; no suspect identified
02b5c4b16e9f2633e83398945b5325b59f9d2787c0ca4023ff556f2a0ca8629a,2026-07,North Wales Police,North Wales Police,-3.835106,53.316295,On or near Dyffryn Road,W01000168,Conwy 002B,Unable to prosecute suspect
d2c95d896ae86c15067ac59ac373bc5a41c3ff9f8201246a44bf346ffd873736,2026-07,North Wales Police,North Wales Police,-3.832545,53.323455,On or near James Street,W01000146,Conwy 001B,Investigation complete; no suspect identified
1fc275a2f7d96541086debd659227098d006e153207ddf300fc1e698e773b74c,2026-07,North Wales Police,North Wales Police,-3.423517,53.326584,On or near Lon Brynli,W01000221,Denbighshire 003B,Unable to prosecute suspect
c1e89d7421f416c4109daba28e09bc6cf366286d2a48ec9edf8373b8bf6cfbe8,2026-07,North Wales Police,North Wales Police,-2.990286,53.063322,On or near Supermarket,W01000368,Wrexham 008A,Unable to prosecute suspect
39c283d520862feeb1ae8c7045ae867d705ffc3da18b8fbb70bee942070797ca,2026-07,North Wales Police,North Wales Police,-4.152576,53.206606,On or near Supermarket,W01000064,Gwynedd 002A,Unable to prosecute suspect
dbceb7392df8f0de03b8ae46158ef574631a3866540d5ba29cdb50415a7bcaca,2026-07,North Wales Police,North Wales Police,-3.828847,53.322649,On or near Stephen Street,W01000169,Conwy 001D,Unable to prosecute suspect
2a5313ba9b95077946eb48150745c1293a3c2d629754c86766feefd33c155b8c,2026-07,North Wales Police,North Wales Police,-3.081677,53.164619,On or near Terrig Crescent,W01000262,Flintshire 017C,Unable to prosecute suspect
2d45ffd8b386f46d42b2a2dd01cce1087db4bd674d07bb68ddd3b01a19ff6bb3,2026-07,North Wales Police,North Wales Police,-3.703566,53.289866,On or near Petrol Station,W01000138,Conwy 008A,Unable to prosecute suspect
81ff1ee52e2ef59036567c6e828136cbfe19932023d0e0be309384ab25401317,2026-07,North Wales Police,North Wales Police,-3.072562,53.057547,On or near Heol Helyg,W01000363,Wrexham 006D,Unable to prosecute suspect
b5b9abfb8c719af54ff48062459ddc97cc7abee4a797579d7aa6bca92994e89f,2026-07,North Wales Police,North Wales Police,-3.372624,53.102972,On or near Parking Area,W01000211,Denbighshire 012D,Unable to prosecute suspect
fb1a1ab16cc7d645c3687beee18381c7900add15eae62a7b9c3636b4ed4711a2,2026-07,North Wales Police,North Wales Police,-4.122789,53.234742,On or near Garth Hill,W01000076,Gwynedd 001B,Formal action is not in the public interest
be608b061f723118a71cbb4261cb61de7818b0514f7b160f9bead41dac9130de,2026-07,North Wales Police,North Wales Police,-3.490721,53.320423,On or near Market Street,W01000240,Denbighshire 004E,Investigation complete; no suspect identified
c8ce46a4e5471aeb164f087afeb1cb1206a21d6b8107c2e4cac0246b7a2e0c03,2026-07,North Wales Police,North Wales Police,-3.052374,53.006703,On or near Pen-Y-Wern,W01000405,Wrexham 015B,Unable to prosecute suspect
3acab55df1e47d48c7f2c21ba8b768bc7190f0bc1fb08cab64e5325a2d5f14ca,2026-07,North Wales Police,North Wales Police,-3.089328,53.163129,On or near The Brackens,W01000263,Flintshire 017D,Unable to prosecute suspect
fe0cc544d3179cc6adc99b08a0289c7267afcf67f019c3f29817e43e9c4508ae,2026-07,North Wales Police,North Wales Police,-4.106707,53.203246,On or near Llys-y-gwynt Service Area,W01000050,Gwynedd 003A,Suspect charged
b761cb9acdf98f85a342d84d3d5f8292234115e560b5913817897a0f594d8795,2026-07,North Wales Police,North Wales Police,-3.218234,53.281331,On or near Greenfield Road,W01000296,Flintshire 003C,Unable to prosecute suspect
c9c2bea99692bcffc008800d89222080f12b6a1c010e0f07f078c87cb041e7af,2026-07,North Wales Police,North Wales Police,-2.981196,53.039566,On or near Connor Crescent,W01000423,Wrexham 012D,Unable to prosecute suspect
afc6e4907cb6350b04b6e97ca4ddaaeb92aea411429dd09bb8892c8f0db3be87,2026-07,North Wales Police,North Wales Police,-3.882688,52.741747,On or near Ffordd Heulog,W01000068,Gwynedd 016E,Unable to prosecute suspect
425b473ee5370b8b4e589a981c8df3feca3834d774327195deae1dd98efe7c6d,2026-07,North Wales Police,North Wales Police,-3.095807,53.200762,On or near Wared Drive,W01000325,Flintshire 010D,Unable to prosecute suspect
7df71f0056ac773b56739986bc8703656900b260bc368ddba72f2feeb05669b1,2026-07,North Wales Police,North Wales Police,-3.046502,53.211570,On or near Woodland Crescent,W01000337,Flintshire 009F,Unable to prosecute suspect
e7b8bf51ec09be23e0a54ce3cdab91c10def6b3c5894026b918d28ede0cad05d,2026-07,North Wales Police,North Wales Police,-3.089425,53.060019,On or near Eversley Court,W01000398,Wrexham 013A,Unable to prosecute suspect
08653224113abeeb28fc9a0ec31de090b53b4ad5bd7ea2c246783bf777cbb781,2026-07,North Wales Police,North Wales Police,-3.589396,53.291542,On or near Llys-Y-Mor,W01000179,Conwy 010F,Suspect charged
174083186571a18b100a66ffd488a17e9deec083c65125dc4c49f503851ddfec,2026-07,North Wales Police,North Wales Police,-3.458409,53.318108,On or near Pen-Y-Llys,W01000232,Denbighshire 017B,Unable to prosecute suspect
102aaaafc93fc98da3cb075259321f617610e9381917dec6953900f0ed476dd5,2026-07,North Wales Police,North Wales Police,-3.410541,53.336051,On or near Sandy Lane,W01000218,Denbighshire 001A,Unable to prosecute suspect
75007b999496aeaeb396607b6ed198dd80c7f0947419539a8396b87ef6ecf709,2026-07,North Wales Police,North Wales Police,-3.012947,53.079217,On or near Sports/Recreation Area,W01000374,Wrexham 003A,Investigation complete; no suspect identified
eaaa07c4e82bbfc3d722bf6ff9b38fd82b30d9ca2d0b5cf8bb6bf64f742b1ece,2026-07,North Wales Police,North Wales Police,-3.580376,53.266257,On or near Hospital,W01000122,Conwy 014A,Investigation complete; no suspect identified
7d73e440e374ef8fc878445372880918e35e3ac7a309d133b8c40fcf24641371,2026-07,North Wales Police,North Wales Police,-2.996436,53.047233,On or near Duke Street,W01000372,Wrexham 008C,Unable to prosecute suspect
916c137efee526585e7b3cbdc30ad64f44d526517b22f61bfcc077f71fa563ac,2026-07,North Wales Police,North Wales Police,-4.121940,53.228788,On or near Nightclub,W01000062,Gwynedd 001A,Unable to prosecute suspect
4f94dde0159aa8d82536fb44ba014604bf42ff6120c44c4243a3689017689acb,2026-07,North Wales Police,North Wales Police,-4.022218,53.231340,On or near Henffordd,W01000050,Gwynedd 003A,Investigation complete; no suspect identified
948e3d5cee2fdc470e5ad6543c76ee5340a469b2af79ab5a98d08164dec5512f,2026-07,North Wales Police,North Wales Police,-3.491284,53.318897,On or near Windsor Street,W01000240,Denbighshire 004E,Investigation complete; no suspect identified
a2ee232f6ca678d84189936f4e635626ec9519b9257c68f4b6a7210aa34ecfc3,2026-07,North Wales Police,North Wales Police,-3.036916,53.007828,On or near Worsley Avenue,W01000385,Wrexham 014C,Unable to prosecute suspect
07141619bc7523aa75d9e7d2a8ead120322439212bf2def9312afbfa8b62f867,2026-07,North Wales Police,North Wales Police,-4.126380,53.226766,On or near Stryd Waterloo,W01000062,Gwynedd 001A,Investigation complete; no suspect identified
4d3c4dbcd7b11d391002554a2458ba5c93616a8d16c406993acac269d9fa17e5,2026-07,North Wales Police,North Wales Police,-3.407753,53.327535,On or near Davids Close,W01000212,Denbighshire 003A,Unable to prosecute suspect
1df7c978696de6109815132c4127cdaf1a282a2fdad3719bb8bb28933f77c7e3,2026-07,North Wales Police,North Wales Police,-2.882267,53.081162,On or near Laburnum Way,W01000384,Wrexham 022C,Unable to prosecute suspect
438ddcaf643313e0f62e9c563b35a2f16878a6586376dc76ccd61f935acbfe2f,2026-07,North Wales Police,North Wales Police,-3.219561,53.273694,On or near Hen Fuarth,W01000304,Flintshire 003E,Unable to prosecute suspect
9a83837e01eab90681c1e5f2cedf72ef760bf47919696876f1b9f47724cb67e1,2026-07,North Wales Police,North Wales Police,-3.055268,53.077056,On or near Tai Owain,W01000348,Wrexham 006B,Investigation complete; no suspect identified
20e7f7d47bceac993d968dcbb5cea53a2050c75ef06e6eca9e51095650d53a61,2026-07,North Wales Police,North Wales Police,-4.125754,53.227166,On or near Shopping Area,W01000062,Gwynedd 001A,Unable to prosecute suspect
b5e8af9d6f567614173e0330fd6e388ae0f4a9e5052e669a6afad66025cc1519,2026-07,North Wales Police,North Wales Police,-3.826583,53.321326,On or near Charlton Mews,W01000169,Conwy 001D,Unable to prosecute suspect
7d0ab5c5a9819c775afa029070b8ed0fbd76e8c2b52de827215bdc90d73804ea,2026-07,North Wales Police,North Wales Police,-3.027623,53.049530,On or near Strytybydden,W01000400,Wrexham 005C,Unable to prosecute suspect
e9efb979b2880baab25f3e887a85065e405fd33206e07628b90c3c7bfc525411,2026-07,North Wales Police,North Wales Police,-2.940270,53.111497,On or near Cromar Crescent,W01000418,Wrexham 022A,Unable to prosecute suspect
812a6cfe16d796a7e807615935e9318f27a1b4aabf41be2e1ebb6b7b03559d3c,2026-07,North Wales Police,North Wales Police,-3.463560,53.315096,On or near Llewelyn Court,W01000234,Denbighshire 017G,Action to be taken by another organisation
0a123111ffa8c879c9830dade1fd6b1e3e78192789abd250c4a67be860714fda,2026-07,North Wales Police,North Wales Police,-3.194786,53.279033,On or near Riverbank,W01000254,Flintshire 003B,Unable to prosecute suspect
35e8cbc629c541fe9be26b9bda6a40ba4ad7dde5a2f12010316bd8554205b942,2026-07,North Wales Police,North Wales Police,-3.468078,53.315077,On or near Trellewelyn Road,W01000234,Denbighshire 017G,Unable to prosecute suspect
fe36115086e262e09cc40be5668c71d939703d2a03cd3a5cc84b1f39b01d61f4,2026-07,North Wales Police,North Wales Police,-3.324024,53.080778,On or near Erw Las,W01000202,Denbighshire 015B,Investigation complete; no suspect identified
697e9b5a8a0b7d6349ac12400e6187bb05f11d8c8c0f886c13228fe2cc169b77,2026-07,North Wales Police,North Wales Police,-3.481982,53.322105,On or near Y Gorlan,W01000228,Denbighshire 004C,Unable to prosecute suspect
2913a0d58fd3500822749b5dfdee164d2ab70b4b8b963833f46318e8d279c381,2026-07,North Wales Police,North Wales Police,-3.576350,53.293747,On or near Morlais,W01001928,Conwy 010H,Unable to prosecute suspect
005bb861be88e5cc6e1f040e676ccc9b79b23a9bb2a45081dbfd544fea486f3f,2026-07,North Wales Police,North Wales Police,-3.472138,53.319216,On or near Pendyffryn Road North,W01000231,Denbighshire 017A,Unable to prosecute suspect
b8d00874ef8c09f129a87a3184632be9dd266a967f55979551cec8e97bdfb717,2026-07,North Wales Police,North Wales Police,-3.136835,53.244056,On or near Rectory Close,W01000295,Flintshire 005D,Investigation complete; no suspect identified
3785ed7793f6f6be0b2bf9c8ea8d3d8c2d9fd49530e3f775cb484f1ac18d79b0,2026-07,North Wales Police,North Wales Police,-2.933632,53.034681,On or near Bridgeway East,W01001971,Wrexham 022D,Action to be taken by another organisation
29683ba0e3a5afa85ca72beedea145e0839b24ec4223a5a12212001a474b21d8,2026-07,North Wales Police,North Wales Police,-3.480569,53.318599,On or near Prince Edward Avenue,W01000238,Denbighshire 006C,Action to be taken by another organisation
5edec06c366b0919f51b04deea187c4fc80cb1f78a95d81a1b4e28878a5597b6,2026-07,North Wales Police,North Wales Police,-2.933632,53.034681,On or near Bridgeway East,W01001971,Wrexham 022D,Unable to prosecute suspect
7f75f097fc4d8696aeb6b317ea6df2b72b95b618f5edb019dbb78236fb50ebfb,2026-07,North Wales Police,North Wales Police,-4.117727,53.231146,On or near Robert Street,W01000077,Gwynedd 001C,Unable to prosecute suspect
c9ff8c112cd00f822b522ea0eb9a0daec11a4fa6bc4df136f35a388f2898518f,2026-07,North Wales Police,North Wales Police,-3.013875,53.211672,On or near Ferry Bank,W01000333,Flintshire 009B,Action to be taken by another organisation
9309c7fa98adf670ce3e97aea564ae7d353c014393c4f3ba62bdc7c2768a81f7,2026-07,North Wales Police,North Wales Police,-3.133385,53.169239,On or near Sports/Recreation Area,W01000315,Flintshire 016C,Unable to prosecute suspect
a760f73d4e5fec92dfae2bc54f70470356112fc8bb30b478ec2b774f30958566,2026-07,North Wales Police,North Wales Police,-3.132764,53.251628,On or near Lloyd Street,W01000288,Flintshire 004A,Investigation complete; no suspect identified
72982c0329a6ff2a0f4f9ba8391dd2712f1e876d174648e8dc28776cc9d5bf89,2026-07,North Wales Police,North Wales Police,-3.832868,53.317678,On or near King's Avenue,W01000168,Conwy 002B,Unable to prosecute suspect
565ec0d5da05b9b956e5fed402ad934b3eaf3b4ba1f5e9eef48a6ff5568e5751,2026-07,North Wales Police,North Wales Police,-3.840703,53.290075,On or near Ellis Way,W01000129,Conwy 012B,Unable to prosecute suspect
371b96aa99cf6ae282ae96a468f69640125ed196262181ac7c12472e7a7c239c,2026-07,North Wales Police,North Wales Police,-4.452903,53.411990,On or near Glasgoed Road,W01000018,Isle of Anglesey 001C,Action to be taken by another organisation
473e48bae40eae0dc869cdb11b229f57ad7877b0b16ca627f80223e52b07c7e3,2026-07,North Wales Police,North Wales Police,-3.457661,53.288676,On or near Harding Avenue,W01000224,Denbighshire 009C,Action to be taken by another organisation
550add76c50771a3633d1a135877c997fa454e12f7ff356a3d010feca3722fec,2026-07,North Wales Police,North Wales Police,-3.832868,53.317678,On or near King's Avenue,W01000168,Conwy 002B,Unable to prosecute suspect
321628772503836a9c4e257d72e8087f9d6835f446cb6f8cafce485277c9a519,2026-07,North Wales Police,North Wales Police,-3.212957,53.273492,On or near Pen-Y-Maes Gardens,W01000305,Flintshire 003F,Unable to prosecute suspect
57f2c3e206ef4590621028fce5b62345409f4901f6dcbc3c1dad4c3f9909ae98,2026-07,North Wales Police,North Wales Police,-3.176395,53.271261,On or near Fron Deg,W01000254,Flintshire 003B,Investigation complete; no suspect identified
52e4a3fb085f3a9c2f8c1b6a2c5bd1c2116626846673fd8a127b88d44e359123,2026-07,North Wales Police,North Wales Police,-3.494325,53.319164,On or near Crescent Road,W01000240,Denbighshire 004E,Suspect charged
794daab03ebe5a3d64ccf9e6f607464ddb158512cfbea92829f3ad8f559a47f4,2026-07,North Wales Police,North Wales Police,-3.492482,53.320536,On or near Nightclub,W01000240,Denbighshire 004E,Unable to prosecute suspect
3924f1acb583cea1216080ac6f7feb838cd7c873afb2f21192bf3e96e46d0886,2026-07,North Wales Police,North Wales Police,-3.490721,53.320423,On or near Market Street,W01000240,Denbighshire 004E,Suspect charged
f04c8ded4a011dbcf336444131b48c15cb63785cddc510fe41e747de11a8deb6,2026-07,North Wales Police,North Wales Police,-3.490721,53.320423,On or near Market Street,W01000240,Denbighshire 004E,Suspect charged
1c5a151195130cfeb4f080e04a74b7dddc0231b18833919e028a2a0d9e0b4628,2026-07,North Wales Police,North Wales Police,-2.982367,53.036617,On or near Collins Court,W01000382,Wrexham 012B,Unable to prosecute suspect
49bebb53174ea362420fdfe68d7893b2abd9c0da5f67c4dc7f92f494a70f57fe,2026-07,North Wales Police,North Wales Police,-3.015069,53.099322,On or near Miners Park,W01000390,Wrexham 021A,Suspect charged
6516cf869c1ffa0ff56ee7147c02fef4feb0fbec9d3b282e5c1fb7fc12ca4c3b,2026-07,North Wales Police,North Wales Police,-3.222188,53.274297,On or near Parking Area,W01000304,Flintshire 003E,Local resolution
f0dce348cba87d55615e0ce6ace307c21bbcbe869c4ca625f1d8cb78445b9fae,2026-07,North Wales Police,North Wales Police,-3.134890,53.167135,On or near The Avenue,W01000315,Flintshire 016C,Unable to prosecute suspect
a270a4a9d620a442e61acac9995fa6e5588bec47cf3b6b76ec44ee3bb3803e68,2026-07,North Wales Police,North Wales Police,-3.820311,53.320361,On or near Tudor Crescent,W01000186,Conwy 001E,Unable to prosecute suspect
a0ee52f71197169774514e98e489c911eefc38e6b8415e5f8c83f7e9702359da,2026-07,North Wales Police,North Wales Police,-3.003487,53.068839,On or near Briarswood,W01000375,Wrexham 003B,Investigation complete; no suspect identified
a156851964f084e369653417241cc9eeaaa1db5761aab0f4150108bd83b7c5c9,2026-07,North Wales Police,North Wales Police,-3.217169,52.981020,On or near Parking Area,W01000208,Denbighshire 016C,Suspect charged
f5989c3b398aa51234c2ac4d20bbc111351e12186867cb27febfb6a0dd6e057f,2026-07,North Wales Police,North Wales Police,-3.815970,53.284962,On or near Vale Road,W01000165,Conwy 006C,Unable to prosecute suspect
0363d83e35a367081e05141e94a12d41d7c99b121f65971aa37e0a1d06613bb3,2026-07,North Wales Police,North Wales Police,-3.139344,53.159092,On or near Edmund Street,W01000313,Flintshire 016A,Suspect charged
d22d00fdae9086215d7e0fd4dd47a3673e496157656fe9dbed480c19b3465412,2026-07,North Wales Police,North Wales Police,-3.940365,52.745996,On or near Parking Area,W01000067,Gwynedd 016D,Suspect charged
be3c8e7925a003c8ea2b40055451974ff17243a22e5c5d6449df6cba098b26b5,2026-07,North Wales Police,North Wales Police,-4.129741,53.225358,On or near Minafon,W01000062,Gwynedd 001A,Suspect charged
be3c8e7925a003c8ea2b40055451974ff17243a22e5c5d6449df6cba098b26b5,2026-07,North Wales Police,North Wales Police,-4.129741,53.225358,On or near Minafon,W01000062,Gwynedd 001A,Suspect charged
ce002f4e043902cfc2b9ba853f79932bc6803dc0e3e6fc5feb96b6264b7cc31b,2026-07,North Wales Police,North Wales Police,-3.009227,53.043044,On or near Bryn Offa,W01000349,Wrexham 011A,Unable to prosecute suspect
e7b5bd82b2bc3331ab4d9c42939b670d2490071ff25319d614933566768fb9ac,2026-07,North Wales Police,North Wales Police,-3.080012,52.982534,On or near Bowers Road,W01000354,Wrexham 017A,Unable to prosecute suspect
2fd796d69840ad97050dad2e12632283e012dd6d5eb555388dd30b9cd78e8a57,2026-07,North Wales Police,North Wales Police,-3.824059,53.318470,On or near Supermarket,W01000186,Conwy 001E,Unable to prosecute suspect
1206ca19fdb6b08c454db76358165b3b34c239d5c39706b2397cbb54fef74da8,2026-07,North Wales Police,North Wales Police,-3.499163,53.270003,On or near Rhodfa Flint,W01000191,Denbighshire 009A,Suspect charged
ccb7d271a26fb93c3c06881afde5a9db1a16d62abef1f74f590754f4bd939828,2026-07,North Wales Police,North Wales Police,-3.499163,53.270003,On or near Rhodfa Flint,W01000191,Denbighshire 009A,Suspect charged
6ea3ca11d1d39973e912f1137eb29fbdc162fb285dd38db92a936568112de2e4,2026-07,North Wales Police,North Wales Police,-3.048089,52.987323,On or near Pont Adam Crescent,W01000407,Wrexham 016C,Local resolution
256565f99a88c70a452a35846abe2adacf07246fded319627ca1a6bb23f02ca3,2026-07,North Wales Police,North Wales Police,-3.820547,53.321661,On or near Thomas Road,W01000186,Conwy 001E,Suspect charged
b5972eddf4e8584dddeab5a66249b2f4c1550627b5f7ff7cc34a28fa4178c1c7,2026-07,North Wales Police,North Wales Police,-3.778140,53.315729,On or near Maes Y Wylan,W01000174,Conwy 003C,Unable to prosecute suspect
aa4b923a41fb77baf5c5d7a337cb390ac853cac749d3b87d62cedbcbf526436e,2026-07,North Wales Police,North Wales Police,-3.065881,52.966354,On or near Chapel Street,W01000356,Wrexham 017C,Unable to prosecute suspect
5c5640c755f55add4804541340f56a679c90a73a2179f54803f9104a2a90b02f,2026-07,North Wales Police,North Wales Police,-4.134152,53.224587,On or near Abbey Road,W01000092,Gwynedd 001E,Unable to prosecute suspect
9da761cdb790200916de059a8b412ea60546d276988617dc7d2dca08bd0dc039,2026-07,North Wales Police,North Wales Police,-3.419774,53.184351,On or near Crown Lane,W01000194,Denbighshire 011A,Unable to prosecute suspect
fe5f385c38f6451ffd4d84481578a6c21a7a796327179a8065dec2b278e82004,2026-07,North Wales Police,North Wales Police,-4.272002,53.138098,On or near Garnon Street,W01000111,Gwynedd 007C,Investigation complete; no suspect identified
34b75451efb33ce5ae9142546ddd564f2baf5bdbee001c96aefc5da9c3593235,2026-07,North Wales Police,North Wales Police,-3.170338,52.973777,On or near Sports/Recreation Area,W01000209,Denbighshire 016D,Unable to prosecute suspect
a26c00b2fd2549df1566a1ebaca70a090ce87f9b2922751641ee32669650d89d,2026-07,North Wales Police,North Wales Police,-3.502745,53.315247,On or near Sydenham Avenue,W01000241,Denbighshire 004F,Suspect charged
f49c0b246730e239f2dba7feb8d968868887002d27334b8bf63f51dd550b9f7b,2026-07,North Wales Police,North Wales Police,-3.085901,53.166037,On or near Melbourne Road,W01000263,Flintshire 017D,Unable to prosecute suspect
759cc402af44ea5a2ead2c3f9ca7dc5a2452891de2c2b1ce360ff1743ff85f17,2026-07,North Wales Police,North Wales Police,-3.398293,53.181423,On or near Cwm Llewenni,W01000195,Denbighshire 012A,Investigation complete; no suspect identified
f0243117f30754295474e30537e417dbe8aa767c63a65efde3f480a0948e9621,2026-07,North Wales Police,North Wales Police,-3.505035,53.252731,On or near Glascoed Road,W01000191,Denbighshire 009A,Unable to prosecute suspect
f87fadfdccab19349c1793574afa2b6d3e788ecb826b074f352ec374788f2e3f,2026-07,North Wales Police,North Wales Police,-4.660825,53.295044,On or near Plas Road,W01000040,Isle of Anglesey 004D,Unable to prosecute suspect
a13ee3d4d2c89b8d591fb4d02c93f5e0235836283def15fc6b320fa5ebcde066,2026-07,North Wales Police,North Wales Police,-3.055878,52.937784,On or near Plas Y Waun,W01000361,Wrexham 019E,Unable to prosecute suspect
3cfcad62def03fbdcdc2acfd0077746997e9a995bedca3b11b128c57711a49d0,2026-07,North Wales Police,North Wales Police,-3.139340,53.164009,On or near Llys Alexandra,W01000315,Flintshire 016C,Unable to prosecute suspect
f29759d4e5f95828935626b923ad4129d088e0c77cea3351ceccc042030d1f6c,2026-07,North Wales Police,North Wales Police,-3.048570,53.077871,On or near Clayton Road,W01000351,Wrexham 005A,Unable to prosecute suspect
86544e4fd41dd112a699a2f328584fe47ba0bb24ec6c65658997ba912218eec0,2026-07,North Wales Police,North Wales Police,-3.439899,52.919789,On or near Bro Helyg,W01000205,Denbighshire 016B,Investigation complete; no suspect identified
79bd6060fdc80ae2619035d7993f28059cd86b4e177e0dcebaf6b36d450ffcf3,2026-07,North Wales Police,North Wales Police,-3.439899,52.919789,On or near Bro Helyg,W01000205,Denbighshire 016B,Investigation complete; no suspect identified
a3a816827492a589d8239a54582298fd39f90faf4191a5f2aa383cd1a1febc68,2026-07,North Wales Police,North Wales Police,-3.826813,53.319318,On or near Norman Way,W01000186,Conwy 001E,Unable to prosecute suspect
663cb9bab16ac1d37f875f84012a12491f13ccef4d3202bfeb83ff6c4054628b,2026-07,North Wales Police,North Wales Police,-4.274345,53.142540,On or near Rhes Pretoria,W01000093,Gwynedd 006B,Investigation complete; no suspect identified
7e262cd413eeb54039724d505cc47826523af743db78cb82c6f87a8c07b92bfe,2026-07,North Wales Police,North Wales Police,-3.533487,53.296787,On or near Lon Eirin,W01000184,Conwy 005E,Suspect charged
8436cbaf6856c751cb9cce2a25c66b2ea6e98a5de1ba032975fbcb6af33d9099,2026-07,North Wales Police,North Wales Police,-4.274345,53.142540,On or near Rhes Pretoria,W01000093,Gwynedd 006B,Investigation complete; no suspect identified
e0d51647a99e6d0432f75b19b70c49baee22eec4cbedb0da8ac976e17be0cc47,2026-07,North Wales Police,North Wales Police,-4.274345,53.142540,On or near Rhes Pretoria,W01000093,Gwynedd 006B,Investigation complete; no suspect identified
c95a0b435713694ec98afa2a7cda4e41e96bf2810f425ee0b80b2f196adf078b,2026-07,North Wales Police,North Wales Police,-3.724064,53.292961,On or near Rhiw Bank Avenue,W01000143,Conwy 007B,Unable to prosecute suspect
3448af1e4b0ed3a7d186e90a496354640c0aa4136476ec0623d1778bdb1aad65,2026-07,North Wales Police,North Wales Police,-3.028198,53.053633,On or near Ffordd Powell,W01000400,Wrexham 005C,Investigation complete; no suspect identified
1d22fd2b5609d9accc90b6f8467d2203687215a84398d938c6f35a92c39a2d1c,2026-07,North Wales Police,North Wales Police,-3.800909,53.143245,On or near Plas Isaf,W01000148,Conwy 015D,Unable to prosecute suspect
25e7ab3bb4c2c9be26b66d8063be8e73406f2c2c423c7c5ea4c513912b222d2c,2026-07,North Wales Police,North Wales Police,-3.084445,53.165241,On or near Bryn Mawr,W01000262,Flintshire 017C,Unable to prosecute suspect
b1134e8ba340566097183b629dbf15d3ad67f42c94c621472005d8503126a460,2026-07,North Wales Police,North Wales Police,-3.170691,52.968658,On or near Parking Area,W01000210,Denbighshire 016E,Investigation complete; no suspect identified
642b601c350f0cdc544644f7c12a332c8b1df2fac74639c1df035ae6b0128ec7,2026-07,North Wales Police,North Wales Police,-3.248067,53.304493,On or near Penrho,W01000320,Flintshire 002B,Investigation complete; no suspect identified
6cc9889a8dcf8ac649b2ce35be96389fd7fac445fd54498021097a2a7561e535,2026-07,North Wales Police,North Wales Police,-2.880364,53.082309,On or near Bridge Street,W01000384,Wrexham 022C,Investigation complete; no suspect identified
475c9f2402a0b71daebe6dc5c647461d853926375d3045d89352ea8012aabd22,2026-07,North Wales Police,North Wales Police,-4.360416,53.021704,On or near Bro Celyn,W01000086,Gwynedd 008B,Investigation complete; no suspect identified
80d6d5b79cd0a706e06de8662d4d7d828888644c7e015c7f783d59c3e2926707,2026-07,North Wales Police,North Wales Police,-3.721950,53.290393,On or near Nant-Y-Glyn Avenue,W01000145,Conwy 008B,Investigation complete; no suspect identified
973fc6d9df88cb762d0e4b72a4382b4b6efa790ec82e4016852fe5faf8b889c6,2026-07,North Wales Police,North Wales Police,-4.334316,53.373344,On or near Park/Open Space,W01000021,Isle of Anglesey 002C,Investigation complete; no suspect identified
5822aed7d9873ec1687e0a3618a24d7581b4ec9588d7d4ed515e8ce5c18a3043,2026-07,North Wales Police,North Wales Police,-3.035716,52.990066,On or near Stanley Grove,W01000420,Wrexham 016E,Unable to prosecute suspect
8c4e7582e19b26af61f46aa5b781f659bf15444b6703b544f43def3709a5f28c,2026-07,North Wales Police,North Wales Police,-3.084263,53.168083,On or near Parking Area,W01000262,Flintshire 017C,Local resolution
1a3bd4e72530379f6013b503decb30333998ac357e500dca0cfe96c2b87e5313,2026-07,North Wales Police,North Wales Police,-4.258109,53.145726,On or near Ffordd Glasgoed,W01000059,Gwynedd 006A,Unable to prosecute suspect
8c9be3e49bcc809e211d72601f92cb6a9d8804750e5a02a4b5c55ed2f34787a9,2026-07,North Wales Police,North Wales Police,-3.484023,53.314735,On or near Gwalia Avenue,W01000236,Denbighshire 006A,Unable to prosecute suspect
d4a020a5745da543d2b731a7edbe2c5a30458eb3d97e51a1f2c3ad44c6a19a8b,2026-07,North Wales Police,North Wales Police,-3.308914,53.330270,On or near Glasdir,W01000287,Flintshire 001A,Unable to prosecute suspect
55601b9678869ad9acc0cd1a2bff8a7b3b773988b6057c57fb5670d80f165267,2026-07,North Wales Police,North Wales Police,-4.109423,52.853878,On or near Ffordd Uchaf,W01000074,Gwynedd 013B,Unable to prosecute suspect
18ad37b5a3844ff0ec0fe7efca36273f00eaff2b0123fdd5a68fa2bb941603bd,2026-07,North Wales Police,North Wales Police,-3.585516,53.286820,On or near Groes Lwyd,W01000179,Conwy 010F,Investigation complete; no suspect identified
de63e7acb0f786e0b182e387ff2875f96cbf156f45c36f7a1400169f0b43a95c,2026-07,North Wales Police,North Wales Police,-3.120409,53.114855,On or near Parking Area,W01000339,Flintshire 019D,Unable to prosecute suspect
b0fe4f68b4b73682e57285b86bacdea8a222ae8c2a3fc36bf51c00a83f7f8401,2026-07,North Wales Police,North Wales Police,-2.993959,53.089936,On or near Pentre Street,W01000392,Wrexham 003E,Unable to prosecute suspect
4c23a6468cc7c56fd95592c6ce858cce0dd8c9d0f009c247227b5b3163170560,2026-07,North Wales Police,North Wales Police,-3.699868,53.288175,On or near Pen-Y-Bryn,W01000126,Conwy 009A,Suspect charged
9ad8ff7fa872866bcea39ce2c367c38d6482dfe28ab65dc84eef6b36204aa683,2026-07,North Wales Police,North Wales Police,-3.020272,53.192255,On or near The Nook,W01000311,Flintshire 011A,Unable to prosecute suspect
b12089ab378541bfe9ccfba6f7164769060fa326bb3043a2e174148206d9fb4d,2026-07,North Wales Police,North Wales Police,-4.139347,53.159006,On or near Petrol Station,W01000099,Gwynedd 005C,Investigation complete; no suspect identified
ed565e2ae4ef5d3c296251d0a882f098d0a8770c612b1a2de898b45e24c43f48,2026-07,North Wales Police,North Wales Police,-3.036497,53.077392,On or near Pendwll Road,W01000351,Wrexham 005A,Unable to prosecute suspect
b5934843b7ffb34ed86a76c9ce96fcf673a62a7f5f6d4a415e20ba3160318270,2026-07,North Wales Police,North Wales Police,-3.136448,53.248672,On or near Parking Area,W01000290,Flintshire 004B,Unable to prosecute suspect
40d05cafc3c827e1dddb256b165b7531659b47eb16f45cacac1e404d5f9bb9eb,2026-07,North Wales Police,North Wales Police,-3.591063,53.290755,On or near Mor Awel,W01000179,Conwy 010F,Unable to prosecute suspect
f6e009ce0b63d0b38430ae2b9ce438bfdc22240a71a686d2f9866362c9363a16,2026-07,North Wales Police,North Wales Police,-3.105067,53.172009,On or near Llwynon Close,W01000249,Flintshire 014A,Investigation complete; no suspect identified
5e4a844958891628ba8b2e4e85ec32477147b86de2feec8c28ccde44d4e3b59f,2026-07,North Wales Police,North Wales Police,-3.939045,53.266769,On or near Bangor Road,W01000172,Conwy 013E,Unable to prosecute suspect
2af37693108b995ead6370a1af001a17dd6ca024fd1be82d6c7280ca9763a418,2026-07,North Wales Police,North Wales Police,-2.928458,53.173382,On or near Beechwood Road,W01000330,Flintshire 015E,Unable to prosecute suspect
228b93162e82a742ccba96158650b26e9bfd510a58b0ad150fe85eaf3c792f78,2026-07,North Wales Police,North Wales Police,-3.132703,53.163605,On or near Llys Derwen,W01000315,Flintshire 016C,Unable to prosecute suspect
719bcb69b069d0db01efe2eaf9d819582e884c762e165ff2eab1fc839ba27829,2026-07,North Wales Police,North Wales Police,-3.600934,52.910697,On or near Maes Y Bronydd,W01000051,Gwynedd 015A,Unable to prosecute suspect
c2a7759e18f080bacc945166d5bef9057a48d802eb8a6f92366572c6c88839f8,2026-07,North Wales Police,North Wales Police,-3.306341,53.327125,On or near Coed Mor,W01000287,Flintshire 001A,Investigation complete; no suspect identified
d255b9239d51c0776fe269d44fa4a5c6e8cebda403a383887fd98b15595d66f6,2026-07,North Wales Police,North Wales Police,-3.208558,53.261420,On or near Petrol Station,W01000306,Flintshire 002A,Investigation complete; no suspect identified
bd35ff3ffb50d18c258bc80197e954fca399831034c2cdcb391cda5b317ea386,2026-07,North Wales Police,North Wales Police,-4.062997,52.726104,On or near Heol Idris,W01002004,Gwynedd 016F,Unable to prosecute suspect
0dbb72f20510e2bfc65903f0df15c03b01948f414b7362b7cbbb15a53797adef,2026-07,North Wales Police,North Wales Police,-3.580390,53.294277,On or near Marine Road,W01001928,Conwy 010H,Unable to prosecute suspect
1f12540743775421a412e37ddfdbde5a49a949032effbb69003f1ba5008ac436,2026-07,North Wales Police,North Wales Police,-3.136551,53.249731,On or near Earl Street,W01000290,Flintshire 004B,Investigation complete; no suspect identified
aa925dd089f2b959e4d0bf85563302f627172a42471e61317eff52e27990776f,2026-07,North Wales Police,North Wales Police,-4.122755,53.236775,On or near Parking Area,W01000076,Gwynedd 001B,Suspect charged
1487a10b949ee0c3c826e63c00852f9645f9000a627ff5aaa12d08fcade1046e,2026-07,North Wales Police,North Wales Police,-3.826489,53.094902,On or near Parking Area,W01000121,Conwy 015A,Investigation complete; no suspect identified
54882554e1832f5c82c14242281f3648b892e4843decc1912f37f4db3c4b8519,2026-07,North Wales Police,North Wales Police,-2.980084,53.045805,On or near Meadow Lea,W01000425,Wrexham 010E,Investigation complete; no suspect identified
dfb6587f7376a9ec02a4a72716d5230991ba8330a41068bdb8f8360fc23c713a,2026-07,North Wales Police,North Wales Police,-4.125785,53.147003,On or near High Street,W01000063,Gwynedd 005A,Offender given a caution
19856810e3dfb027d3f85e4e9ce9975fbe0f1a10953a8a83443c4e14bb999fd3,2026-07,North Wales Police,North Wales Police,-3.136551,53.249731,On or near Earl Street,W01000290,Flintshire 004B,Investigation complete; no suspect identified
7d9aae3f0fd3ebedd2579c7ac9b4e2141599bc8a1c5bb707c07bf89677bda0c0,2026-07,North Wales Police,North Wales Police,-4.134853,53.226021,On or near A5,W01000092,Gwynedd 001E,Unable to prosecute suspect
1e99fe8d651b500d5b4a5bd81bec9603cbb1ea9f168c7c6b6b923dc5dbff9687,2026-07,North Wales Police,North Wales Police,-3.489674,53.320086,On or near St Helens Place,W01000240,Denbighshire 004E,Unable to prosecute suspect
159f5e726c297c4781c6fa4297df260d8f7b86bd0e5c26a6399cdc2b379231b8,2026-07,North Wales Police,North Wales Police,-3.826173,53.321575,On or near Charlton Street,W01000169,Conwy 001D,Suspect charged
5cae6692a7577daf839b0a7164ee063502fe1cfaa3282a64060c1195ebc9be80,2026-07,North Wales Police,North Wales Police,-3.826173,53.321575,On or near Charlton Street,W01000169,Conwy 001D,Unable to prosecute suspect
31a840827dbb9c17455863e757423cdca312293e525d852fd4d776389c9df2fa,2026-07,North Wales Police,North Wales Police,-4.264042,53.134294,On or near Cae'r Ysgol,W01000110,Gwynedd 006D,Unable to prosecute suspect
ae99613f9f2e4b895fa63365d0231b41478cae619db8607504452c4e383075b2,2026-07,North Wales Police,North Wales Police,-3.821840,53.289277,On or near Glan-Y-Mor Road,W01000165,Conwy 006C,Unable to prosecute suspect
cfa8260711dcbc5b1b2092f5a7afad490788ecfb229c0f8a2014c201b49a3d01,2026-07,North Wales Police,North Wales Police,-3.654421,52.930076,On or near Llwybr Y Llan,W01000083,Gwynedd 015D,Unable to prosecute suspect
ea15c99191409c69a07e80c85e9cb1b0edbd84d3f4becb00eef4a11043dc50b5,2026-07,North Wales Police,North Wales Police,-3.489674,53.320086,On or near St Helens Place,W01000240,Denbighshire 004E,Investigation complete; no suspect identified
737700b73824d48db7dfd5154aa8f78eb1158991d13ef97aab56ab6e7319a6e2,2026-07,North Wales Police,North Wales Police,-4.130973,53.147270,On or near Pentre Helen,W01000063,Gwynedd 005A,Unable to prosecute suspect
0bff8cffb75b0e0a7b23a68c652c7d2f70f4d5ac4355a5ac1deeec6d138422b2,2026-07,North Wales Police,North Wales Police,-3.162791,52.964466,On or near Pengwern,W01000209,Denbighshire 016D,Unable to prosecute suspect
150685cccf94bbf14ec756701b75f026afac49fd6d087b1334b9fd594128d511,2026-07,North Wales Police,North Wales Police,-3.028139,53.071181,On or near Penson Court,W01000379,Wrexham 004C,Local resolution
d78573c2332ed942e0e1d2f167b074fa975c284110c06db0c6dbc9fad0a3e7eb,2026-07,North Wales Police,North Wales Police,-4.259655,53.134449,On or near Gallt Y Sil,W01000110,Gwynedd 006D,Investigation complete; no suspect identified
a7b4b0fc335b8a7d11d8bb3602876978e3eb538abe34d4cf078323d2777cf927,2026-07,North Wales Police,North Wales Police,-2.926945,53.173996,On or near Eaton Grove,W01000330,Flintshire 015E,Unable to prosecute suspect
fa27ea520d9d14c9bc06a2026d5bcc53bcc449dcb10084537f907c1766806545,2026-07,North Wales Police,North Wales Police,-3.062710,52.983391,On or near Sports/Recreation Area,W01000409,Wrexham 017E,Local resolution
ae9a0681c2ac9c5e78bf1f121fa212d01e7020714137063dc3a8ba76da2082c5,2026-07,North Wales Police,North Wales Police,-3.041646,53.111769,On or near Petrol Station,W01000269,Flintshire 020A,Investigation complete; no suspect identified
6373de2662dbfdb3ea0f6a7dfcc298bedabc5e526d270258a39a6acb87625ae9,2026-07,North Wales Police,North Wales Police,-2.996830,53.162465,On or near Lancaster Park,W01000256,Flintshire 015B,Investigation complete; no suspect identified
4321d29831616ef5793a1e655132ab22a0c8465d337eaa1000d09ff9ff2e267c,2026-07,North Wales Police,North Wales Police,-3.072405,53.164676,On or near Laurel Drive,W01000260,Flintshire 017B,Investigation complete; no suspect identified
4dbe5b9add1dd99a5528f627f7ecd91b53270b132d0a11ff8a908f1f1a3ce74a,2026-07,North Wales Police,North Wales Police,-3.036206,53.062140,On or near Darby Road,W01000373,Wrexham 005B,Investigation complete; no suspect identified
da7629db745198e0565914406cdfe5a94ecf408a135d63217b8e75f0b19eaa49,2026-07,North Wales Police,North Wales Police,-3.133385,53.169239,On or near Sports/Recreation Area,W01000315,Flintshire 016C,Local resolution
7508d06d1548908a6169a4964e0f6856696da3fd09bb8513ce5981371eadb2d4,2026-07,North Wales Police,North Wales Police,-3.034922,53.116896,On or near Sarn Lane,W01000308,Flintshire 020C,Unable to prosecute suspect
6175adf3fe795a689311ee746ea04b1bb695dbd8823d1275b320c60be0eb1474,2026-07,North Wales Police,North Wales Police,-4.067634,52.930515,On or near High Street,W01000101,Gwynedd 013D,Investigation complete; no suspect identified
5db9f3c9884a56eb3b51df1eb8337017f2cba82e49916fe8cde1bdac28bff91d,2026-07,North Wales Police,North Wales Police,-4.317543,53.387274,On or near Chapel Street,W01000021,Isle of Anglesey 002C,Unable to prosecute suspect
dcb5825e49777e8ea5c9432be6e861a508597e474b29c1a4ef1960d24b61d86d,2026-07,North Wales Police,North Wales Police,-3.220338,53.123388,On or near Parking Area,W01000203,Denbighshire 013A,Unable to prosecute suspect
e842699b0d35a045d3aa9dfae0413977d8cb7220d0666774da01fc9a841969e4,2026-07,North Wales Police,North Wales Police,-3.303261,53.233444,On or near Llys-Y-Pentre,W01000271,Flintshire 006C,Investigation complete; no suspect identified
ef4ff4acd6cd8da12d8254c3acd2329b988a56d42dea859a91c4d262336cf6ea,2026-07,North Wales Police,North Wales Police,-3.274884,53.014827,On or near Maes Y Fedwen,W01000207,Denbighshire 015C,Unable to prosecute suspect
2423e228d9825e1f91f362110314c6edb6f273716c8df27d9b115e5732f3d116,2026-07,North Wales Police,North Wales Police,-3.133385,53.169239,On or near Sports/Recreation Area,W01000315,Flintshire 016C,Local resolution
fb20372ae78990ccad97a71953dde3a6174ed698fbfb36e602aaaecb336ff3a4,2026-07,North Wales Police,North Wales Police,-4.092455,53.263797,On or near Little Lane,W01000005,Isle of Anglesey 005A,Investigation complete; no suspect identified
5adf01ea10cdf9415359f51e0cd23d005b437f61d8d517577b9492bd25d68116,2026-07,North Wales Police,North Wales Police,-3.058756,53.001360,On or near Bronalt,W01000406,Wrexham 013C,Suspect charged
91cde2dad179f5757ab0270bf9ec729ed5b311c286767d3fe08b69095593d0aa,2026-07,North Wales Police,North Wales Police,-4.120059,53.229837,On or near Friars Road,W01000077,Gwynedd 001C,Unable to prosecute suspect
54aa5900fcc96dcc345902b6ddf1ada4a14cdb6d2866c21702583f70c3b947fa,2026-07,North Wales Police,North Wales Police,-3.758679,53.294055,On or near Orchard Grove,W01000167,Conwy 011C,Unable to prosecute suspect
3e963440841ce770a781dc83ceca832274de23baaae161b38d96b0281fd0440b,2026-07,North Wales Police,North Wales Police,-3.050639,53.007069,On or near Ffordd Powys,W01000405,Wrexham 015B,Unable to prosecute suspect
60ad9a82ee111c149466a9c477cfc94f625097b1f90268520f2d4dc17eef9791,2026-07,North Wales Police,North Wales Police,-4.633071,53.312024,On or near Stanley Street,W01000016,Isle of Anglesey 003A,Unable to prosecute suspect
9b88e70e494b79b81616ddddf0915778ccceabca3f5bd81945a229a9441d2e83,2026-07,North Wales Police,North Wales Police,-3.832545,53.323455,On or near James Street,W01000146,Conwy 001B,Unable to prosecute suspect
0ff27bd23998226ea531063d8f6a3adb051b4109577bd3ee359dc6f2860b1393,2026-07,North Wales Police,North Wales Police,-3.167141,52.967884,On or near Aber-Adda,W01000210,Denbighshire 016E,Investigation complete; no suspect identified
07101b3b1afd73fc37398f78caa4eaea4a077b00a0a02a73a4ac73bc20da5a64,2026-07,North Wales Police,North Wales Police,-4.434657,53.255013,On or near Parking Area,W01000009,Isle of Anglesey 007C,Unable to prosecute suspect
1c5397836c30dc6a09d7a62124d47c68f6039299e9da3bc24b54e5ca68724d6e,2026-07,North Wales Police,North Wales Police,-3.425626,53.186609,On or near Pen Y Graig,W01000198,Denbighshire 011B,Unable to prosecute suspect
45f17bcee4dd8280060eedf15fca9b30e210b043a991b90ad08b326dae43ab9e,2026-07,North Wales Police,North Wales Police,-4.495535,52.840308,On or near Parking Area,W01000080,Gwynedd 014C,Investigation complete; no suspect identified
790888e002491316cdb5d561754a24cd8fb5ed55f6bd416cb94306024e447af9,2026-07,North Wales Police,North Wales Police,-3.861191,52.746240,On or near Petrol Station,W01000067,Gwynedd 016D,Investigation complete; no suspect identified
93b8d4e0597fdc08bb5ab8af6cb18bc80f9ac7cf34efc8e2468d1d3f8d6e98b6,2026-07,North Wales Police,North Wales Police,-4.121137,53.145225,On or near Rhyd Fadog,W01000063,Gwynedd 005A,Investigation complete; no suspect identified
171502b259d5a1e91bdcb80efb933f2cec81cd201c1d53fe86d0ec4f59f3ba9f,2026-07,North Wales Police,North Wales Police,-4.265525,53.135776,On or near Cefn Hendre,W01000110,Gwynedd 006D,Unable to prosecute suspect
0a449fbf81afaf682b3762b943cbce79a7280f926c16cb7141cb29b4272c32dd,2026-07,North Wales Police,North Wales Police,-3.004048,53.141666,On or near Cannon Way,W01000303,Flintshire 018A,Investigation complete; no suspect identified
5171645588205da0fabd2d6749467d0c8322108c216d39d0b2e912a80ef154f7,2026-07,North Wales Police,North Wales Police,-4.121587,53.230133,On or near Bwthyn Y Mynach,W01000077,Gwynedd 001C,Unable to prosecute suspect
9526422f2c3930bd05d174e9c5244ea73d00e18bcdab2d923ec5fbe9882522b4,2026-07,North Wales Police,North Wales Police,-4.127416,53.120101,On or near Gwel Y Mynydd,W01000081,Gwynedd 005B,Unable to prosecute suspect
6b670eeac3d03034586f8087733d61189bc7e0aeb31e77f4b938d02020dd8e9b,2026-07,North Wales Police,North Wales Police,-3.492862,53.312081,On or near Rhydwen Drive,W01000237,Denbighshire 006B,Investigation complete; no suspect identified
2e3ceda4ea8bcbaf27918548a0157b726daa60381cd5c18cf5e8677d4f294be7,2026-07,North Wales Police,North Wales Police,-4.106707,53.203246,On or near Llys-y-gwynt Service Area,W01000050,Gwynedd 003A,Suspect charged
fb52d1e9d1a06049b063745fedf06e686bfc285bce508b175bc9c2198beecf25,2026-07,North Wales Police,North Wales Police,-3.140466,53.164160,On or near Stanley Street,W01000314,Flintshire 016B,Investigation complete; no suspect identified
bb288102fa7b07d81aba677c0ef5268f7f9832da332e315400b159f5378c3b3e,2026-07,North Wales Police,North Wales Police,-3.056034,52.945406,On or near Offa,W01000359,Wrexham 019C,Unable to prosecute suspect
a5068c2c45dd0964fe1612131579abe23bf75e510a557bdafb77d1503109d883,2026-07,North Wales Police,North Wales Police,-3.420257,53.183554,On or near Back Row,W01000194,Denbighshire 011A,Suspect charged
d36ab9bc71c5be0d9c113ca2096aa5f1ea3731561c7669c76ef3ad310b622544,2026-07,North Wales Police,North Wales Police,-3.012772,53.072095,On or near Pen-Y-Llyn,W01000374,Wrexham 003A,Unable to prosecute suspect
86a5d9bca9abe02553e519b028c1d07f187fb37ac8c491a6ce19a19950cd1b32,2026-07,North Wales Police,North Wales Police,-3.283768,53.279457,On or near St Asaph Road,W01000340,Flintshire 002C,Investigation complete; no suspect identified
86afa222fbc235ee3bc49cf4d9fffdf18abbd9b20533860d39e508fab0cbc67e,2026-07,North Wales Police,North Wales Police,-3.401345,53.344133,On or near Parking Area,W01000214,Denbighshire 002B,Suspect charged
203f02c20755f0ad61a49a0c5cd63b87787db61549f16857f92af51ac6a5dab7,2026-07,North Wales Police,North Wales Police,-4.452903,53.411990,On or near Glasgoed Road,W01000018,Isle of Anglesey 001C,Action to be taken by another organisation
533f5fcdc56ec1f7b9c4a999996bc35bbfa02adedcfd0138b144e42794f2457f,2026-07,North Wales Police,North Wales Police,-3.821501,53.311290,On or near Gerddi Gledhill,W01000188,Conwy 002D,Unable to prosecute suspect
1a77c869bdbb2e513fa9a125e809c20df8547400afeb54eeb14e24ad2e1aec6e,2026-07,North Wales Police,North Wales Police,-3.314105,53.112910,On or near Mill Street,W01000242,Denbighshire 014A,Action to be taken by another organisation
754fbc86d4193bc71e45381ad7357940ecb6f68b4b1b647d47c89222fc712b60,2026-07,North Wales Police,North Wales Police,-4.418310,52.890902,On or near Troedyrallt,W01000108,Gwynedd 012D,Unable to prosecute suspect
d3a893bba5f0ca0519bcac9b7ba7249254d1a9f9b8a56e055850c38c24ccd565,2026-07,North Wales Police,North Wales Police,-3.041662,53.191045,On or near Wirral View,W01000251,Flintshire 013A,Action to be taken by another organisation
1b23c7567591cd9b930f623a4f5e04b85fe7a5b9ffde62606e23dded2b6e9cdb,2026-07,North Wales Police,North Wales Police,-3.041662,53.191045,On or near Wirral View,W01000251,Flintshire 013A,Action to be taken by another organisation
e7c36aa9db77166df33e6058ca09493740f6bf271f2d2e7133348609c946d736,2026-07,North Wales Police,North Wales Police,-3.488861,53.313560,On or near Gwynfryn Avenue,W01000237,Denbighshire 006B,Unable to prosecute suspect
c504697070b98ec8c33d05f1a3c94d44f11c535b0bc322efd0bd0a701b6f32ee,2026-07,North Wales Police,North Wales Police,-4.097741,52.588755,On or near Glan Wendon,W01000117,Gwynedd 017E,Further action is not in the public interest
75a55ab1a16ff372cdaeac1215edfdb2c37076a1d66409a7b4e301b9e7f0bf63,2026-07,North Wales Police,North Wales Police,-3.073573,52.976956,On or near Cae-Glo Lane,W01000355,Wrexham 017B,Unable to prosecute suspect
fc2bfd8303a3cc1a6c87dce2e25e0eb47dd0f1c61ba0cff9ede2eeababe1b049,2026-07,North Wales Police,North Wales Police,-3.169232,53.057827,On or near Parking Area,W01000203,Denbighshire 013A,Further action is not in the public interest
339749127bdda8f0b274709391b033170d645af44e2d1a5425befd820870b3f8,2026-07,North Wales Police,North Wales Police,-3.061583,53.007268,On or near Culfan,W01000405,Wrexham 015B,Further action is not in the public interest
8dabc5dbef1d4001f7aa18dbcf3e86f6c412a806526535dda1dbf7d7498f4a2d,2026-07,North Wales Police,North Wales Police,-3.169232,53.057827,On or near Parking Area,W01000203,Denbighshire 013A,Further action is not in the public interest
164b0489f678ac11dead690814750b5bb98924d4ba5fbbbaa5d888223d71709e,2026-07,North Wales Police,North Wales Police,-3.169232,53.057827,On or near Parking Area,W01000203,Denbighshire 013A,Further action is not in the public interest
448ece8c1b457e9bcf120f661c1303679aebfb37b508254698132e9ed1757855,2026-07,North Wales Police,North Wales Police,-4.209781,53.221158,On or near Parking Area,W01000008,Isle of Anglesey 008A,Local resolution
c6956412538598a4cb5fafda5703a4b4c5ac5cb579b9dabc3202f50be5a68d63,2026-07,North Wales Police,North Wales Police,-2.985824,53.044993,On or near Parking Area,W01001929,Wrexham 012F,Unable to prosecute suspect
d50b89dd17976eaca8d7af25e61a26b43d9519b596b83930da9e7d3c746965df,2026-07,North Wales Police,North Wales Police,-3.004272,53.051240,On or near A541,W01000350,Wrexham 011B,Unable to prosecute suspect
ce09a48c2d893a4f8d47a5f83ad473034bc4d8448599e3c26a9241b937a828fd,2026-07,North Wales Police,North Wales Police,-3.021987,53.079271,On or near Petrol Station,W01000378,Wrexham 004B,Unable to prosecute suspect
52831fdaa6eba564edead4a8f1ab65e3f68216ccca2bf0eefb8eabb87f9dc94b,2026-07,North Wales Police,North Wales Police,-3.466485,53.315033,On or near Trellewelyn Close,W01000234,Denbighshire 017G,Unable to prosecute suspect
bed47c0f2845fd4821b67e9f35e6588b2f4be550b744544c33d7da6f1f18b7bc,2026-07,North Wales Police,North Wales Police,-4.173808,53.232294,On or near Pen Rallt,W01000042,Isle of Anglesey 008D,Investigation complete; no suspect identified
3e1e901b2d25ff9e849c4ad1f310d7782d16109af221874558ff163991de0372,2026-07,North Wales Police,North Wales Police,-3.005813,53.055928,On or near Plas Coch Road,W01000372,Wrexham 008C,Unable to prosecute suspect
97e53f8401d2bc58790547d637ad5df3a293402b6dfeb6d746771216622bdee9,2026-07,North Wales Police,North Wales Police,-4.111822,52.860759,On or near Castell Morfa,W01000074,Gwynedd 013B,Further action is not in the public interest
de5bfa174a12479073b3fe4e210f1bfacf8b227b8183ef6fcab19342fc857aea,2026-07,North Wales Police,North Wales Police,-3.040127,53.004393,On or near Parking Area,W01000386,Wrexham 015A,Further action is not in the public interest
45a9a491b3655074c6e7f8959ae74317928730046bfb5f8ede63ad8edda6c18c,2026-07,North Wales Police,North Wales Police,-3.460470,53.316482,On or near Rhodfa Maes Hir,W01000234,Denbighshire 017G,Unable to prosecute suspect
0d48ae0a8c9e53d17ec927fa5aea47cf9df7101457ef58817a6a452c457c3216,2026-07,North Wales Police,North Wales Police,-3.083778,53.171896,On or near Sports/Recreation Area,W01000264,Flintshire 012A,Unable to prosecute suspect
beb7a5edc3146d5065c836eb29d7f7fb3d4c504c1ca74a0daca43ed1102e62f1,2026-07,North Wales Police,North Wales Police,-3.501068,53.268298,On or near Rhodfa Criccieth,W01000191,Denbighshire 009A,Suspect charged
2a71d4a245a6082e014dec05c12fda4f84825bf98a1a981ded03884f171e5813,2026-07,North Wales Police,North Wales Police,-2.996111,53.070644,On or near Plas Acton Road,W01000375,Wrexham 003B,Investigation complete; no suspect identified
d6c342c37342a337e903e164dd7192c74f815b598ce01559fc39b4bd4f56e142,2026-07,North Wales Police,North Wales Police,-3.483842,53.314279,On or near Kingsley Avenue,W01000236,Denbighshire 006A,Unable to prosecute suspect
b4c316902ec571f7f095a0131309a547187e6ecb40a636cb41ceee92e6585d00,2026-07,North Wales Police,North Wales Police,-3.491419,53.318032,On or near Elwy Street,W01000240,Denbighshire 004E,Local resolution
7b5874052790f7cab26a4e7244b6c948a5ec5c0573e88034c29efb4438fe2ecf,2026-07,North Wales Police,North Wales Police,-3.541891,53.299735,On or near Llys Nant,W01000184,Conwy 005E,Unable to prosecute suspect
c380688b6a70d1b1a31edc705060d7925785d91bf68aff5477d7002f526f50e9,2026-07,North Wales Police,North Wales Police,-4.262412,53.142812,On or near Maesincla,W01000059,Gwynedd 006A,Unable to prosecute suspect
1d289305c00b1e09894b34fd624141a61a9c22236c8ff61d50884ca986cf9883,2026-07,North Wales Police,North Wales Police,-3.524213,53.301382,On or near Cynlas,W01000151,Conwy 005C,Unable to prosecute suspect
392da0f61e96ae80d380381b0e77015bb93a91e74b9fcd4b4b8c69e403598576,2026-07,North Wales Police,North Wales Police,-2.993548,53.046161,On or near Stryt Y Syfwr,W01000372,Wrexham 008C,Investigation complete; no suspect identified
a67234e0d0aee0d51b240c1447c6b117ba3c3c440e8567495b6447781854fb2c,2026-07,North Wales Police,North Wales Police,-2.993548,53.046161,On or near Stryt Y Syfwr,W01000372,Wrexham 008C,Investigation complete; no suspect identified
5046fee62895238dc8781fd7eed9e82d237c2730a70f3a7acb07e1a83c0e4943,2026-07,North Wales Police,North Wales Police,-3.830485,53.325150,On or near Ty Isa Road,W01000146,Conwy 001B,Investigation complete; no suspect identified
55c3fe8f1df57df37a4665967db0f131a63ca357ea42d4f73c34f3e40e3c66d4,2026-07,North Wales Police,North Wales Police,-3.475242,53.322593,On or near Hadley Crescent,W01000231,Denbighshire 017A,Unable to prosecute suspect
ce05842a6c0c495c22a935276d371b9882a52b42c46e656486e8282eb8c4a12d,2026-07,North Wales Police,North Wales Police,-2.990305,53.036164,On or near Llwyn Stockwell,W01000381,Wrexham 012A,Unable to prosecute suspect
422528e4ed6e7fefdc597a7a3503a6927af2dead38c4c20e38cb22f41781bda9,2026-07,North Wales Police,North Wales Police,-3.007997,53.045958,On or near Hospital,W01000349,Wrexham 011A,Unable to prosecute suspect
a6d6ab5a59ad1aeb867d49be2e76d7aad70990a7ca41149a85c72ed96452bde2,2026-07,North Wales Police,North Wales Police,-4.413038,52.882162,On or near Parking Area,W01000109,Gwynedd 012E,Action to be taken by another organisation
e375a27a1c2210c67b1b17a14c604c9faec1de5c3bbb9d194a4f09fa48870956,2026-07,North Wales Police,North Wales Police,-3.007997,53.045958,On or near Hospital,W01000349,Wrexham 011A,Unable to prosecute suspect
35685f38f946efa71cb474c59a3bfeb853a53c84b9f0e4a1e7e03a299c141356,2026-07,North Wales Police,North Wales Police,-3.008250,53.043367,On or near Ruthin Road,W01000349,Wrexham 011A,Unable to prosecute suspect
071236a7703f050120c088c2179c121d1a4c5f9ffdd5e88b5bc98cbf83416ee3,2026-07,North Wales Police,North Wales Police,-4.633691,53.310635,On or near Stryd Williams,W01000016,Isle of Anglesey 003A,Unable to prosecute suspect
64f27450bcb1adaf4759e47770c1b59d8a524def0a7ff9a850a7d9d85be91724,2026-07,North Wales Police,North Wales Police,-3.800653,53.284592,On or near Bryn Derw,W01000176,Conwy 011D,Unable to prosecute suspect
5e67b50d9895fc2f9ca8fbff19ca2972db392711cf6c8b2c79c1aa12049de3e4,2026-07,North Wales Police,North Wales Police,-3.471119,53.313583,On or near Bryn Coed Park,W01000233,Denbighshire 017C,Unable to prosecute suspect
fef79453c3aca664889f58eaef1721ed5a2ebf3b76a0ed35ec6bb379e541508d,2026-07,North Wales Police,North Wales Police,-4.138237,52.928123,On or near Awel Y Grug,W01000106,Gwynedd 010D,Investigation complete; no suspect identified
e7f96c743aa7439158d48f134b21f5ca4183f306b305729e7441f58550b8f6a1,2026-07,North Wales Police,North Wales Police,-3.823005,53.319807,On or near Petrol Station,W01000186,Conwy 001E,Investigation complete; no suspect identified
2f0141f7a5f343cd0af4d95cdfc13b2eeebbd77df711845d29993bded050a45f,2026-07,North Wales Police,North Wales Police,-3.070124,53.170989,On or near Ffordd Belmont,W01000266,Flintshire 017E,Investigation complete; no suspect identified
0a58adf9bb268df1750a5c9fac94c1a20c07af45499f8ddc52190a098657cd2e,2026-07,North Wales Police,North Wales Police,-3.217308,53.278832,On or near Bro Dirion,W01000304,Flintshire 003E,Unable to prosecute suspect
d714641bdf4c6d95f6a94e59b4ed72bb7175a3938b54096ba0310e24c5ffa5a7,2026-07,North Wales Police,North Wales Police,-3.826155,53.319040,On or near Davies' Passage,W01000186,Conwy 001E,Investigation complete; no suspect identified
11c6275b789de9044e10785dc2ce14a854e9ccfcd3158e0f747bb10ce9aeefa6,2026-07,North Wales Police,North Wales Police,-4.464327,53.191887,On or near Bodorgan Square,W01002008,Isle of Anglesey 007F,Investigation complete; no suspect identified
6b84ec8dab620622eec86add5c3c367ab11bbc94fb3a7373d289e1c8c8f7b2c0,2026-07,North Wales Police,North Wales Police,-4.114881,53.223267,On or near Ffordd Tegai,W01000090,Gwynedd 002D,Investigation complete; no suspect identified
b1719e1b8f756702daaa66f9c8eb5ea5573e7ce9f810f195adb66b88b3da334d,2026-07,North Wales Police,North Wales Police,-4.619873,53.303665,On or near Lon Deg,W01000029,Isle of Anglesey 003C,Investigation complete; no suspect identified
fc3ba3638ee63481862cb40d5dbfea45d6decf6a6a5d80d1ed944ea7e424e1e6,2026-07,North Wales Police,North Wales Police,-3.169793,52.969602,On or near Oak Street,W01000208,Denbighshire 016C,Suspect charged
9fac48ab50afe9226e7c7121cbd1509885dd76b8cdc6e152b54baf3431f9508b,2026-07,North Wales Police,North Wales Police,-4.639971,53.307052,On or near Felin Wen,W01000030,Isle of Anglesey 003D,Unable to prosecute suspect
170048ae4d16188abae55e410aa658baedf810f8b587865eb31737ab6c74e975,2026-07,North Wales Police,North Wales Police,-4.125855,53.227054,On or near Shopping Area,W01000062,Gwynedd 001A,Unable to prosecute suspect
55a0615bab0f7a1d303d78d079dae95c28aa6ffd0d6a979db60964211aab6247,2026-07,North Wales Police,North Wales Police,-3.057186,53.219754,On or near Fishermans' Road,W01000274,Flintshire 007B,Investigation complete; no suspect identified
8c643ee333bf34c86627cf70f76e4f1c61f6e0342c68f06b7166a67163adefd3,2026-07,North Wales Police,North Wales Police,-3.039951,52.948074,On or near Green Lane,W01000361,Wrexham 019E,Investigation complete; no suspect identified
21fc2f2e3298ac733581544237c2b13c03e69b7e0fc4f66e6e1dee74efa4075a,2026-07,North Wales Police,North Wales Police,-3.052023,53.066397,On or near Chariot Drive,W01000347,Wrexham 006A,Investigation complete; no suspect identified
93e8e8c530909fafff1ddfd75608e2326a868499fadfde1c8eff59fa76cd86fb,2026-07,North Wales Police,North Wales Police,-2.971005,53.166687,On or near Bretton Road,W01000255,Flintshire 015A,Unable to prosecute suspect
d6a107985dc73fab6d4f45eb17734cefbda3d3718dd757536e35bde46edb33e2,2026-07,North Wales Police,North Wales Police,-3.215442,53.289207,On or near Queen's Road,W01000296,Flintshire 003C,Unable to prosecute suspect
2a94252034d1ff3ab3ceecacb5ee19a4d300bff8deddf99263a03dbf291ab36c,2026-07,North Wales Police,North Wales Police,-3.012984,53.211356,On or near Cleveland Grove,W01000332,Flintshire 009A,Investigation complete; no suspect identified
60ee6420b55979126f2f42efcb1e4c45b52ba8cae4f946aac17d581724900e19,2026-07,North Wales Police,North Wales Police,-3.499891,53.316488,On or near Palace Avenue,W01000241,Denbighshire 004F,Unable to prosecute suspect
de2c4f5fbbc42d473ffc69876c59c2930592f2620223b2ccf00f585768a143bb,2026-07,North Wales Police,North Wales Police,-3.211465,53.274829,On or near Ffordd Pen-Y-Maes,W01000305,Flintshire 003F,Unable to prosecute suspect
84fc3adfcdc17d5e85860f00cd868d6e72207851267bae4ee8c37ec927b238c9,2026-07,North Wales Police,North Wales Police,-3.633714,53.291473,On or near Parking Area,W01000153,Conwy 009D,Unable to prosecute suspect
64a8b9596c0c5fe1efaba684d5bcae6b612f9d790d01b5f61c1bd722f12b87ce,2026-07,North Wales Police,North Wales Police,-3.055580,53.193421,On or near Briarwood Road,W01000251,Flintshire 013A,Unable to prosecute suspect
22adf5a0899fb822c30a91f052d900a0557abeb640c78492e5ea278ac2e53265,2026-07,North Wales Police,North Wales Police,-2.942339,53.175997,On or near Chester Road,W01000331,Flintshire 015F,Investigation complete; no suspect identified
a2860a2077a2755fd15bf27db2ee835cc53923a999536b73295085b0922aa2c4,2026-07,North Wales Police,North Wales Police,-3.043930,53.212959,On or near Rowden Street,W01000337,Flintshire 009F,Unable to prosecute suspect
0153a28ad5e02c4f0231b822157e00f7a97a300ba315e36cce04337ea36979f8,2026-07,North Wales Police,North Wales Police,-2.972357,53.041097,On or near Supermarket,W01000413,Wrexham 010C,Investigation complete; no suspect identified
4179a13b6042223ff740d46f841238163abd5a4fd3439823c91611f7e74d9344,2026-07,North Wales Police,North Wales Police,-3.424303,53.337982,On or near Llys Mymbr,W01000219,Denbighshire 001B,Action to be taken by another organisation
4aa4570ab2b5130c72b9232c28704ccac96a4b59d18d1e4d74c63dc4d64e9437,2026-07,North Wales Police,North Wales Police,-3.217632,53.276015,On or near Strand Walk,W01000304,Flintshire 003E,Investigation complete; no suspect identified
18510a5bdb6070b2f4583f2bdc97fce392307099071573eecabd376192fe096f,2026-07,North Wales Police,North Wales Police,-3.515946,52.922232,On or near Bro Hafhesb,W01000082,Gwynedd 015C,Unable to prosecute suspect
e54409d93304d8c0ab7ee5b1514fa396d70e44b30582acc6c81568fdd04fdf83,2026-07,North Wales Police,North Wales Police,-3.038518,52.990122,On or near Bryn Street,W01000420,Wrexham 016E,Investigation complete; no suspect identified
05acd2935f3e74d7c71559660420776cc8b7962f4e1b56ccc0ea51f43f8dac45,2026-07,North Wales Police,North Wales Police,-3.710462,53.288248,On or near Hospital,W01000139,Conwy 007A,Investigation complete; no suspect identified
47a1a151daff36caf4bc958fc7d14f92567e875f0549d1dbecaf8671063c0997,2026-07,North Wales Police,North Wales Police,-3.831935,53.326728,On or near Vardre Lane,W01000146,Conwy 001B,Unable to prosecute suspect
7ffd5f712adeac92209472513b5875460185e32ef700071aa5bde926fa677ea1,2026-07,North Wales Police,North Wales Police,-3.218736,53.284238,On or near Melin Y Dre,W01000297,Flintshire 003D,Action to be taken by another organisation
3c97b35e3010bed542186b4f0b210f473a5405f1807375a9419bf21364e9bc4e,2026-07,North Wales Police,North Wales Police,-4.193189,53.098399,On or near Rhesdai Gwyrfai,W01000118,Gwynedd 007D,Investigation complete; no suspect identified
da3ced536223fb129ad28b622d5f2a472919f6dda8c305c9953d4c74f2349122,2026-07,North Wales Police,North Wales Police,-2.966090,53.058361,On or near Gabriel Close,W01000416,Wrexham 023D,Unable to prosecute suspect
d6096f11a9a3324a2dbafd25ddf8df8086596516039d24462c685ff15a8b21c0,2026-07,North Wales Police,North Wales Police,-3.402369,53.338260,On or near Cae'r Nant,W01000216,Denbighshire 002D,Investigation complete; no suspect identified
b3e1d68d3dd9943344513a095c55c2ab971411f903f3e8ae60023c18c7c47ebf,2026-07,North Wales Police,North Wales Police,-3.195628,53.281254,On or near Llys Maesteg,W01000254,Flintshire 003B,Unable to prosecute suspect
91b2c8c583eb6709573775e51e6f4f9707deea451622bb0e30620337e43d3ea2,2026-07,North Wales Police,North Wales Police,-3.513441,53.304010,On or near Owain Glyndwr,W01000151,Conwy 005C,Unable to prosecute suspect
1317a3cdd1eb301ce2a0f85693f540ee75a185ec1bd96be107da30bf85ea38d5,2026-07,North Wales Police,North Wales Police,-3.513441,53.304010,On or near Owain Glyndwr,W01000151,Conwy 005C,Unable to prosecute suspect
eb87192b7e2a567c63843c292f391c3a989a1b90afdd361d80391d8a17b111f1,2026-07,North Wales Police,North Wales Police,-3.721247,53.292678,On or near Belgrave Road,W01000144,Conwy 007C,Unable to prosecute suspect
87e907ff8a1675dbb66674198d133be67062c61fbd74f8f8288b989cba6aa934,2026-07,North Wales Police,North Wales Police,-4.124303,53.232027,On or near Garth Road,W01000077,Gwynedd 001C,Suspect charged
f015fadee8a1dc68d82c9d88f57e8bf65e989ae2c7596bc897b61f92982ca789,2026-07,North Wales Police,North Wales Police,-4.625768,53.302870,On or near Gerddi Canada,W01000029,Isle of Anglesey 003C,Unable to prosecute suspect
896e0e6cdc88642bfb695b855a8dfe5175b113810df50032474d0ad43c7c5c5d,2026-07,North Wales Police,North Wales Police,-2.997563,53.040464,On or near Ffordd Faddon,W01000402,Wrexham 011D,Unable to prosecute suspect
edd25b2305549cf734861b2747cf84346d50413a04d06642f732146b4a4142d1,2026-07,North Wales Police,North Wales Police,-3.458921,53.319917,On or near Avondale Drive,W01000232,Denbighshire 017B,Unable to prosecute suspect
f50bf50099659ddeb50134a31953b8f65cde6ecf8e709f0d949d0e2c6b7a5fe4,2026-07,North Wales Police,North Wales Police,-3.038777,52.987873,On or near High Street,W01000420,Wrexham 016E,Investigation complete; no suspect identified
1b9b5b7f70aa53684f985958c2dfe11debdfcc126d43f49e264e3d45c1a4786d,2026-07,North Wales Police,North Wales Police,-4.163215,53.226364,On or near Dew Street,W01000011,Isle of Anglesey 008B,Suspect charged
89dfacf991ffc627eba22e2574e19b7ff2739b0abe77bbadb6a1ca066263c704,2026-07,North Wales Police,North Wales Police,-4.163000,53.227734,On or near Parking Area,W01000011,Isle of Anglesey 008B,Unable to prosecute suspect
ca43d705aac3408e81381eca52d6a40117435158f5df2a682519ae2bbd8624d2,2026-07,North Wales Police,North Wales Police,-2.985979,53.049895,On or near Supermarket,W01000393,Wrexham 023G,Suspect charged
dc68b3d1de3dbaa6b69970e56b9798eab5d5d5b0c320b3eb8bf769981e95bb82,2026-07,North Wales Police,North Wales Police,-4.087450,53.295863,On or near Dalar Las,W01000026,Isle of Anglesey 005D,Investigation complete; no suspect identified
4b506b6a263625f593a1879a98f30117671bf53f5763b88ccc5b995cecd0cef0,2026-07,North Wales Police,North Wales Police,-4.633386,53.302747,On or near Llys Treseifion,W01000030,Isle of Anglesey 003D,Unable to prosecute suspect
a6dafa16286bd4486b83ee9e39b2a2a2df27e9076fca3925a9ea919cde589ca7,2026-07,North Wales Police,North Wales Police,-3.478849,53.314000,On or near Maes Cefndy,W01000236,Denbighshire 006A,Investigation complete; no suspect identified
1273c1cefaaae63c9eaf09a110b4d734442b11176a4a08fa0f8cdcca30be1c80,2026-07,North Wales Police,North Wales Police,-3.818016,53.284382,On or near A55,W01000165,Conwy 006C,Unable to prosecute suspect
14ba9edd3a38c49235518e5b7615f408d6b03d101cabdbe59dcacfb7de42fba5,2026-07,North Wales Police,North Wales Police,-3.011279,53.038307,On or near Coed Y Cadno,W01000349,Wrexham 011A,Unable to prosecute suspect
7acbbc2780f8cb888dfd33c63a8cff5b1f0da59c00ff63cdd9d92c355b893ba9,2026-07,North Wales Police,North Wales Police,-3.000834,53.045156,On or near Ffordd Jiwbili,W01000350,Wrexham 011B,Suspect charged
623942d12b44548dc9b90eb9ea23ade31a6aa5e0663382947fac3f857b087447,2026-07,North Wales Police,North Wales Police,-3.074102,53.000054,On or near Gardd Francis,W01000408,Wrexham 013D,Unable to prosecute suspect
76d37cb2c01f2d753306e939e2562e980b635e6c696c43cbf3d1e1d937410a85,2026-07,North Wales Police,North Wales Police,-3.035411,52.993520,On or near New Hall Road,W01000419,Wrexham 016D,Unable to prosecute suspect
fe8ec44006375c101589413d13c2aa92ac3b6e45d47b8e368bc4d6ed8b48b3ee,2026-07,North Wales Police,North Wales Police,-4.633266,53.310321,On or near Market Street,W01000016,Isle of Anglesey 003A,Suspect charged
ce4c5d4e4f50d0b73654d212f5553c67c0a4d9a58058e4fdb773d77095e0c443,2026-07,North Wales Police,North Wales Police,-3.061916,53.216638,On or near St David's Drive,W01000273,Flintshire 007A,Investigation complete; no suspect identified
195c71aa4a4d12d0e8d5d5b1e66933d0200e3fd1bde3ee6f2c4f733794eb050d,2026-07,North Wales Police,North Wales Police,-3.015069,53.099322,On or near Miners Park,W01000390,Wrexham 021A,Local resolution
4a58eab17854721fd65911cdd87b23c2ea329aadc130379373ee2b198c08a536,2026-07,North Wales Police,North Wales Police,-3.008250,53.043367,On or near Ruthin Road,W01000349,Wrexham 011A,Unable to prosecute suspect
0aa08f3363a6f2ab618743a3a371f5cf33f2e10499dcc76f9f296fe037b2b19f,2026-07,North Wales Police,North Wales Police,-4.627402,53.301854,On or near Parking Area,W01000017,Isle of Anglesey 003B,Unable to prosecute suspect
334dff2292b2295d202e0219f8a877ae89b0b653f5a9febaa29d989eafaad6da,2026-07,North Wales Police,North Wales Police,-3.832545,53.323455,On or near James Street,W01000146,Conwy 001B,Investigation complete; no suspect identified
9ca29b2beb597c671c2b0f0671fc89733e9969149d7bdfb63ee30d0d8d698f36,2026-07,North Wales Police,North Wales Police,-4.352813,53.408053,On or near Bethesda Street,W01000003,Isle of Anglesey 001A,Unable to prosecute suspect
38f9ae898a3f1dce379075f616bacc1d9317a08b32f1fdd4d761edbbca5f988a,2026-07,North Wales Police,North Wales Police,-4.633875,53.305335,On or near King's Road,W01000017,Isle of Anglesey 003B,Unable to prosecute suspect
e128c71b7e6c667c8223326e7047844a5914394e2a74fd787cb9834904d5dab5,2026-07,North Wales Police,North Wales Police,-3.011420,53.043070,On or near Sports/Recreation Area,W01000349,Wrexham 011A,Local resolution
7bb0f2057132dbc2ab7e444be24d0c2395821a58e1998e945bc6b66cb31944a8,2026-07,North Wales Police,North Wales Police,-3.178404,52.972032,On or near Supermarket,W01000209,Denbighshire 016D,Unable to prosecute suspect
0557bc5a601949d7fde6bcd5ef5c39030612c7a1073e7aa9cc83d08bc8b9a12d,2026-07,North Wales Police,North Wales Police,-3.217325,53.267299,On or near Old Chester Road,W01000306,Flintshire 002A,Unable to prosecute suspect
5466e7da456ffe0e7679d709df02ed15948b485c97fa923df7a2c96fd7617bd8,2026-07,North Wales Police,North Wales Police,-3.323372,53.347622,On or near Station Road,W01000287,Flintshire 001A,Investigation complete; no suspect identified
eb61f1b9ba7b9a0b3b237f69b55ad65d0b1171c38adb1f35fa8018529a7209f3,2026-07,North Wales Police,North Wales Police,-3.030666,53.032630,On or near Highgrove Close,W01000366,Wrexham 014A,Further action is not in the public interest
a8aaa1f1aba4b1f37a7769acbce1fd49cb9defaa158e4ef04440ad5c738cbc73,2026-07,North Wales Police,North Wales Police,-3.057109,53.015084,On or near Ty Gwyn,W01000412,Wrexham 015D,Further action is not in the public interest
6ceabb27bfc517295e1ebd8b5a43afdc5e1dadc9704f80a60a5a5241ceca5e8a,2026-07,North Wales Police,North Wales Police,-4.518087,53.267934,On or near Minffordd Road,W01000024,Isle of Anglesey 007E,Unable to prosecute suspect
75088b24c9e77fe18faa73c1456a9613df987c8b30afa96528924d41e56eeb53,2026-07,North Wales Police,North Wales Police,-3.468383,53.304067,On or near Shopping Area,W01000223,Denbighshire 009B,Investigation complete; no suspect identified
ca6a711c2eeb952575d359e5cefd7e5775b5181568418698cd9901900b5bbdce,2026-07,North Wales Police,North Wales Police,-4.271022,53.179583,On or near High Street,W01000027,Isle of Anglesey 009C,Unable to prosecute suspect
2436f263b41ac70286d37817775bf117967f7b2c4da5b7d75db869348d913495,2026-07,North Wales Police,North Wales Police,-4.411582,52.882982,On or near Bron-Y-De,W01000109,Gwynedd 012E,Unable to prosecute suspect
d65a1366ec52700a49da13bc30fd7b34a40c42b33d51331dfebf0dc392446220,2026-07,North Wales Police,North Wales Police,-4.274505,53.222754,On or near Holyhead Road,W01000025,Isle of Anglesey 009B,Unable to prosecute suspect
b3b5fd9151e00e5af8ef1f4509a1563d3e76addc373eeb0ccf4b042650dab64c,2026-07,North Wales Police,North Wales Police,-2.990400,53.045486,On or near Charles Street,W01001931,Wrexham 012G,Investigation complete; no suspect identified
48b7f3edf99688ac82629fd268fe0ffdac776d545f95b43e5f01b5b0078fc631,2026-07,North Wales Police,North Wales Police,-3.834931,53.313268,On or near Bridge Road,W01000168,Conwy 002B,Unable to prosecute suspect
4160aa7abd9b42e5ca05f0dd434234e54f11152ec3a08c2bacac0cd6ace45b70,2026-07,North Wales Police,North Wales Police,-3.553136,53.299876,On or near Towyn Road,W01000184,Conwy 005E,Investigation complete; no suspect identified
55a96db23cda787c77b4f48dbdb362ded9a15cf70c988707ea06d4d9b25c0fdb,2026-07,North Wales Police,North Wales Police,-4.621002,53.307885,On or near Morawelon Road,W01000033,Isle of Anglesey 003E,Unable to prosecute suspect
908adb12460171e5077e5a5e76fc75c1635b3fbe0e571c3612feeba0591eff94,2026-07,North Wales Police,North Wales Police,-3.007893,53.051730,On or near Parc Ial,W01000349,Wrexham 011A,Unable to prosecute suspect
3aec15143096807c9a666aba9d8eccd4bf7243a695b8ca6b68d3dd49469dc87b,2026-07,North Wales Police,North Wales Police,-4.503441,53.290109,On or near Llwyn Yr Eos,W01000023,Isle of Anglesey 007D,Unable to prosecute suspect
198cbd779056cd5aa9cf7f3f50de07552c2805349e7f847b197eadf3a43a2686,2026-07,North Wales Police,North Wales Police,-4.299469,53.260593,On or near Parc Y Coed,W01000014,Isle of Anglesey 006C,Unable to prosecute suspect
cf3fd48c2eaff5b7433bd17ba63ed888e9aa38925a76e77d353b45990bf77665,2026-07,North Wales Police,North Wales Police,-2.979794,53.049439,On or near Trevenna Way,W01000425,Wrexham 010E,Investigation complete; no suspect identified
fb1fe7b459e4abaa2fb13fab014f0fe9d1c52464161454d93bdcaa510a5ddb4e,2026-07,North Wales Police,North Wales Police,-3.456484,53.317556,On or near Ffordd Aberkinsey,W01000234,Denbighshire 017G,Unable to prosecute suspect
28e066216cc3eba6b28b7624da232097efaf2a148580708f529cc08a73a86477,2026-07,North Wales Police,North Wales Police,-2.998699,53.039304,On or near Fairy Road,W01000402,Wrexham 011D,Unable to prosecute suspect
83dbde791e852c4c64c7fc0134711fcae85d8d259a2e5825dd67ef68c73b144b,2026-07,North Wales Police,North Wales Police,-4.565292,53.284343,On or near Petrol Station,W01002007,Isle of Anglesey 004G,Unable to prosecute suspect
c6e10f7a52af3abd8bc1f9c8a0647a6732ec9e7b938559380b4e17ca850104f7,2026-07,North Wales Police,North Wales Police,-3.703566,53.289866,On or near Petrol Station,W01000138,Conwy 008A,Investigation complete; no suspect identified
d6e2fd170d1641c582d90a7308825194e9831a95bcaf3a4c1196fc260bc8b3ef,2026-07,North Wales Police,North Wales Police,-3.487470,53.314558,On or near Ffordd Las,W01000236,Denbighshire 006A,Unable to prosecute suspect
bd20447fafa516d1b2ee19ce2740616dce3cdb2f78912ae93d1452989b6e0f07,2026-07,North Wales Police,North Wales Police,-3.831604,53.322858,On or near Marble Arch,W01000169,Conwy 001D,Unable to prosecute suspect
38111e441cab94a268ea56ac6b6df8fe5a0fd9f5d418edb4e1e6dbc546f3703a,2026-07,North Wales Police,North Wales Police,-3.926992,53.267171,On or near David's Lane,W01000172,Conwy 013E,Investigation complete; no suspect identified
c102097a4ee374d7dbf3769455d1c050165135ea126f447dc819673aad5b9edf,2026-07,North Wales Police,North Wales Police,-4.112750,53.227755,On or near Plas Y Gerddi,W01000091,Gwynedd 001D,Investigation complete; no suspect identified
a0b87b8df5a3bc7e8f5f136202e55fbdb30ced7c35de4b586bd174b07413dcc8,2026-07,North Wales Police,North Wales Police,-2.979794,53.049439,On or near Trevenna Way,W01000425,Wrexham 010E,Investigation complete; no suspect identified
2ec6f6a9a4f5abc72c3fb77c76e4396af58383a0d5540de6c9c2069573083239,2026-07,North Wales Police,North Wales Police,-3.071801,53.223840,On or near Cooper's Lane,W01000275,Flintshire 007C,Investigation complete; no suspect identified
9c527bc24452707393fa7a7ff42521ba17f4ede878eaa9975f9f01e46bfa7dd8,2026-07,North Wales Police,North Wales Police,-4.132600,52.929681,On or near Glaslyn Street,W01000105,Gwynedd 010C,Unable to prosecute suspect
aa87438a6abdffe54c19400f4962421c8fecdb8dd24b95db8da1757d4ca300e4,2026-07,North Wales Police,North Wales Police,-2.992650,53.039543,On or near Mason Avenue,W01000365,Wrexham 011C,Unable to prosecute suspect
13de1efa1d8aa9fe5b563e520de3f6ac16372b52fd70594f2013973dbe73a0b3,2026-07,North Wales Police,North Wales Police,-4.298558,53.258705,On or near Bro Tudur,W01000041,Isle of Anglesey 006D,Unable to prosecute suspect
4e70882bb9052bc4162b0bd722125c459a54667666d450332bde2abd64a3e2b0,2026-07,North Wales Police,North Wales Police,-4.644857,53.310577,On or near Llain Westbury,W01000030,Isle of Anglesey 003D,Unable to prosecute suspect
7c3a683363bb279932ad5be65e5dca391b35e953f21e5e69c37a5ec1188893c8,2026-07,North Wales Police,North Wales Police,-3.430145,53.185252,On or near Tan Y 'sgubor,W01000199,Denbighshire 011C,Unable to prosecute suspect
c9bdfcdd10530ce295b00d1830041d9ea48116430939762ff6b81f2e3d9841c2,2026-07,North Wales Police,North Wales Police,-3.055113,53.215845,On or near Howard Street,W01000274,Flintshire 007B,Investigation complete; no suspect identified
cb724c4ef35781872de0dbfa9900f418e4e22cd9e456b05f33dc9e86e1545f02,2026-07,North Wales Police,North Wales Police,-3.023281,53.207367,On or near Gladstone Street,W01000328,Flintshire 011C,Unable to prosecute suspect
b1582b91e6c4d661c51fb18ba916c2c16434a6d49284e99414c624ae42b83fc7,2026-07,North Wales Police,North Wales Police,-3.714366,53.292435,On or near Park/Open Space,W01000144,Conwy 007C,Unable to prosecute suspect
6b93471b85ad66baf660f7f8e232eb9e6fb4c961c9274a6d362cccb144bed158,2026-07,North Wales Police,North Wales Police,-3.169793,52.969602,On or near Oak Street,W01000208,Denbighshire 016C,Suspect charged
97a79f0fb7b182b2d84a92cbba2492ff38ebed667bc8ee27d238b0a53f06ed81,2026-07,North Wales Police,North Wales Police,-3.092634,53.233152,On or near Kelsterton Road,W01000293,Flintshire 004D,Unable to prosecute suspect
da61f8e875c3f1855bf5f2f9640540778a98dd51bbe0c896ebe495a3e23014d3,2026-07,North Wales Police,North Wales Police,-3.167087,52.968640,On or near Regent Street,W01000210,Denbighshire 016E,Unable to prosecute suspect
4a8e635ac3d6994e575e956b832c0eca8d7c6b97166eebfdae824de3ecf6b8d0,2026-07,North Wales Police,North Wales Police,-3.448103,53.255792,On or near Supermarket,W01000246,Denbighshire 010B,Unable to prosecute suspect
c48f1ba22e15d0779c93421463d04d8d1b599bce2c99d3c0ab53e3be57b1794d,2026-07,North Wales Police,North Wales Police,-3.490923,53.320609,On or near Glanglasfor,W01000240,Denbighshire 004E,Unable to prosecute suspect
6723d7d66d0ffaa4a0df5db585c14435a0bc6ee8999d1852bf6e8fa7ed815c80,2026-07,North Wales Police,North Wales Police,-3.057186,53.219754,On or near Fishermans' Road,W01000274,Flintshire 007B,Investigation complete; no suspect identified
0cbc682aa8a497bb8dd1b87b9ca7aea7392b2bbf89a874f35eb4e6b4981e9350,2026-07,North Wales Police,North Wales Police,-4.205704,53.224317,On or near Carreg-Y-Gad,W01000008,Isle of Anglesey 008A,Unable to prosecute suspect
8977809b53a65e3873f34fdd91c65275460e5054d90aa30ebe484bbd02a02519,2026-07,North Wales Police,North Wales Police,-3.096830,53.072482,On or near Whiteoaks,W01000399,Wrexham 013B,Unable to prosecute suspect
4416f921c677952acc4cef3b74514932476750dd28f13166953c594a0ce5b8ab,2026-07,North Wales Police,North Wales Police,-4.135669,53.291931,On or near Sports/Recreation Area,W01000035,Isle of Anglesey 005E,Unable to prosecute suspect
5496b0ce3bd3c144cb109f32afe35abbcc4c176ca95d32d789de555d891146d8,2026-07,North Wales Police,North Wales Police,-3.140243,53.160550,On or near Sports/Recreation Area,W01000313,Flintshire 016A,Further action is not in the public interest
a470a29f3a5060a6677339282e47edc245b1de27aa92e96f14f5fd411205c63e,2026-07,North Wales Police,North Wales Police,-3.838508,53.324199,On or near Arvonia Passage,W01000146,Conwy 001B,Unable to prosecute suspect
3af26fd6128b701e32e5c8b1e9fc22df512de46f25ae53cc422c1724bd12d931,2026-07,North Wales Police,North Wales Police,-3.815735,53.321482,On or near Irving Road,W01000186,Conwy 001E,Suspect charged
4c261e1a37639f1632ef0dde4eb784cb5dd2ed84157a65412620224b79efa570,2026-07,North Wales Police,North Wales Police,-2.994521,53.048283,On or near Parking Area,W01000372,Wrexham 008C,Investigation complete; no suspect identified
cc31b21d24eaf61104e517be6a4b00137315edfbf646e2088cf653b5dfcdd7cf,2026-07,North Wales Police,North Wales Police,-4.303883,53.257901,On or near Bron-Y-Felin Road,W01000041,Isle of Anglesey 006D,Unable to prosecute suspect
a0c88133042e00d16bec9f4f2120a2d504e6c6956186ede68e0a0595ed963834,2026-07,North Wales Police,North Wales Police,-3.355961,53.213250,On or near Bro Lleweni,W01000206,Denbighshire 013C,Unable to prosecute suspect
364e44ce34ff790ecabed3c7f567e8e0e3de379164eeadc9f606b5a15de3d2fb,2026-07,North Wales Police,North Wales Police,-2.970989,53.047983,On or near Eaton Drive,W01000425,Wrexham 010E,Suspect charged
bfc4d92908aeeccce5715fbd83e7c4afda904deea67c3da76da3bd92f4c10e94,2026-07,North Wales Police,North Wales Police,-3.695957,53.290945,On or near Station Road,W01000128,Conwy 009C,Unable to prosecute suspect
70bc55a5b1cfa20e0c79f1ad5d7f6dbc9d879de6d4e21d8a48efe51a209e4a13,2026-07,North Wales Police,North Wales Police,-4.159825,53.209020,On or near Hospital,W01000102,Gwynedd 002E,Unable to prosecute suspect
dcc9df90f0bbefbf75b0f0d3133559bd21e6da2cc8d47e7b7ccd35faaf2f5291,2026-07,North Wales Police,North Wales Police,-3.408132,53.329949,On or near Dawson Court,W01000213,Denbighshire 002A,Unable to prosecute suspect
93e7e58356195e62e1f64aaacfbe1898f783f1e40dcdd47642790debfd45e517,2026-07,North Wales Police,North Wales Police,-3.493653,53.320971,On or near Sussex Lane,W01000240,Denbighshire 004E,Investigation complete; no suspect identified
1e9426c4d90dbf2fd05698e2f0f88b9227136ebaff9fc63fa4a81223f4cb3375,2026-07,North Wales Police,North Wales Police,-3.830966,53.316035,On or near Parking Area,W01000187,Conwy 002C,Investigation complete; no suspect identified
23965c7e43737b19160d76c7d76e147bab1ab2b888d8de8e440144431c045a67,2026-07,North Wales Police,North Wales Police,-2.919110,52.993452,On or near Parking Area,W01000345,Wrexham 018A,Investigation complete; no suspect identified
aa73957909cae2edcd7d031743cc89c46d951c4c43067ee5c211dc34351c1fac,2026-07,North Wales Police,North Wales Police,-3.036996,53.211069,On or near B5129,W01000334,Flintshire 009C,Investigation complete; no suspect identified
422bbc1ef19cdd1f62f3998254099744798a1a841aa1b45b4d03bace42d5edf5,2026-07,North Wales Police,North Wales Police,-3.493653,53.320971,On or near Sussex Lane,W01000240,Denbighshire 004E,Unable to prosecute suspect
080f84d9ad700a998baaf9858a312d459d1dcd5136d7883921c5f874613e5b83,2026-07,North Wales Police,North Wales Police,-3.161038,52.969410,On or near Sports/Recreation Area,W01000209,Denbighshire 016D,Investigation complete; no suspect identified
eec13234f0b5f1e2acb427b91e4dd23553c0c9956472c1cbc83acfa10a843842,2026-07,North Wales Police,North Wales Police,-3.479005,53.318510,On or near Brookdale Road,W01000238,Denbighshire 006C,Unable to prosecute suspect
b20c6dcf87c6895a1138fe8b3de09992048e8bda00dcd68c1e9f37b745ff7958,2026-07,North Wales Police,North Wales Police,-3.461616,53.295550,On or near Howell Avenue,W01000223,Denbighshire 009B,Unable to prosecute suspect
2ecb9ebfccbd107293564f2bd536f61029c28efbcfd0d77b4a64826db2c99bf0,2026-07,North Wales Police,North Wales Police,-3.930016,53.269055,On or near A55,W01000172,Conwy 013E,Unable to prosecute suspect
570dde9324435891908f0b028488bd178cf334e04abd46fe26440fc103827787,2026-07,North Wales Police,North Wales Police,-3.490721,53.320423,On or near Market Street,W01000240,Denbighshire 004E,Suspect charged
9002d90cb64f80d79e5af942b051bc0d7761fa497e587643c81a56a453a4f6b9,2026-07,North Wales Police,North Wales Police,-3.002157,53.045639,On or near Cobden Road,W01000350,Wrexham 011B,Unable to prosecute suspect
122bbc1e2401424484dcc1eb57d7da7df504025d55c4b6c85c818cea792896e8,2026-07,North Wales Police,North Wales Police,-3.400393,53.336180,On or near Lon Delyn,W01000216,Denbighshire 002D,Unable to prosecute suspect
3ca1fc3e34d2af2aca7005b571cf5d8897e754f27e3e4f2b4852db8775a1ad60,2026-07,North Wales Police,North Wales Police,-3.760587,53.301048,On or near Bodnant Road,W01000154,Conwy 003A,Investigation complete; no suspect identified
ea8abe91861dae3be3239af9f3b2e3760f9aea813d7e5e79d6e5a75d56155930,2026-07,North Wales Police,North Wales Police,-3.026575,53.028009,On or near Glan Yr Afon,W01000410,Wrexham 014D,Unable to prosecute suspect
9ec5992f58a2be7d4ad1b3021fe7ecf9e69dcc8ae90fadec5b9ba0706b716c2d,2026-07,North Wales Police,North Wales Police,-3.017388,53.048215,On or near Llys Y Groes,W01000349,Wrexham 011A,Investigation complete; no suspect identified
c121603a6b317b787a22469e1554439def114d8bf82c44bca1bd99ab1991abb1,2026-07,North Wales Police,North Wales Police,-3.425150,53.326007,On or near Clos Dol Y Coed,W01000201,Denbighshire 008B,Investigation complete; no suspect identified
4f7093ee112f74dcb4679bc07a196f8d31bb9dac07bbe19e718a4a93800f8df7,2026-07,North Wales Police,North Wales Police,-3.215364,53.277468,On or near Sports/Recreation Area,W01000304,Flintshire 003E,Investigation complete; no suspect identified
4bb85480ccc4c56865a0d9adc3adca71cbfa92a7c8edaa7ac5a99e11b1f9d320,2026-07,North Wales Police,North Wales Police,-3.430521,52.980459,On or near A494,W01000193,Denbighshire 015A,Investigation complete; no suspect identified
5d49f092816e4bd3c6f13f4c18eaf3dee38978b00ae17cbff5e44719e0dedb61,2026-07,North Wales Police,North Wales Police,-3.482699,53.314635,On or near St David's Square,W01000236,Denbighshire 006A,Local resolution
cc26d9e6db8d2f503ec8ba64385b2737970a2317ed141a2c1182442da68f6f43,2026-07,North Wales Police,North Wales Police,-3.482699,53.314635,On or near St David's Square,W01000236,Denbighshire 006A,Local resolution
8045a95f62a488fd12cf2db9992540f023a231c35c076c55fc7f8de494997a30,2026-07,North Wales Police,North Wales Police,-3.364944,53.042593,On or near Parking Area,W01000207,Denbighshire 015C,Investigation complete; no suspect identified
d26a358003b446a6d84aa8b3d5708edda2e0e7f9dfdd144e55a70b077c49cea4,2026-07,North Wales Police,North Wales Police,-3.450360,53.253823,On or near Ffordd Newydd,W01000246,Denbighshire 010B,Action to be taken by another organisation
cd7ad118aae8a1dfc3a8d1b5454e93ef26fbc2aa6aedc38f08d09a5f984e01b1,2026-07,North Wales Police,North Wales Police,-3.420414,53.185143,On or near Water Street,W01000194,Denbighshire 011A,Unable to prosecute suspect
0e061457cdeb3c8aa0f293d5fe1593f0899e3fae84a595b59212ecc3eb21e2be,2026-07,North Wales Police,North Wales Police,-4.064610,53.219303,On or near Sports/Recreation Area,W01000050,Gwynedd 003A,Unable to prosecute suspect
61d979ffd05728e4441df108dc81068f1caccb951a39c3574bdc63f015245c1a,2026-07,North Wales Police,North Wales Police,-4.041637,53.223187,On or near Roman Road,W01000050,Gwynedd 003A,Unable to prosecute suspect
6e9b1d7fbbbc7fc312f840171a82d7736217c62873301656d6e636419982e63e,2026-07,North Wales Police,North Wales Police,-4.146511,53.215895,On or near Pen-Y-Wern,W01000064,Gwynedd 002A,Suspect charged
89f24061ccb8db2274610301c4bccd30f2635edb67daafe9c8e126e9d2ded1ff,2026-07,North Wales Police,North Wales Police,-3.726241,53.295222,On or near Parking Area,W01000144,Conwy 007C,Unable to prosecute suspect
b42c2e31b997bd6f70e755f5947a20f43754064c6f6fa5d440e8c6c7ce50eb20,2026-07,North Wales Police,North Wales Police,-3.002169,53.096285,On or near Maes Llay,W01000391,Wrexham 003D,Suspect charged
b410dc0e314cf15e03f6c74d62881af521797fb3230494c097adf9f151df0c73,2026-07,North Wales Police,North Wales Police,-3.716772,53.282853,On or near Heol Dirion,W01000145,Conwy 008B,Unable to prosecute suspect
5c42bb90210813c01d1dfb2eaa122e7cefa690b23a233ad0c44c676f66fc8e23,2026-07,North Wales Police,North Wales Police,-3.685410,53.289819,On or near Miners Lane,W01000126,Conwy 009A,Unable to prosecute suspect
37c05d6b03c125372e9c2704d6d26a4a7425d6fd689f2e6c1179d807126e7901,2026-07,North Wales Police,North Wales Police,-3.040681,53.213580,On or near Salisbury Street,W01000337,Flintshire 009F,Unable to prosecute suspect
22003cc057a7dcda71deea8b5c3cbb300d92ec5e1e0fa42efc02602ed862c33c,2026-07,North Wales Police,North Wales Police,-3.815304,53.321246,On or near Ty'n Y Ffrith Road,W01000186,Conwy 001E,Unable to prosecute suspect
cead889d2a4544e7ab4ce461711fa5792b4277f62dff7e2c47e1109fa5f947dc,2026-07,North Wales Police,North Wales Police,-3.839979,53.277069,On or near Pen Garth,W01000131,Conwy 012D,Suspect charged
93862759f6f3fea6fe35dcb00149e2690cee4739c6cd13a289b881300bd8341b,2026-07,North Wales Police,North Wales Police,-3.057186,53.219754,On or near Fishermans' Road,W01000274,Flintshire 007B,Unable to prosecute suspect
feeddf351983462a5a7c97068e4c3fa1a30c69de1346bc2823a083643aa144ae,2026-07,North Wales Police,North Wales Police,-4.159825,53.209020,On or near Hospital,W01000102,Gwynedd 002E,Unable to prosecute suspect
23623f292d87b2541e4cd4de9ff47b99d0b3c5693c451903431fd0c4266910e1,2026-07,North Wales Police,North Wales Police,-4.310450,53.020069,On or near Park/Open Space,W01000086,Gwynedd 008B,Investigation complete; no suspect identified
9edc2c1841550b61f9741396eb577862b6bfbdcdf130319590034b30da1e939b,2026-07,North Wales Police,North Wales Police,-4.301856,53.229088,On or near Lôn Gwaith,W01000025,Isle of Anglesey 009B,Local resolution
464dff7d06206c4a5ffb2d26437cdfddd9f06cbe1140fc6260a32b49cdec6cab,2026-07,North Wales Police,North Wales Police,-3.474650,53.228877,On or near Sports/Recreation Area,W01000247,Denbighshire 010C,Action to be taken by another organisation
86f000efdcd225abc4bdca2ca39a9ff092d5b261637392bfbe4434591b2f7e09,2026-07,North Wales Police,North Wales Police,-4.162576,53.226753,On or near High Street,W01000011,Isle of Anglesey 008B,Unable to prosecute suspect
e3c4175d5417b1607149e31107d678d3c0fbace6753b231c83079e604dacace5,2026-07,North Wales Police,North Wales Police,-3.090715,53.124021,On or near Victoria Crescent,W01000310,Flintshire 020D,Unable to prosecute suspect
ff44430f0e459a9c33be078adb8989d1820f85e75adf81994edf2a6f0b94086a,2026-07,North Wales Police,North Wales Police,-4.270744,53.213403,On or near Lon Myfyrian,W01000025,Isle of Anglesey 009B,Further action is not in the public interest
fa855c59118cc2bbf20c450c324223029037d973b7b44f9cfaa851d1a0aa72a2,2026-07,North Wales Police,North Wales Police,-3.467551,53.303657,On or near Petrol Station,W01000223,Denbighshire 009B,Suspect charged
a9a08de51fe16b1bd549e0735e9a89e8fa9a309a87f376496afaea1f8f1fbe7c,2026-07,North Wales Police,North Wales Police,-4.268214,53.140544,On or near Margaret Street,W01000059,Gwynedd 006A,Further action is not in the public interest
80ae91fee08907ce452f06b9fe658362b3a6c9b8b2f54bd0c3e46e24e1858933,2026-07,North Wales Police,North Wales Police,-3.085153,52.962422,On or near Woodlands Grove,W01000389,Wrexham 017D,Investigation complete; no suspect identified
c2fa9a8b6259f901e5eb90c15db0961b02d8d299066b745120cd9d187d82a140,2026-07,North Wales Police,North Wales Police,-4.274480,53.220596,On or near Rhosdir,W01000025,Isle of Anglesey 009B,Unable to prosecute suspect
50367070ef4b14a3123342dff8906a6b29af6649ff5684713cbf06171d998e94,2026-07,North Wales Police,North Wales Police,-3.002358,53.046581,On or near Llys Nantgarw,W01000350,Wrexham 011B,Further action is not in the public interest
fd9646faa1f7969e904b029178ba79cebec7cbb8338aa86e86d107a6999ac75d,2026-07,North Wales Police,North Wales Police,-3.069904,53.055638,On or near Waen Road,W01000363,Wrexham 006D,Suspect charged
350b888cf77276a834ee73732110cb6222095f5670a844931b01d91023660350,2026-07,North Wales Police,North Wales Police,-3.004499,53.060371,On or near Colliery Road,W01000422,Wrexham 008F,Unable to prosecute suspect
b1234d0bb728e9ff34e2103958686148aae297650ff64f42ccebf8500d7db9e2,2026-07,North Wales Police,North Wales Police,-3.012696,53.038951,On or near Thornhill Drive,W01000349,Wrexham 011A,Unable to prosecute suspect
8ec755f12cc29220f393e6d230a7def1b13983cb3356974a897b617fdc334227,2026-07,North Wales Police,North Wales Police,-4.515350,52.939212,On or near Tai Lon,W01000095,Gwynedd 012C,Unable to prosecute suspect
daaf9932d7395f15debc6944f5012422887dad774df182f9187e48de68cde304,2026-07,North Wales Police,North Wales Police,-4.139638,53.224373,On or near Hospital,W01000092,Gwynedd 001E,Investigation complete; no suspect identified
9b3d59ba87d2e96ccf19cb6116cfc8ec2067bd19c20c312dcab63f274f8a1cf9,2026-07,North Wales Police,North Wales Police,-4.152576,53.206606,On or near Supermarket,W01000064,Gwynedd 002A,Investigation complete; no suspect identified
b54c91e1a218430db06a14fdefd75f8adbc65daa8bf87e9e168474ccfe935346,2026-07,North Wales Police,North Wales Police,-2.990029,53.046235,On or near Market Street,W01001931,Wrexham 012G,Suspect charged
1ec6e04160e610781bae99374b37bc48aa39b217c3207cdf893fbe35daa7c1c4,2026-07,North Wales Police,North Wales Police,-3.553136,53.299876,On or near Towyn Road,W01000184,Conwy 005E,Unable to prosecute suspect
8d92006329b9ebe805d3401009a6d219d4f9fa4a2b8aa1c35005ac2485dfc35d,2026-07,North Wales Police,North Wales Police,-3.715743,53.290869,On or near Sports/Recreation Area,W01000144,Conwy 007C,Unable to prosecute suspect
4368ef2fbcc15e5547c9912a64325dd9d490c403652464c6bd5f4cee25fdaa02,2026-07,North Wales Police,North Wales Police,-2.996059,53.054149,On or near Greenfield,W01000371,Wrexham 008B,Unable to prosecute suspect
d9909fa639ad363ade1f37c2e0f36e625fb1bdec6535d853fb476800d87f890a,2026-07,North Wales Police,North Wales Police,-3.748805,53.313870,On or near The Crescent,W01000156,Conwy 004B,Unable to prosecute suspect
b08b7c23ec2faeb11a94702f887b177885c5f2cb69652266c6f2851b1e328c89,2026-07,North Wales Police,North Wales Police,-2.998699,53.039304,On or near Fairy Road,W01000402,Wrexham 011D,Investigation complete; no suspect identified
d26ce14287501904354a080c4ea82b3547a7db78cc0af9dfeba016c61d6427c6,2026-07,North Wales Police,North Wales Police,-2.980084,53.045805,On or near Meadow Lea,W01000425,Wrexham 010E,Investigation complete; no suspect identified
ee67497785b4e873664c2042694858b939a3faa0dc2cfd2edb8b5b8ebc68f506,2026-07,North Wales Police,North Wales Police,-2.980084,53.045805,On or near Meadow Lea,W01000425,Wrexham 010E,Investigation complete; no suspect identified
dffb230eea4be28ebab94524c7bb47106fa136e7f7ff4794804a376cd541f9fb,2026-07,North Wales Police,North Wales Police,-2.980084,53.045805,On or near Meadow Lea,W01000425,Wrexham 010E,Investigation complete; no suspect identified
6211dc920f674a9b1b1e9d69ff0a2653be9c7da4cd96c0667fc5b5d9f520cb46,2026-07,North Wales Police,North Wales Police,-3.043742,53.008433,On or near Millars Court,W01000385,Wrexham 014C,Further action is not in the public interest
ea58350b080bda77fd82055c9b27e824dfc0d4b3a08787d590bcf5f59dcb16ee,2026-07,North Wales Police,North Wales Police,-4.308591,53.254008,On or near Supermarket,W01000012,Isle of Anglesey 006B,Suspect charged
c677812a3e5872e3d44aa87068e3b9f948792b0118566f9ff711b043ef54b426,2026-07,North Wales Police,North Wales Police,-3.427492,53.185131,On or near B5382,W01000198,Denbighshire 011B,Investigation complete; no suspect identified
f2eed5178105892d76e0dd6b39f2c7fc785f316f2dd2e135bd395de850c5a539,2026-07,North Wales Police,North Wales Police,-3.832643,53.324343,On or near Chapel Street,W01000146,Conwy 001B,Formal action is not in the public interest
18d959bfce251ed993f8cd46f081d82f38a77b374894f5a33d48ca694bdc3249,2026-07,North Wales Police,North Wales Police,-2.979014,53.043980,On or near Sports/Recreation Area,W01000413,Wrexham 010C,Investigation complete; no suspect identified
43727732678b2eef8705cefb0c556a512d4d6489c02ceb2d5dd624fd376469bf,2026-07,North Wales Police,North Wales Police,-3.004499,53.060371,On or near Colliery Road,W01000422,Wrexham 008F,Formal action is not in the public interest
790bccbb8b7e59e92877ca835c38532f0ce6e9d7ffde68e60a4799590acf8692,2026-07,North Wales Police,North Wales Police,-3.053918,52.933028,On or near Trem Yr Eglwys,W01000361,Wrexham 019E,Unable to prosecute suspect
93a17215e0bb5ddc4afc095d792cda803328d4e3b3367f5fb3e07d2983e9d908,2026-07,North Wales Police,North Wales Police,-4.515350,52.939212,On or near Tai Lon,W01000095,Gwynedd 012C,Unable to prosecute suspect
be82dc5db77ff529addcdf725def5fa6d846739e6a425506d718f5ddad3aeb78,2026-07,North Wales Police,North Wales Police,-2.998290,53.055794,On or near Mawddwy Avenue,W01000422,Wrexham 008F,Investigation complete; no suspect identified
91e3779d7248686bc499ad4c15afcf1daf17bee4f6cb6c154b354597e7761fd4,2026-07,North Wales Police,North Wales Police,-2.988542,53.065988,On or near Frances Avenue,W01000388,Wrexham 008E,Unable to prosecute suspect
6a5478cdba8ff6689d9b37745b9dd9619fb547886505b13cf441cd2d35400f57,2026-07,North Wales Police,North Wales Police,-3.041005,53.165790,On or near The Woodlands,W01000327,Flintshire 018C,Formal action is not in the public interest
a70b73dbfa830b86dc28dfb7fd6e2c017d07abb71cd05d8f53e550db6b68897a,2026-07,North Wales Police,North Wales Police,-3.578909,53.288678,On or near Maes Canol,W01000178,Conwy 010E,Suspect charged
bbf17bcec52b71edaf48c0ae59b0d244f1f61c90ba0280b96dc4fd19654e3e52,2026-07,North Wales Police,North Wales Police,-3.934401,52.994731,On or near Supermarket,W01000056,Gwynedd 009A,Formal action is not in the public interest
781216c3db40905d05566bf6839ad8c8c875f92dc9f7877695036c3ee818886f,2026-07,North Wales Police,North Wales Police,-3.090715,53.124021,On or near Victoria Crescent,W01000310,Flintshire 020D,Unable to prosecute suspect
05b853b5c7dd72bfe18b186c2410cbf480eecb6c4fbda638a9d1d66fcf27b968,2026-07,North Wales Police,North Wales Police,-3.575589,53.285315,On or near Further/Higher Educational Building,W01000178,Conwy 010E,Local resolution
d78514cb37e44906ed649662c5e9c4f534d47aa2d13aa13873d54f6dbb6031dc,2026-07,North Wales Police,North Wales Police,-3.796670,53.139480,On or near Plough Street,W01000134,Conwy 015B,Local resolution
5e5cbd75fa7a34b178ce070ad95cc3de2e2b7410cf7a15cda7ae875dfc2a0d98,2026-07,North Wales Police,North Wales Police,-2.982660,53.058711,On or near Craig Way,W01000342,Wrexham 023E,Unable to prosecute suspect
42f6f084ad7bd6a63104a47a3b4102d1ec0cbf1f0a17db65f7fe93db702445d6,2026-07,North Wales Police,North Wales Police,-3.408873,53.331468,On or near Nursery Close,W01000213,Denbighshire 002A,Unable to prosecute suspect
24f121abe38a0193cc522e39bd348377f993e383d725ac62ecaff08b1750ec8e,2026-07,North Wales Police,North Wales Police,-3.826173,53.321575,On or near Charlton Street,W01000169,Conwy 001D,Unable to prosecute suspect
fb98fb5bcdbdeee6ecac5276e245f174b1743558d3817729e95648e2ea04cc90,2026-07,North Wales Police,North Wales Police,-3.001346,53.091708,On or near Penderyn Way,W01000391,Wrexham 003D,Unable to prosecute suspect
0c4903be5a5bc27f0e13019e28c7cb784c6421ef813e3a02bc75578b0c0ef6e7,2026-07,North Wales Police,North Wales Police,-3.042165,53.001759,On or near Ruabon Road,W01000386,Wrexham 015A,Local resolution
168f4c856d9aef44f1f85c92bae9b2c70ef30f4fe2b520560f4b80b64a266947,2026-07,North Wales Police,North Wales Police,-3.041120,53.006002,On or near Heol Offa,W01000386,Wrexham 015A,Suspect charged
dc2c065d635fa6cbb4c38b5d8bb4f1b757b2219a1795e4f1575235fc7d11447d,2026-07,North Wales Police,North Wales Police,-3.482778,53.323408,On or near Churton Road,W01000228,Denbighshire 004C,Local resolution
7873ca899901814a5493879198aa6e6a35bfbc8ab4b6704759a286d997cd2fde,2026-07,North Wales Police,North Wales Police,-4.275693,53.054897,On or near Hen Lon,W01000104,Gwynedd 008C,Unable to prosecute suspect
2231c7d190f9ef98bd2756640bc03342538bed6f814329bb7c2db79aedede510,2026-07,North Wales Police,North Wales Police,-3.017661,53.072440,On or near Hope Street,W01000374,Wrexham 003A,Suspect charged
14aa8c37e6a4d0a976c3951fe967517d5e9552cac323a0b9c1b8ee0469ef7527,2026-07,North Wales Police,North Wales Police,-3.791922,53.266303,On or near Drws-Y-Nant,W01001926,Conwy 011F,Unable to prosecute suspect
2a483294f7f3602d23ffddf2698bfc0b6b08f18fcc06d26dfa2d27a66a478cbf,2026-07,North Wales Police,North Wales Police,-3.482778,53.323408,On or near Churton Road,W01000228,Denbighshire 004C,Local resolution
d2ba38d22f58f1c7bb6cd6f7007cb9883e29fbc6038f428c2f8e8e3761c29366,2026-07,North Wales Police,North Wales Police,-4.310682,53.255800,On or near Bulkeley Square,W01000014,Isle of Anglesey 006C,Local resolution
614be1a897daef3c59da352e94b96216719f88f56ed03b06a6756202e4b894d4,2026-07,North Wales Police,North Wales Police,-4.125552,53.229712,On or near Supermarket,W01000062,Gwynedd 001A,Unable to prosecute suspect
8c2b96e607acf56074c9af658175956377c14dc7798efc3b295aafc6b401ce3c,2026-07,North Wales Police,North Wales Police,-3.421799,53.224735,On or near Chapel Street,W01000247,Denbighshire 010C,Unable to prosecute suspect
ae8fd4316e9d1d73e4ec1bc01bb85dc1cf621f68b4ce329e49228ffdc32d6d24,2026-07,North Wales Police,North Wales Police,-3.170242,53.155170,On or near Parking Area,W01000300,Flintshire 019B,Unable to prosecute suspect
21a2e3d0c82e439e574856aa9f355442891df25402573fd22057c43f5e27dce0,2026-07,North Wales Police,North Wales Police,-3.021920,53.070129,On or near Hazel Avenue,W01000379,Wrexham 004C,Unable to prosecute suspect
ebd0198a07e61397dbd5f12c377807b5eda1284d6641d50d23c7b7cac1ab9ccf,2026-07,North Wales Police,North Wales Police,-3.487470,53.314558,On or near Ffordd Las,W01000236,Denbighshire 006A,Unable to prosecute suspect
b62568c7c158b1b67fe8772553f6869f0f42e075f8768d81b4a372a408d15bd5,2026-07,North Wales Police,North Wales Police,-3.724453,53.295165,On or near Shopping Area,W01000144,Conwy 007C,Unable to prosecute suspect
8523282713e62e0f526b7f0a7f00f85eeefec92911507933201f689c8fa27415,2026-07,North Wales Police,North Wales Police,-3.032617,53.110489,On or near Hawarden Road,W01000308,Flintshire 020C,Formal action is not in the public interest
d5c283a9be286374284f0205bd74185c0cde81adb922c16c3135bc083abcdfaf,2026-07,North Wales Police,North Wales Police,-3.502722,53.315877,On or near Marlborough Grove,W01000241,Denbighshire 004F,Unable to prosecute suspect
7faf0c780ed2e98ba43b7445ee9f93ccc8e2ac6ecb3f3e2b6ad37db7a873e5c2,2026-07,North Wales Police,North Wales Police,-3.398400,53.260557,On or near Parking Area,W01000248,Denbighshire 008D,Unable to prosecute suspect
db43f3cec9e7f7ae36a5bcc363b9579a9339fee25cfa05fd6881d4ee12652d8b,2026-07,North Wales Police,North Wales Police,-4.278149,53.222250,On or near Sports/Recreation Area,W01000025,Isle of Anglesey 009B,Unable to prosecute suspect
38eae99b15d9b25b92ce7c442b409823a19b490ecd59869fac93adc15d5b73e8,2026-07,North Wales Police,North Wales Police,-2.979041,53.041885,On or near Pont Wen,W01001929,Wrexham 012F,Unable to prosecute suspect
94fcd0bfe668e59e037af9b171e4fcdddc6570c8d18a9081eab6612cd8372baf,2026-07,North Wales Police,North Wales Police,-2.991364,53.040066,On or near Jarman Avenue,W01000365,Wrexham 011C,Unable to prosecute suspect
620fc7e4762c0ec9c7daebf32c26420cb83080b8232aa85b8d2f75b52c0c2673,2026-07,North Wales Police,North Wales Police,-3.712948,53.285515,On or near Ffordd-Y-Fedwen,W01000138,Conwy 008A,Unable to prosecute suspect
f3c3d6b0a99c08d686db1a6bb0ada1d517d6a5259676acf7fb8c1838c6624025,2026-07,North Wales Police,North Wales Police,-3.740409,53.311548,On or near Parking Area,W01000156,Conwy 004B,Suspect charged
66b26e165870bdb332e8f14d1dbccd960ebee6be64ac3b2fed737679410bb704,2026-07,North Wales Police,North Wales Police,-2.990611,53.048217,On or near Parking Area,W01000393,Wrexham 023G,Investigation complete; no suspect identified
c68c3b4e8adfd6bb3cbda3a458a901fb7c92fd1bf103c0fa5874c835af6e6cd2,2026-07,North Wales Police,North Wales Police,-4.163215,53.226364,On or near Dew Street,W01000011,Isle of Anglesey 008B,Unable to prosecute suspect
8bfc8bfc37609520be41e8b79700fde356cea6bfca3c8f08dfd72f345d367565,2026-07,North Wales Police,North Wales Police,-3.314105,53.112910,On or near Mill Street,W01000242,Denbighshire 014A,Local resolution
a1836862b79b532820da5b5bb76edaeb5ca900bd232d506289e632daa095c5b8,2026-07,North Wales Police,North Wales Police,-4.296904,53.410329,On or near Parking Area,W01000021,Isle of Anglesey 002C,Unable to prosecute suspect
5b22cecfb14a9b94a691814d128d2834fe782df5b654da1c0e98adb6ef752c9a,2026-07,North Wales Police,North Wales Police,-4.163215,53.226364,On or near Dew Street,W01000011,Isle of Anglesey 008B,Unable to prosecute suspect
11d4942cc697f97377e51d6d2917114d38f36f7b6a0d2aa27038eebde72b0661,2026-07,North Wales Police,North Wales Police,-2.985872,53.047843,On or near Shopping Area,W01001931,Wrexham 012G,Suspect charged
f1d230adf273f1235e4861b5920110d4a83def9ba6691f98504f7bbc075b777d,2026-07,North Wales Police,North Wales Police,-3.416469,53.184426,On or near Peake's Lane,W01000194,Denbighshire 011A,Unable to prosecute suspect
eb2abd0984e795a0d730ad8b65964645daf83c36450b4ceed47f1fc9eac545c5,2026-07,North Wales Police,North Wales Police,-3.053788,52.939322,On or near Princess Avenue,W01000360,Wrexham 019D,Investigation complete; no suspect identified
1da930f92aeb13baac3de577a385a3708fcf4d523d1bd3fd73904b22fb3dd9af,2026-07,North Wales Police,North Wales Police,-3.741195,53.310557,On or near Supermarket,W01000156,Conwy 004B,Investigation complete; no suspect identified
6334589eb6f96aa33b36de2e942b5fc73f92c6a92d4f38e03b8f46d6298e6975,2026-07,North Wales Police,North Wales Police,-3.044069,53.059662,On or near Temperance Road,W01000373,Wrexham 005B,Unable to prosecute suspect
450dbca0f12d9f52e9f29ea8653e39eee495637a816f34f8f2f636e91a9e13cc,2026-07,North Wales Police,North Wales Police,-4.618341,53.300321,On or near Shopping Area,W01000040,Isle of Anglesey 004D,Investigation complete; no suspect identified
a21ef38f7147a44a2b1078cd93ccb6c20c7cfb76c668dc7931e10167e95f00f9,2026-07,North Wales Police,North Wales Police,-3.825295,53.154148,On or near Wood Bank,W01000185,Conwy 015E,Investigation complete; no suspect identified
d443c52b40cf32e46785ce4be765c96b05bd748dc51bd566a30ba04a5f179b47,2026-07,North Wales Police,North Wales Police,-3.035338,53.060169,On or near Arfryn,W01000373,Wrexham 005B,Investigation complete; no suspect identified
d8237be3a58c273518b64c7c4b4fbc18ae36b282bd18b3cee283d45a8d6579bc,2026-07,North Wales Police,North Wales Police,-4.147937,53.213262,On or near Toronnen,W01000064,Gwynedd 002A,Unable to prosecute suspect
a1185b79a73f47dc23caf94d4d3122b8f4fce91e66c47cd2466dcf7cbf3ed222,2026-07,North Wales Police,North Wales Police,-2.938794,53.109558,On or near Rossett Road,W01000417,Wrexham 022B,Unable to prosecute suspect
cc8b8e514214f641b6c4c72175f6c76f2a35900d1530f9f342221552867a8698,2026-07,North Wales Police,North Wales Police,-3.761442,53.289367,On or near Heol Fryn,W01000167,Conwy 011C,Unable to prosecute suspect
e29894c445946fd1d36b6baf5460cdfa123d3a934babe03c12ec1980a640b558,2026-07,North Wales Police,North Wales Police,-3.842263,53.271235,On or near Hendre Road,W01000131,Conwy 012D,Unable to prosecute suspect
65869f4a1c953273db728cbfb71371a855eb8f018a39578a55c09fc1491afa28,2026-07,North Wales Police,North Wales Police,-4.416556,52.889841,On or near High Street,W01000108,Gwynedd 012D,Unable to prosecute suspect
25d5b337caeb28666619d549da848db51f545e63e60bc6cd84cce27a1c9f57eb,2026-07,North Wales Police,North Wales Police,-3.814445,53.294631,On or near Tan 'refail,W01000165,Conwy 006C,Unable to prosecute suspect
2a4f3fac7ab1545ba42177520d1c424cb0491c84bf93b969b76b7f43f7289f1a,2026-07,North Wales Police,North Wales Police,-3.021385,53.072120,On or near Parking Area,W01000379,Wrexham 004C,Suspect charged
aa7d20391f243228935135b197f8cc9623a1c46c76c0808dd147bca362343aa2,2026-07,North Wales Police,North Wales Police,-2.995123,53.045249,On or near Vicarage Hill,W01000350,Wrexham 011B,Investigation complete; no suspect identified
1b50a2dd4350ce072f4add33dbe76b7285083442dae90e9a3a9cfc0feb011fb8,2026-07,North Wales Police,North Wales Police,-3.793826,53.141813,On or near Sports/Recreation Area,W01000134,Conwy 015B,Investigation complete; no suspect identified
f4771ee4d20df5733caa600edd8e91d9574b7e6f251f492b6d75f0aa9d7b7e79,2026-07,North Wales Police,North Wales Police,-2.996834,53.045054,On or near Brewery Place,W01000350,Wrexham 011B,Local resolution
e594ccbc9d4176f7efefe7d9161e5eb2d9e3bc938a295ed0b5e8e7a2aeaac061,2026-07,North Wales Police,North Wales Police,-3.741195,53.310557,On or near Supermarket,W01000156,Conwy 004B,Suspect charged
938b1f97159c95df00fefc55dcce8bcf9d4ec0b439bf984b029969c15000fe8e,2026-07,North Wales Police,North Wales Police,-4.274480,53.220596,On or near Rhosdir,W01000025,Isle of Anglesey 009B,Unable to prosecute suspect
79353d848c225cbd7699e2f9f517bdf70e76c3df57d0fe363bed162b77d2adf1,2026-07,North Wales Police,North Wales Police,-3.830470,53.323388,On or near Norwood Passage,W01000169,Conwy 001D,Investigation complete; no suspect identified
a32fb5d1f238a3551168425469265df5d7586ef6f62f7746bbf059baf0f211a5,2026-07,North Wales Police,North Wales Police,-3.830485,53.325150,On or near Ty Isa Road,W01000146,Conwy 001B,Investigation complete; no suspect identified
4f40929ef6240142c15cc02e065ff38307b296d61ad69b90a3e2c1abe1c9ef54,2026-07,North Wales Police,North Wales Police,-2.999292,53.039784,On or near Ffordd Belmont,W01000402,Wrexham 011D,Investigation complete; no suspect identified
d9d8569c3d27e5a5cd57ebf5c4ec1dde6c3be291057f3d7a5f02038fa54b8595,2026-07,North Wales Police,North Wales Police,-2.998973,53.048542,On or near Caxton Place,W01000372,Wrexham 008C,Investigation complete; no suspect identified
e250bf7546c3a59ae45b4b06fa358ef250889a7c668865ad8c0228f79033784c,2026-07,North Wales Police,North Wales Police,-4.135669,53.291931,On or near Sports/Recreation Area,W01000035,Isle of Anglesey 005E,Investigation complete; no suspect identified
ea7920badb652d24757118798bc4170b1c9acb9130ccb407026d172706fb9855,2026-07,North Wales Police,North Wales Police,-3.219561,53.273694,On or near Hen Fuarth,W01000304,Flintshire 003E,Unable to prosecute suspect
3a9cce4d56cda8a43bf17ae5d7816970a8834d129b09c3f42cd98db8dc7ba08c,2026-07,North Wales Police,North Wales Police,-3.079667,53.167963,On or near Parking Area,W01000259,Flintshire 017A,Investigation complete; no suspect identified
122251b9eb02ff3c7645d98a2b512b3b1249e293f7098edb794551c7b1a55fce,2026-07,North Wales Police,North Wales Police,-3.079386,53.171669,On or near St John's Close,W01000268,Flintshire 013B,Investigation complete; no suspect identified
37a579785a7bb51e9953ac42cf26bf62f165d5b2d7ef40a97d8b53c5d6432c72,2026-07,North Wales Police,North Wales Police,-3.086494,53.161680,On or near Powell Road,W01000263,Flintshire 017D,Unable to prosecute suspect
a46d1920091896fa4af5aed0cf904d90fb6ae399bef44e75fa4331f5d8622d50,2026-07,North Wales Police,North Wales Police,-3.735831,53.296008,On or near Brackley Avenue,W01000183,Conwy 008E,Unable to prosecute suspect
ecaadbdb5468207e720a53e0b7c10bc8eec9d6852750bc3fb457179ddfdfb619,2026-07,North Wales Police,North Wales Police,-3.799124,53.138463,On or near Willow Street,W01000134,Conwy 015B,Investigation complete; no suspect identified
95544d13e10f53d4383f976c9f2434053a181760d0e03cce49a6eb2d2069e19b,2026-07,North Wales Police,North Wales Police,-3.581106,53.293738,On or near Meirion,W01001928,Conwy 010H,Local resolution
4f82d1e644a2426a78f03051a9dc5b386c45147a4b84db7a029f96e3470b36d6,2026-07,North Wales Police,North Wales Police,-4.342761,53.216764,On or near Lon Dywod,W01000007,Isle of Anglesey 009A,Investigation complete; no suspect identified
400aa3f702f680a8bb6852d84d1276b700daa61d48c0a8460db46861aae204a3,2026-07,North Wales Police,North Wales Police,-3.031422,52.994940,On or near Gorse Close,W01000419,Wrexham 016D,Local resolution
4f1df45eba963f67956749b553b807b3cd6a566733bf1e6d04b92b6c84b3d5e9,2026-07,North Wales Police,North Wales Police,-4.126380,53.226766,On or near Stryd Waterloo,W01000062,Gwynedd 001A,Investigation complete; no suspect identified
bb98710110e7f243580be4e9cebbb172b4fc793b14adad9c3eacefee1f7bdc18,2026-07,North Wales Police,North Wales Police,-3.419542,53.301380,On or near Hyfrydle,W01000201,Denbighshire 008B,Unable to prosecute suspect
23c3777cf7427bd154c51715a59bf0fda628a32dc120f922585363d4c1a29947,2026-07,North Wales Police,North Wales Police,-3.751023,53.314872,On or near Rhyd Drive,W01000156,Conwy 004B,Investigation complete; no suspect identified
35f3e833af6f9d752d439bf569a6d19ca36c2d2e7593a4b18186468a887c0c22,2026-07,North Wales Police,North Wales Police,-4.433743,53.255022,On or near Parking Area,W01000009,Isle of Anglesey 007C,Investigation complete; no suspect identified
e4f983730e527031bd439b540f71e8a87c16fba9a9b519aa1b0a55296142d949,2026-07,North Wales Police,North Wales Police,-4.270681,53.140272,On or near A487,W01000059,Gwynedd 006A,Unable to prosecute suspect
bc8a2affa563a147148766f4ec10f08204968bc792c70b0fa0220f48782a97ad,2026-07,North Wales Police,North Wales Police,-3.815735,53.321482,On or near Irving Road,W01000186,Conwy 001E,Unable to prosecute suspect
09437a6ccfd64360e966804be07f31b7690eb9c611f374a982e1f165ac64bafb,2026-07,North Wales Police,North Wales Police,-2.972837,53.040606,On or near Queensway,W01000423,Wrexham 012D,Unable to prosecute suspect
6eeecffd7c16582a0f43525839f9abec0646f809d085ae4479da9643e720a87a,2026-07,North Wales Police,North Wales Police,-3.323008,52.982819,On or near Maes-Y-Llan,W01000192,Denbighshire 016A,Unable to prosecute suspect
a9a7a59a284e3ab4893711082530d68a1b50cdf446ec8a469302218f86373876,2026-07,North Wales Police,North Wales Police,-3.032288,52.978787,On or near Park/Open Space,W01000407,Wrexham 016C,Unable to prosecute suspect
299dbaacb1569ef144dcc231329915554c5157a5279f5324e192e0015844b73e,2026-07,North Wales Police,North Wales Police,-3.429502,53.183452,On or near Maes Y Dre,W01000198,Denbighshire 011B,Investigation complete; no suspect identified
179f44a52ac4213601194c63c46ba9aea509ee12acb79c35fc254cf432bf64e1,2026-07,North Wales Police,North Wales Police,-3.035716,52.990066,On or near Stanley Grove,W01000420,Wrexham 016E,Unable to prosecute suspect
feeb328e6bf03804c20b0ca0638505703cc5bdc7b602e37caa743ab71e61f9bb,2026-07,North Wales Police,North Wales Police,-3.412727,53.299474,On or near Thomas Avenue,W01000200,Denbighshire 008A,Further investigation is not in the public interest
6ab7f602b608b5a598376b52c76334b00738d165e4264853cabe176917914d90,2026-07,North Wales Police,North Wales Police,-3.003715,53.043360,On or near Gibson Street,W01000350,Wrexham 011B,Suspect charged
560838511b3bf16708b205c1df82ab1fb2b3ca120f90a6a34ea7421556314403,2026-07,North Wales Police,North Wales Police,-4.310682,53.255800,On or near Bulkeley Square,W01000014,Isle of Anglesey 006C,Unable to prosecute suspect
317bf152b5b7b0bbfbb193e3788225db04259cbe1d14e95f0325050f22d1702f,2026-07,North Wales Police,North Wales Police,-3.489671,53.322603,On or near Parking Area,W01000240,Denbighshire 004E,Further action is not in the public interest
68a42c05de52f7f2222a2307822797531c70b6309a7a38d93e9467ecf257b205,2026-07,North Wales Police,North Wales Police,-3.008250,53.043367,On or near Ruthin Road,W01000349,Wrexham 011A,Unable to prosecute suspect
c1c23ddd43d067ee9f2fee4f5f7cd7a8aeacc99794e669cfcd5b52b1a4bcfc39,2026-07,North Wales Police,North Wales Police,-2.979843,53.050275,On or near Archer's Way,W01000425,Wrexham 010E,Unable to prosecute suspect
8462d115bbe5a7e462158a3f4c767832361a25c1f030af817ff7c38ac6011a30,2026-07,North Wales Police,North Wales Police,-3.007856,53.048207,On or near Bron-Y-Nant,W01000350,Wrexham 011B,Suspect charged
0eb31423a6fbe51b5f8154a765f76543e766bbcd7b49a78b5a4ac4a16f72aa5f,2026-07,North Wales Police,North Wales Police,-3.015069,53.099322,On or near Miners Park,W01000390,Wrexham 021A,Suspect charged
1d1f34401738bafd51370bc76433ba18fffc4dc6b1fcb5b8eeed415cacdd2e84,2026-07,North Wales Police,North Wales Police,-3.037931,53.070584,On or near Maelor Close,W01000351,Wrexham 005A,Unable to prosecute suspect
5504c26862e3e0bc39a4ff13cb6aba44c112657d554951c1ef590163d396cea6,2026-07,North Wales Police,North Wales Police,-4.625914,53.309656,On or near Turkey Shore Road,W01000033,Isle of Anglesey 003E,Investigation complete; no suspect identified
4b6b0410f4e7f98553bac2df102e7f1435a2754c9c30f5c2a7a44b9b72306606,2026-07,North Wales Police,North Wales Police,-3.072816,53.218905,On or near Aber View,W01000277,Flintshire 008B,Local resolution
f582c7c4db1d5508508c728173cbc71172b16b440c78abd00918c90bc0c96b6e,2026-07,North Wales Police,North Wales Police,-3.053675,53.193285,On or near Yowley Road,W01000251,Flintshire 013A,Unable to prosecute suspect
f039f376dce2c64061ee68cc193b5e0aed849c024b46ca9162687cf94b2adc7e,2026-07,North Wales Police,North Wales Police,-3.488481,53.312136,On or near Brookes Avenue,W01000237,Denbighshire 006B,Unable to prosecute suspect
23c4f4f06e388c7ecb55ba9d93d611e387ee7ca51d8a34fe784d9233580dde57,2026-07,North Wales Police,North Wales Police,-2.995668,53.041091,On or near Erddig Court,W01000365,Wrexham 011C,Investigation complete; no suspect identified
0caf41d429e2aaa274c2ac4f2f7eb293b5e097a820107339a5dcabe6a96b950e,2026-07,North Wales Police,North Wales Police,-3.675345,53.287183,On or near Berth-Y-Glyd Road,W01000163,Conwy 009E,Unable to prosecute suspect
3e98046637bfe378906db26c0d6116433541bcfad7bae8844f8c4da200b7d596,2026-07,North Wales Police,North Wales Police,-3.338562,53.347704,On or near Park/Open Space,W01000287,Flintshire 001A,Unable to prosecute suspect
497a843449ae546baf2c653e8c986bf123cb7941fe5a7b69f21b2a762a36b7c1,2026-07,North Wales Police,North Wales Police,-3.502745,53.315247,On or near Sydenham Avenue,W01000241,Denbighshire 004F,Investigation complete; no suspect identified
ff5f17da3967edac6a01bbb27523ba6e31ebd17d931732f7b9a38d658aebb77e,2026-07,North Wales Police,North Wales Police,-3.502745,53.315247,On or near Sydenham Avenue,W01000241,Denbighshire 004F,Investigation complete; no suspect identified
1a7f2854762aab05e57a77f02be0a8d04bdd8ac4c0a31a96a1e2a4626b476a90,2026-07,North Wales Police,North Wales Police,-3.502745,53.315247,On or near Sydenham Avenue,W01000241,Denbighshire 004F,Investigation complete; no suspect identified
d18498b5e3f92e23a2c9525c015110e411028a2e60d62b44d7f221fd87025162,2026-07,North Wales Police,North Wales Police,-3.502745,53.315247,On or near Sydenham Avenue,W01000241,Denbighshire 004F,Investigation complete; no suspect identified
b5235320d211c4cf8d87082231158b1c50420ab9a703c0863761eec773df8393,2026-07,North Wales Police,North Wales Police,-3.502745,53.315247,On or near Sydenham Avenue,W01000241,Denbighshire 004F,Investigation complete; no suspect identified
7ef39177dd13571ff8264f128585b34e3255172f6f60c05edd9ef611c59942d3,2026-07,North Wales Police,North Wales Police,-3.502745,53.315247,On or near Sydenham Avenue,W01000241,Denbighshire 004F,Investigation complete; no suspect identified
37605e30d37fe4b247fc227679f1a262cc3dee9f36b140a3e52ee3fb464c3861,2026-07,North Wales Police,North Wales Police,-3.502745,53.315247,On or near Sydenham Avenue,W01000241,Denbighshire 004F,Investigation complete; no suspect identified
286c8ded7a0018806c564e4f0243fccb37a5848c46fc9976b9c366f66126305b,2026-07,North Wales Police,North Wales Police,-3.502745,53.315247,On or near Sydenham Avenue,W01000241,Denbighshire 004F,Investigation complete; no suspect identified
edec898b0712b5183780f537e4fb8922de45d458f40d2868c27ddba96a6f2651,2026-07,North Wales Police,North Wales Police,-3.427022,53.186736,On or near Bryn Seion,W01000198,Denbighshire 011B,Suspect charged
ec84f4676029deb9e6c84f46f9e8b508ee72a80f6cb1f538066e0eb96d9f3f40,2026-07,North Wales Police,North Wales Police,-3.678056,53.287846,On or near Mor Awel,W01000163,Conwy 009E,Unable to prosecute suspect
a8094a9e6d744d7777b67c16ee4745cd125ab5efc1944de64cfd5e7ab24873cb,2026-07,North Wales Police,North Wales Police,-3.234468,53.279977,On or near Meadowbank,W01000306,Flintshire 002A,Unable to prosecute suspect
7bf6220250235fd36fbb09002fcd8e4d3df480f2f7e60dd1a05b191a1f9398f5,2026-07,North Wales Police,North Wales Police,-3.001183,53.057019,On or near Brunel Court,W01000422,Wrexham 008F,Investigation complete; no suspect identified
fe83eab00a9d205f5b3511598ac2cc6f34f7fd639c1256799ce371c6b8d0601d,2026-07,North Wales Police,North Wales Police,-3.083762,52.978805,On or near The By-Way,W01000354,Wrexham 017A,Unable to prosecute suspect
a42eb90e09508c69d11a71e5ddedf61fe07b217726737da32e0c3bfc22a7463b,2026-07,North Wales Police,North Wales Police,-2.940083,53.117306,On or near Beech Hollows,W01000417,Wrexham 022B,Local resolution
b60bce4e3fe01e1eba8c95f209c9b564490da4cbf1bb558ea6d4f476498ba953,2026-07,North Wales Police,North Wales Police,-3.063958,53.221690,On or near B5129,W01000273,Flintshire 007A,Investigation complete; no suspect identified
4ae1daa6321a6536ee6f518cf7555671375b9410e739f5f8061da734822f7973,2026-07,North Wales Police,North Wales Police,-3.176029,52.972759,On or near Llys Bran,W01000209,Denbighshire 016D,Investigation complete; no suspect identified
a1399383dfd90a15129bd460e23c3c26754204cc82d4f7194d96dc1d14857683,2026-07,North Wales Police,North Wales Police,-4.337267,53.412926,On or near Craig Y Don,W01000003,Isle of Anglesey 001A,Unable to prosecute suspect
db13bf2c14aee7a502bed791439fe873cd00bcc0600b0be329cdcb767274cc8a,2026-07,North Wales Police,North Wales Police,-4.115892,53.225245,On or near Kingsley Avenue,W01000091,Gwynedd 001D,Unable to prosecute suspect
44a3dd74fc1f05e03f7e1fc16b804156ad2bf49ecee9afaafa6123e959b581ea,2026-07,North Wales Police,North Wales Police,-3.832704,53.313851,On or near Marian Place,W01000187,Conwy 002C,Investigation complete; no suspect identified
456806bdf63835638fa97f7f8fb45433818d81074b21561d1afb910d162efe2a,2026-07,North Wales Police,North Wales Police,-3.832704,53.313851,On or near Marian Place,W01000187,Conwy 002C,Unable to prosecute suspect
f3edc8486b54d896ce29dce4ed0cb8628718eca936c12145ff28a434349c8b90,2026-07,North Wales Police,North Wales Police,-3.462769,53.321812,On or near Llys Helyg,W01000235,Denbighshire 017D,Unable to prosecute suspect
0df96402cdbd0370477394dc71fc6cee273cbf6118dd49578d2016ea078a3926,2026-07,North Wales Police,North Wales Police,-2.971598,53.043852,On or near Prince Charles Road,W01000413,Wrexham 010C,Unable to prosecute suspect
8bb71d80ef9ec5589f132e346b3551adbdc234ccd8edf63f91d72860f799f829,2026-07,North Wales Police,North Wales Police,-3.781490,53.318682,On or near Pen-Y-Parc,W01000173,Conwy 003B,Unable to prosecute suspect
19ca2453feaec5aa18cab207967a0ab12fb97f81bb4e7b3b34539f195924ae50,2026-07,North Wales Police,North Wales Police,-2.972837,53.040606,On or near Queensway,W01000423,Wrexham 012D,Unable to prosecute suspect
5895d97ee3859bfeb76847aa78224dbfd4c62d1a37fa28ee6d98211c9b9dcd18,2026-07,North Wales Police,North Wales Police,-3.047533,53.174012,On or near Parking Area,W01000285,Flintshire 013D,Unable to prosecute suspect
1f3e1465883481cf90b73aea6903918e1b42b87df9a2c5652c247490996df859,2026-07,North Wales Police,North Wales Police,-3.798020,53.138156,On or near Ancaster Square,W01000134,Conwy 015B,Unable to prosecute suspect
1ca03cc5bc91b6ea6b76769c30db0740e4ee6e27e1f9303959c5514085243ff5,2026-07,North Wales Police,North Wales Police,-4.263854,53.139539,On or near Cil Isaf,W01000098,Gwynedd 006C,Investigation complete; no suspect identified
cb0f1386a90444b2f5598f6262f21d9222c40d5e01d951cee16478d1899ae845,2026-07,North Wales Police,North Wales Police,-4.546123,52.930248,On or near Trem Y Garn,W01000094,Gwynedd 012B,Unable to prosecute suspect
8c86d574ee35d33066e6177bba49e4e1c77434ba5361825d506271455920a78a,2026-07,North Wales Police,North Wales Police,-3.404101,53.191099,On or near Bro Afallon,W01000196,Denbighshire 012B,Action to be taken by another organisation
b41016e7d539ee18b80b77eb58c4806e97228116b1f6dbcd8156a3fdb3b55f67,2026-07,North Wales Police,North Wales Police,-4.029064,52.546587,On or near Philip Avenue,W01001933,Gwynedd 017F,Investigation complete; no suspect identified
f7b9ed96cf2dadcc511fec0392183833e263571f86d2bb0f3e3c78f2c103622b,2026-07,North Wales Police,North Wales Police,-3.404101,53.191099,On or near Bro Afallon,W01000196,Denbighshire 012B,Action to be taken by another organisation
bd037bd6d55d0cd0bac84d376cbd93dbd36ead644c8a43b5027bc082d1474213,2026-07,North Wales Police,North Wales Police,-3.404101,53.191099,On or near Bro Afallon,W01000196,Denbighshire 012B,Action to be taken by another organisation
0e44deef6a72b23bb456923f3f98715aeda2da505c81c739a1653807e87c3728,2026-07,North Wales Police,North Wales Police,-4.134968,53.230146,On or near Hwfa Road,W01000092,Gwynedd 001E,Local resolution
d0a10ae566cff17f1fce661b6a4e86f8c4b4bd0bd733dc9d0e89b20701b3fe21,2026-07,North Wales Police,North Wales Police,-4.176776,53.210752,On or near Ffordd Bronwydd,W01000103,Gwynedd 005D,Suspect charged
a666c35d89eac66925eb6425892781b2e9163bcf9ed328b33196c649b0bb2d70,2026-07,North Wales Police,North Wales Police,-3.044069,53.059662,On or near Temperance Road,W01000373,Wrexham 005B,Unable to prosecute suspect
6fbea54b0cd648ec351a08f0bf136bcc08f1a4d4c44547b936ec49f2d02e4f2a,2026-07,North Wales Police,North Wales Police,-4.562721,53.281989,On or near Carna Terrace,W01002007,Isle of Anglesey 004G,Further action is not in the public interest
ba417520035f2cc96461c81afe06930a5d2d2920275b85e10f99f872d183e754,2026-07,North Wales Police,North Wales Police,-3.323008,52.982819,On or near Maes-Y-Llan,W01000192,Denbighshire 016A,Offender given a caution
b3e5c6e6aaee8cbd258c503901088f8117fd5bef2b3685788951bbae4382c320,2026-07,North Wales Police,North Wales Police,-3.427446,53.182380,On or near Myddelton Avenue,W01000198,Denbighshire 011B,Unable to prosecute suspect
5c8f05ba4e69184db506687cb9abfd32a6b0c814143b3b51b3a0b7b5f75e6523,2026-07,North Wales Police,North Wales Police,-3.323008,52.982819,On or near Maes-Y-Llan,W01000192,Denbighshire 016A,Offender given a caution
edbb26ff7c2185e1e76bd421ad97cbf3991c3a29593b7aa2fdeb0f00f8bfc1ae,2026-07,North Wales Police,North Wales Police,-3.076493,52.999754,On or near Bro Awelon,W01000408,Wrexham 013D,Suspect charged
e0d789b1f10dd7ddc0a816380812765977351d1f4d3cce840f3876f33ec2d487,2026-07,North Wales Police,North Wales Police,-4.126947,53.226127,On or near High Street,W01000062,Gwynedd 001A,Unable to prosecute suspect
f709888455cbfcf1c4276273d122c7fa4e1e6ba8eb8e1d2a065e305efdf06f32,2026-07,North Wales Police,North Wales Police,-3.169793,52.969602,On or near Oak Street,W01000208,Denbighshire 016C,Suspect charged
f709888455cbfcf1c4276273d122c7fa4e1e6ba8eb8e1d2a065e305efdf06f32,2026-07,North Wales Police,North Wales Police,-3.169793,52.969602,On or near Oak Street,W01000208,Denbighshire 016C,Suspect charged
f709888455cbfcf1c4276273d122c7fa4e1e6ba8eb8e1d2a065e305efdf06f32,2026-07,North Wales Police,North Wales Police,-3.169793,52.969602,On or near Oak Street,W01000208,Denbighshire 016C,Suspect charged
bcd20a82b8b1f32dd1ead0ac5bb7bed2a6573e9ef9672d1ef35863cb62572311,2026-07,North Wales Police,North Wales Police,-3.132001,53.249999,On or near New Roskell Square,W01000288,Flintshire 004A,Unable to prosecute suspect
64c71d92025769f0a2853fd98849f8ecb5b49c20db01c339d94ebc76578f1be7,2026-07,North Wales Police,North Wales Police,-4.052536,52.609904,On or near Dol Fathew,W01001933,Gwynedd 017F,Unable to prosecute suspect
85034d7bfc38cbc9d7e2fe87953bed4229c9c09e15639a8b8232315d5a3aa635,2026-07,North Wales Police,North Wales Police,-3.529875,53.309895,On or near Arnold Gardens,W01000149,Conwy 005A,Unable to prosecute suspect
370bc31a858d62937fb482f4af0676ea8dcbaf425ff9075c4a68ece7d78e9f98,2026-07,North Wales Police,North Wales Police,-3.003697,53.102241,On or near B5373,W01000390,Wrexham 021A,Unable to prosecute suspect
1fd577b0649400702460f77e20f6ba828aab96716a8230fa00033d6294b8d891,2026-07,North Wales Police,North Wales Police,-2.991714,53.046886,On or near Chester Street,W01000372,Wrexham 008C,Suspect charged
af90e2d4fee4c880bf09a43f8a100a3a7077ee29265d6638e8f71b35a1373b1b,2026-07,North Wales Police,North Wales Police,-4.201953,53.166405,On or near Stryd Bellaf,W01000052,Gwynedd 004A,Suspect charged
f6ebe51c44a1b3e370eb5c3949c8a03e25d3b7f8c1ea865fb3401885864caa7c,2026-07,North Wales Police,North Wales Police,-3.491763,53.321030,On or near Sussex Street,W01000240,Denbighshire 004E,Unable to prosecute suspect
e0f49cf498138b0194653032fdbebf51e91363ff688b1675861ccb38dfd927f8,2026-07,North Wales Police,North Wales Police,-4.284798,53.051540,On or near Trem-Yr-Wyddfa,W01000104,Gwynedd 008C,Suspect charged
cae9c3c743ef1ade5883776281a584ba986d386c28b816a047959099fd5c7a1e,2026-07,North Wales Police,North Wales Police,-4.135213,52.928969,On or near Supermarket,W01000106,Gwynedd 010D,Suspect charged
f5a4aae423e4b5549f65fe3777d4400f46ec87a57d35ee613fa7c7ee915755fb,2026-07,North Wales Police,North Wales Police,-3.461375,53.317469,On or near Rhodfa Plas Coed,W01000232,Denbighshire 017B,Unable to prosecute suspect
22186d5911ef3d1566d00b989ec9da1f9e17d1ea70bec2f2b5be87957e499269,2026-07,North Wales Police,North Wales Police,-4.270026,53.145994,On or near Petrol Station,W01000093,Gwynedd 006B,Unable to prosecute suspect
ce030f72a5831a09cd7a7ac20e34044d21aa5f75d66907ae4f6cdd1d67ff7fb7,2026-07,North Wales Police,North Wales Police,-2.973410,53.083211,On or near Maxwell Close,W01000370,Wrexham 021D,Suspect charged
1245844b43c261b2478efe05059991bfdd2c2ec844d25aa7552c462c72cb30ba,2026-07,North Wales Police,North Wales Police,-3.537099,53.302098,On or near Llys Arthur,W01000184,Conwy 005E,Formal action is not in the public interest
f0083810af79b737846be0da2eb5281de2d5ad40babd997de48bd9f01ab48c5b,2026-07,North Wales Police,North Wales Police,-3.060672,53.012068,On or near School Street,W01000412,Wrexham 015D,Unable to prosecute suspect
31d12aedc1a1c818177fbce1000de294c8b8d00abdfad00859a78624835b227e,2026-07,North Wales Police,North Wales Police,-4.326214,53.260218,On or near Bryn Meurig,W01000014,Isle of Anglesey 006C,Unable to prosecute suspect
e8ef7a5dd62c0bd161e4d4130f3fde590cfe3057d1c5a86f229eab6d45590d86,2026-07,North Wales Police,North Wales Police,-2.982132,53.055811,On or near The Hawthorns,W01000341,Wrexham 023C,Suspect charged
0f83fd32420e287dd6012602130d34af6498dea9cd6f604cccb083c43c7eb2ba,2026-07,North Wales Police,North Wales Police,-3.187771,52.931217,On or near Maybury Avenue,W01001930,Wrexham 019F,Unable to prosecute suspect
a55e4dd6d839692ec037e0a2ec072b7c7b15be88c802892a248e105fd0a80120,2026-07,North Wales Police,North Wales Police,-3.481731,53.316157,On or near Vale Park,W01000236,Denbighshire 006A,Unable to prosecute suspect
a24dc447eb0b5ad29695a100ab74d7cacfdd2b7474776cb5b6513ccfe1dc07c2,2026-07,North Wales Police,North Wales Police,-3.324872,53.115676,On or near Llys Famau,W01000242,Denbighshire 014A,Unable to prosecute suspect
312f07da59a65bad42404a3c0cb6802e7a6eff75ce3b120bea22f5259ea543d0,2026-07,North Wales Police,North Wales Police,-2.985872,53.047843,On or near Shopping Area,W01001931,Wrexham 012G,Unable to prosecute suspect
1404aec965f06a561df6322c5ffe41a2d9febaf283cf806e8f5f07f129229c0f,2026-07,North Wales Police,North Wales Police,-3.828419,53.312290,On or near Ffordd Yr Orsedd,W01000187,Conwy 002C,Suspect charged
1404aec965f06a561df6322c5ffe41a2d9febaf283cf806e8f5f07f129229c0f,2026-07,North Wales Police,North Wales Police,-3.828419,53.312290,On or near Ffordd Yr Orsedd,W01000187,Conwy 002C,Suspect charged
f567eb13857749565b5431e00e73b519e8b6b9aff68c34b86111aff4935cfb8e,2026-07,North Wales Police,North Wales Police,-4.172659,52.913724,On or near Main Road,W01000106,Gwynedd 010D,Unable to prosecute suspect
ef19e393da5ab938aa8578d29782a0d19e6e4423bff2947fa1e3f7f8fead45ae,2026-07,North Wales Police,North Wales Police,-3.825144,53.312592,On or near Maes-Y-Cwm,W01000187,Conwy 002C,Suspect charged
ef19e393da5ab938aa8578d29782a0d19e6e4423bff2947fa1e3f7f8fead45ae,2026-07,North Wales Police,North Wales Police,-3.825144,53.312592,On or near Maes-Y-Cwm,W01000187,Conwy 002C,Suspect charged
dce9079868ae26fd8933e20b1c138258ee21376a6836c37335a55dab7e22d994,2026-07,North Wales Police,North Wales Police,-3.502745,53.315247,On or near Sydenham Avenue,W01000241,Denbighshire 004F,Suspect charged
2088b0aba8c52039183928ff24782dbe87b15a6f23199707eac78d42e68909c1,2026-07,North Wales Police,North Wales Police,-3.323008,52.982819,On or near Maes-Y-Llan,W01000192,Denbighshire 016A,Offender given a caution
6380365d822a7764ce0495fa231cddd79375d18e602aaa341edd0db201582464,2026-07,North Wales Police,North Wales Police,-3.423788,53.182622,On or near Petrol Station,W01000199,Denbighshire 011C,Unable to prosecute suspect
623a3367de7fd8e34c987060c8899662f93ec57a4c0a225fe9cee6fcc0a6386b,2026-07,North Wales Police,North Wales Police,-3.169309,52.969319,On or near Chapel Street,W01000208,Denbighshire 016C,Suspect charged
cc9cdc128b8d0b9d33c20bb9933e18a1e13af2195bdfe2c0034f8da41911477d,2026-07,North Wales Police,North Wales Police,-3.792423,53.142340,On or near Trem Arfon,W01000134,Conwy 015B,Investigation complete; no suspect identified
83012046728473581b86bb45410eec3afc6fa365982a2ccf93e96d8f7ff5f7bb,2026-07,North Wales Police,North Wales Police,-3.829414,53.324663,On or near St George's Place,W01000169,Conwy 001D,Unable to prosecute suspect
4b5f580aa3d1753eb161219e898f8f764f0e887801b60c319a4f87be21247e0d,2026-07,North Wales Police,North Wales Police,-4.140624,52.938213,On or near Church Street,W01000107,Gwynedd 010E,Unable to prosecute suspect
3d47438f3a4eb9ca1e801f6243a905f48824126b65b882b0b1b797736aa3402f,2026-07,North Wales Police,North Wales Police,-3.407042,53.197802,On or near Sports/Recreation Area,W01000196,Denbighshire 012B,Further action is not in the public interest
527269be7bb52a848a74f34be4ab2efc2a194f2f7f9183e74d098fb7caa3cb97,2026-07,North Wales Police,North Wales Police,-3.478601,53.318992,On or near Clifton Avenue,W01000238,Denbighshire 006C,Investigation complete; no suspect identified
1b8b058f26012a6de5910d56d2696ef1a6baf99463d80d337ea6cdfb7ea7cbde,2026-07,North Wales Police,North Wales Police,-4.236278,53.079282,On or near Glan Dwr,W01000112,Gwynedd 008D,Investigation complete; no suspect identified
a2e1c3bbe5e3115a52a0f5883d7ad8f0cc462818e3324c565d1f4b48588dddbb,2026-07,North Wales Police,North Wales Police,-3.405490,53.335904,On or near Petrol Station,W01000214,Denbighshire 002B,Unable to prosecute suspect
c8750414956346c9ed6260bb7b4216db5c150cc3378bb7a3fd594870d702aa6d,2026-07,North Wales Police,North Wales Police,-3.403295,53.190695,On or near Cwm Eithin,W01000197,Denbighshire 012C,Unable to prosecute suspect
63755e261e646d44922a7e3c53e1ef5dcc8a18200be8fe28b5ebe2fbea606a98,2026-07,North Wales Police,North Wales Police,-3.054271,53.193145,On or near Crossway,W01000251,Flintshire 013A,Unable to prosecute suspect
803dcd018c6cb9a63c2b7267168bc6ca116add3c94cdf47030d87279bbff9014,2026-07,North Wales Police,North Wales Police,-3.815635,53.319848,On or near B5115,W01000186,Conwy 001E,Investigation complete; no suspect identified
4437b9f41109c072ebe758a7451717192e74404d0a8e5c85cdf658dad7fddbda,2026-07,North Wales Police,North Wales Police,-2.937069,53.177225,On or near Parc Maes y Pabiau,W01000329,Flintshire 015D,Unable to prosecute suspect
89e9e9f6e83ca2a626053b41754a24d617b36c500d48deb1b097b218669d68bb,2026-07,North Wales Police,North Wales Police,-3.489674,53.320086,On or near St Helens Place,W01000240,Denbighshire 004E,Unable to prosecute suspect
e78657f4ab4d8ec97937cde49bb0d3422155a10a98686d51e4bd58b5cfdb6a96,2026-07,North Wales Police,North Wales Police,-4.129753,52.926252,On or near Smith Street,W01000105,Gwynedd 010C,Unable to prosecute suspect
2061c06d13566ef9b681b7b5eddfe8727c219c7799b46a1df617485baf173a47,2026-07,North Wales Police,North Wales Police,-4.639971,53.307052,On or near Felin Wen,W01000030,Isle of Anglesey 003D,Unable to prosecute suspect
d29e01ef49aa7c90ad3022bb7cb2477d6e648b41ed7e822c44732ea697116bae,2026-07,North Wales Police,North Wales Police,-3.064487,53.053790,On or near Heol Gwenallt,W01000362,Wrexham 006C,Unable to prosecute suspect
a4427b01c8f26de52a0974f1ddda6917baed7c34cbf5997a0aa3dfe920a20630,2026-07,North Wales Police,North Wales Police,-4.140624,52.938213,On or near Church Street,W01000107,Gwynedd 010E,Unable to prosecute suspect
ded6ec45f8658ddb5168048884f4720e08a9964bda1ee57af803fe8fbde06994,2026-07,North Wales Police,North Wales Police,-3.738835,53.302365,On or near Bryn-Y-Mor Road,W01000182,Conwy 007D,Unable to prosecute suspect
3cf6f54583626866b5b639e5434be8ec5d7ee2a2ffe8d0b83e37fa144139dc19,2026-07,North Wales Police,North Wales Police,-3.545243,53.304860,On or near San Remo Avenue,W01000184,Conwy 005E,Investigation complete; no suspect identified
5ed2815c849e4984ba2992e819f7605960c037a2aa2db76738f995c6ec4f082d,2026-07,North Wales Police,North Wales Police,-4.272002,53.138098,On or near Garnon Street,W01000111,Gwynedd 007C,Local resolution
279101a03829779a99a89d31cb99763fae0ccbe8d868ebdea34a2ed1cdba419a,2026-07,North Wales Police,North Wales Police,-3.493905,53.317453,On or near Plas-Y-Brenin,W01000240,Denbighshire 004E,Action to be taken by another organisation
585dd151fb2b0f3157312df60fb7201c2f97adca4464fe1b619646717409d9ea,2026-07,North Wales Police,North Wales Police,-3.545243,53.304860,On or near San Remo Avenue,W01000184,Conwy 005E,Investigation complete; no suspect identified
760c2dc8dba80e95ae082fd23e0d765ce28269eccb0131205b6ac5cf6856ab39,2026-07,North Wales Police,North Wales Police,-3.841124,53.184695,On or near Graham Road,W01000185,Conwy 015E,Unable to prosecute suspect
d62627d19b1fc967191b9a0b142e3c96bd9c9f3c610f40f0f629e9fbcede3a54,2026-07,North Wales Police,North Wales Police,-2.983285,53.046848,On or near Crescent Close,W01001931,Wrexham 012G,Formal action is not in the public interest
53c6de8193d0b65989bacbda90f4651d43a16befc434f3729e90844e82558b90,2026-07,North Wales Police,North Wales Police,-4.627402,53.301854,On or near Parking Area,W01000017,Isle of Anglesey 003B,Unable to prosecute suspect
d7d629b1bff180f8d3f5649414d58c287fe0ee7d262f1d55ce6fc34bb0d4d495,2026-07,North Wales Police,North Wales Police,-3.405609,53.330392,On or near South Avenue,W01000213,Denbighshire 002A,Unable to prosecute suspect
0c56ce9c7c156279cd07b2551b9c0a58a6904273c63fce8b06250d9f6f8d8228,2026-07,North Wales Police,North Wales Police,-2.987475,53.046094,On or near Supermarket,W01001931,Wrexham 012G,Investigation complete; no suspect identified
b58789ab99d2c835205674d7c594df8128b337983749379eb2ee4d9bc3ccc30d,2026-07,North Wales Police,North Wales Police,-3.488333,53.320390,On or near Heol Clwyd,W01000240,Denbighshire 004E,Local resolution
71dae39552babc0cd1fd22ac9839c7bb70ad3ef634d32fca6489bd2072816db5,2026-07,North Wales Police,North Wales Police,-3.234468,53.279977,On or near Meadowbank,W01000306,Flintshire 002A,Formal action is not in the public interest
7da224c6df19d295de99abb585c6cf87e135da1b5ef387ca3d422912ec0cbb4a,2026-07,North Wales Police,North Wales Police,-3.053337,53.008933,On or near Stryt Yr Allt,W01000405,Wrexham 015B,Unable to prosecute suspect
59955a3f567005b72f0c0a03dbdac6c3dbb6b1ef9e5abf02b1eff71f1b8e9a60,2026-07,North Wales Police,North Wales Police,-3.493653,53.320971,On or near Sussex Lane,W01000240,Denbighshire 004E,Investigation complete; no suspect identified
d67418fe0949e777564dda5cc3b179cf44a7479c9ae7f49bb24c95097b2cdbc3,2026-07,North Wales Police,North Wales Police,-3.495264,53.320249,On or near Parking Area,W01000240,Denbighshire 004E,Investigation complete; no suspect identified
85a9316949e1633ace01119f74987c8009b514b5fa5eb90edc8a46bb36c36ade,2026-07,North Wales Police,North Wales Police,-4.421187,52.884369,On or near Lon Cob Bach,W01000109,Gwynedd 012E,Unable to prosecute suspect
9a82c1c8f0f76319093e84372ace6658527aafa7baa99be3ebd76e19b97b9433,2026-07,North Wales Police,North Wales Police,-3.740409,53.311548,On or near Parking Area,W01000156,Conwy 004B,Suspect charged
ef5efa48d1c40b57bb708ee95d4e04c9a139df2c9510655fbadd0edc6a5ad9e3,2026-07,North Wales Police,North Wales Police,-4.265331,53.139754,On or near Ffordd Ysgubor Goch,W01000098,Gwynedd 006C,Unable to prosecute suspect
92a47711cb0b9cbfd38ff68bd73b41bfd439c9318e8718f1f7471aa022001191,2026-07,North Wales Police,North Wales Police,-4.141698,53.218796,On or near Ainon Road,W01000075,Gwynedd 002C,Unable to prosecute suspect
0a7e4b453d18372490edefdf41b08b3c2676165980414e39b09d4e5d8121344f,2026-07,North Wales Police,North Wales Police,-3.502745,53.315247,On or near Sydenham Avenue,W01000241,Denbighshire 004F,Suspect charged
2253fca6a03e6f4f5db70f9d3943570b1782b07d0845ab012ef4db47d2e2297a,2026-07,North Wales Police,North Wales Police,-4.624037,53.301317,On or near Llain Bryniau,W01000029,Isle of Anglesey 003C,Unable to prosecute suspect
51f39806eb17fe70d4933abecf116aad6237b8ba5f4198d2fdd7be94d25fe000,2026-07,North Wales Police,North Wales Police,-4.532621,53.318521,On or near Parking Area,W01000022,Isle of Anglesey 004A,Unable to prosecute suspect
6529f54e6f43e5a40296b849102d9b8b9989a46ec2e1de0d88ce03cddbf8debf,2026-07,North Wales Police,North Wales Police,-3.040824,52.986299,On or near Duke Street,W01000407,Wrexham 016C,Investigation complete; no suspect identified
111d63efd2f19bb8aefc35924d3d819c8225b2bf834cd60703088c43bcc1002f,2026-07,North Wales Police,North Wales Police,-3.081677,53.164619,On or near Terrig Crescent,W01000262,Flintshire 017C,Local resolution
32805606a94089c197fcbe1c4e1e963a8c648d66857a9c58f40b6d0124ce8508,2026-07,North Wales Police,North Wales Police,-2.938794,53.109558,On or near Rossett Road,W01000417,Wrexham 022B,Unable to prosecute suspect
ea0035e5369a5e044e911fa9bce8c8e3910c0fe17c452327c0639014da39ebd9,2026-07,North Wales Police,North Wales Police,-3.039000,52.986612,On or near Park Street,W01000407,Wrexham 016C,Local resolution
dae00d2ced07696bbe1ff74a047a77bfb9336647ce5f671c376eea8c20c2eed6,2026-07,North Wales Police,North Wales Police,-3.028198,53.053633,On or near Ffordd Powell,W01000400,Wrexham 005C,Unable to prosecute suspect
44d68bfb739e8671abf9b27af1261183c8e8d6afa13157052aac8c50ea7507f8,2026-07,North Wales Police,North Wales Police,-4.307650,53.259086,On or near Ffordd Dolafon,W01000014,Isle of Anglesey 006C,Unable to prosecute suspect
07a594d45c31fd22804a9305445f1621ac037de5cd813c40e2eb925d9833e6e8,2026-07,North Wales Police,North Wales Police,-4.131078,53.224261,On or near Petrol Station,W01000062,Gwynedd 001A,Unable to prosecute suspect
56d733c39955ef9d476fa18b5527a2cd36a869ddda311c477d7a0c207d9e629b,2026-07,North Wales Police,North Wales Police,-3.466080,53.315919,On or near Thornley Avenue,W01000234,Denbighshire 017G,Unable to prosecute suspect
591132b6ae5554d87407c53f79dc88987e4078ad640eaa01744c6a5895cc3f68,2026-07,North Wales Police,North Wales Police,-2.986642,53.040968,On or near Stanley Street,W01001931,Wrexham 012G,Unable to prosecute suspect
8a2752fecddc6d0ae5164548655fcbac51fc548fc9c8dd58a6ea00962c2d8700,2026-07,North Wales Police,North Wales Police,-3.481902,53.314160,On or near Walford Avenue,W01000236,Denbighshire 006A,Unable to prosecute suspect
f7bfe81d837e2e2f7b0aeb07824d850636d7264ddf97ff3d047713052f5e2364,2026-07,North Wales Police,North Wales Police,-3.488481,53.312136,On or near Brookes Avenue,W01000237,Denbighshire 006B,Investigation complete; no suspect identified
1131d2af1b51887533359221e6500cc47e66575bf0b463bed1d017a7d32399e3,2026-07,North Wales Police,North Wales Police,-3.738597,53.287275,On or near Rhodfa Cwmbedw,W01000181,Conwy 008D,Unable to prosecute suspect
d6b645c7f04d9d5f0e36626d75a8623cde9578b936a04829ad3b91e4d6dadaca,2026-07,North Wales Police,North Wales Police,-3.965233,53.262654,On or near Pendalar,W01000170,Conwy 013C,Unable to prosecute suspect
87a20db4f0e2d7a1f1e96dc6521334bd34c42945d28db521bb66563d69096aef,2026-07,North Wales Police,North Wales Police,-3.815970,53.284962,On or near Vale Road,W01000165,Conwy 006C,Unable to prosecute suspect
49a5b645b45ff8d02d0d53e6eadb7b8a214c3ff0f080caa951981a95d18d87b8,2026-07,North Wales Police,North Wales Police,-3.408132,53.329949,On or near Dawson Court,W01000213,Denbighshire 002A,Unable to prosecute suspect
fc2da3de042ad99fb4fda79029a84e22a86259e0bba2b1bdae5719631362c9e3,2026-07,North Wales Police,North Wales Police,-2.987475,53.046094,On or near Supermarket,W01001931,Wrexham 012G,Investigation complete; no suspect identified
63dc87c4408247090c1e75f30a637fc2cac2deee84ed7ac10998d8a9694ed10b,2026-07,North Wales Police,North Wales Police,-4.124881,53.226757,On or near York Place,W01000062,Gwynedd 001A,Investigation complete; no suspect identified
a574c6e521f82e317271a844bedb95fd758784fcdfed69276dac1803229d9bef,2026-07,North Wales Police,North Wales Police,-3.419877,53.183397,On or near High Street,W01000194,Denbighshire 011A,Investigation complete; no suspect identified
43445231f9e46134589508262ecdd09c613de0a17b790de41ff65eff892e2d50,2026-07,North Wales Police,North Wales Police,-3.496508,53.312035,On or near Frederick Street,W01000237,Denbighshire 006B,Unable to prosecute suspect
9c267fc0a0df2a406bb318bb0f67b09de3cb6634242e022afebd1ee20c7d33e9,2026-07,North Wales Police,North Wales Police,-3.462836,53.315869,On or near Merfyn Way,W01000232,Denbighshire 017B,Unable to prosecute suspect
a3f9b10ac9e3926ac8101e0a0c785981abad1dd335b6982d4e12c6809a251767,2026-07,North Wales Police,North Wales Police,-3.489845,53.321549,On or near Shopping Area,W01000240,Denbighshire 004E,Local resolution
feaf02a478adcc5d10df8e9a84995d4abc563729077488204fae11acd4f1061f,2026-07,North Wales Police,North Wales Police,-3.493349,53.322575,On or near Parking Area,W01000239,Denbighshire 004D,Unable to prosecute suspect
1c9383d2565c1c37857b3f9286b3a11f9faa0fd6f6ab3bd83b8a90d3cca0a2a3,2026-07,North Wales Police,North Wales Police,-3.110086,53.064431,On or near Maes Awelon,W01000398,Wrexham 013A,Unable to prosecute suspect
f892bb426aa70e37698b0289eaeb35f2a1ad83eaa94537076ecd5d5dc6d26341,2026-07,North Wales Police,North Wales Police,-3.169793,52.971795,On or near Wharf Hill,W01000208,Denbighshire 016C,Investigation complete; no suspect identified
afc3a5a620df1181ffffe96372db592cca73a04e94e633535bd4068975bcb537,2026-07,North Wales Police,North Wales Police,-3.417697,53.325853,On or near St Asaph Drive,W01000221,Denbighshire 003B,Unable to prosecute suspect
4ab17bbc761abccf0ea056dbc6b4c13d1a8231ff9cc2c15a587b8ddd2d180ab9,2026-07,North Wales Police,North Wales Police,-3.830554,53.325706,On or near Back South Parade,W01000146,Conwy 001B,Unable to prosecute suspect
e21f407a94e1c1c93eac3b2c8f161cb4be2dce5778af5bb7984abf86cbde5bc6,2026-07,North Wales Police,North Wales Police,-3.004516,53.057251,On or near Fleming Drive,W01000372,Wrexham 008C,Investigation complete; no suspect identified
f8e1b3f380e7945ace24765d783a58c15371842bfe39d002ead6956be88a668b,2026-07,North Wales Police,North Wales Police,-3.725497,53.292023,On or near Agnes Grove,W01000143,Conwy 007B,Unable to prosecute suspect
7f02535f1a0974f2fcdbb0b4b0ec61ee652cfc8659848d447f615c14c490bd36,2026-07,North Wales Police,North Wales Police,-2.995151,53.043909,On or near Bridge Street,W01000402,Wrexham 011D,Investigation complete; no suspect identified
e65abecc53369e22969b0f1ded943f696ed9d632f423717d474ca494ac17df5a,2026-07,North Wales Police,North Wales Police,-3.148349,53.247047,On or near Shaftesbury Drive,W01000289,Flintshire 005A,Unable to prosecute suspect
9f079f0a8981e3680ba04178eaf73aead735a2f34d6b4d169a89a03fafb4e407,2026-07,North Wales Police,North Wales Police,-4.495796,52.860911,On or near Lon Pin,W01000080,Gwynedd 014C,Unable to prosecute suspect
d888ef2df599186edb2979bb28317b2825c4006b501f2a7b21060207807066f6,2026-07,North Wales Police,North Wales Police,-4.495796,52.860911,On or near Lon Pin,W01000080,Gwynedd 014C,Unable to prosecute suspect
e85ab8727c6174dc04443991b80865dfff7c0eeb7fe43177c55ef306fb7e3156,2026-07,North Wales Police,North Wales Police,-3.148947,52.967926,On or near Maesmawr Road,W01000210,Denbighshire 016E,Further investigation is not in the public interest
4c13628b0b5ac40c60f37d8fbc76cc4218a66a35a25d7b7364bd36e0be71b43c,2026-07,North Wales Police,North Wales Police,-3.521259,53.302724,On or near Rhodfa Caer,W01000151,Conwy 005C,Unable to prosecute suspect
5780e7cb93952c7d7aa958fbe9170fb4f57e1ef990fd97abec9188ed44db79d1,2026-07,North Wales Police,North Wales Police,-3.418293,53.335213,On or near Clos Pry Copyn,W01000219,Denbighshire 001B,Investigation complete; no suspect identified
39e8a076a40db12cb3b919b900dcb7ced2eb054244b711ef1178422304368bf0,2026-07,North Wales Police,North Wales Police,-3.172798,52.969473,On or near John Street,W01000208,Denbighshire 016C,Unable to prosecute suspect
08c11600fa099d304c81c5e65f1ffdd5afd8163ca1230763a70856aa226a6644,2026-07,North Wales Police,North Wales Police,-3.493577,53.318365,On or near Princes Street,W01000240,Denbighshire 004E,Local resolution
226eb1798a07efaaea77eb52e7fb3ad265a77abdb4a0f535d8aa889c5f8e9e0b,2026-07,North Wales Police,North Wales Police,-3.801533,53.282681,On or near Gwel Yr Afon,W01000176,Conwy 011D,Unable to prosecute suspect
05f45a006f8b7cf3effa425ee8a0c4f8867b39f9dc2815693ceeb85258e2b03a,2026-07,North Wales Police,North Wales Police,-3.675345,53.287183,On or near Berth-Y-Glyd Road,W01000163,Conwy 009E,Unable to prosecute suspect
6b4b3ce0631eddf961ecdaf1cb398c50bee759958fd421e7595c6a6a701939a8,2026-07,North Wales Police,North Wales Police,-3.474246,53.309382,On or near Diane Drive,W01000230,Denbighshire 017F,Unable to prosecute suspect
c7038a119c0fbfc1815add69449a5d98ab255ed0424f894ca120d1a9241a42c0,2026-07,North Wales Police,North Wales Police,-3.579170,53.294132,On or near Pen Llyn,W01001928,Conwy 010H,Unable to prosecute suspect
028b05c33db5b779f91fda728bcec65ccadb3b3ddb5630666582d9647571b7d3,2026-07,North Wales Police,North Wales Police,-3.826019,53.316911,On or near Cwm Road,W01000187,Conwy 002C,Unable to prosecute suspect
110bf10c23c63b8f94973020125fbf6e29006e3031d98b85cd14fcb73604a54d,2026-07,North Wales Police,North Wales Police,-3.493905,53.317453,On or near Plas-Y-Brenin,W01000240,Denbighshire 004E,Investigation complete; no suspect identified
7ee565397e5700217eba5b16eaaf9bae402a110cb45c8756d8aa99bea15febaf,2026-07,North Wales Police,North Wales Police,-4.642925,53.315987,On or near Bryn Marchog,W01000037,Isle of Anglesey 003G,Unable to prosecute suspect
20667b4169ded31f1e1bd136f39117c6faeaac505c7402133c5c1d4c95d4e81c,2026-07,North Wales Police,North Wales Police,-3.488481,53.312136,On or near Brookes Avenue,W01000237,Denbighshire 006B,Unable to prosecute suspect
923d4a96c63ba14d45097173c41ded01d838acfaa6588c70ae21aa33448dc85d,2026-07,North Wales Police,North Wales Police,-3.054684,53.218518,On or near Chandlers Court,W01000274,Flintshire 007B,Investigation complete; no suspect identified
e7b24c77dbf024a2bc6f1790c3b8dbcb6859710572b370ed1ebace287d252c43,2026-07,North Wales Police,North Wales Police,-3.154834,53.259111,On or near Ash Grove,W01000253,Flintshire 003A,Investigation complete; no suspect identified
b18858d5bdba010b1359d79e3abfbc2dc4a65dcf45cf64fe082f328e57dccf04,2026-07,North Wales Police,North Wales Police,-3.499163,53.270003,On or near Rhodfa Flint,W01000191,Denbighshire 009A,Unable to prosecute suspect
a2f56816ea1811b4649a15f3ce6a3c39e20ca5a8da2db0ef8f5157bffd3b0f56,2026-07,North Wales Police,North Wales Police,-3.054684,53.218518,On or near Chandlers Court,W01000274,Flintshire 007B,Unable to prosecute suspect
fcb4c5ab27122935e2776376a57f79870c9948f669d06eae554bad9e2b557027,2026-07,North Wales Police,North Wales Police,-3.054684,53.218518,On or near Chandlers Court,W01000274,Flintshire 007B,Unable to prosecute suspect
6ad53973fac600db1fda4421574e79fb3efc132a11eae9e092a09703455b47a5,2026-07,North Wales Police,North Wales Police,-3.488481,53.312136,On or near Brookes Avenue,W01000237,Denbighshire 006B,Unable to prosecute suspect
4fe61c198d897ce8c73e169f44693bdd3c570cc75c6220c9fae45b552c84d21a,2026-07,North Wales Police,North Wales Police,-3.148349,53.247047,On or near Shaftesbury Drive,W01000289,Flintshire 005A,Unable to prosecute suspect
06fd3e2af34753f756ad8418f4d814d3a1c749dd4848b68b5d28e77c5d96bba0,2026-07,North Wales Police,North Wales Police,-3.012703,53.095882,On or near Llay Road,W01000390,Wrexham 021A,Unable to prosecute suspect
d766e4c28df79de4eaca82db48a690715d5cf9817bab052da9097ad90c0410ac,2026-07,North Wales Police,North Wales Police,-3.633714,53.291473,On or near Parking Area,W01000153,Conwy 009D,Unable to prosecute suspect
f72453e05e174b4f9c5cb98c3d0f6bdc3c2ea3137409d78348241bdee5c2663a,2026-07,North Wales Police,North Wales Police,-3.839709,53.323630,On or near Sports/Recreation Area,W01000146,Conwy 001B,Unable to prosecute suspect
a71abe215adef23809fc37ace3b4213c284f4ae6a1b6acaf411ef8d45e97fb6f,2026-07,North Wales Police,North Wales Police,-3.259864,52.973818,On or near Petrol Station,W01000192,Denbighshire 016A,Investigation complete; no suspect identified
4689a453f6056f0f5d1b3354fdf027167bc91bf473bdc5c288aa95de410e7cd1,2026-07,North Wales Police,North Wales Police,-3.492266,53.319505,On or near Parking Area,W01000240,Denbighshire 004E,Investigation complete; no suspect identified
5ef5609bb08da69a423f5e1ffecd8ef0128e4b6834defa9972330867ba4179d5,2026-07,North Wales Police,North Wales Police,-3.822591,53.092786,On or near Bwlch Y Maen,W01000121,Conwy 015A,Unable to prosecute suspect
7b2e05f7735f9b704d6a2f340c2625c5b045572a2f7014103c1fbfdd1df19f4c,2026-07,North Wales Police,North Wales Police,-2.995254,53.044465,On or near Nightclub,W01000402,Wrexham 011D,Unable to prosecute suspect
449a557abe61ab6885e86dff89ed6e2316379e8cefce30045e373dc841a27a26,2026-07,North Wales Police,North Wales Police,-4.532621,53.318521,On or near Parking Area,W01000022,Isle of Anglesey 004A,Unable to prosecute suspect
6056aa88644bfd96c981da8456c200de25d90e4ee23527385ea6dfb96f7fca75,2026-07,North Wales Police,North Wales Police,-4.532621,53.318521,On or near Parking Area,W01000022,Isle of Anglesey 004A,Unable to prosecute suspect
a375c5adb68005478c28f93700dffc1213e6548f60b642d7d36a759f7ad5be59,2026-07,North Wales Police,North Wales Police,-4.052014,52.697209,On or near Belgrave Road,W01000085,Gwynedd 017C,Investigation complete; no suspect identified
df5cda59b885e0ddeb47f087bcda13aeaed6c466924ccadcf75f2ef208088a61,2026-07,North Wales Police,North Wales Police,-3.169793,52.971795,On or near Wharf Hill,W01000208,Denbighshire 016C,Investigation complete; no suspect identified
d418daa8fd0f43d3e4773cba20ca26d4b49bae1f855fddcb6e489023902ec4eb,2026-07,North Wales Police,North Wales Police,-3.217169,52.981020,On or near Parking Area,W01000208,Denbighshire 016C,Unable to prosecute suspect
32615e2b9ee760f4997ee928ecf2832971029fb249e397e2a447e87ea2686fdd,2026-07,North Wales Police,North Wales Police,-3.462769,53.321812,On or near Llys Helyg,W01000235,Denbighshire 017D,Unable to prosecute suspect
b1df85f45559872491ab14d255a5e2b1803e509020ad311ed6e2855d5c4d51cf,2026-07,North Wales Police,North Wales Police,-3.590435,53.283140,On or near Clifton Rise,W01000141,Conwy 010C,Unable to prosecute suspect
c2713d6c3cf76b7b6641b6033b45c6fe339edb90293d51487db7725fa84f2285,2026-07,North Wales Police,North Wales Police,-3.456847,53.325658,On or near Sports/Recreation Area,W01000223,Denbighshire 009B,Investigation complete; no suspect identified
e520da8a30aa03bf21a811476950e921f0d63d2ebca4aac0d78ac0f97ee88fc9,2026-07,North Wales Police,North Wales Police,-4.316034,53.386898,On or near Tyn Rhos,W01000021,Isle of Anglesey 002C,Investigation complete; no suspect identified
e6e0d33f6e4430b350beced5b0f33590efc35cadcdfd75677a5528fd880911d7,2026-07,North Wales Police,North Wales Police,-3.965233,53.262654,On or near Pendalar,W01000170,Conwy 013C,Investigation complete; no suspect identified
d31e52b7b3883a76bd75c709139a800ee17b0610b827fe9794f8fa0dee7ef15b,2026-07,North Wales Police,North Wales Police,-3.036509,53.206380,On or near Green Lane,W01000336,Flintshire 009E,Unable to prosecute suspect
8e7301bb75f707c2a9c4c5c409d702bc27566cdb312ad9fbafb892c7eea23e41,2026-07,North Wales Police,North Wales Police,-3.488481,53.312136,On or near Brookes Avenue,W01000237,Denbighshire 006B,Investigation complete; no suspect identified
9653e549939fdf07a2b436bce5f5bffb96a4819096841b199f1b283de7bf702f,2026-07,North Wales Police,North Wales Police,-3.239580,53.279861,On or near Moor Avenue,W01000306,Flintshire 002A,Action to be taken by another organisation
44a3e45a8d79654554b0e18b4504dba28a4ab428f098e1c5392698329a4cc766,2026-07,North Wales Police,North Wales Police,-3.490721,53.320423,On or near Market Street,W01000240,Denbighshire 004E,Suspect charged
b18b7de117c7b092dc6caaff42da0b3eda1bb7f59a36604f1942a97a9811fb1f,2026-07,North Wales Police,North Wales Police,-4.127200,53.225851,On or near Shopping Area,W01000062,Gwynedd 001A,Suspect charged
c6140fb29cfe531758afd72ae8cf61d4258c3478e366a839697074d9103bad6f,2026-07,North Wales Police,North Wales Police,-3.045546,53.207973,On or near Griffiths Court,W01000337,Flintshire 009F,Unable to prosecute suspect
9147cea370cd2ef21fd47b5074e1bcff3b609c7b689c55101f53837052e69e2d,2026-07,North Wales Police,North Wales Police,-3.834005,53.316879,On or near King's Drive,W01000168,Conwy 002B,Unable to prosecute suspect
0580f317896c6cf5d0f4bb8177ab422b4c3640a813f8917c06d437e6a893594b,2026-07,North Wales Police,North Wales Police,-3.789925,53.134754,On or near Maes Tawel,W01000134,Conwy 015B,Unable to prosecute suspect
bc1b51d64ee2aebb2ac2ef90850dc99f16e6e47c31258ac793430a68ce1ec05c,2026-07,North Wales Police,North Wales Police,-3.050553,53.184953,On or near Palmerston Crescent,W01000285,Flintshire 013D,Investigation complete; no suspect identified
749e94bdbec0d6465b84a942630d29022dd4301e8ef8471f98c8405100f19419,2026-07,North Wales Police,North Wales Police,-3.720590,53.290812,On or near Petrol Station,W01000144,Conwy 007C,Unable to prosecute suspect
72c23c7e380e01540bc2540c6125b50f3c5ea185dadae407e6caf9c778a3ce25,2026-07,North Wales Police,North Wales Police,-3.033916,53.104832,On or near Pughs Yard,W01000269,Flintshire 020A,Action to be taken by another organisation
b0dffa61dc42722f8c17066b00fbc1c73bbcbfc4584384ca0cf47ca9b1cf88f3,2026-07,North Wales Police,North Wales Police,-3.495101,53.270917,On or near Parking Area,W01000191,Denbighshire 009A,Unable to prosecute suspect
b3a8f3f23ac94cfad6c80879e034c9c838cc4d1e19005c60175e393fd419c12f,2026-07,North Wales Police,North Wales Police,-3.921009,52.900449,On or near Cae Madoc,W01000114,Gwynedd 009D,Action to be taken by another organisation
4ce8081e35d4764595ef37d802e7dc44abc5cdc3185dd63f42c4566a7f4446c7,2026-07,North Wales Police,North Wales Police,-3.802354,53.283289,On or near Avallon Avenue,W01000176,Conwy 011D,Action to be taken by another organisation
ff95da794ce2198c72883d67302927a7745f7716a56fd26e83f7781de2b88185,2026-07,North Wales Police,North Wales Police,-2.996436,53.047233,On or near Duke Street,W01000372,Wrexham 008C,Unable to prosecute suspect
0e03359c6a21941ca2db07c0da4de3d23217e97c17f8b53d02649255fa1dfc34,2026-07,North Wales Police,North Wales Police,-3.348799,53.123004,On or near Lady Bagot's Drive,W01000206,Denbighshire 013C,Investigation complete; no suspect identified
96c7ffc79f667384091a0d06e61a38536ab2092bb7d05d3c64b52741caf28b8f,2026-07,North Wales Police,North Wales Police,-3.489590,53.312940,On or near Arfon Grove,W01000237,Denbighshire 006B,Unable to prosecute suspect
142190ce447aa6a19a9dd5673ff6b1a687b79c844a55c78e64d92932db873717,2026-07,North Wales Police,North Wales Police,-2.997243,53.098943,On or near Fairoaks Crescent,W01000390,Wrexham 021A,Investigation complete; no suspect identified
b9585591a49809c3d3742523903296dab5ede8723acccb07b65366aedbf21aca,2026-07,North Wales Police,North Wales Police,-3.158823,53.164864,On or near Tan-Y-Graig,W01000316,Flintshire 016D,Investigation complete; no suspect identified
7d2d1c28a46a034bb78b15feb8c15eccf4db446534a28e9f7e651a254f24103d,2026-07,North Wales Police,North Wales Police,-4.265619,53.133868,On or near Llys Y Foel,W01000111,Gwynedd 007C,Action to be taken by another organisation
caa311725bd8acee09565ae9157a6fdee217d8e2934e8aae23e3eca29b9f7117,2026-07,North Wales Police,North Wales Police,-3.796023,53.140101,On or near Chapel Street,W01000134,Conwy 015B,Unable to prosecute suspect
32fe19dd7fd994c5516b34ffaa847e94ef4f93794cea12b345af232dcbf47d76,2026-07,North Wales Police,North Wales Police,-3.578909,53.288678,On or near Maes Canol,W01000178,Conwy 010E,Suspect charged
d7e2121f5f9afa57f89da877a1669e7101791d573fa249adab91f0957a5a2d9c,2026-07,North Wales Police,North Wales Police,-3.427068,53.183158,On or near Maes Y Goron,W01000198,Denbighshire 011B,Unable to prosecute suspect
8903794df77eabb1706c80d67b0bb4dc90755c2a596261a4a1070e26d3f76927,2026-07,North Wales Police,North Wales Police,-3.734192,53.298891,On or near Kingsway,W01000182,Conwy 007D,Unable to prosecute suspect
203dc1e60ca6873bd48e124caa5bdd5956580a972c8750ef2c0e1580f7ae808e,2026-07,North Wales Police,North Wales Police,-4.230643,53.320125,On or near Pant Y Briallu,W01000010,Isle of Anglesey 002A,Unable to prosecute suspect
4507cb211230bcd4500a150003ae6e9dcf2cef332e0985e790771a5a5df83677,2026-07,North Wales Police,North Wales Police,-3.493653,53.320971,On or near Sussex Lane,W01000240,Denbighshire 004E,Suspect charged
ebff4e66d0e32590e9c5ec5946c8b53ff133bb24cd06e3288629858bce39f2ef,2026-07,North Wales Police,North Wales Police,-3.715239,53.285402,On or near Groes Road,W01000145,Conwy 008B,Suspect charged
9e253a852a0cb304da82f368da73b0e2c553332bb0f03a6d86c25eb7cc62943c,2026-07,North Wales Police,North Wales Police,-4.117101,53.221196,On or near Ffordd Elfed,W01000090,Gwynedd 002D,Unable to prosecute suspect
21eaab69c3843677741e1a8c5dad160de9a475f3c127c573a568168fa32ebafd,2026-07,North Wales Police,North Wales Police,-3.570018,53.296203,On or near Ffordd Gwelfryn,W01001927,Conwy 010G,Local resolution
94319ce880f595d93942992eaac4d0880024a630e0119da7022b7a4032ee885b,2026-07,North Wales Police,North Wales Police,-3.057779,53.010161,On or near Supermarket,W01000411,Wrexham 015C,Local resolution
1b8f976663c383886976ae51c14911b6a7f71521650a89f8b8db9f999adff4ed,2026-07,North Wales Police,North Wales Police,-2.989324,53.049047,On or near Police Station,W01000393,Wrexham 023G,Investigation complete; no suspect identified
0aee111a190f2fea51659a19268e7076b1298ae183e72eb52cbb877fcbc1a7ef,2026-07,North Wales Police,North Wales Police,-3.407753,53.327535,On or near Davids Close,W01000212,Denbighshire 003A,Unable to prosecute suspect
20eb6ef307e026fcca3e5508ba03d81aba866ec51331679b576f8640ef160eb4,2026-07,North Wales Police,North Wales Police,-3.467551,53.303657,On or near Petrol Station,W01000223,Denbighshire 009B,Suspect charged
c64192a3a2a01825668e1e393db670377c1cec2e76e484f6c0d302f9bc98db67,2026-07,North Wales Police,North Wales Police,-4.506440,52.823389,On or near Lon Gwydryn,W01000080,Gwynedd 014C,Suspect charged
9e4cd79f4187049b8b58a350257e82254dd57cb01fdf8238b0009a2deed5a9a6,2026-07,North Wales Police,North Wales Police,-3.486561,53.323397,On or near Tarleton Street,W01000228,Denbighshire 004C,Investigation complete; no suspect identified
7d2541718cc953e1d87d92cdb0a5f18a994835d5dec035931309bb6cb5fbfb8d,2026-07,North Wales Police,North Wales Police,-4.140624,52.938213,On or near Church Street,W01000107,Gwynedd 010E,Unable to prosecute suspect
f4322e787a54dbbf3f8981513d1a9f83fb6dd6b34afd480f4d800819df6c3397,2026-07,North Wales Police,North Wales Police,-4.109423,52.853878,On or near Ffordd Uchaf,W01000074,Gwynedd 013B,Unable to prosecute suspect
275599406018df511948626ca10254a3835208c79cb0bcb655472212a8a093eb,2026-07,North Wales Police,North Wales Police,-3.502745,53.315247,On or near Sydenham Avenue,W01000241,Denbighshire 004F,Local resolution
3b133b7aefadb9b4b3279ad968972e22e3b8c06ffb3c357391e1480c65b145d9,2026-07,North Wales Police,North Wales Police,-3.195628,53.281254,On or near Llys Maesteg,W01000254,Flintshire 003B,Suspect charged
323d8861c4b3a96e669f2d24248361844c3d1f8d942cb36af8a1e30c11b0ba4c,2026-07,North Wales Police,North Wales Police,-4.162744,53.153377,On or near Bryn Tirion,W01000099,Gwynedd 005C,Investigation complete; no suspect identified
45d9f4be755738ede929f55d1f9d5e792090bc90e04ab88d747fe89395db18d9,2026-07,North Wales Police,North Wales Police,-3.076928,52.980090,On or near Llangollen Road,W01000354,Wrexham 017A,Unable to prosecute suspect
5febf066400de486e10d659136264121224468493e1f17a495f8ea26d4207acb,2026-07,North Wales Police,North Wales Police,-2.985872,53.047843,On or near Shopping Area,W01001931,Wrexham 012G,Suspect charged
e5ac4e9f34fb458cc3691fbaa968431f300403e3dd41f7d87da748cf6263fe8a,2026-07,North Wales Police,North Wales Police,-2.922754,53.178802,On or near Petrol Station,W01000330,Flintshire 015E,Unable to prosecute suspect
d67729d99b8bb942394c22b00034cde8c17a60f6d30878f09468fa88717ddf94,2026-07,North Wales Police,North Wales Police,-4.285268,53.041541,On or near Bryn Rhedyw,W01000086,Gwynedd 008B,Investigation complete; no suspect identified
23e8c2894232e077aebe68a381f76ed6c4db13d54dddc937837f998b94898e14,2026-07,North Wales Police,North Wales Police,-3.058076,52.982102,On or near Glaslyn,W01000409,Wrexham 017E,Unable to prosecute suspect
64c8f92c7c35a21d780433bf7785ea378cb815e34fbc5d7e2d7d5a4974f10819,2026-07,North Wales Police,North Wales Police,-4.303883,53.257901,On or near Bron-Y-Felin Road,W01000041,Isle of Anglesey 006D,Investigation complete; no suspect identified
31707be3a3ae282ac7d2b78230274de5de30c6e4d39c6ddbc1f9d399c10d1cf7,2026-07,North Wales Police,North Wales Police,-3.184532,52.933542,On or near Y Maes,W01001930,Wrexham 019F,Investigation complete; no suspect identified
e7482f040daaec53930bff000c20ed3ae35ede099ada9638bf86c58c5daac7fe,2026-07,North Wales Police,North Wales Police,-2.995123,53.045249,On or near Vicarage Hill,W01000350,Wrexham 011B,Unable to prosecute suspect
a3bc77dcb3eed3878cad10c1398b743fb2c9a089aa5aa9a7282e81071d6ec55f,2026-07,North Wales Police,North Wales Police,-3.699868,53.288175,On or near Pen-Y-Bryn,W01000126,Conwy 009A,Suspect charged
6dfa71a8892f2324de387693bfd357e1104590d95324e493474bca94f060492b,2026-07,North Wales Police,North Wales Police,-4.308657,53.254949,On or near Parking Area,W01000012,Isle of Anglesey 006B,Unable to prosecute suspect
54452317effd1fdc03a10b9400916aa0c9cdba401c592d92217f15442d4902b6,2026-07,North Wales Police,North Wales Police,-3.004554,53.219041,On or near Rhodfa Spitfire,W01000332,Flintshire 009A,Investigation complete; no suspect identified
cb7ff6d348a1e5a2a4b91faee6501750f593d517ecb12997cd936a520a25f554,2026-07,North Wales Police,North Wales Police,-3.134408,53.248062,On or near St Marys Walk,W01000288,Flintshire 004A,Unable to prosecute suspect
1f90fad64815c7bb46cafdf5b4c7402b908b41d2d0c6f9e2faa5200853bd8e9e,2026-07,North Wales Police,North Wales Police,-3.058818,53.218544,On or near Chapel Street,W01000274,Flintshire 007B,Investigation complete; no suspect identified
c0e969f15a29b7db8c8a20f96533feef3a0366c257e741a285e6ba888a41af36,2026-07,North Wales Police,North Wales Police,-4.272712,53.138516,On or near Stryd Newydd,W01000111,Gwynedd 007C,Unable to prosecute suspect
af9f14d1c2e02c0fd5821492c37fb6418435a94fb09273515ea9e10775e63f21,2026-07,North Wales Police,North Wales Police,-3.066299,53.223044,On or near Bank Road,W01000275,Flintshire 007C,Suspect charged
706c12d12d3291393886d6c46e2d1de3d80a4b60c03adadaab85a7e0d4e566e7,2026-07,North Wales Police,North Wales Police,-4.626994,53.301081,On or near Llain Ty'n Pwll,W01000017,Isle of Anglesey 003B,Unable to prosecute suspect
0a997fd2bd279236f0d866a70e5ad0e8abec15f065994f9a1939b9a46c9f7e06,2026-07,North Wales Police,North Wales Police,-3.059899,53.219856,On or near Cable Street,W01000274,Flintshire 007B,Suspect charged
0a997fd2bd279236f0d866a70e5ad0e8abec15f065994f9a1939b9a46c9f7e06,2026-07,North Wales Police,North Wales Police,-3.059899,53.219856,On or near Cable Street,W01000274,Flintshire 007B,Suspect charged
155da48f88b4264f96ea6d9cb99650a9ef78c5f406f5af5af9f4249dc365bf7c,2026-07,North Wales Police,North Wales Police,-3.833389,53.317230,On or near King's Road,W01000168,Conwy 002B,Investigation complete; no suspect identified
4c8ad0ab3ab8542b63fb705f18db0b8f05ce553d2bb133802188f6989968f3c2,2026-07,North Wales Police,North Wales Police,-3.151786,53.169076,On or near Elm Drive,W01000318,Flintshire 016F,Suspect charged
cc7379e015af69dfbff838c3c8949606771e27bb0a72c2fa0e709272036beb42,2026-07,North Wales Police,North Wales Police,-4.163076,53.225386,On or near Bridge Street,W01000011,Isle of Anglesey 008B,Unable to prosecute suspect
e92d8af974fecffe2c3fd8af18673f4cef1bbe7453882c3c70d4bbe99b6ad305,2026-07,North Wales Police,North Wales Police,-2.976413,53.049017,On or near Wynnstay Avenue,W01000425,Wrexham 010E,Unable to prosecute suspect
8936dd0adf1033dc1c0045823769a868c4f4373e07822f2e4f3fb37894ff9cf3,2026-07,North Wales Police,North Wales Police,-4.428203,52.993293,On or near Lime Street,W01000078,Gwynedd 011C,Unable to prosecute suspect
96d4095e2fa5c6541cb3894caa4521820563cd64d701b19b0c06991192bc512a,2026-07,North Wales Police,North Wales Police,-3.018229,53.074368,On or near Tudor's Avenue,W01000374,Wrexham 003A,Investigation complete; no suspect identified
f0a2076bb68392ffb05e5ad3c2ccac98d0571e64d6af41be7356d7cacf808d76,2026-07,North Wales Police,North Wales Police,-3.042212,53.212515,On or near Parking Area,W01000337,Flintshire 009F,Suspect charged
4dc569411e2e9d53c127bb2237c8d72a52095a5dab704b71ccbe28b44d69e40f,2026-07,North Wales Police,North Wales Police,-4.166243,53.212751,On or near Ffordd Treborth,W01000103,Gwynedd 005D,Suspect charged
f44a63667086f630d02601ac8ed19b82973a517dd4ef85f2309ca6764b75ef09,2026-07,North Wales Police,North Wales Police,-3.075769,52.967640,On or near Wrenbury Way,W01000354,Wrexham 017A,Unable to prosecute suspect
ce8ec7eee4a2a11e24b4d1429ec519ddb12d23eb5407f386fa4690a823a34541,2026-07,North Wales Police,North Wales Police,-3.476032,53.318930,On or near Sports/Recreation Area,W01000238,Denbighshire 006C,Further action is not in the public interest
b7caa5623aab1e6fedb287b7eb93052faf573d9d8e230b70c151df0a1cc2d473,2026-07,North Wales Police,North Wales Police,-3.761578,53.295963,On or near Ffordd-Y-Bryn,W01000167,Conwy 011C,Unable to prosecute suspect
477809e0ef2cc14add7347ce2d49611fd0edffb29850a8e2e79ffb54427ba12e,2026-07,North Wales Police,North Wales Police,-3.148349,53.247047,On or near Shaftesbury Drive,W01000289,Flintshire 005A,Unable to prosecute suspect
544136d1a49fbb9d8475823dd1ba53ee83a9f393259cb04c109bc9831dff8a83,2026-07,North Wales Police,North Wales Police,-3.815635,53.319848,On or near B5115,W01000186,Conwy 001E,Investigation complete; no suspect identified
7510a557738bcdfa51714d83a62ddb7ac7c0fe3cbbe08fc8d6d843e8092057ab,2026-07,North Wales Police,North Wales Police,-3.122404,53.244643,On or near Petrol Station,W01000293,Flintshire 004D,Further action is not in the public interest
75f877cb0874df473beeb426bc712c1d50eb4b8ac3ce30114b5951a2028b625f,2026-07,North Wales Police,North Wales Police,-3.506979,53.270093,On or near Morfa View,W01000191,Denbighshire 009A,Unable to prosecute suspect
8d78cf1ca181e1d67909fe5060271f6ee6734b54b9041a77c6f4a387dbd16c66,2026-07,North Wales Police,North Wales Police,-4.516990,52.934142,On or near Bryn Glas,W01000095,Gwynedd 012C,Investigation complete; no suspect identified
df1200408a555eadb9f4f63314117bf99e659c4500f21a6d42df7acae3ce3f28,2026-07,North Wales Police,North Wales Police,-3.844918,53.256630,On or near Erw Fawr,W01000124,Conwy 012A,Investigation complete; no suspect identified
f5c336978cc23da089ba29219b7c2777069c400900a2bbcab8f37370cc9f8f04,2026-07,North Wales Police,North Wales Police,-4.113933,53.224399,On or near Greenwood Avenue,W01000091,Gwynedd 001D,Suspect charged
92a39b017f6e53c27e5cb3aa1bdfa951977a840f2d52bd9f5e724f7f2b2e04c9,2026-07,North Wales Police,North Wales Police,-3.699945,53.292012,On or near Min-Y-Don Road,W01000139,Conwy 007A,Unable to prosecute suspect
031e0d0ec09cb1bf3dd3371ab45196792fc907562cb853d8404fa1c041967169,2026-07,North Wales Police,North Wales Police,-3.699945,53.292012,On or near Min-Y-Don Road,W01000139,Conwy 007A,Unable to prosecute suspect
2db1cd0c1da9d2dc88f9c31dbc895307f285bfced2ff6bd6529cda2efd844921,2026-07,North Wales Police,North Wales Police,-3.578420,53.289674,On or near Penlan,W01000178,Conwy 010E,Unable to prosecute suspect
0c72057b1d2bbfe7fb5d1f9b70f3e1a9a87afb0da76d179ee5c693d1d52f14cc,2026-07,North Wales Police,North Wales Police,-3.831604,53.322858,On or near Marble Arch,W01000169,Conwy 001D,Unable to prosecute suspect
67bb32be6c96156dd2e606059cc301da5d2885e1a3bc1785fa27b865bd5161c5,2026-07,North Wales Police,North Wales Police,-3.800623,53.092428,On or near Betws-y-Coed,W01000121,Conwy 015A,Investigation complete; no suspect identified
39f5639688e112ee92b54266a5542b3e43e59131df8eac53678fa422c609ff97,2026-07,North Wales Police,North Wales Police,-3.427022,53.186736,On or near Bryn Seion,W01000198,Denbighshire 011B,Unable to prosecute suspect
3adcefb2611b2f8c2a7114ed96cad84bf1d54fd8c0eb5ddbe5ef2aab282f32f2,2026-07,North Wales Police,North Wales Police,-3.824409,53.322096,On or near Vaughan Street,W01000169,Conwy 001D,Unable to prosecute suspect
96f02beb88394ee56dad929115ac1b3bd6b87d6725b7c2967794940f7de788d5,2026-07,North Wales Police,North Wales Police,-2.994514,53.041737,On or near Supermarket,W01000365,Wrexham 011C,Suspect charged
b41495b90c61afdacebeb34dcc49afed81b39f4be1ae9799cd9171a3c2692e3b,2026-07,North Wales Police,North Wales Police,-2.958248,53.025046,On or near Scotts Close,W01000395,Wrexham 016B,Unable to prosecute suspect
1fee8d2c1604d2a409cf6ec5a7c40d9e3ad56f939b8e4a5df78fa64acbc42e6f,2026-07,North Wales Police,North Wales Police,-2.958410,53.023598,On or near Station Road,W01000395,Wrexham 016B,Unable to prosecute suspect
3b29f2dc6a6dbd29fb6fb7320cdd0c71102e0aaacbb8aa2c9d5f199b3b70ef88,2026-07,North Wales Police,North Wales Police,-3.001751,53.067325,On or near Ffordd Fawr,W01000375,Wrexham 003B,Unable to prosecute suspect
c5521fceeef0391740e32d71b427cac65d347f4c577df79e1d8e328f0199cd51,2026-07,North Wales Police,North Wales Police,-3.517629,53.312074,On or near Moelwyn Avenue North,W01000152,Conwy 005D,Unable to prosecute suspect
45704fcd0d890e8bc13ed30aab3f371f0b5d3f5e05cf971c8e8e7c7ce7b0abb9,2026-07,North Wales Police,North Wales Police,-3.215943,53.284141,On or near Greenfield Road,W01000296,Flintshire 003C,Further investigation is not in the public interest
c1142e9140e4ce9710194acfe9d0ec46edfb3bc391710ece75f68d8dd875caef,2026-07,North Wales Police,North Wales Police,-4.258109,53.145726,On or near Ffordd Glasgoed,W01000059,Gwynedd 006A,Investigation complete; no suspect identified
5c90c4965820e3674969346719d1e092304128b18d93dc045931bb40061ff13d,2026-07,North Wales Police,North Wales Police,-3.134819,53.250009,On or near Parking Area,W01000290,Flintshire 004B,Unable to prosecute suspect
42c1844a622bb4b48b4e76d3ef50f7885807a9167bd9448ef75c2f768999447c,2026-07,North Wales Police,North Wales Police,-3.076228,53.167467,On or near Nightclub,W01000259,Flintshire 017A,Unable to prosecute suspect
6e51d93bda3f5a3d0102d188d67bb99c8e34f420f93c5bb6c497e15e2ff28533,2026-07,North Wales Police,North Wales Police,-3.216844,53.275700,On or near Strand Lane,W01000304,Flintshire 003E,Suspect charged
6315cb4ce5111e98f1cdfab9a5f165c875085663c116d83d336034405866aa18,2026-07,North Wales Police,North Wales Police,-2.995423,53.060852,On or near Sandringham Road,W01000368,Wrexham 008A,Unable to prosecute suspect
292d86af5d85d3b53901ec18ddc49090f08635d459f077fb4167ad9ce4a9f023,2026-07,North Wales Police,North Wales Police,-3.015069,53.099322,On or near Miners Park,W01000390,Wrexham 021A,Suspect charged
180568d240874f1845ca2a5b644f1741a54d2615aabc369530bb416e8273b9f0,2026-07,North Wales Police,North Wales Police,-3.488481,53.312136,On or near Brookes Avenue,W01000237,Denbighshire 006B,Unable to prosecute suspect
078f44ed3790fbdc95a9bdb8f7c6d914e03e5fa73b59d84de9694a736a11d488,2026-07,North Wales Police,North Wales Police,-4.275047,53.139991,On or near Parking Area,W01000111,Gwynedd 007C,Suspect charged
576180a661ef4c0be8af8df177bada052379718dffaaef90818707f8284652ea,2026-07,North Wales Police,North Wales Police,-2.994514,53.041737,On or near Supermarket,W01000365,Wrexham 011C,Suspect charged
5cf9ae44a4226c82bd62788c89b013c5ae70162438f1557c486bbeff8ad1ce54,2026-07,North Wales Police,North Wales Police,-3.018015,53.019740,On or near Hafod Road,W01000410,Wrexham 014D,Investigation complete; no suspect identified
659414652f39001cd3a6ed4067ad5793bbc482030332f376bdb880dfbf0530f7,2026-07,North Wales Police,North Wales Police,-3.322284,53.352272,On or near Dee Road,W01000287,Flintshire 001A,Unable to prosecute suspect
2b2c0c0cc9e20756ea3594f787f7edae37128bfb79b3a8d09152caa57fc14463,2026-07,North Wales Police,North Wales Police,-4.119081,53.232165,On or near Llys Emrys,W01000077,Gwynedd 001C,Investigation complete; no suspect identified
63806262165fdc267a9c8ad454098d5fc31c79d5961e391ad4a95842970e3608,2026-07,North Wales Police,North Wales Police,-4.236174,52.919001,On or near Parking Area,W01000061,Gwynedd 011B,Unable to prosecute suspect
4a654f42a408d4afd9acc43dcaad71c1176287a9f5673e6813091393a5dcf69c,2026-07,North Wales Police,North Wales Police,-3.729227,53.295232,On or near Llewelyn Road,W01000182,Conwy 007D,Unable to prosecute suspect
aec80e47d6cdf2b8fedc2271fec483db34bf4a139167e0840b07b75f00e3548a,2026-07,North Wales Police,North Wales Police,-2.994514,53.041737,On or near Supermarket,W01000365,Wrexham 011C,Suspect charged
a8135e3d270bba0858c20a1236e17f4c359faa6ca83fff48443c403397a07d51,2026-07,North Wales Police,North Wales Police,-2.994514,53.041737,On or near Supermarket,W01000365,Wrexham 011C,Suspect charged
783157291680e2ab0699fc9cb17f72146409abf15f35dca49c222225a0563988,2026-07,North Wales Police,North Wales Police,-3.232278,53.277339,On or near Gwel Afon,W01000306,Flintshire 002A,Unable to prosecute suspect
a4fdab1046f912ec19a5463707c594f908a99a5024ef2cd1f6f3f758007aefe2,2026-07,North Wales Police,North Wales Police,-4.129753,52.926252,On or near Smith Street,W01000105,Gwynedd 010C,Investigation complete; no suspect identified
b6ac3f2224f208cd381495f63a64586656f7d9501055b08e27eab66be474d4de,2026-07,North Wales Police,North Wales Police,-2.999392,53.045981,On or near Shopping Area,W01000350,Wrexham 011B,Suspect charged
e2498f6b8dff477f5467902e53dd632a9953c776a188fe692afe5ef86f4e8b8e,2026-07,North Wales Police,North Wales Police,-4.142602,53.217692,On or near Shopping Area,W01000064,Gwynedd 002A,Suspect charged
0829b15c93a9f2507132d71dc3216964ee270b19ae428546e82ee62fc7ad10dc,2026-07,North Wales Police,North Wales Police,-4.142602,53.217692,On or near Shopping Area,W01000064,Gwynedd 002A,Suspect charged
b52b490ad093f840313ea9b642c1d7d9758ab7d7c6812ec42f4663c123125e00,2026-07,North Wales Police,North Wales Police,-3.825592,53.323085,On or near Bodafon Street,W01000169,Conwy 001D,Action to be taken by another organisation
0dcb50d8fb0f33e5ff305052ae728dd267e6a3af9b361c032dc1f47d4078d7f5,2026-07,North Wales Police,North Wales Police,-3.704242,53.292149,On or near Beach Avenue,W01000139,Conwy 007A,Further investigation is not in the public interest
75069d3ce8404dfcf71e7ff8aec7e9431eda6da576e4a4504644417001244033,2026-07,North Wales Police,North Wales Police,-3.412744,53.294548,On or near Ffordd-Y-Cwm,W01000200,Denbighshire 008A,Unable to prosecute suspect
8a307d8f9e5462f40ef6f61beb9c1bbf3f629afa83a39f79ea0f08abe0406c40,2026-07,North Wales Police,North Wales Police,-3.485402,53.321164,On or near Brighton Road,W01000228,Denbighshire 004C,Investigation complete; no suspect identified
0a60c16607108a0cbba1c53b7768f7f9e85e0ec910d80b3f78fa088af431f53a,2026-07,North Wales Police,North Wales Police,-3.411645,53.339005,On or near Glan Mor,W01000218,Denbighshire 001A,Unable to prosecute suspect
92eb344ecafc8ed5e927e3ae02481e3b2fad96de09bf4ead3aa38451b42bbbb2,2026-07,North Wales Police,North Wales Police,-2.992290,53.045362,On or near Shopping Area,W01000372,Wrexham 008C,Unable to prosecute suspect
4d7237b86725e060aa48de650bb62b48a0b2f7be62f3e771d4c5bb4bc922a714,2026-07,North Wales Police,North Wales Police,-3.260126,53.308861,On or near Ffordd Hiraethog,W01000320,Flintshire 002B,Investigation complete; no suspect identified
6de09cc5acccf8858af75db3139a727489518a0bf9d6078df3f3e5fe8dce2ac5,2026-07,North Wales Police,North Wales Police,-2.933632,53.034681,On or near Bridgeway East,W01001971,Wrexham 022D,Unable to prosecute suspect
cee981a517c2f6c750555be69bd45901383fc1cf5eeef7b6140e92d988424359,2026-07,North Wales Police,North Wales Police,-3.389047,53.336420,On or near Rhodfa Bedwen,W01000215,Denbighshire 002C,Investigation complete; no suspect identified
22845cbff22ff82043aba8f14792ae011ac94d0487b4a32b8c1d017a005556d9,2026-07,North Wales Police,North Wales Police,-3.671484,53.282805,On or near Tan-Y-Graig Road,W01000163,Conwy 009E,Action to be taken by another organisation
9a7c2d66763e0554c0e63c484dd451eb768e22b4c5bf0055486ded771a95cc3c,2026-07,North Wales Police,North Wales Police,-3.487356,53.323387,On or near Fairfield Avenue,W01000240,Denbighshire 004E,Action to be taken by another organisation
010310382732f38787c91f69f891444f748528021ce47cc2b062b06d5f88be6a,2026-07,North Wales Police,North Wales Police,-3.138040,53.170836,On or near King Street,W01000315,Flintshire 016C,Unable to prosecute suspect
de093e1a861109642fa7c094518c7e192071dc9328781f2b8c36e2cbcd716835,2026-07,North Wales Police,North Wales Police,-3.704242,53.292149,On or near Beach Avenue,W01000139,Conwy 007A,Further investigation is not in the public interest
5771efb53185c83cab0eb699f435f235e8e67145ee95bfd700073d27b0e31e18,2026-07,North Wales Police,North Wales Police,-3.499163,53.270003,On or near Rhodfa Flint,W01000191,Denbighshire 009A,Unable to prosecute suspect
76110749276a9208f80253f5995c19c6d76b79d8015663f95e7e72607cad687a,2026-07,North Wales Police,North Wales Police,-4.133017,53.228877,On or near Ffordd Y Tywysog,W01000092,Gwynedd 001E,Investigation complete; no suspect identified
20814ba2c7ca85ad8bda860679b69f8836e84665852d28c38b15d4384a8facb5,2026-07,North Wales Police,North Wales Police,-3.206792,53.277690,On or near Bryn Teg,W01000305,Flintshire 003F,Unable to prosecute suspect
57624cf6b2c4ba01acaf3e610c3b1d813d99c0c2728378552246c2a41894b898,2026-07,North Wales Police,North Wales Police,-3.820870,53.290101,On or near Warren Road,W01000165,Conwy 006C,Action to be taken by another organisation
716b316d0dc56030be2ccf4c9211b4e36f6545f4557099902c3f9d5c660454fd,2026-07,North Wales Police,North Wales Police,-3.803398,53.284226,On or near Oswald Road,W01000176,Conwy 011D,Action to be taken by another organisation
9f4c034157863971b69d56a9b7f091e7a371a0a5a0fdfbd10d42d82c509fddf2,2026-07,North Wales Police,North Wales Police,-3.260126,53.308861,On or near Ffordd Hiraethog,W01000320,Flintshire 002B,Investigation complete; no suspect identified
2a62c0f0e4e1ef910ae9886173dee22db0f1f5d3dff5c5e5aef0a6c8eba925ec,2026-07,North Wales Police,North Wales Police,-3.490721,53.320423,On or near Market Street,W01000240,Denbighshire 004E,Unable to prosecute suspect
ba780e81aec251bf5404c6eeafc2500b590d4f611192706dab1c30fa4cec8730,2026-07,North Wales Police,North Wales Police,-3.954592,52.987016,On or near Sports/Recreation Area,W01000056,Gwynedd 009A,Investigation complete; no suspect identified
d5105f012f102c4211ad53995dbfc4a614245877536f9d0a91fa0a9789abc9df,2026-07,North Wales Police,North Wales Police,-4.644857,53.310577,On or near Llain Westbury,W01000030,Isle of Anglesey 003D,Unable to prosecute suspect
c6428cc1a05779c7d8a6ac6e76aed0415b10ac3ced48ad0754951caa84f888a3,2026-07,North Wales Police,North Wales Police,-3.003697,53.102241,On or near B5373,W01000390,Wrexham 021A,Suspect charged
2d6c7e52e86037a0b8b8da97e9afaf3afba888b1f62a8c64b87310fdc14daaf7,2026-07,North Wales Police,North Wales Police,-3.404715,53.332875,On or near Victoria Avenue,W01000213,Denbighshire 002A,Suspect charged
bf648a8ffbda6a543163a178bd15a453372e43984e4faa7d1814987dae6dec16,2026-07,North Wales Police,North Wales Police,-3.012310,53.040303,On or near The Homestead,W01000349,Wrexham 011A,Investigation complete; no suspect identified
377563156ba40cdfbc2184c111e5f6f8674b2137a553eb249f4c8f522a1f76a3,2026-07,North Wales Police,North Wales Police,-4.635965,53.306125,On or near Maeshyfryd Road,W01000030,Isle of Anglesey 003D,Local resolution
3efe2fe6260b0780398ae2061fdb517543b6292a2068b83427d944f60ecf7655,2026-07,North Wales Police,North Wales Police,-2.994052,53.044754,On or near Town Hill,W01000350,Wrexham 011B,Suspect charged
60cbca4332b94b725eb40489c1b7fd16ffb633ee091331e2798e8c81161a9702,2026-07,North Wales Police,North Wales Police,-3.027324,53.072042,On or near Bryn Coed,W01000379,Wrexham 004C,Unable to prosecute suspect
6c9ef2aa54343d5d5de6fa85550b4d75b810ed87ab9f6c8263375545731add52,2026-07,North Wales Police,North Wales Police,-3.027324,53.072042,On or near Bryn Coed,W01000379,Wrexham 004C,Unable to prosecute suspect
e0ac0702ba6b2c907665dab24f8b68c2bd461cc7c00a7031cba7e1dc46de9174,2026-07,North Wales Police,North Wales Police,-3.058993,53.011058,On or near Parking Area,W01000412,Wrexham 015D,Formal action is not in the public interest
f37ad23083d26a2a390c84e9b26e2001eb25a916cc53959d936d937c9b7a300c,2026-07,North Wales Police,North Wales Police,-3.541180,53.302486,On or near Parking Area,W01000184,Conwy 005E,Suspect charged
9b8e221087fdae9852403a9a9a1722bbdc1ea5acdd9c49f23d8f629458f06bc2,2026-07,North Wales Police,North Wales Police,-3.051413,52.938345,On or near Pen Y Waun,W01000361,Wrexham 019E,Unable to prosecute suspect
1225b063825adf766ec7ab7288735d8a28a5032b6c94cac99e8686d3497999c0,2026-07,North Wales Police,North Wales Police,-3.030655,53.062170,On or near Galaxy Grove,W01000401,Wrexham 005D,Unable to prosecute suspect
17d88126783a83b661c14281961914920b37c42377e92f022ce8945aa3131158,2026-07,North Wales Police,North Wales Police,-2.997862,53.038582,On or near Erddig Road,W01000365,Wrexham 011C,Further action is not in the public interest
8d13b30f0be38d880d26aecee8816be336d662b4560b749b9318cbe1bc51bbe4,2026-07,North Wales Police,North Wales Police,-3.777827,53.313972,On or near Rhys Evans Close,W01000173,Conwy 003B,Suspect charged
53e6936f1c8c964d0d6e0204713a4b1c9bc7c1a7f83694e687ac8f0668a78e8c,2026-07,North Wales Police,North Wales Police,-3.007997,53.045958,On or near Hospital,W01000349,Wrexham 011A,Unable to prosecute suspect
70bc810be5b9c2d274c3a4a0f8f9aead5c00b6f9e27e9429cd35b05d35796f47,2026-07,North Wales Police,North Wales Police,-4.212876,53.221352,On or near Supermarket,W01000008,Isle of Anglesey 008A,Suspect charged
9da65b1179642144827dc23d3286c220a45cc8c5d98830ad203e5791b3731a8d,2026-07,North Wales Police,North Wales Police,-3.309288,53.113691,On or near Record Street,W01000243,Denbighshire 014B,Unable to prosecute suspect
f617f9e80222e0e54d4b7e00279fb72d22182e17fbaaefe2d30844b80fa79043,2026-07,North Wales Police,North Wales Police,-4.619164,53.271744,On or near Porth Diana Lane,W01002007,Isle of Anglesey 004G,Further investigation is not in the public interest
a71beafe7b7d4aad147fef76ac37df4c26380bf769a16420be8a6bdb2a4e450f,2026-07,North Wales Police,North Wales Police,-4.135213,52.928969,On or near Supermarket,W01000106,Gwynedd 010D,Local resolution
aa23d393fd2c598a7ff0dae0d48fefc0cab0f8f52415eb0eb57dfaccd9f4a91a,2026-07,North Wales Police,North Wales Police,-3.002358,53.046581,On or near Llys Nantgarw,W01000350,Wrexham 011B,Investigation complete; no suspect identified
79459f3ea54f584172db937f86d33c2f5fe8cf127d48b5f8db483ebe79f7ccf1,2026-07,North Wales Police,North Wales Police,-3.001985,53.047870,On or near Parking Area,W01000350,Wrexham 011B,Investigation complete; no suspect identified
3efbfcf58087038f00a8c0a29729a6625717f5d1cebed56d6ba9639de9f87ad0,2026-07,North Wales Police,North Wales Police,-3.068107,53.001070,On or near Pont-Yr-Afon,W01000406,Wrexham 013C,Local resolution
eaad6ec6f2add510699d7377cd0a019774a9c790cf2a4ed78ea4af04cd4e459f,2026-07,North Wales Police,North Wales Police,-4.633198,53.312867,On or near Parking Area,W01000036,Isle of Anglesey 003F,Investigation complete; no suspect identified
9cca1cce8964009927c9757bd966b9482d03abd41c78cf8bf541682356269c34,2026-07,North Wales Police,North Wales Police,-3.086884,53.164670,On or near Nant Mawr Crescent,W01000263,Flintshire 017D,Unable to prosecute suspect
75b5fb37d80d78ff151646ebab7f813855fd9e5e8c0a158c686c56d4aa49a38c,2026-07,North Wales Police,North Wales Police,-3.412628,53.186405,On or near A543,W01000194,Denbighshire 011A,Unable to prosecute suspect
95174e551eaa32fdc3375d155cef425a3eb47b4f7816031e0d50d413f18357b9,2026-07,North Wales Police,North Wales Police,-2.981900,53.052199,On or near Glan Garth,W01000393,Wrexham 023G,Suspect charged
7495aef2a5185be75905a6fc4f07e5bf9cf550de1bebd7e6b915c14c54954ff2,2026-07,North Wales Police,North Wales Police,-2.972357,53.041097,On or near Supermarket,W01000413,Wrexham 010C,Investigation complete; no suspect identified
a3d4ddd28b19ef3bb7f1876d8c095d82cef780e548b013c6a796843c001768dd,2026-07,North Wales Police,North Wales Police,-2.983285,53.046848,On or near Crescent Close,W01001931,Wrexham 012G,Unable to prosecute suspect
1ef5903e4369950a1b1e764ed26d245a2324b43d3b63b6156f13d2a8c99224d4,2026-07,North Wales Police,North Wales Police,-2.996834,53.045054,On or near Brewery Place,W01000350,Wrexham 011B,Unable to prosecute suspect
0a981816a512a5f70294f766e6f79dcd016a5bc6e2cf4450357921d56a492b1d,2026-07,North Wales Police,North Wales Police,-2.986642,53.040968,On or near Stanley Street,W01001931,Wrexham 012G,Unable to prosecute suspect
6151b3f90102ef0940bef36d0ff2ebb59fc366e49c3b24291ea092c4fb7ee698,2026-07,North Wales Police,North Wales Police,-3.553136,53.299876,On or near Towyn Road,W01000184,Conwy 005E,Unable to prosecute suspect
69b393d9b6d736bebb0ee2729587cf8479de4666ed1553c976fae59593bc74fb,2026-07,North Wales Police,North Wales Police,-3.069165,53.222057,On or near Queen's Avenue,W01000278,Flintshire 007D,Unable to prosecute suspect
884ba21838b26f3fbe1504c8c26628d264871ca14175338aa978e72dd40802ec,2026-07,North Wales Police,North Wales Police,-2.976620,53.041006,On or near Parking Area,W01000423,Wrexham 012D,Unable to prosecute suspect
716169f2dd3879b1fefc36ca98f53b64e2f9a3194b8b4dd505d1d7ec7a016107,2026-07,North Wales Police,North Wales Police,-3.017251,53.073414,On or near Station Court,W01000374,Wrexham 003A,Unable to prosecute suspect
0c5e3abfe42e7b1c348b0e79883b9f4282365cf0a447758dc7617f34dfdf0592,2026-07,North Wales Police,North Wales Police,-2.990711,53.164961,On or near Fairfield Road,W01000255,Flintshire 015A,Unable to prosecute suspect
ff3ef1c9497d9dc7faa40dd7ea35a987acf639578138a97b0fddff68686b79de,2026-07,North Wales Police,North Wales Police,-3.830485,53.325150,On or near Ty Isa Road,W01000146,Conwy 001B,Investigation complete; no suspect identified
ff9937ed7d37fa9fb42d1d0d5906873f930a48b3c60deeaf4441b8cf497f2e45,2026-07,North Wales Police,North Wales Police,-3.034245,53.206247,On or near North Street,W01000336,Flintshire 009E,Unable to prosecute suspect
61786a11077a0f2a06217b068c7611f4ecd503401b8ad97296a90d6203a8f671,2026-07,North Wales Police,North Wales Police,-4.626535,53.304850,On or near Lligwy Street,W01000029,Isle of Anglesey 003C,Further action is not in the public interest
72b7a5eb36eb8c513e20a76b5811a41f5fab0040272030ac2a4acbda64881bcb,2026-07,North Wales Police,North Wales Police,-2.931527,53.177637,On or near Parking Area,W01000330,Flintshire 015E,Unable to prosecute suspect
393a6dbf5009746ecdd2f25689b4b9433a2950eede09d9cd45018b1fbd9daf1a,2026-07,North Wales Police,North Wales Police,-2.995584,53.048427,On or near Bus/Coach Station,W01000372,Wrexham 008C,Suspect charged
25fa06e8e95f2856b7f1f2dd8a70f5f892412ec2ee9919ebbb34060ff16f184e,2026-07,North Wales Police,North Wales Police,-2.995584,53.048427,On or near Bus/Coach Station,W01000372,Wrexham 008C,Suspect charged
ddb85fb35f9354aaa716252ee442e4a5ea43694664ca9ceba2672bd87c606254,2026-07,North Wales Police,North Wales Police,-3.429755,53.185652,On or near Ffordd Coppy,W01000199,Denbighshire 011C,Investigation complete; no suspect identified
66b2707b7fededcef98f5caf3cf4cde66787490d76d45d722f479fbf22ec2936,2026-07,North Wales Police,North Wales Police,-3.074070,52.977158,On or near Red Lion Square,W01000355,Wrexham 017B,Unable to prosecute suspect
69dc319bbe4538aaf33e1995ecb18c4790c422c8be2b510b75ae1e1d8fc4e4d2,2026-07,North Wales Police,North Wales Police,-3.495101,53.270917,On or near Parking Area,W01000191,Denbighshire 009A,Unable to prosecute suspect
97a21862e326adc9064dc1338c3df2577fe37536f3f0b1514515ba8a2c17303d,2026-07,North Wales Police,North Wales Police,-3.034922,53.116896,On or near Sarn Lane,W01000308,Flintshire 020C,Unable to prosecute suspect
7954d6b3f9c43a25d1b5511e04e2f81a5d6fa839b6d1bb90394bb99596ffc78d,2026-07,North Wales Police,North Wales Police,-3.460567,53.319313,On or near Lon Ystrad,W01000232,Denbighshire 017B,Unable to prosecute suspect
9006badb118c7f6b6a37d0389613d50d8ed06a87b1d2efdb06eb3d4207151bd6,2026-07,North Wales Police,North Wales Police,-4.457185,53.408225,On or near Stad Cae Rhun,W01000018,Isle of Anglesey 001C,Unable to prosecute suspect
23b4582baa3bfd764f3be0067b30e7cc73345c0b1dce87cc4229c8f2b73972cf,2026-07,North Wales Police,North Wales Police,-3.405666,53.337610,On or near Station Road,W01000214,Denbighshire 002B,Unable to prosecute suspect
2d69506a095c3f5bbd029676ccc4b2038eb5223a706d6eb1b44eb60368ae8215,2026-07,North Wales Police,North Wales Police,-4.376422,53.333712,On or near Sports/Recreation Area,W01000028,Isle of Anglesey 001D,Investigation complete; no suspect identified
e8d3c1a033dbf69ff83ab9382ffd491d6879ba706395c821a2b2c22dc64f3166,2026-07,North Wales Police,North Wales Police,-3.028042,53.032024,On or near Stryt Y Capel,W01000366,Wrexham 014A,Investigation complete; no suspect identified
d018a9af69d7e50661eccb412b431fd4a41878b8bb4bfceb69520557e4a3df65,2026-07,North Wales Police,North Wales Police,-4.114711,53.222856,On or near Parking Area,W01000090,Gwynedd 002D,Unable to prosecute suspect
9fe58228b798ea53026a100e6182e0f707ca0f461a1235008b31adcec54370b5,2026-07,North Wales Police,North Wales Police,-3.406418,53.336720,On or near Parking Area,W01000214,Denbighshire 002B,Investigation complete; no suspect identified
4064d63e0177852c3bfb5fc09909667edd962d89baedd1b59faee52312537fc8,2026-07,North Wales Police,North Wales Police,-3.425823,53.326835,On or near Ffordd Pant Y Celyn,W01000201,Denbighshire 008B,Unable to prosecute suspect
f10c742f2094be3d598837f0b3911aee2e30e2bddca87a967b55d96f26417ac8,2026-07,North Wales Police,North Wales Police,-4.566418,53.282089,On or near Tan-Y-Bryn,W01002007,Isle of Anglesey 004G,Local resolution
4291c7d7952d1dd54704902e40f9f0c2f66652f42c2d909eab223bfe932b7f70,2026-07,North Wales Police,North Wales Police,-4.566418,53.282089,On or near Tan-Y-Bryn,W01002007,Isle of Anglesey 004G,Further investigation is not in the public interest
bb218b91e46703ffed3b8045b78671e18fa33eaf287b5eaea2f5e0354c332b54,2026-07,North Wales Police,North Wales Police,-3.075416,52.971383,On or near Trem Y Fron,W01000355,Wrexham 017B,Unable to prosecute suspect
8d533c70058da61ea41528b73d6a7b9c9ab8ee8766c3849e956cfa710a376713,2026-07,North Wales Police,North Wales Police,-3.487835,53.316863,On or near Gamlin Street,W01000236,Denbighshire 006A,Unable to prosecute suspect
d12bb003374201947d6ad255dc0f27fa1f6066838cbc53cd0b6be3f90e20adfb,2026-07,North Wales Police,North Wales Police,-3.582354,53.290970,On or near Parking Area,W01000178,Conwy 010E,Unable to prosecute suspect
9383daf8beae1adbd315a84300ece8cd697c3c3198c2fd70d94ab0d80171ccf2,2026-07,North Wales Police,North Wales Police,-3.026603,53.053054,On or near Berse Gardens,W01000400,Wrexham 005C,Investigation complete; no suspect identified
ec1d75b83383c1b322d9e22b4b73b037c83bd5ae25b0635da37286c2825b01da,2026-07,North Wales Police,North Wales Police,-3.968899,53.249117,On or near Park Nant Road,W01000170,Conwy 013C,Investigation complete; no suspect identified
81ef444691390b0e0869c23161e0dcbca2188d1923347d2a8fb00e38639e9e7f,2026-07,North Wales Police,North Wales Police,-2.882066,53.077882,On or near Fairview,W01000384,Wrexham 022C,Unable to prosecute suspect
df86ed5986bc44f0b03d986b6b0e83e0b8778952d602b3227edf1b5a6dbc9425,2026-07,North Wales Police,North Wales Police,-2.967068,53.038756,On or near Coed-Y-Bryn,W01000423,Wrexham 012D,Unable to prosecute suspect
cfcaf98a5d424d78274e690dac6d86f33a8ffba8a8935ee0d01bed7f83ab5a62,2026-07,North Wales Police,North Wales Police,-2.998699,53.039304,On or near Fairy Road,W01000402,Wrexham 011D,Unable to prosecute suspect
fe225fc97ef576846339f0a64cab71e4097c27841736db3f060b3682c460529d,2026-07,North Wales Police,North Wales Police,-3.012984,53.211356,On or near Cleveland Grove,W01000332,Flintshire 009A,Unable to prosecute suspect
989cc6e398d9afc769be10f06d5206baf3cc6ab1c3932b52df4bcf9a43d60a2d,2026-07,North Wales Police,North Wales Police,-2.882066,53.077882,On or near Fairview,W01000384,Wrexham 022C,Unable to prosecute suspect
16d1b61efa346b00ceb924f893c5d23057d4d3a6dc1f4a47c08dcd5c6dedb12c,2026-07,North Wales Police,North Wales Police,-2.882066,53.077882,On or near Fairview,W01000384,Wrexham 022C,Unable to prosecute suspect
674099887cc58a6c9f73e7c64f2e5b248473b6cae10fd8ee853e5579cf44218a,2026-07,North Wales Police,North Wales Police,-4.505676,52.820951,On or near Lon Golff,W01000080,Gwynedd 014C,Unable to prosecute suspect
f9b4c15131e96f6a97e070359961fef6491069302d4c86630b7334461d37707f,2026-07,North Wales Police,North Wales Police,-3.315676,53.115445,On or near Cae Seren,W01000242,Denbighshire 014A,Further investigation is not in the public interest
08e6da5123e2d6fe69abfa59fb18051b533502de8a916580d5b1f6f2e8bf73f9,2026-07,North Wales Police,North Wales Police,-3.498082,53.317535,On or near River Street,W01000239,Denbighshire 004D,Investigation complete; no suspect identified
dc1ec0e46225f3882121efe7699ef5ccd06876a22e0a7bcaa525b7586624ba28,2026-07,North Wales Police,North Wales Police,-4.434657,53.255013,On or near Parking Area,W01000009,Isle of Anglesey 007C,Unable to prosecute suspect
9e59994e480e60e2a2d4e23c5e5470e6c64f5ee3a8d7d36cffc40794fdb03467,2026-07,North Wales Police,North Wales Police,-3.496891,53.317415,On or near Maude Street,W01000239,Denbighshire 004D,Investigation complete; no suspect identified
73f2e15529cee8249ddaf0dcd0ff390c6280a8715a1cbdba8c5157d0d7ce3c38,2026-07,North Wales Police,North Wales Police,-2.987476,53.181753,On or near Manor Close,W01000255,Flintshire 015A,Unable to prosecute suspect
864796e8f6f48dc4d729419e5365b72ee4db748c178dcfffbf16aae08fc2f3ba,2026-07,North Wales Police,North Wales Police,-4.022151,53.238507,On or near Parking Area,W01000050,Gwynedd 003A,Investigation complete; no suspect identified
179bdb73a1fde1fc1d5b4948c2a0acb87e5dfe9867aac2009ba9a01a3f7fe00d,2026-07,North Wales Police,North Wales Police,-3.456484,53.317556,On or near Ffordd Aberkinsey,W01000234,Denbighshire 017G,Formal action is not in the public interest
d135b3c093fe5584717e875aa117ddadff09ad1b1f742dc50109c885e2edbe39,2026-07,North Wales Police,North Wales Police,-3.022950,53.070785,On or near Wheatsheaf Lane,W01000379,Wrexham 004C,Unable to prosecute suspect
e0fb0c4959e4b8d9822eb5eeabeceb9c913d317cda07d04467dc0537c90109c8,2026-07,North Wales Police,North Wales Police,-4.626603,53.299597,On or near Maes Cyttir,W01000017,Isle of Anglesey 003B,Unable to prosecute suspect
26fc633e434fc1bdb8d20ef5e71bd850e37b57a97926b24b132b9a1f8945119e,2026-07,North Wales Police,North Wales Police,-3.811987,53.285490,On or near Ferndale Road,W01000166,Conwy 006D,Unable to prosecute suspect
983f22bacfda0e70e06aa1167152bf4914529a945356633456636045ca9f4188,2026-07,North Wales Police,North Wales Police,-2.979794,53.049439,On or near Trevenna Way,W01000425,Wrexham 010E,Investigation complete; no suspect identified
2c2881049503cf0c41050a58e288c30a0aa039b07095818a8373ff1048fb8007,2026-07,North Wales Police,North Wales Police,-3.091249,53.175184,On or near Lôn Pritchard,W01000264,Flintshire 012A,Unable to prosecute suspect
1ef961459bde8471edcb45ae59656ff8e970a9006afa08d54987fd7a14727e03,2026-07,North Wales Police,North Wales Police,-2.996436,53.047233,On or near Duke Street,W01000372,Wrexham 008C,Unable to prosecute suspect
6b75123e3e2edd445be9768f613e8c13174a4eac93b455511ce5d7d67491d26e,2026-07,North Wales Police,North Wales Police,-2.884280,53.077398,On or near Smithfield Street,W01000384,Wrexham 022C,Unable to prosecute suspect
668ee4246ac10c1868ccaec94c58367b2d493d71f3ad09f2076e548efa5da9de,2026-07,North Wales Police,North Wales Police,-3.066326,52.979601,On or near Chathams Close,W01000355,Wrexham 017B,Unable to prosecute suspect
839e7425fd26deab019284d2bee6081ac35154fb7942ee4035d09d16b0235023,2026-07,North Wales Police,North Wales Police,-2.991262,53.031734,On or near Stretton Close,W01000365,Wrexham 011C,Suspect charged
4df2304d12c248eff982c93fad2112b8960ef58b3c55487c357c5c0d98a3302a,2026-07,North Wales Police,North Wales Police,-3.470714,53.307484,On or near Epworth Road,W01000230,Denbighshire 017F,Unable to prosecute suspect
98ac8c1cde60f8206f635798e4715671e2d8acef0391c9ec9d408ae0a3b53aee,2026-07,North Wales Police,North Wales Police,-2.933632,53.034681,On or near Bridgeway East,W01001971,Wrexham 022D,Investigation complete; no suspect identified
4f5be123dafe29bb04011e4c17bcb607efcf81d06118df52bc2cec6cd699a3ff,2026-07,North Wales Police,North Wales Police,-3.067936,53.052708,On or near The Old School,W01000364,Wrexham 006E,Unable to prosecute suspect
2d5d9d05dbc4f9cc4a3e113eef0b2d737c67d212b6e9008e41430cb19d76708e,2026-07,North Wales Police,North Wales Police,-3.237070,53.280220,On or near Moorfields,W01000306,Flintshire 002A,Unable to prosecute suspect
80d60a6b0a4aad612a3ca1677499e1212a4ecb631f19499e9be783ae174686b0,2026-07,North Wales Police,North Wales Police,-3.031786,53.062663,On or near Grenadin Close,W01000401,Wrexham 005D,Unable to prosecute suspect
7c90da81bea46a96129bf975e236b6fd114f69c8d057acc78cbf9b1da870c906,2026-07,North Wales Police,North Wales Police,-3.490923,53.320609,On or near Glanglasfor,W01000240,Denbighshire 004E,Suspect charged
8463dc86c9f8843ec71fa96ae56a8a5c9a11359c41ef8d564e10a88d4d18c342,2026-07,North Wales Police,North Wales Police,-4.634729,53.304579,On or near Cleveland Crescent,W01000017,Isle of Anglesey 003B,Local resolution
f2ca4df9d26468b3741d22b890ee9d4cf918ee0a06f9fde405f3ed424cc405f2,2026-07,North Wales Police,North Wales Police,-3.463514,53.316364,On or near Pen-Y-Maes Avenue,W01000232,Denbighshire 017B,Unable to prosecute suspect
65eb4fe843508ea8e12235cbaac8c06fd1eeb3d0fdecdee78d279714534efe6a,2026-07,North Wales Police,North Wales Police,-3.699868,53.288175,On or near Pen-Y-Bryn,W01000126,Conwy 009A,Suspect charged
7aedc6def5eebf04b50c6f9cd0683c4812d68b79cd86b5dd67969eb5f3403044,2026-07,North Wales Police,North Wales Police,-3.499163,53.270003,On or near Rhodfa Flint,W01000191,Denbighshire 009A,Unable to prosecute suspect
e8661d1908751a5132f5aea7e203ca284dbb05cc35a57d886f7f42072fc16886,2026-07,North Wales Police,North Wales Police,-3.046502,53.211570,On or near Woodland Crescent,W01000337,Flintshire 009F,Unable to prosecute suspect
ce62e2ff49a33139badbd112c7f9ba8d36692d0b534c07f54d8b7f1661513e67,2026-07,North Wales Police,North Wales Police,-4.617554,53.301828,On or near Petrol Station,W01000029,Isle of Anglesey 003C,Local resolution
bf0677f3495e30ab6510fe9e0c53fd383da5c2b3a4ef57d73e2b03d45c22de7b,2026-07,North Wales Police,North Wales Police,-3.488481,53.312136,On or near Brookes Avenue,W01000237,Denbighshire 006B,Unable to prosecute suspect
6adc75c275a691d71c6835fdf82eec973e072a8638ea680d30ecc18740e7224b,2026-07,North Wales Police,North Wales Police,-2.996984,53.052218,On or near George Street,W01000372,Wrexham 008C,Local resolution
d5fbd66b772955b909041f9f93c32b46b2dda0e6d1b495e5d73893111d555ac7,2026-07,North Wales Police,North Wales Police,-3.493595,53.317600,On or near Kings Avenue,W01000240,Denbighshire 004E,Unable to prosecute suspect
b0e8651ba5c57cb083dfa99f2194eb9be60c8a5992f6f41fb43865bdf13d874c,2026-07,North Wales Police,North Wales Police,-4.214141,53.181104,On or near Beach Road,W01000119,Gwynedd 004D,Unable to prosecute suspect
8dc62d14dd5031975adc00d2f9156141dced746ec06338b7a3af3f5698e9a3a8,2026-07,North Wales Police,North Wales Police,-3.750640,53.301842,On or near Berwyn Court,W01000154,Conwy 003A,Unable to prosecute suspect
cd3c8ee955f9eb3d46b86a4ea24ce47bbdbd2c2b3aa1b81e74460e19c108230f,2026-07,North Wales Police,North Wales Police,-2.994510,53.045182,On or near Abbot Street,W01000350,Wrexham 011B,Investigation complete; no suspect identified
edde1bb77c86b246147744da968098d4da3589541df9421128d460f596595473,2026-07,North Wales Police,North Wales Police,-3.260126,53.308861,On or near Ffordd Hiraethog,W01000320,Flintshire 002B,Unable to prosecute suspect
5d0cb194e9c73b21c31ba86d5d468b32eb5d830d70a6fa14c81b84e5e0eb2aa2,2026-07,North Wales Police,North Wales Police,-2.996984,53.052218,On or near George Street,W01000372,Wrexham 008C,Suspect charged
8c62e0e7f6b53e72235946b4acb81eca754893037da5743e8e53686bfb535238,2026-07,North Wales Police,North Wales Police,-3.143661,53.244324,On or near Maes-Y-Coed,W01000290,Flintshire 004B,Unable to prosecute suspect
d313eea8ee1ef6f4c9f9eae52c5a0ead526008bc223e41aed5cffa42d857fd51,2026-07,North Wales Police,North Wales Police,-2.971598,53.043852,On or near Prince Charles Road,W01000413,Wrexham 010C,Unable to prosecute suspect
c6db04aa0b0eae28fab47399188f647deaa3bec34600cd537fcc35ee890bf5da,2026-07,North Wales Police,North Wales Police,-3.815867,53.295967,On or near Parc Pentwyn,W01000166,Conwy 006D,Action to be taken by another organisation
c8ec4bd6bca23b026161b042e7f70a4e7c40b0d7e11867f08709ab9921fb0a20,2026-07,North Wales Police,North Wales Police,-3.446615,53.258777,On or near Mill Street,W01000245,Denbighshire 010A,Unable to prosecute suspect
0c351f8d9f176356172fd4dc0c8dbe524d270fd79aaa8ab10589651258aadf06,2026-07,North Wales Police,North Wales Police,-2.972357,53.041097,On or near Supermarket,W01000413,Wrexham 010C,Unable to prosecute suspect
0c2445109eaf07dbd3fc917ef80882b67b5403cdcc5fd6b16f21fcd994bee535,2026-07,North Wales Police,North Wales Police,-3.715867,53.284988,On or near Maes-Y-Glyn,W01000145,Conwy 008B,Unable to prosecute suspect
30a8bccf7c7b18be377678f01bfbe8762d46fd0f2a18746e55ad50acad4abd53,2026-07,North Wales Police,North Wales Police,-3.675345,53.287183,On or near Berth-Y-Glyd Road,W01000163,Conwy 009E,Action to be taken by another organisation
6d9390409f726d7859343feaeaafc2e7f975417dcb29132d375dca906f13b5a8,2026-07,North Wales Police,North Wales Police,-3.036677,53.210262,On or near Wellington Street,W01000334,Flintshire 009C,Formal action is not in the public interest
665aa62c6c97e1162fb234f2a8bfa38800cebd71c010bb5d5a307a7ba7a6ac49,2026-07,North Wales Police,North Wales Police,-3.461616,53.295550,On or near Howell Avenue,W01000223,Denbighshire 009B,Unable to prosecute suspect
04673c237d4176239f82afec64b9510c899080f95ae91627b41a55ded4c424e1,2026-07,North Wales Police,North Wales Police,-4.617250,53.299803,On or near Parc Busnes Penrhos,W01000040,Isle of Anglesey 004D,Local resolution
114b3a582212475ed9b7023f39dc8ec790e00fdefcb54d835585650a69e19554,2026-07,North Wales Police,North Wales Police,-3.122471,53.242553,On or near Sports/Recreation Area,W01000292,Flintshire 004C,Unable to prosecute suspect
40881b1aded1e479526fb38e1e4f07da89c06b4940cc67358c58ff05d2045794,2026-07,North Wales Police,North Wales Police,-4.134853,53.226021,On or near A5,W01000092,Gwynedd 001E,Suspect charged
3decb0fcb1569e80339afb9797eae8b0d4483c0a4f5b6d435d6fda0c2d880e00,2026-07,North Wales Police,North Wales Police,-3.489931,53.319273,On or near Stryd Bodfor,W01000240,Denbighshire 004E,Unable to prosecute suspect
73989880645c2cc4f544262cb523f0e61ec2a94fc15b59951ab79729ea9a39eb,2026-07,North Wales Police,North Wales Police,-3.811987,53.285490,On or near Ferndale Road,W01000166,Conwy 006D,Investigation complete; no suspect identified
13d98cc731a8c6a53afdcd26e46331d1dadddf39009fa98d1fcdc2df2dc56e9f,2026-07,North Wales Police,North Wales Police,-3.002157,53.045639,On or near Cobden Road,W01000350,Wrexham 011B,Unable to prosecute suspect
309cb6e57026630cbd78c65e5fda3c05449656efefdae0e77b2b6442a7b61638,2026-07,North Wales Police,North Wales Police,-3.484138,53.318051,On or near Albert Street,W01000238,Denbighshire 006C,Unable to prosecute suspect
4561ca179da5d4c8a893eaf45ad8db3f3edf0be90c70eeeba4b6be413be502fd,2026-07,North Wales Police,North Wales Police,-3.653327,53.284191,On or near Copa'r Bryn,W01000164,Conwy 009F,Suspect charged
4aa005185daab47a7d80b3949bb0728e5fa5acd05c8ded205647f6fcb55d8df0,2026-07,North Wales Police,North Wales Police,-4.618947,53.307426,On or near Nimrod Walk,W01000033,Isle of Anglesey 003E,Suspect charged
759f6bfa88fa9d4ca94a812dcbbb34e32c19298c106481d0d9cbcd3cd99d737e,2026-07,North Wales Police,North Wales Police,-3.216844,53.275700,On or near Strand Lane,W01000304,Flintshire 003E,Unable to prosecute suspect
35f93bdf8dcca142e1ef70164ff9e579b0a8ba675dd388ff58cacce1e189785f,2026-07,North Wales Police,North Wales Police,-3.404756,53.336407,On or near Shopping Area,W01000214,Denbighshire 002B,Investigation complete; no suspect identified
debda26d2a973d0144e8e1c6398b041e069d0d1918933701cf3d28d749153833,2026-07,North Wales Police,North Wales Police,-3.170793,52.970779,On or near Dee Lane,W01000209,Denbighshire 016D,Investigation complete; no suspect identified
ee9109e843caa404623bf7e5afe4d73d98bf85b25406aa6b19ea96132db4a9f2,2026-07,North Wales Police,North Wales Police,-4.418133,52.888523,On or near Mitre Place,W01000108,Gwynedd 012D,Suspect charged
1afd58261e5befe16924646287edf897dea560294cd3f18822ae01937083746b,2026-07,North Wales Police,North Wales Police,-4.418133,52.888523,On or near Mitre Place,W01000108,Gwynedd 012D,Suspect charged
cbdf3053cda98ce2d5bc36636b0173d1a81bf4ed98b46eef7937dc181e7dcc9e,2026-07,North Wales Police,North Wales Police,-4.095324,52.787801,On or near Tan y Foel,W01002003,Gwynedd 013E,Investigation complete; no suspect identified
2b4eda8c881396f2de9bd4de777b5c32c819d2711a00ba3719f64d71ea048e07,2026-07,North Wales Police,North Wales Police,-2.984427,53.062256,On or near Acton Gardens,W01000341,Wrexham 023C,Investigation complete; no suspect identified
a31a25b93d68482113bc12f2bf9e5378b8f929d3a6ebd6aeec878a4e36f4ab32,2026-07,North Wales Police,North Wales Police,-4.114146,53.227200,On or near Ffordd Tan Y Bryn,W01000091,Gwynedd 001D,Unable to prosecute suspect
f6f6f603ab1435f4a2a7c1631851ea431803f77b2512153a639492b3d164f5f1,2026-07,North Wales Police,North Wales Police,-2.994821,53.053512,On or near Ffordd Y Ffynnon,W01000371,Wrexham 008B,Suspect charged
646500d52d5567d3d9f10d131086b0f06815ca1c1799d8aeb3d8d743c335a946,2026-07,North Wales Police,North Wales Police,-3.021262,53.206818,On or near Dundas Street,W01000328,Flintshire 011C,Investigation complete; no suspect identified
fe4d272e344bfeb607949e5b3bdaa2ee5001518bf92934484abb1fb7bfe5ae6b,2026-07,North Wales Police,North Wales Police,-3.066354,53.221641,On or near New Union Street,W01000278,Flintshire 007D,Investigation complete; no suspect identified
1a04f78af78b7f17c0666f3210bafe86f345ea12615735d7ee8d4e1c5de2f589,2026-07,North Wales Police,North Wales Police,-3.732011,53.298392,On or near Princes Drive,W01000182,Conwy 007D,Suspect charged
c0d9c3de5688ff73c4099ff3bf095b86bd527a2dd700223237b2ff878dc0cb53,2026-07,North Wales Police,North Wales Police,-2.976620,53.041006,On or near Parking Area,W01000423,Wrexham 012D,Investigation complete; no suspect identified
85486fc6c2ca6fea765982e3a82951c4a4a488b471c66d9f919aac6f7e9e340a,2026-07,North Wales Police,North Wales Police,-2.996436,53.047233,On or near Duke Street,W01000372,Wrexham 008C,Unable to prosecute suspect
c2416368e7fd0f1134973b2308cc3514c80a8e40ff94a6098cd1aca446e563cc,2026-07,North Wales Police,North Wales Police,-4.069191,52.928860,On or near Petrol Station,W01000101,Gwynedd 013D,Unable to prosecute suspect
d9a0bd0bb5dd782e2e69fc683792e09f0a13c22ca7b2c2dfc372526130dcd4c1,2026-07,North Wales Police,North Wales Police,-4.133271,52.930622,On or near Rhes Cambrian,W01000105,Gwynedd 010C,Unable to prosecute suspect
b58caaac5b5ec3bfb03b40a403abff9f190f8dd190fb1eb0db259fe75dcacf60,2026-07,North Wales Police,North Wales Police,-2.933668,53.036371,On or near Clywedog Road East,W01001971,Wrexham 022D,Investigation complete; no suspect identified
30a7e619269bae0819565f96c5b055dba816d5b18dddeeef1ccd165089f49a00,2026-07,North Wales Police,North Wales Police,-4.529428,52.935109,On or near Glan Pwll,W01000095,Gwynedd 012C,Unable to prosecute suspect
94b8cd5fa3967a812889697ce9412c96884d77182d039aa52b1feb42de06f8c1,2026-07,North Wales Police,North Wales Police,-4.522157,52.934697,On or near Ffordd Cae Rhyg,W01000095,Gwynedd 012C,Unable to prosecute suspect
9685886ff0ced9e21f8a7b979baff36412ad050e84a4f16c6700a7aa5516938c,2026-07,North Wales Police,North Wales Police,-3.493349,53.322575,On or near Parking Area,W01000239,Denbighshire 004D,Unable to prosecute suspect
90cfd7c863bef971bf0d32c5bbed80523395b7ce6b8e51eca05bd7a6086eb927,2026-07,North Wales Police,North Wales Police,-3.489671,53.322603,On or near Parking Area,W01000240,Denbighshire 004E,Unable to prosecute suspect
ec94341f53bcd711bb2df2723910e6237dbb8f5c1a44c54d4edfd6390705797f,2026-07,North Wales Police,North Wales Police,-3.467284,53.313378,On or near Pendre Avenue,W01000234,Denbighshire 017G,Unable to prosecute suspect
6c44e9abe14c04ece097e1c16acafce5f61cccf783dc0632d229e3a7f6b796d7,2026-07,North Wales Police,North Wales Police,-2.996436,53.047233,On or near Duke Street,W01000372,Wrexham 008C,Unable to prosecute suspect
3d55294b64c1f6a87836d3043f3c7c3dfe707b171d8137fbf8b9112f84979610,2026-07,North Wales Police,North Wales Police,-3.337117,53.342335,On or near Petrol Station,W01000287,Flintshire 001A,Investigation complete; no suspect identified
b063ab3e37a37d9ed5ed52ff82ccebd5313e1b4c3069bd9661735176dac2635d,2026-07,North Wales Police,North Wales Police,-3.467284,53.313378,On or near Pendre Avenue,W01000234,Denbighshire 017G,Unable to prosecute suspect
558e8faa3ad63c9180471d97675f3ed87df19137beabcb677f9cb493ddaadb22,2026-07,North Wales Police,North Wales Police,-3.010522,53.051852,On or near Belvedere Drive,W01000349,Wrexham 011A,Investigation complete; no suspect identified
bb6e6bdee1d5c21fb4603f81a42ccda809e946ccd467704ffd84a8db0e92b1c8,2026-07,North Wales Police,North Wales Police,-2.963784,53.061337,On or near Lichfield Close,W01000416,Wrexham 023D,Investigation complete; no suspect identified
0912578e6938fc4df570bae397f1443daeaa27226cc4d4e04490a5a2953d55bf,2026-07,North Wales Police,North Wales Police,-2.958715,53.024575,On or near Maelor View,W01000395,Wrexham 016B,Investigation complete; no suspect identified
6c97b7031f9cb7086ba4c8dc485286227aed90e55a351b02a6dd5bb0f389925a,2026-07,North Wales Police,North Wales Police,-3.003287,53.042258,On or near Parking Area,W01000402,Wrexham 011D,Investigation complete; no suspect identified
62bfe190b2cb8fa1c216483527f69a8592142ac19299f6db6800a942b633ca9d,2026-07,North Wales Police,North Wales Police,-3.489058,53.316623,On or near Clwyd Avenue,W01000236,Denbighshire 006A,Unable to prosecute suspect
593dc358660767d843e259df2b3a1a3d1a4a4f8cca918f00fcadc281e9d16aaf,2026-07,North Wales Police,North Wales Police,-3.922831,53.267346,On or near Y Berllan,W01000172,Conwy 013E,Unable to prosecute suspect
4aae2775808105e2ee896637247dc03e42b694fabb4d0230e48b63f67a2bd300,2026-07,North Wales Police,North Wales Police,-3.054768,53.193878,On or near Burghley Road,W01000251,Flintshire 013A,Unable to prosecute suspect
1f63d5cb64273d5cd489f23c9396a2c835ee96078973e4868b2fdcb8cd2cb769,2026-07,North Wales Police,North Wales Police,-3.032745,52.995413,On or near Heather Close,W01000419,Wrexham 016D,Unable to prosecute suspect
52cb2d1407eeb498a6b7f2fea6e7e288f7310f33a961d6dbcc0165c5f572b0d4,2026-07,North Wales Police,North Wales Police,-3.826173,53.321575,On or near Charlton Street,W01000169,Conwy 001D,Suspect charged
6e706d0061b1aa6ad8633a7e845fbcdec0d2453b252f1ba0f16a9e216b267540,2026-07,North Wales Police,North Wales Police,-3.821794,53.316742,On or near Ffordd Las,W01000187,Conwy 002C,Unable to prosecute suspect
8851b1fdf430e8b28c4139e2134a279ace292c1538edeb88e08fff843632997b,2026-07,North Wales Police,North Wales Police,-3.461191,53.313867,On or near Bro Deg,W01000234,Denbighshire 017G,Unable to prosecute suspect
9f89a4450274503135d4ff41a02b4a639444e06d6cc3a586ac97708268d62d29,2026-07,North Wales Police,North Wales Police,-3.826902,53.323505,On or near Clonmel Street,W01000169,Conwy 001D,Suspect charged
9f89a4450274503135d4ff41a02b4a639444e06d6cc3a586ac97708268d62d29,2026-07,North Wales Police,North Wales Police,-3.826902,53.323505,On or near Clonmel Street,W01000169,Conwy 001D,Suspect charged
0ee0cf15ebdfba83f6ee8c3bc5fd337798d39fc738b0dd37cd2fe98ae5d0f8a5,2026-07,North Wales Police,North Wales Police,-3.057256,52.984527,On or near Parking Area,W01000409,Wrexham 017E,Unable to prosecute suspect
708acb6d8b52d181e9b67cd9d285a840b6b18d20a580e1f82f17be0ecea70d79,2026-07,North Wales Police,North Wales Police,-3.426386,53.327053,On or near Crud Yr Awel,W01000201,Denbighshire 008B,Unable to prosecute suspect
b12d0d70924874c5dc8338c3976f5779f4bfb6be064200741d109678427251c4,2026-07,North Wales Police,North Wales Police,-2.981001,53.049393,On or near Crossways,W01000425,Wrexham 010E,Unable to prosecute suspect
0dcec86e75d9511f5b2ca9a1c2e551aa3bc5503784b1e151ab1398f163713bbf,2026-07,North Wales Police,North Wales Police,-3.830554,53.325706,On or near Back South Parade,W01000146,Conwy 001B,Unable to prosecute suspect
7ee04a61728a8ab3ee95a5b3f8be7a9132fedaa24a08fa60d4710e6687c04b8f,2026-07,North Wales Police,North Wales Police,-3.459056,53.313749,On or near Maes Bryn Melyd,W01000234,Denbighshire 017G,Unable to prosecute suspect
23627add0b9dd6878145e449f9a874487a7c9dbc496bc80cd52c99aaef1af2ce,2026-07,North Wales Police,North Wales Police,-3.030789,53.076525,On or near Hill Street,W01000377,Wrexham 004A,Unable to prosecute suspect
bc5f8a5f22799e50220c53ee5494eef3f874fc41320cf17e02e85332b8d03f50,2026-07,North Wales Police,North Wales Police,-3.063137,53.054099,On or near Heol Bathafarn,W01000362,Wrexham 006C,Unable to prosecute suspect
b1195e3f47e30cdf343e1dcb11af0fa67fae0e170b98eab9c51d4456b0999c5f,2026-07,North Wales Police,North Wales Police,-3.902934,53.277195,On or near Mona Drive,W01000125,Conwy 013B,Unable to prosecute suspect
6c753382134a7b9facfe14e302b4bac48e856f5a28408bb5f51b753579a50a0e,2026-07,North Wales Police,North Wales Police,-3.834005,53.316879,On or near King's Drive,W01000168,Conwy 002B,Unable to prosecute suspect
a5470004aac124c7f2954b8242edd5a1e0b412bbf76b0f38adcfb27ff26d4aa6,2026-07,North Wales Police,North Wales Police,-3.407868,53.336047,On or near Bridge Road,W01000218,Denbighshire 001A,Investigation complete; no suspect identified
b16923b2c2b59051eb0d9b51f682e210fe901d7deb52eada07dc1a58d9f87824,2026-07,North Wales Police,North Wales Police,-3.493595,53.317600,On or near Kings Avenue,W01000240,Denbighshire 004E,Unable to prosecute suspect
834984d8c999853170a34408772389f15bfac620a56067a7ef1a259fec4a7aff,2026-07,North Wales Police,North Wales Police,-3.035029,53.212092,On or near Health Street,W01000334,Flintshire 009C,Further action is not in the public interest
7b400ac7218dd7c060cc81b944b1173f9aa26ec4a543b28ccb6dbf260a3cf5d0,2026-07,North Wales Police,North Wales Police,-3.481731,53.316157,On or near Vale Park,W01000236,Denbighshire 006A,Unable to prosecute suspect
ef1827633c92a3e35b5b696e0128c4e270278168162adf82f0c7295380827196,2026-07,North Wales Police,North Wales Police,-3.031474,53.193758,On or near Overlea Drive,W01000302,Flintshire 013F,Unable to prosecute suspect
059870de1b62b589ae7c7595a7bb713f1cf869a8376ad3d22c69b8b5e250bd1d,2026-07,North Wales Police,North Wales Police,-2.993612,53.093678,On or near Eleventh Avenue,W01000392,Wrexham 003E,Unable to prosecute suspect
643b8c6dc205518a0688809208af4aeca4f0c838aca37a6990ef83834f307374,2026-07,North Wales Police,North Wales Police,-2.882066,53.077882,On or near Fairview,W01000384,Wrexham 022C,Unable to prosecute suspect
3c1fda63f93ac0da76e45ead31be1eb0fef106804e033588a86eec663486dedd,2026-07,North Wales Police,North Wales Police,-2.995668,53.041091,On or near Erddig Court,W01000365,Wrexham 011C,Unable to prosecute suspect
7bb291ae367deb13ae402b03327b969e59d6f882b8355861228aac10ed481455,2026-07,North Wales Police,North Wales Police,-2.882066,53.077882,On or near Fairview,W01000384,Wrexham 022C,Unable to prosecute suspect
2b8c206094b3e6c603aa4743d6d06d7b3fcfb575fa83740630f9b519cd15b3f9,2026-07,North Wales Police,North Wales Police,-2.976413,53.049017,On or near Wynnstay Avenue,W01000425,Wrexham 010E,Unable to prosecute suspect
176d628829436521711ee70e6181fd1f45c6e8ad759b42510be69eaff1438ab2,2026-07,North Wales Police,North Wales Police,-3.718917,53.294051,On or near Trevor Road,W01000144,Conwy 007C,Investigation complete; no suspect identified
73d742f7e82c49aa8e589cf4046ba33b91dcf5fdc7783002722f9dd0f6da14e3,2026-07,North Wales Police,North Wales Police,-3.715425,53.294901,On or near Parking Area,W01000144,Conwy 007C,Investigation complete; no suspect identified
d1326c262efe1eb8af85790187c62d7ea6c90557861a817787a842dab9159e79,2026-07,North Wales Police,North Wales Police,-3.150136,53.173398,On or near Sunny Ridge,W01000319,Flintshire 016G,Unable to prosecute suspect
beae8f930164ab8f10a9f7d9b5d55b58646f9c3850853c7f14d09598fa458754,2026-07,North Wales Police,North Wales Police,-2.949576,53.182493,On or near Sports/Recreation Area,W01000329,Flintshire 015D,Investigation complete; no suspect identified
6329277434cfa90e21fd3979595d50d5567f565c6dd1d1c14c66734c59e07dc8,2026-07,North Wales Police,North Wales Police,-3.582183,53.279439,On or near Bryn Parc,W01000142,Conwy 010D,Unable to prosecute suspect
3916c5a426e4d8fcbdc97618aa2cf14ad96df70f95afcbbcf82d55b84c0051e6,2026-07,North Wales Police,North Wales Police,-3.216844,53.275700,On or near Strand Lane,W01000304,Flintshire 003E,Unable to prosecute suspect
ccc757048c5b9f077a5f36b9777c1448a5dced429f464f98158d34e27db6c223,2026-07,North Wales Police,North Wales Police,-4.125552,53.229712,On or near Supermarket,W01000062,Gwynedd 001A,Investigation complete; no suspect identified
6af4f77928fe11cbb606359bc6429b4ce50e7fc59d2499e6f9c7ef174a2d7af6,2026-07,North Wales Police,North Wales Police,-3.678519,53.289700,On or near Ffordd Elias,W01000127,Conwy 009B,Unable to prosecute suspect
f61f91d08081d9aeacaa7ec50c8f0a75300b919682a6ae61c8fbfebb243a90b0,2026-07,North Wales Police,North Wales Police,-3.402518,53.332280,On or near Ash Grove,W01000213,Denbighshire 002A,Unable to prosecute suspect
9066d8574c74c22316b2700d436fc8c5421facca7a35794a1a087cdc8e9b7e9a,2026-07,North Wales Police,North Wales Police,-3.068564,53.050347,On or near Tudor Street,W01000364,Wrexham 006E,Investigation complete; no suspect identified
0b903064ce5066a95ffbdfcf2c949909e1ef92fe736ef2ec168a651a3e3ee2bc,2026-07,North Wales Police,North Wales Police,-3.678519,53.289700,On or near Ffordd Elias,W01000127,Conwy 009B,Unable to prosecute suspect
db2c954d68b6ae723345ed2e72ac0a2206c57286a9d06206707837f08cac72a1,2026-07,North Wales Police,North Wales Police,-3.412744,53.294548,On or near Ffordd-Y-Cwm,W01000200,Denbighshire 008A,Unable to prosecute suspect
8e4084ade22ce854ce9fcd450cc1339b2ebbc978984cbe73b1e545ffaf492f46,2026-07,North Wales Police,North Wales Police,-4.056153,52.721350,On or near Sports/Recreation Area,W01002004,Gwynedd 016F,Unable to prosecute suspect
320ee01bf4ecf8e42e1d4e2dde60562d079ab111c1187e746cb4a6770064d8f5,2026-07,North Wales Police,North Wales Police,-4.123906,53.227341,On or near Rhes Plas Llwyd,W01000062,Gwynedd 001A,Investigation complete; no suspect identified
857cd65c8bb6038aaaaf8bf8c88e46648dfd06d64a7a25f7611ee308ef3c89a6,2026-07,North Wales Police,North Wales Police,-3.482778,53.323408,On or near Churton Road,W01000228,Denbighshire 004C,Unable to prosecute suspect
266814a262b7a29c50ed1faaab88675d6cc50bd2c022ee31c3c8ac030b58819e,2026-07,North Wales Police,North Wales Police,-3.042522,53.002349,On or near Ruabon Road,W01000386,Wrexham 015A,Unable to prosecute suspect
c8f7a9036ffa951b3ff8cd768b24d23e9167e79f4a860c1a234b59469b2afa8f,2026-07,North Wales Police,North Wales Police,-3.497793,53.312289,On or near Parking Area,W01000237,Denbighshire 006B,Unable to prosecute suspect
130401a0dff47beeab07e1c8a951b9564a084b009a8c25f772c2f7597e9dba40,2026-07,North Wales Police,North Wales Police,-4.269271,53.115790,On or near Dol Beuno,W01000054,Gwynedd 007A,Investigation complete; no suspect identified
de5223fb33f2a08e713e65bc551af1db120b6256c7375f8b92450bb6eb6f5854,2026-07,North Wales Police,North Wales Police,-3.002169,53.096285,On or near Maes Llay,W01000391,Wrexham 003D,Unable to prosecute suspect
0811a0eeb3aa2d7f050d3421651696a6baa84bf0bf2db168bc4abd2c6d68e5f2,2026-07,North Wales Police,North Wales Police,-3.811406,53.286290,On or near Bryn Eglwys,W01000166,Conwy 006D,Investigation complete; no suspect identified
ad789104bb8ba6939e3517ec6f5a5557588a12e8891171f6dab5ad9b8a9bbfc4,2026-07,North Wales Police,North Wales Police,-3.485560,53.313611,On or near Parc Fforddlas,W01000237,Denbighshire 006B,Investigation complete; no suspect identified
5a36c0f39036cf17eeef355c9b718f53b12ce2c44fdc440c215ffefae4e34290,2026-07,North Wales Police,North Wales Police,-3.146998,53.245847,On or near Elm Avenue,W01000289,Flintshire 005A,Investigation complete; no suspect identified
3fa7361ca186313a2524c74f91ff9a22a8833b2f86432ca527bedfbacec05363,2026-07,North Wales Police,North Wales Police,-3.220440,53.284545,On or near Rhodfa Wenlo,W01000297,Flintshire 003D,Unable to prosecute suspect
2bf0031298c1099b3474d6eb506a93c2af12987b4e0908dc0db2886d95a01dfc,2026-07,North Wales Police,North Wales Police,-3.034194,53.061006,On or near Bryn Goleu,W01000373,Wrexham 005B,Investigation complete; no suspect identified
46bd3b0584411f7beee1d030216d73f73590c3baa64ebe13046dfb966e44271f,2026-07,North Wales Police,North Wales Police,-3.833904,53.315577,On or near Ffordd Dulyn,W01000168,Conwy 002B,Investigation complete; no suspect identified
2ff229bede456a2f7c433cd2f21dc1fddf9c0b8ba027da6244b8bf3458dc26f3,2026-07,North Wales Police,North Wales Police,-3.719902,53.292445,On or near Lawson Road,W01000144,Conwy 007C,Investigation complete; no suspect identified
868d8057da10d8a5a022f2fa6f34aa772ad6c2026e6bbd29e75d9853ea12aff7,2026-07,North Wales Police,North Wales Police,-3.975562,53.252846,On or near Village Road,W01000170,Conwy 013C,Investigation complete; no suspect identified
244b3c1e1b8cd9ccd56a897f0a46dd3e9fce70202efa9b825460df0d9cfe5f58,2026-07,North Wales Police,North Wales Police,-3.535470,53.299773,On or near Gors Road,W01000184,Conwy 005E,Unable to prosecute suspect
f4a8c7f5e834e957448e5d37f5823f0faf6541bb976c5267dd4bd48e00c632b8,2026-07,North Wales Police,North Wales Police,-3.493293,53.313253,On or near Sudbury Close,W01000237,Denbighshire 006B,Investigation complete; no suspect identified
f145bfa65ff8291b7bd0ea03118b0cd1a3c75104793462828a1341f81d511dcc,2026-07,North Wales Police,North Wales Police,-3.057256,52.984527,On or near Parking Area,W01000409,Wrexham 017E,Investigation complete; no suspect identified
c96589aa8136244dd4aa2c0244613c9eab33084641f008aa4b1e5e5ef5c8d57e,2026-07,North Wales Police,North Wales Police,-2.972926,53.065757,On or near Bieston Close,W01000344,Wrexham 023A,Unable to prosecute suspect
b8ce8659ac88488687359bbc253f9a92a73564617590af60220b39cd548b6f0a,2026-07,North Wales Police,North Wales Police,-3.358324,53.336603,On or near Llanasa Road,W01000298,Flintshire 001B,Unable to prosecute suspect
bf0ff2bab8cc08b746bea93bcc777760528d17787a34c55f5026be4e99a652a2,2026-07,North Wales Police,North Wales Police,-3.358324,53.336603,On or near Llanasa Road,W01000298,Flintshire 001B,Unable to prosecute suspect
65521f20b9dacdc62f7c0e934bf09e4d8005b234962d0f173a1422f09fc10793,2026-07,North Wales Police,North Wales Police,-3.544106,53.282500,On or near Rhuddlan Road,W01000140,Conwy 010B,Unable to prosecute suspect
706c7100009b3ac8d642d9c37c40f6ef4632801c304e5db2fbd79da4857254e0,2026-07,North Wales Police,North Wales Police,-3.172283,53.265665,On or near Old London Road,W01000254,Flintshire 003B,Unable to prosecute suspect
57079ec5ba5d206436a23cf61a0f6b35a3238101a27350fec134ea7c4382eec3,2026-07,North Wales Police,North Wales Police,-3.084445,53.165241,On or near Bryn Mawr,W01000262,Flintshire 017C,Investigation complete; no suspect identified
eb268e6093c398deba0f0e763830e1da442e09bfc10d2177eafa0464392ad9a0,2026-07,North Wales Police,North Wales Police,-3.509790,53.301332,On or near Garth Morea,W01000150,Conwy 005B,Unable to prosecute suspect
2a202e7ab885e1b9a8fa9796dc2d808bb66c7612faaef0a38723217f64b14a5d,2026-07,North Wales Police,North Wales Police,-2.988344,53.056056,On or near The Willows,W01000342,Wrexham 023E,Unable to prosecute suspect
72be928b8583d247bfab21d389c85e94af971914d5cf925484e9fc887c85f796,2026-07,North Wales Police,North Wales Police,-3.832219,53.327065,On or near Court Street,W01000146,Conwy 001B,Unable to prosecute suspect
a37a65b542230a3378d6ecf87050f51536a533d6e3d39e533ec09bf21754d84d,2026-07,North Wales Police,North Wales Police,-3.030789,53.076525,On or near Hill Street,W01000377,Wrexham 004A,Unable to prosecute suspect
7b77d9555a92752b1795d49c5376cd9d41fdc7d6c9bf095d3f4140ed4889413d,2026-07,North Wales Police,North Wales Police,-2.967764,53.048504,On or near Ernest Parry Road,W01001969,Wrexham 010F,Unable to prosecute suspect
8689b2e7fdc5c9bc5cd9529dd742e27bfd59db1fe27fdc0353b85146e31b8f64,2026-07,North Wales Police,North Wales Police,-3.926463,53.268420,On or near Celyn Avenue,W01000171,Conwy 013D,Unable to prosecute suspect
5fa7b72699b6e1b273797fcf78090bad9d1b16fad76ef0937c2eed477ec4db66,2026-07,North Wales Police,North Wales Police,-4.338243,52.905486,On or near Parking Area,W01000089,Gwynedd 011D,Suspect charged
5fa7b72699b6e1b273797fcf78090bad9d1b16fad76ef0937c2eed477ec4db66,2026-07,North Wales Police,North Wales Police,-4.338243,52.905486,On or near Parking Area,W01000089,Gwynedd 011D,Suspect charged
5fa7b72699b6e1b273797fcf78090bad9d1b16fad76ef0937c2eed477ec4db66,2026-07,North Wales Police,North Wales Police,-4.338243,52.905486,On or near Parking Area,W01000089,Gwynedd 011D,Suspect charged
667d7cf7c481b932a5bebc1a582d9f6db33e80988dad0b21eb5e38affc833482,2026-07,North Wales Police,North Wales Police,-4.338243,52.905486,On or near Parking Area,W01000089,Gwynedd 011D,Suspect charged
418298de74210a693aef166cf00784e6755eada0ffc60b95f5c427ccd1ccbfdb,2026-07,North Wales Police,North Wales Police,-4.125516,53.146397,On or near Rhes Marian,W01000063,Gwynedd 005A,Suspect charged
4b0b1356be5861b7e15b432ddd8992f75f46124b39d6a8083a1cf671825f7071,2026-07,North Wales Police,North Wales Police,-3.489671,53.322603,On or near Parking Area,W01000240,Denbighshire 004E,Investigation complete; no suspect identified
def0d75c068062dd75e45a0ed59de0e0cb124ba3f8728b47526c6807f74c9c6d,2026-07,North Wales Police,North Wales Police,-4.064581,52.953908,On or near Morfa Gaseg,W01000100,Gwynedd 010B,Suspect charged
065594b90e48b6b61ded101100345f5769c91c7c34b610fee99aab0891ed2cad,2026-07,North Wales Police,North Wales Police,-4.064581,52.953908,On or near Morfa Gaseg,W01000100,Gwynedd 010B,Suspect charged
59a12f69d68bb06f6f4e3723105d510f0b825eddf789ac8ebae4e74a5a831c4a,2026-07,North Wales Police,North Wales Police,-4.633266,53.310321,On or near Market Street,W01000016,Isle of Anglesey 003A,Further action is not in the public interest
86aa3bb6a354592fb1a7641e23986181f1e3ff004fcef1c33f22e31a63eb8202,2026-07,North Wales Police,North Wales Police,-3.542713,53.002395,On or near Parking Area,W01000190,Conwy 014D,Investigation complete; no suspect identified
3dccb5f07a0cf4c776b1731bcd3c6d4dbb80f971c92cfb936fd6a95669bce6bf,2026-07,North Wales Police,North Wales Police,-3.705444,53.289192,On or near Kyffin Close,W01000139,Conwy 007A,Further action is not in the public interest
73cf52fe9054aa959c784ec813efb046cf12a65a2c7bf21a3790c3c5ce56c29b,2026-07,North Wales Police,North Wales Police,-3.741195,53.310557,On or near Supermarket,W01000156,Conwy 004B,Local resolution
2abd7f2e8e75c2f4ff89ccf3d6d9114db2807d66eb32c5557fb6cfea52eb0ec1,2026-07,North Wales Police,North Wales Police,-3.822828,53.312825,On or near Bodnant Road,W01000188,Conwy 002D,Unable to prosecute suspect
c5bdb3b7c3551eaa0b47cd0f3b16879cd216863ac800e9fc07cef56b58cde8dd,2026-07,North Wales Police,North Wales Police,-3.178404,52.972032,On or near Supermarket,W01000209,Denbighshire 016D,Suspect charged
4eb0868702e3483198ca62edb68dd2dba669bdc6c48a1abcde1302c6e26d273b,2026-07,North Wales Police,North Wales Police,-3.170338,52.973777,On or near Sports/Recreation Area,W01000209,Denbighshire 016D,Unable to prosecute suspect
9c60e7f2cd7b63aee4d9c759404760ad4c074239fbd7c392af4be688581f7066,2026-07,North Wales Police,North Wales Police,-3.037034,52.992877,On or near North Avenue,W01000419,Wrexham 016D,Unable to prosecute suspect
cf6516275d306f334a6e592611736586cecd926f38ea9a78906f1f37a68f7861,2026-07,North Wales Police,North Wales Police,-4.310450,53.020069,On or near Park/Open Space,W01000086,Gwynedd 008B,Suspect charged
bf8f910405a8dbae0a22a79d7d3bf0ad6b35b45999447f849b65ea1e92ebea20,2026-07,North Wales Police,North Wales Police,-3.039598,52.989834,On or near Queen Street,W01000420,Wrexham 016E,Suspect charged
bf8f910405a8dbae0a22a79d7d3bf0ad6b35b45999447f849b65ea1e92ebea20,2026-07,North Wales Police,North Wales Police,-3.039598,52.989834,On or near Queen Street,W01000420,Wrexham 016E,Suspect charged
bf8f910405a8dbae0a22a79d7d3bf0ad6b35b45999447f849b65ea1e92ebea20,2026-07,North Wales Police,North Wales Police,-3.039598,52.989834,On or near Queen Street,W01000420,Wrexham 016E,Suspect charged
58226b0cfd8f58fe3bf8e440cdbfc1d4b609e9b8c976f6bc081b73537e26e3bb,2026-07,North Wales Police,North Wales Police,-3.076381,53.216544,On or near Buttermere Close,W01000276,Flintshire 008A,Investigation complete; no suspect identified
a1b024e1f84e6548bf50bebd0b966a06478155d1e20568a5ebc2347dd30c80a3,2026-07,North Wales Police,North Wales Police,-3.763494,53.291836,On or near Garth Road South,W01000167,Conwy 011C,Unable to prosecute suspect
d50ece9957635b71c339704936d52774fd444986db11e71725394582773ae2ed,2026-07,North Wales Police,North Wales Police,-3.482031,53.325700,On or near Beechwood Road,W01000228,Denbighshire 004C,Further action is not in the public interest
8a7a60a4015782141654f3d7bec54f8e291dd5428d978f75d2c604fec56e9835,2026-07,North Wales Police,North Wales Police,-3.481982,53.322105,On or near Y Gorlan,W01000228,Denbighshire 004C,Unable to prosecute suspect
29beef38d796e10df5369c09d5ea68d8249ac6733f1d4dade02efb2329b40f7c,2026-07,North Wales Police,North Wales Police,-2.979128,53.048366,On or near West Circle,W01000425,Wrexham 010E,Suspect charged
7f308a061a7099878048b405723dd83f8271f00e95c1639d86eb385ec735d9c4,2026-07,North Wales Police,North Wales Police,-3.583669,53.284750,On or near Church Street,W01000178,Conwy 010E,Further action is not in the public interest
17e0a6894a3e5c1174d41d3e36c629d0870c410ab9e92a9f601955160fe23187,2026-07,North Wales Police,North Wales Police,-2.996436,53.047233,On or near Duke Street,W01000372,Wrexham 008C,Suspect charged
7eca87cb02fd146a588880507d2e3a9d6eaab7692ef38317023b6c14aba02748,2026-07,North Wales Police,North Wales Police,-2.976620,53.041006,On or near Parking Area,W01000423,Wrexham 012D,Unable to prosecute suspect
723d19a876a86ea123240a89a82dda364c36eec555ee1f0c2fe5bc9e745ea294,2026-07,North Wales Police,North Wales Police,-3.832868,53.317678,On or near King's Avenue,W01000168,Conwy 002B,Investigation complete; no suspect identified
f194ce3fdc075f4cbed12afdff7d00f3ddffcee4493b32a62485fb8c351ff35f,2026-07,North Wales Police,North Wales Police,-4.633198,53.312867,On or near Parking Area,W01000036,Isle of Anglesey 003F,Suspect charged
5b57c13471627c9bf0bb31d0e5c2536e21c53cf5fa7e1b1f96bc71ee9de5d382,2026-07,North Wales Police,North Wales Police,-4.633198,53.312867,On or near Parking Area,W01000036,Isle of Anglesey 003F,Suspect charged
6e110ad487d712d8e928a0470ff7b3a1f23990f0111f9f943a86a53afb0e985f,2026-07,North Wales Police,North Wales Police,-4.633198,53.312867,On or near Parking Area,W01000036,Isle of Anglesey 003F,Suspect charged
72da30757e880909e3948350e19f6f8e94c6bb394f167c92feb82ce211c2a178,2026-07,North Wales Police,North Wales Police,-3.502745,53.315247,On or near Sydenham Avenue,W01000241,Denbighshire 004F,Unable to prosecute suspect
d19512c02132d707c5ca88194e4e034e05c142f894006f1ba80909247051103e,2026-07,North Wales Police,North Wales Police,-3.088595,53.173159,On or near Field Farm Road,W01000265,Flintshire 012B,Unable to prosecute suspect
0a31448d59acd0a4df9fb675da3c9b061fdb98062993312fcf69960aa22dd2a4,2026-07,North Wales Police,North Wales Police,-2.978574,53.088418,On or near Gresford Road,W01000369,Wrexham 021B,Suspect charged
772f260ebbfd390b65fb93401f21f598a06a986c3cf8ef7812046def8c6c0515,2026-07,North Wales Police,North Wales Police,-3.039614,53.212808,On or near Parking Area,W01000337,Flintshire 009F,Unable to prosecute suspect
004707ea5ce1822928d239369a5118ea3d4041a3d7f30c02b85f0262c5f05186,2026-07,North Wales Police,North Wales Police,-4.504150,52.824364,On or near Petrol Station,W01000080,Gwynedd 014C,Suspect charged
80eb45cc5e41e723f8ca6d6a8802c4caed8ff2757a4866887242e99304e8abbf,2026-07,North Wales Police,North Wales Police,-3.054771,53.159853,On or near Bannel Lane,W01000259,Flintshire 017A,Unable to prosecute suspect
5fe9feb8f713e047346d22fd8ef2f66d07864a5d6d17ea87e3215fd2f4c98e83,2026-07,North Wales Police,North Wales Police,-3.608001,53.218421,On or near School Lane,W01000122,Conwy 014A,Local resolution
e1c68e2fcea0985b7811ffee2f1daf8115d9c89be35832b262010c43614fc762,2026-07,North Wales Police,North Wales Police,-3.803398,53.284226,On or near Oswald Road,W01000176,Conwy 011D,Unable to prosecute suspect
0474be75378b2100f4ab9951c4572caa52f4f6f86fa021ddc38add2f11386534,2026-07,North Wales Police,North Wales Police,-2.990029,53.046235,On or near Market Street,W01001931,Wrexham 012G,Suspect charged
9f1b38804e98d7281af23957d67171cee5f6e577bf3cb0900b677b0385809c71,2026-07,North Wales Police,North Wales Police,-3.814920,53.294147,On or near Shamrock Terrace,W01000165,Conwy 006C,Unable to prosecute suspect
8f61cd32a513425f9fa9e9ffa7731951d682451fa7c598413c08bae8f8e31d5f,2026-07,North Wales Police,North Wales Police,-3.074407,53.220230,On or near Agenora Close,W01000276,Flintshire 008A,Investigation complete; no suspect identified
04a05354e6d0ba17224c0c7f189ff5a32354eac58571588e74f8c9c259c1e04a,2026-07,North Wales Police,North Wales Police,-3.310721,53.114637,On or near St Peter's Square,W01000242,Denbighshire 014A,Suspect charged
0b21c73920f7cf2832bc31ecd8b869433e250d5d975781f5a12d69b90f9f7c92,2026-07,North Wales Police,North Wales Police,-3.431382,53.184176,On or near Ffordd Ysgubor,W01000199,Denbighshire 011C,Unable to prosecute suspect
60dd178f853cd0acc0c56b3aae160f8bbaf07a99e095c98adb58a987ab0ca7c9,2026-07,North Wales Police,North Wales Police,-3.473999,53.290013,On or near Marsh Road,W01000225,Denbighshire 009D,Unable to prosecute suspect
a23d98c77bd258279e30decea17e916ee4d713d4f545a63c558c1d7283b80312,2026-07,North Wales Police,North Wales Police,-3.033650,53.209551,On or near Chester Road (West),W01000334,Flintshire 009C,Unable to prosecute suspect
d0a153cd85e1585c9a41d8677a77612baeebc0f6b1539ec8d202afb43b024693,2026-07,North Wales Police,North Wales Police,-3.484855,53.324856,On or near St Asaph Street,W01000228,Denbighshire 004C,Unable to prosecute suspect
ddb57e9690efcc6d79a8daba260aad012d08aeb739bba248e5c843b7eae0326d,2026-07,North Wales Police,North Wales Police,-3.596338,53.252380,On or near Parking Area,W01000122,Conwy 014A,Unable to prosecute suspect
4646058c94d42022c150beb5f634f6cf4f0d848558253d48e23c2fb22cd410f2,2026-07,North Wales Police,North Wales Police,-2.996436,53.047233,On or near Duke Street,W01000372,Wrexham 008C,Investigation complete; no suspect identified
f941515c2c062e8af32a359f2feb57942dcbd409ae7a9fec44e24996ff0455f4,2026-07,North Wales Police,North Wales Police,-3.725497,53.292023,On or near Agnes Grove,W01000143,Conwy 007B,Unable to prosecute suspect
928a52866ce7566595b8a182d890080564ff5059ad15ae5b41e7f6f9e67f44d1,2026-07,North Wales Police,North Wales Police,-2.971005,53.166687,On or near Bretton Road,W01000255,Flintshire 015A,Investigation complete; no suspect identified
149f63ffa53e71e3e6286ebd63e7cf3ca8a022ac01b48031ea07e98d4fc5f231,2026-07,North Wales Police,North Wales Police,-3.725497,53.292023,On or near Agnes Grove,W01000143,Conwy 007B,Unable to prosecute suspect
d7e38a83b1d86f05aba8b9c8e3c5c79e113dcb73efdccdd0d03e57657a7dbfc9,2026-07,North Wales Police,North Wales Police,-3.031422,52.994940,On or near Gorse Close,W01000419,Wrexham 016D,Investigation complete; no suspect identified
547457a8c24149a9abd5507345e71aec9822899f9d67182d41555604e56b71ee,2026-07,North Wales Police,North Wales Police,-3.116938,53.207964,On or near Connah's Quay Road,W01000323,Flintshire 012C,Local resolution
08ffee173d08953c10131a8e044e78075f8793091ccead3080305fd72298f404,2026-07,North Wales Police,North Wales Police,-3.884593,52.743326,On or near Heol Glyndwr,W01000067,Gwynedd 016D,Investigation complete; no suspect identified
d5a90dfe4dc928f3870c2a8db69dee6a7ad88056f7835becdb11849058bfe2e6,2026-07,North Wales Police,North Wales Police,-2.971216,53.054723,On or near Clos Y Cowper,W01000415,Wrexham 023F,Investigation complete; no suspect identified
f80c7aa494751c5e32511315add9cfc6c4adfa2f2023f6ef91576e247c220f91,2026-07,North Wales Police,North Wales Police,-4.273362,53.220689,On or near Gaerwen Uchaf,W01000025,Isle of Anglesey 009B,Unable to prosecute suspect
8adbe478832b5745b6f88ab8537166f4209ec004bd84d151c8555142a5ea702f,2026-07,North Wales Police,North Wales Police,-3.144488,53.086498,On or near A5104,W01000339,Flintshire 019D,Investigation complete; no suspect identified
ed641191c328241ed6006a7aebee24b4c49afa7dc7b1a904064971cd8c74742f,2026-07,North Wales Police,North Wales Police,-3.091309,53.168118,On or near Mold Road,W01000261,Flintshire 014C,Investigation complete; no suspect identified
3978697212b1540018544b25bdf131c204eea0d55728560946491cc30b78cef4,2026-07,North Wales Police,North Wales Police,-3.021695,53.191649,On or near Wood Ville,W01000311,Flintshire 011A,Unable to prosecute suspect
70fba6e0b8ab7274190e9c5517e702f58e2c41ba3fe61a8fcb5c63ecf02d83ad,2026-07,North Wales Police,North Wales Police,-4.307507,53.256985,On or near Lon-Newydd,W01000041,Isle of Anglesey 006D,Unable to prosecute suspect
f3af4c050aee24618b663f17546ffa7e0019a3f407344fd59b3cee8975993c36,2026-07,North Wales Police,North Wales Police,-4.535103,53.352666,On or near Bryn Llwyd,W01000022,Isle of Anglesey 004A,Investigation complete; no suspect identified
f68d15b539ea1b9a092cdc9cdc349021fcf4f771070d24b956b036cc0e9ddb15,2026-07,North Wales Police,North Wales Police,-2.934223,53.176384,On or near Howard Road,W01000331,Flintshire 015F,Local resolution
a9dfb430bc6efe599aa2136ad1757e3cb297bb240852550eff4756dc3065c985,2026-07,North Wales Police,North Wales Police,-3.005813,53.055928,On or near Plas Coch Road,W01000372,Wrexham 008C,Investigation complete; no suspect identified
f00f1df1d56cd167eb3db4626ffd674346f4c69c655c8e9e3c7a4e164dde339e,2026-07,North Wales Police,North Wales Police,-3.062097,53.016056,On or near Maes-Y-Gornel,W01000411,Wrexham 015C,Investigation complete; no suspect identified
0abe343c95e74dc6b87c699710c624cfb5503b1ba93daa5d9dfc8c4e54e0c480,2026-07,North Wales Police,North Wales Police,-3.581106,53.293738,On or near Meirion,W01001928,Conwy 010H,Investigation complete; no suspect identified
a48561066bf09599db1c584fe6c0a75a5ccde5c91004349b79200ccee5619511,2026-07,North Wales Police,North Wales Police,-3.821318,53.321961,On or near Bus/Coach Station,W01000186,Conwy 001E,Suspect charged
2283923f04037445f5f45d6ab568b8d40d1f680772896780b61ffec0fa6f7580,2026-07,North Wales Police,North Wales Police,-4.161724,53.224728,On or near Water Street,W01000011,Isle of Anglesey 008B,Investigation complete; no suspect identified
8db3e2e22347399aba2dbf5b80d3b59bbcfb6e5c0c3c61c88d0cf0e49a19882c,2026-07,North Wales Police,North Wales Police,-3.052033,52.936920,On or near Chirk Green Gardens,W01000361,Wrexham 019E,Investigation complete; no suspect identified
b68a0370ea33b7e3073ef8b4b0ea2959b4cbb0bbed446f3ed60e723ed8756cb1,2026-07,North Wales Police,North Wales Police,-3.069545,53.223724,On or near Petrol Station,W01000278,Flintshire 007D,Unable to prosecute suspect
75c90707fc6cb1e0a84f4a96da1f559db29d258360dc6586794841fb5e41fa7b,2026-07,North Wales Police,North Wales Police,-3.421346,53.182993,On or near Highgate,W01000194,Denbighshire 011A,Unable to prosecute suspect
708431a96cc4a42b4d444d5eb167606c7840844638d5a0485e948d281c830758,2026-07,North Wales Police,North Wales Police,-2.933632,53.034681,On or near Bridgeway East,W01001971,Wrexham 022D,Unable to prosecute suspect
a51305173835347bd2bf0ca270156961a2a776edad44b4981018654a811968c6,2026-07,North Wales Police,North Wales Police,-3.405666,53.337610,On or near Station Road,W01000214,Denbighshire 002B,Investigation complete; no suspect identified
08131d1d163b8b1fbeaba36d2c8c4f193b65d80415e762d9485f4f5091586777,2026-07,North Wales Police,North Wales Police,-3.133385,53.169239,On or near Sports/Recreation Area,W01000315,Flintshire 016C,Investigation complete; no suspect identified
a856cedc20a2c0fe4d6c136b9bc5d89700ea01ba4f61111c4917b1a85b9896e6,2026-07,North Wales Police,North Wales Police,-4.283389,53.053392,On or near Heol-Y-Dwr,W01000104,Gwynedd 008C,Investigation complete; no suspect identified
1724e9295703324b0ea6968dfb1c57f4425041f54adb4c62cbc4f6e1adfeb447,2026-07,North Wales Police,North Wales Police,-2.989547,53.161195,On or near Sycamore Grove,W01000257,Flintshire 015C,Unable to prosecute suspect
fd906e98355a9bf4ce42f41c9de6d333eb6aa2989f4181b87f230284509ffe32,2026-07,North Wales Police,North Wales Police,-4.628793,53.308855,On or near Parking Area,W01000033,Isle of Anglesey 003E,Unable to prosecute suspect
d705395b7ddbbb9f3b5059ebd611d0ad80d53f4a5df0a4c2c212256e37134785,2026-07,North Wales Police,North Wales Police,-4.405256,52.882553,On or near Marinaland,W01000109,Gwynedd 012E,Suspect charged
5a62fdb3b06665f90156b7faea47cf12b78e54e270932853ac3fa288fee96c20,2026-07,North Wales Police,North Wales Police,-4.405256,52.882553,On or near Marinaland,W01000109,Gwynedd 012E,Suspect charged
cbe63a42a1d6b2a9a8ca561e3618b756864cf9d6739f480b97ec789fde0fa707,2026-07,North Wales Police,North Wales Police,-2.989547,53.161195,On or near Sycamore Grove,W01000257,Flintshire 015C,Unable to prosecute suspect
06c160b42d8e5f905b195468225f2c12476c3158b2730cffb70cacf76a7b7a83,2026-07,North Wales Police,North Wales Police,-3.836161,53.314310,On or near Llys Bryniau,W01000168,Conwy 002B,Unable to prosecute suspect
c9923e88c4ffb3c72b2300e53177a12a9c4864ce6dc9169979f3623dd1efa238,2026-07,North Wales Police,North Wales Police,-4.634729,53.304579,On or near Cleveland Crescent,W01000017,Isle of Anglesey 003B,Unable to prosecute suspect
2ef7c3ce3a5ffc19f94940b8cffadc58b9bf8a9ebd7db7e93032b3417a0dafcc,2026-07,North Wales Police,North Wales Police,-2.994521,53.048283,On or near Parking Area,W01000372,Wrexham 008C,Suspect charged
68ed98783803e686da5c29a364e1ebdaa4edfdb782257c923395add0c9643633,2026-07,North Wales Police,North Wales Police,-2.965582,53.041654,On or near Trem Y Mynydd,W01000414,Wrexham 010D,Further investigation is not in the public interest
297bb7385ad8d03338664a6d5d7ed069eed40283711ed0af323e12665e27d4ce,2026-07,North Wales Police,North Wales Police,-3.464493,53.326106,On or near Edgbaston Road,W01000226,Denbighshire 004A,Unable to prosecute suspect
106024dc21e46cac5f4f45462808d73cb564d5328d72b1f16e58cb16c0badd84,2026-07,North Wales Police,North Wales Police,-3.058340,53.010429,On or near Police Station,W01000411,Wrexham 015C,Suspect charged
211a4005c98942bea4a21277f50d596ebe88ffffe828032253cd45a935ca7de8,2026-07,North Wales Police,North Wales Police,-3.723595,53.292113,On or near Meirion Gardens,W01000144,Conwy 007C,Unable to prosecute suspect
dc95016805ad91e2c77ae7e310a30fa67d5b4007385c2354ef7548ac62cc609e,2026-07,North Wales Police,North Wales Police,-3.830485,53.325150,On or near Ty Isa Road,W01000146,Conwy 001B,Suspect charged
db13b9993c4b54c416b50a0bc10d63898bd213457b7ede25580f198069bf5348,2026-07,North Wales Police,North Wales Police,-3.032749,53.208786,On or near Petrol Station,W01000336,Flintshire 009E,Investigation complete; no suspect identified
b89134407e250180e25d22350b75250e15e310a94886f7c115f698020972a4f3,2026-07,North Wales Police,North Wales Police,-3.464493,53.326106,On or near Edgbaston Road,W01000226,Denbighshire 004A,Suspect charged
b27329bd9b75794fc2576e578ffafc5d81c30e2d0fc4efb0ad16be2ca5849acb,2026-07,North Wales Police,North Wales Police,-3.306617,53.248168,On or near Cae Delyn,W01000271,Flintshire 006C,Unable to prosecute suspect
c75441cd572b0819a7d49517ee7381d05620fc8bd08cd971b728d65f1fa7570b,2026-07,North Wales Police,North Wales Police,-4.054593,52.720298,On or near Parking Area,W01002004,Gwynedd 016F,Further action is not in the public interest
8e2d614e319d170945858bc69b2a8015b03e9c58d1ef2ceb43c0b93829daf800,2026-07,North Wales Police,North Wales Police,-3.223297,53.274276,On or near Cross Street,W01000304,Flintshire 003E,Unable to prosecute suspect
78ebe4e70497b9cf88fe2faa94c17d5f2d77410b75b1334fd17559146b948c29,2026-07,North Wales Police,North Wales Police,-3.057204,53.176687,On or near Dinghouse Wood,W01000268,Flintshire 013B,Unable to prosecute suspect
89c348981ae1effc76397ea17a4a4d8036f01b909800876786a6e1f616e4a922,2026-07,North Wales Police,North Wales Police,-3.798020,53.138156,On or near Ancaster Square,W01000134,Conwy 015B,Suspect charged
7ef8cc3f56ef55bf4313864be2f6b771d1da1c65ca42310a041cde54c7e5fd2d,2026-07,North Wales Police,North Wales Police,-3.057204,53.176687,On or near Dinghouse Wood,W01000268,Flintshire 013B,Unable to prosecute suspect
3a6e24241f031f99144dc8b76a553a99e85dd8717dea1d593383168cec254875,2026-07,North Wales Police,North Wales Police,-4.145530,53.213670,On or near Sports/Recreation Area,W01000064,Gwynedd 002A,Local resolution
74fffa299b696943cf34d9a87388ce1fed5729dbef34f721030d5035565cae15,2026-07,North Wales Police,North Wales Police,-3.090894,53.170612,On or near Muirfield Road,W01000265,Flintshire 012B,Unable to prosecute suspect
22731c15335516d9b7229205693cd021de880480a9cb30aa367a864d9f63181b,2026-07,North Wales Police,North Wales Police,-3.090894,53.170612,On or near Muirfield Road,W01000265,Flintshire 012B,Unable to prosecute suspect
6b57ef9ac274e7a05f5085d2dc6f2e130ef0702a40df3651061e79092f43e6f0,2026-07,North Wales Police,North Wales Police,-4.089530,52.584675,On or near Sports/Recreation Area,W01000117,Gwynedd 017E,Unable to prosecute suspect
ca765dc1dde663d925bb2aec6fe13fc847ad2817f12e92746263bdd1636f8adc,2026-07,North Wales Police,North Wales Police,-3.141917,53.167571,On or near Shopping Area,W01000315,Flintshire 016C,Investigation complete; no suspect identified
009dc87a4e8734ac30f65f3127ff001d34f082a5e2c20024bc1f3f06337c6fbe,2026-07,North Wales Police,North Wales Police,-3.125369,53.244570,On or near Kings Avenue,W01000292,Flintshire 004C,Unable to prosecute suspect
7f5cefeaf4e90a1fc05064a861fd5bbe01170f3b1621df42f02df6b0186fbee0,2026-07,North Wales Police,North Wales Police,-3.566537,53.297022,On or near Y Ddol,W01001927,Conwy 010G,Unable to prosecute suspect
1d046a76fcdd05f949a0bdd422168c2b958cb02a0b318b7b8876da19cc927712,2026-07,North Wales Police,North Wales Police,-3.063410,52.984598,On or near Llangollen Road,W01000354,Wrexham 017A,Suspect charged
443cf036238d7ccce81e0ac09623c7f8ca4f46dcc8c0e2206030ccfb72d398d5,2026-07,North Wales Police,North Wales Police,-3.488481,53.312136,On or near Brookes Avenue,W01000237,Denbighshire 006B,Unable to prosecute suspect
174ee08a27f3b7a76919a4cec2b3331dbb4e5f7cf318d3aba5748d2cee9f456b,2026-07,North Wales Police,North Wales Police,-3.007856,53.048207,On or near Bron-Y-Nant,W01000350,Wrexham 011B,Suspect charged
3676b8f3ab4482b71ddc2c196d5335df37f8884cb95f3e256a5e81dcced2cfd1,2026-07,North Wales Police,North Wales Police,-3.007856,53.048207,On or near Bron-Y-Nant,W01000350,Wrexham 011B,Suspect charged
92c4508c0893905fb2ae6d2e0f1ff79c9267a3cb02f48552a018929f95cc7e4f,2026-07,North Wales Police,North Wales Police,-4.298558,53.258705,On or near Bro Tudur,W01000041,Isle of Anglesey 006D,Unable to prosecute suspect
7ccf4c60a0bae79283ad6492d35c975622d5d4dd40719b4747f8d8dc8957fc28,2026-07,North Wales Police,North Wales Police,-3.445674,53.331298,On or near West Close,W01000220,Denbighshire 001C,Investigation complete; no suspect identified
bebd2447ed4393344a69bf87ffb3751f539b8f3b60650ab7ce57d21400d8fe52,2026-07,North Wales Police,North Wales Police,-3.075766,53.205142,On or near Bryn Eithin,W01000280,Flintshire 010B,Investigation complete; no suspect identified
8086e94a7a91a2b1b1ef421beb9d13376c62bb01bc2c8a0c54a7337c739d3beb,2026-07,North Wales Police,North Wales Police,-3.833389,53.317230,On or near King's Road,W01000168,Conwy 002B,Investigation complete; no suspect identified
9ff4d9885e2d5fea6ee5ca0a86a3c9778dea0ab0c99a13039d3ccef025305a34,2026-07,North Wales Police,North Wales Police,-3.023210,53.202477,On or near Dyfed Drive,W01000312,Flintshire 011B,Unable to prosecute suspect
3a2fca3eb37914638b56d9dea1ce3decf55754e2a9d45305d574f40f63804c64,2026-07,North Wales Police,North Wales Police,-4.626603,53.299597,On or near Maes Cyttir,W01000017,Isle of Anglesey 003B,Suspect charged
423c738dc3530126ccf353973fa8c1ded29a74e002218abb90f3bac16f04389b,2026-07,North Wales Police,North Wales Police,-3.303261,53.233444,On or near Llys-Y-Pentre,W01000271,Flintshire 006C,Unable to prosecute suspect
9d5d4aba0d43b5e56ea0cf95d104093f9d23dbda2fa924eb93fd4df03b8ba937,2026-07,North Wales Police,North Wales Police,-3.488481,53.312136,On or near Brookes Avenue,W01000237,Denbighshire 006B,Unable to prosecute suspect
2ebd5408714e1bb3e1ed9506aa4dd8f9096314e7cd57742a83d6564dc1eedd98,2026-07,North Wales Police,North Wales Police,-3.710462,53.288248,On or near Hospital,W01000139,Conwy 007A,Unable to prosecute suspect
84a23f9bf67f676d784272e4a4a3be1110949b2b855922fcbf3d2a0a09eda345,2026-07,North Wales Police,North Wales Police,-3.074558,53.213720,On or near Supermarket,W01000277,Flintshire 008B,Investigation complete; no suspect identified
f4d5e7f41aeac41ad94e42ad5b4bae3c36fc63523a09bb29f964f5994fd76473,2026-07,North Wales Police,North Wales Police,-3.066304,53.213596,On or near Wirral View,W01000281,Flintshire 008D,Unable to prosecute suspect
0b05bbde093c7c6dedbb3926b879d88988c83eca44dc0cb3bffc19cf82d29fb4,2026-07,North Wales Police,North Wales Police,-4.634271,53.311512,On or near Trearddur Square,W01000016,Isle of Anglesey 003A,Unable to prosecute suspect
5525b8440e72ca1eaea6845ec7f8975d71e85c6959b6e3bea1f3eb5ae8aa4d60,2026-07,North Wales Police,North Wales Police,-3.257886,53.308202,On or near Ffordd Pandarus,W01000320,Flintshire 002B,Investigation complete; no suspect identified
6704a3ccab00c4ce6fd67964874b3697b078303b7c69bd7cd9264b6e14f36d50,2026-07,North Wales Police,North Wales Police,-3.037336,53.061348,On or near Frondeg,W01000373,Wrexham 005B,Investigation complete; no suspect identified
50d3a5fd22b28f6bd71d73e27c719fe2fcb8e6b3b0eeea7aae64c6bac2ece200,2026-07,North Wales Police,North Wales Police,-3.498872,53.316959,On or near Butterton Road,W01000239,Denbighshire 004D,Suspect charged
50d3a5fd22b28f6bd71d73e27c719fe2fcb8e6b3b0eeea7aae64c6bac2ece200,2026-07,North Wales Police,North Wales Police,-3.498872,53.316959,On or near Butterton Road,W01000239,Denbighshire 004D,Suspect charged
8f9858385e6879bdf115c0f42d41030d2076b3eea401e4d1d4f5ae6321151497,2026-07,North Wales Police,North Wales Police,-3.022483,53.030876,On or near Clos Britannia,W01000366,Wrexham 014A,Local resolution
fbf0067ba7881c7e2b9dbe91ac78efee1369c49a099b2d725d999b503a055358,2026-07,North Wales Police,North Wales Police,-3.488666,53.314435,On or near Menai Avenue,W01000237,Denbighshire 006B,Investigation complete; no suspect identified
f8059f9d02c371bfc114cd08a07aefa7430eb6cfa7fc7e5cb727ea06915cebbf,2026-07,North Wales Police,North Wales Police,-3.119102,53.238696,On or near Ffordd Piran,W01000293,Flintshire 004D,Investigation complete; no suspect identified
ace23e283589998479d431fb4c928c9d4b4da145c83b0bd1f6c62fdf08bb8c12,2026-07,North Wales Police,North Wales Police,-3.057256,52.984527,On or near Parking Area,W01000409,Wrexham 017E,Unable to prosecute suspect
e89def35544bf613111da9b5ab454cb21730a389df93631bbc77a4cb1e15e6d5,2026-07,North Wales Police,North Wales Police,-3.722491,53.293010,On or near Erw Wen Road,W01000144,Conwy 007C,Investigation complete; no suspect identified
1511a769c77f548e4e8a222149385dd5b6d7a6a173fc46be2ba4c84278f8f981,2026-07,North Wales Police,North Wales Police,-2.993988,53.044539,On or near College Street,W01000402,Wrexham 011D,Investigation complete; no suspect identified
dee72b32c62756f531b1f1b2cb02b5621d24f368b5ffc87ac4a6ed304003b2d7,2026-07,North Wales Police,North Wales Police,-4.403573,53.205204,On or near Bryn Gwna,W01000007,Isle of Anglesey 009A,Unable to prosecute suspect
94c0cc6a05985671fdb2a9e9a7996920f076e376221e76b7801c44b34e793232,2026-07,North Wales Police,North Wales Police,-3.140402,53.165132,On or near Llys-yr-Efail,W01000315,Flintshire 016C,Suspect charged
ca939286562c9859f66c5089ea6f7a0baab7a2efed4efa51ed19cc8364b25eca,2026-07,North Wales Police,North Wales Police,-4.318002,53.256152,On or near Sports/Recreation Area,W01000012,Isle of Anglesey 006B,Investigation complete; no suspect identified
84b674dfbb89d47d1c1faac54a883e51daa2d55dacd68ca64a9b0eb7f52de37c,2026-07,North Wales Police,North Wales Police,-4.636531,53.314573,On or near Maes Hedd,W01000037,Isle of Anglesey 003G,Suspect charged
498104ff26a3327ad40860b4b60c6220ab9688ae9b32e69bdf206b93aa367277,2026-07,North Wales Police,North Wales Police,-3.059761,52.981574,On or near Ogwen,W01000409,Wrexham 017E,Unable to prosecute suspect
e04ddb3c5c49462139368ce51022133697983067d489fbeeb1cdaa096ac92aeb,2026-07,North Wales Police,North Wales Police,-3.144299,53.165436,On or near Stryd Newydd,W01000314,Flintshire 016B,Investigation complete; no suspect identified
90e47581ebceda2530e3b143d8e9313e264ffdd1d29d5016bcf1e436c2f0e851,2026-07,North Wales Police,North Wales Police,-3.710462,53.288248,On or near Hospital,W01000139,Conwy 007A,Further investigation is not in the public interest
2ed573997b9a71ceb6825f6df8a320219d74774a93b37fd64822730c1a83b043,2026-07,North Wales Police,North Wales Police,-3.222165,53.274558,On or near Ffordd St Gregoire,W01000304,Flintshire 003E,Suspect charged
b449215b5f72c7febd5c7eed541f9a53c03964270b20610cbd0d921139353e51,2026-07,North Wales Police,North Wales Police,-3.189233,53.276734,On or near Cae'r Ffynnon,W01000254,Flintshire 003B,Unable to prosecute suspect
db1a3012711e5d0f6699451ee485ce25f230561ecc35ac18899d4754fef800dd,2026-07,North Wales Police,North Wales Police,-2.987642,53.044381,On or near Shopping Area,W01001929,Wrexham 012F,Investigation complete; no suspect identified
8d156bb10dec9bce842e8d4e0698a389cd1058e402013993488fba1933b11646,2026-07,North Wales Police,North Wales Police,-3.079667,53.167963,On or near Parking Area,W01000259,Flintshire 017A,Investigation complete; no suspect identified
71a86cd417c914512c9a1ebe200345205b575a2d19792eb86aac6039e450add8,2026-07,North Wales Police,North Wales Police,-3.419321,53.183781,On or near Crown Square,W01000194,Denbighshire 011A,Investigation complete; no suspect identified
9063fa4816081372c1b7674051331ca05b0ffa38c9879112440863169dba56b4,2026-07,North Wales Police,North Wales Police,-3.057775,53.218149,On or near Primrose Street,W01000274,Flintshire 007B,Unable to prosecute suspect
454981a47dfc29f1ede6a0df2022588c09a849c3ede33b275419d9800a7a69da,2026-07,North Wales Police,North Wales Police,-4.056153,52.721350,On or near Sports/Recreation Area,W01002004,Gwynedd 016F,Investigation complete; no suspect identified
daa6803c348305248b3cffafaf904d6f4e3195bf4b3edf790fa0d0f9c752ad79,2026-07,North Wales Police,North Wales Police,-4.520145,52.935414,On or near Y Groes,W01000095,Gwynedd 012C,Investigation complete; no suspect identified
f3f92fd4b6311db3eeacb8cc238476f573f7852cad852d783393f86192a58f18,2026-07,North Wales Police,North Wales Police,-3.478601,53.318992,On or near Clifton Avenue,W01000238,Denbighshire 006C,Investigation complete; no suspect identified
033307aacabf274167ed8d7e3135cee1a18f6d0b4776b8996cca541a517826c2,2026-07,North Wales Police,North Wales Police,-3.836847,53.314902,On or near Bryniau Place,W01000168,Conwy 002B,Investigation complete; no suspect identified
2ddb8a79a9822eabee2ff9cbc074c45f7afadac6a01ec551ca15a4a0901669ec,2026-07,North Wales Police,North Wales Police,-4.159825,53.209020,On or near Hospital,W01000102,Gwynedd 002E,Unable to prosecute suspect
84586fcc29c7a3360d38d7a4fe899d9495d4af38bdea858b61613cfc431803d3,2026-07,North Wales Police,North Wales Police,-3.728789,53.296632,On or near Hawarden Road,W01000182,Conwy 007D,Investigation complete; no suspect identified
92499000dc7d1e86f792601a6b2373fe433e40d6072ecb65732092bdf118d546,2026-07,North Wales Police,North Wales Police,-4.633782,53.311631,On or near Parking Area,W01000016,Isle of Anglesey 003A,Unable to prosecute suspect
8d7649d67dee8b08e2bcc2c855c73a5e5104a7dff7af72cc3910c123ebd39b8a,2026-07,North Wales Police,North Wales Police,-3.448413,53.330150,On or near Sherwood Avenue,W01000226,Denbighshire 004A,Unable to prosecute suspect
db861ac940231ae15f71ccd088bcb8a79c76760d86d38cca7fbec6d0e538b736,2026-07,North Wales Police,North Wales Police,-4.336973,53.411412,On or near Ystad Glorian,W01000003,Isle of Anglesey 001A,Investigation complete; no suspect identified
4c63dee2986e864c623086a238c5b6dd14a9dc29e554774c7a41b4af2191539d,2026-07,North Wales Police,North Wales Police,-3.728789,53.296632,On or near Hawarden Road,W01000182,Conwy 007D,Action to be taken by another organisation
4394ad9968c55f0b7cfefc07052dfcac78fd11d616ab84d9aa86f2e1bbadc0ab,2026-07,North Wales Police,North Wales Police,-3.493595,53.317600,On or near Kings Avenue,W01000240,Denbighshire 004E,Unable to prosecute suspect
76ce2258cfb9df2bcf06f567821888510ef538632cea5dd27e3b3e5bf9b0f81b,2026-07,North Wales Police,North Wales Police,-2.970989,53.047983,On or near Eaton Drive,W01000425,Wrexham 010E,Unable to prosecute suspect
c50c3736926e0fd89d37e0d9d9d62fc84d22ad7855ba17bb785b530b1b52323a,2026-07,North Wales Police,North Wales Police,-2.985234,53.165537,On or near Somerford Road,W01000257,Flintshire 015C,Unable to prosecute suspect
432e2483b98ab9fd150fe373a6ed5ce02ca74c83f57d36558c93b15afe9e87c1,2026-07,North Wales Police,North Wales Police,-2.990036,53.042648,On or near Salop Road,W01000402,Wrexham 011D,Unable to prosecute suspect
c75a065f7aee39889a4a57c7c2e65bf7d3bc8ab05efbd75ea99f2f9528628257,2026-07,North Wales Police,North Wales Police,-3.466346,53.320177,On or near Maple Avenue,W01000232,Denbighshire 017B,Unable to prosecute suspect
6afcbba9115f795c3d25a1653075d383ff10bad1e2aaebcb3f6149f1b4b6759f,2026-07,North Wales Police,North Wales Police,-3.488861,53.313560,On or near Gwynfryn Avenue,W01000237,Denbighshire 006B,Investigation complete; no suspect identified
79d4523b4ecad1ceb6d8c7c1267a53cda69daf85e5883fc4df0ecc3e36163029,2026-07,North Wales Police,North Wales Police,-3.007997,53.045958,On or near Hospital,W01000349,Wrexham 011A,Local resolution
a389e65c7b4edc223ea8bb245529e32b7dab4562d72534fb529b978eca8d4464,2026-07,North Wales Police,North Wales Police,-4.125069,53.228741,On or near Well Street,W01000062,Gwynedd 001A,Unable to prosecute suspect
3fc51ba0ce36b1f72fdfe141047742e6518ec8214ed7bb42d1cf9d73624eed31,2026-07,North Wales Police,North Wales Police,-4.427181,53.196109,On or near Parking Area,W01000007,Isle of Anglesey 009A,Unable to prosecute suspect
0d5f69b85018f5278bb99fe5a41798fcbbce488815c1643b485df582a9b33312,2026-07,North Wales Police,North Wales Police,-4.626124,53.304508,On or near Garden Place,W01000029,Isle of Anglesey 003C,Action to be taken by another organisation
9b89d753f056594537b4ed6a62463ef09f2c805ff245f168e268da97665e9759,2026-07,North Wales Police,North Wales Police,-3.426163,53.186117,On or near Crud Y Gwynt,W01000198,Denbighshire 011B,Investigation complete; no suspect identified
f270aaa7680f9664b928f5a773cb32ca442ba78b6bc579b148848b9e111bc763,2026-07,North Wales Police,North Wales Police,-4.061723,52.724229,On or near Princes Avenue,W01002004,Gwynedd 016F,Unable to prosecute suspect
81bf248ccf88cb8f9fec0c54d2e4782ab130e51c5dc41261e63f30fcff3b2f03,2026-07,North Wales Police,North Wales Police,-3.726686,53.293597,On or near St Paul's Close,W01000143,Conwy 007B,Investigation complete; no suspect identified
13c5db7626dfb5e11859068efe31daed114f8ad6d92181723430d1c7c41f63da,2026-07,North Wales Police,North Wales Police,-4.139638,53.224373,On or near Hospital,W01000092,Gwynedd 001E,Unable to prosecute suspect
71570d47675c0b6522897c13d5ed99db3924da37a254cfd38d0d9f99f68570f1,2026-07,North Wales Police,North Wales Police,-3.464493,53.326106,On or near Edgbaston Road,W01000226,Denbighshire 004A,Suspect charged
f6fb016e27749158d8beb2d2d5fc63974d76385862d78a2e96a8e1fc7c921018,2026-07,North Wales Police,North Wales Police,-3.003697,53.102241,On or near B5373,W01000390,Wrexham 021A,Suspect charged
1802e4cd6a19ba7990e4067414bfa6171f132d88dbda5e8003e94955b5f9a440,2026-07,North Wales Police,North Wales Police,-3.039614,53.212808,On or near Parking Area,W01000337,Flintshire 009F,Unable to prosecute suspect
2c8cc384c6b87930d289f5e90094626e996c664de176ad0713d249f3c77de532,2026-07,North Wales Police,North Wales Police,-3.061567,53.219455,On or near Parking Area,W01000273,Flintshire 007A,Suspect charged
534034231d922270bac8fcdc0faff05cf01481edff3825e69731d375379d6b15,2026-07,North Wales Police,North Wales Police,-3.726686,53.293597,On or near St Paul's Close,W01000143,Conwy 007B,Investigation complete; no suspect identified
faca376389d197fd1271e086134bfafb5a2f17d463bd77258ce15ba2a479e1b5,2026-07,North Wales Police,North Wales Police,-3.029865,53.089720,On or near Tan- Yr- Allt,W01000377,Wrexham 004A,Suspect charged
fcf9a09660bd963c1fb3f2ecb8a1a4f9ff20fa2e3190f570100c82f41bd97291,2026-07,North Wales Police,North Wales Police,-3.703566,53.289866,On or near Petrol Station,W01000138,Conwy 008A,Suspect charged
2da7a3315d4622620e5c328a3de3de9d740af4c8d2173b51765016f97a11ff19,2026-07,North Wales Police,North Wales Police,-4.454944,53.411903,On or near Maes Cynfor,W01000018,Isle of Anglesey 001C,Suspect charged
548a35adb708940ab182f6a9d49243dc4bbbe34aae7135f1fbcd3718f1f03107,2026-07,North Wales Police,North Wales Police,-3.337117,53.342335,On or near Petrol Station,W01000287,Flintshire 001A,Suspect charged
b2db926cc30439dc6d67f76a35cd4a97105ab0c6fe5905b80a0b3f0bd30df221,2026-07,North Wales Police,North Wales Police,-3.058417,53.186467,On or near Supermarket,W01000286,Flintshire 013E,Offender given a caution
5f57e94ec3a89342b8c39592b7e81e80e8601e4a9503fe49a25aa89b9258b2cc,2026-07,North Wales Police,North Wales Police,-3.142923,53.164865,On or near Parking Area,W01000314,Flintshire 016B,Further action is not in the public interest
4b0183f91c8e5d74a5aefe0f86c989d033a4dace857a76eee50e98bb069c78d7,2026-07,North Wales Police,North Wales Police,-3.142923,53.164865,On or near Parking Area,W01000314,Flintshire 016B,Further action is not in the public interest
5f5412fada3ab599e11c0776af1c9871eae8b02ca8deb96db346fe3fb22e80db,2026-07,North Wales Police,North Wales Police,-2.985012,53.067627,On or near Kendall Way,W01000387,Wrexham 008D,Suspect charged
0e186f17e6fab2f336a7ab91ca47eaf8e686ebaf051fc821cfaa8dcfc6fadb2e,2026-07,North Wales Police,North Wales Police,-3.044682,53.202605,On or near Dale Road,W01000252,Flintshire 010A,Further action is not in the public interest
83597bc1ec4606f8b07c6f620fdf95f2a7d37e741f60c4fa03ff10be9ca80307,2026-07,North Wales Police,North Wales Police,-3.044682,53.202605,On or near Dale Road,W01000252,Flintshire 010A,Further action is not in the public interest
3be47f26aaa961421ccd0c188f5d0de6ae25e039ec9f532c611fa29cc682334a,2026-07,North Wales Police,North Wales Police,-3.137449,53.248581,On or near Coleshill Street,W01000290,Flintshire 004B,Further action is not in the public interest
05acf639fe01988592bbeff08a2a607a34bd14601821d2c53ba02a7773147e53,2026-07,North Wales Police,North Wales Police,-3.458597,53.325378,On or near Lon Hedyn,W01000235,Denbighshire 017D,Suspect charged
e09754b0546d060c4d328f63b939086f21a7c1781229fc82dd6c7be30776309e,2026-07,North Wales Police,North Wales Police,-3.194786,53.279033,On or near Riverbank,W01000254,Flintshire 003B,Further action is not in the public interest
105100d56d4e7c690f5be1f2f47c475114d3a3ab1adaf3c4e5fdb5d1c19b72b8,2026-07,North Wales Police,North Wales Police,-3.220440,53.284545,On or near Rhodfa Wenlo,W01000297,Flintshire 003D,Further action is not in the public interest
e3c27a7440a08cb881960f945a7464e0a8931ba7ed38983d91d1da2322773826,2026-07,North Wales Police,North Wales Police,-3.829818,53.280417,On or near Church Street,W01000130,Conwy 012C,Unable to prosecute suspect
b1f5bbc48485bb67b62aef1e2005553d4946b3fb261e18275de959813b732aa1,2026-07,North Wales Police,North Wales Police,-2.993548,53.046161,On or near Stryt Y Syfwr,W01000372,Wrexham 008C,Suspect charged
0b1c246922c6d9f39ffe22ab02dc3c89226e338e1e92659c53aa4f6f6ab31cfe,2026-07,North Wales Police,North Wales Police,-3.845313,53.287037,On or near Penmaen Road,W01000129,Conwy 012B,Unable to prosecute suspect
105d6662ecc709f6e89427944fc18a15fd9996dfa49ff99b1c5ed3c8c1317667,2026-07,North Wales Police,North Wales Police,-4.117101,53.221196,On or near Ffordd Elfed,W01000090,Gwynedd 002D,Investigation complete; no suspect identified
cd682783957777a00d22af4d2e9d13b684940197f8840f2b70524cabd6387536,2026-07,North Wales Police,North Wales Police,-3.473999,53.290013,On or near Marsh Road,W01000225,Denbighshire 009D,Suspect charged
cd682783957777a00d22af4d2e9d13b684940197f8840f2b70524cabd6387536,2026-07,North Wales Police,North Wales Police,-3.473999,53.290013,On or near Marsh Road,W01000225,Denbighshire 009D,Suspect charged
cd682783957777a00d22af4d2e9d13b684940197f8840f2b70524cabd6387536,2026-07,North Wales Police,North Wales Police,-3.473999,53.290013,On or near Marsh Road,W01000225,Denbighshire 009D,Suspect charged
42d605646e4ac6a85ad64c8a417530d8042a1d330425d1fcf8f759bfebc9065f,2026-07,North Wales Police,North Wales Police,-3.405609,53.330392,On or near South Avenue,W01000213,Denbighshire 002A,Unable to prosecute suspect
c24e8664340fde2b2cac54f473805702c2e82b94bfb1023a36c64a9cb34d7b03,2026-07,North Wales Police,North Wales Police,-3.035962,53.212893,On or near Ashfield Road,W01000334,Flintshire 009C,Unable to prosecute suspect
9a1ec87e72d45b02f66871231f5d4d41c2af625ca444a11293e12858bab9949a,2026-07,North Wales Police,North Wales Police,-3.725497,53.292023,On or near Agnes Grove,W01000143,Conwy 007B,Unable to prosecute suspect
6ee0d4431e28bb89a33c4f7e306e9b9d6a161a7a3907a87079b3a8a675458635,2026-07,North Wales Police,North Wales Police,-4.129753,52.926252,On or near Smith Street,W01000105,Gwynedd 010C,Suspect charged
66e0ed2be6dbd5e05ba4018c3ad888c5fbc1718d467d02496729cab9e8d5b735,2026-07,North Wales Police,North Wales Police,-4.629408,53.303482,On or near Parking Area,W01000017,Isle of Anglesey 003B,Suspect charged
a3caf287786dad72b5d7852f9ed45459e464d381f8b3d9b69eeca97d703207b8,2026-07,North Wales Police,North Wales Police,-2.994514,53.041737,On or near Supermarket,W01000365,Wrexham 011C,Suspect charged
29e1b8a624b8cae037f63894626dedba1e1646574b7806c2ee932d92820246ec,2026-07,North Wales Police,North Wales Police,-2.994514,53.041737,On or near Supermarket,W01000365,Wrexham 011C,Suspect charged
dc7d7c45736d19ce3457e75cff5c6bbc73650b8fef854de700a540238e09555e,2026-07,North Wales Police,North Wales Police,-4.062481,52.955132,On or near Garreg Frech,W01000100,Gwynedd 010B,Unable to prosecute suspect
a3179e1eb1850d670d2f45eb3d38b0d657f95b7368565d46d4e043b449a546c4,2026-07,North Wales Police,North Wales Police,-3.840703,53.290075,On or near Ellis Way,W01000129,Conwy 012B,Unable to prosecute suspect
bf48e81efca55071fa77ee0f23fcd8ca96cfc106b56570fc310d2707e2e3d4b4,2026-07,North Wales Police,North Wales Police,-3.881744,52.742544,On or near Supermarket,W01000067,Gwynedd 016D,Suspect charged
e68a27fb7f02dfd89976524ead67e187083f89c527f2e6b18e9c4d11d700bdda,2026-07,North Wales Police,North Wales Police,-2.882066,53.077882,On or near Fairview,W01000384,Wrexham 022C,Unable to prosecute suspect
cc32e961b4740f9a9744acf837d4112c8f2811f370ef9f9b2e24080b2356ed67,2026-07,North Wales Police,North Wales Police,-3.840703,53.290075,On or near Ellis Way,W01000129,Conwy 012B,Unable to prosecute suspect
85b15d3769b5ff3e1bd7db07ca3aa839337c50ea8806b67fe97499404dd65832,2026-07,North Wales Police,North Wales Police,-4.633386,53.302747,On or near Llys Treseifion,W01000030,Isle of Anglesey 003D,Unable to prosecute suspect
2445d68d6f76070d880d30eba539b91662390584349d1bce29a053581afbd212,2026-07,North Wales Police,North Wales Police,-3.840703,53.290075,On or near Ellis Way,W01000129,Conwy 012B,Unable to prosecute suspect
2aecf7bb1f6cda779b1e2b752d59a490cef20ceb7710e6d694237f0719cdef40,2026-07,North Wales Police,North Wales Police,-4.416909,52.890301,On or near Stryd Kingshead,W01000108,Gwynedd 012D,Local resolution
afa76635830ed9c9a668ace3312136879e45683d7eb5e95bead36f561a4c0e1c,2026-07,North Wales Police,North Wales Police,-3.212957,53.273492,On or near Pen-Y-Maes Gardens,W01000305,Flintshire 003F,Unable to prosecute suspect
42cbd526ccbde33169974e35165fed356beddd12a7c3c6c2240fabf4c00cff5e,2026-07,North Wales Police,North Wales Police,-2.996428,53.044914,On or near Well Place,W01000350,Wrexham 011B,Investigation complete; no suspect identified
b27e6d18dd46445996005a12f16daf0a5079ce40e25857e63d33ffe8d3a56096,2026-07,North Wales Police,North Wales Police,-4.008041,52.549365,On or near Parking Area,W01001933,Gwynedd 017F,Unable to prosecute suspect
838c9aff538d2a947a23bf520c6477ded560f1fb00556e53eeb9cf7bdbbfcb76,2026-07,North Wales Police,North Wales Police,-4.134659,53.222725,On or near Parking Area,W01000062,Gwynedd 001A,Unable to prosecute suspect
e04edee62f9a4ba176b5ab384fa3850598fa5959cc2381b2922d25b1d4a50544,2026-07,North Wales Police,North Wales Police,-3.830485,53.325150,On or near Ty Isa Road,W01000146,Conwy 001B,Suspect charged
3a02f0024d03cea9cd89430f2d0bde351aa137a3248489675db1b714cdfb1a3a,2026-07,North Wales Police,North Wales Police,-4.214472,53.081173,On or near Park/Open Space,W01000118,Gwynedd 007D,Unable to prosecute suspect
741741114ee80e99d6c35171460ca1bcd7125be139f8d737413a86bea02be127,2026-07,North Wales Police,North Wales Police,-3.009367,53.044104,On or near Supermarket,W01000349,Wrexham 011A,Investigation complete; no suspect identified
cfc294135dc6e7db41f4fdf136ce508a274544b7524c0b8367abadac4720991d,2026-07,North Wales Police,North Wales Police,-2.971005,53.166687,On or near Bretton Road,W01000255,Flintshire 015A,Investigation complete; no suspect identified
cfc294135dc6e7db41f4fdf136ce508a274544b7524c0b8367abadac4720991d,2026-07,North Wales Police,North Wales Police,-2.971005,53.166687,On or near Bretton Road,W01000255,Flintshire 015A,Investigation complete; no suspect identified
b06bb701ac8c8e6358dfcee90a904419d47152fd95dc09c2ed5aa39c15419a32,2026-07,North Wales Police,North Wales Police,-3.830485,53.325150,On or near Ty Isa Road,W01000146,Conwy 001B,Suspect charged
41c7e41d771102a271f96d7b96d7f92fed72bd9fae8091f53b026c52fe3e77ca,2026-07,North Wales Police,North Wales Police,-2.980084,53.045805,On or near Meadow Lea,W01000425,Wrexham 010E,Investigation complete; no suspect identified
5a966935efc67a52ecba575a4b4050eea0ce31d6dbb7b8d8a259c5c3ed36d7f3,2026-07,North Wales Police,North Wales Police,-2.996436,53.047233,On or near Duke Street,W01000372,Wrexham 008C,Suspect charged
ff433d4a242d19b7fb5cffd98424c22c9d2a91347606d1b3931a86dd101863f9,2026-07,North Wales Police,North Wales Police,-2.996834,53.045054,On or near Brewery Place,W01000350,Wrexham 011B,Suspect charged
a789e7373efc56735746d8a46ffc3905efbebabb358f5a34a4ace8a5991b1491,2026-07,North Wales Police,North Wales Police,-4.418458,52.887941,On or near Maes Square,W01000108,Gwynedd 012D,Unable to prosecute suspect
dad4d38e2f9933b05ed9893f17933f00b86215bb4351db0c4f88e49091a4a4d1,2026-07,North Wales Police,North Wales Police,-3.727594,53.290455,On or near Russell Avenue,W01000143,Conwy 007B,Suspect charged
7270bd8fd1b1ae3841be9264177fa9c62d1caa69dbfcb1f87a8c556a6c35de8f,2026-07,North Wales Police,North Wales Police,-3.725777,53.294518,On or near Sea View Road,W01000144,Conwy 007C,Investigation complete; no suspect identified
5435bb2158c66158382f2dfcada7564d0ee5fa7630367559b94f36d4d002a6ce,2026-07,North Wales Police,North Wales Police,-4.267996,53.141528,On or near Pentre Newydd,W01000093,Gwynedd 006B,Unable to prosecute suspect
b6c87c602e84c68f3905cf3d6e11d87c643816804c9944cf62f232fdaee3d5d8,2026-07,North Wales Police,North Wales Police,-2.996436,53.047233,On or near Duke Street,W01000372,Wrexham 008C,Unable to prosecute suspect
f5541f13d19c9585237b10844b2bb5357706f81d1149528e24c728e68a445d93,2026-07,North Wales Police,North Wales Police,-4.112348,52.859670,On or near Sports/Recreation Area,W01000074,Gwynedd 013B,Unable to prosecute suspect
ac371d166ad3c5f16e418697b5f121f456dc758943ffadc97f773d0f0ef9fa7a,2026-07,North Wales Police,North Wales Police,-3.059899,53.219856,On or near Cable Street,W01000274,Flintshire 007B,Investigation complete; no suspect identified
abe38996b1d25e5f6497002a7c541a59b22f5ecb3a52c375ec0a36072b44dd2a,2026-07,North Wales Police,North Wales Police,-3.578909,53.288678,On or near Maes Canol,W01000178,Conwy 010E,Suspect charged
169c716ea1e17055f5f9ffa14a2c12ada0fd1654abb4d643387b7efb4a842581,2026-07,North Wales Police,North Wales Police,-4.632964,53.311020,On or near Market Square,W01000016,Isle of Anglesey 003A,Suspect charged
b3f7182d24134341247d5f17dd65389416dcc7b023e95ba6a3fc8ce22429ab81,2026-07,North Wales Police,North Wales Police,-4.624302,53.303199,On or near Morrison Crescent,W01000029,Isle of Anglesey 003C,Unable to prosecute suspect
0cdc0c7379f62f03dd646b36592256d1ddc465eaebca56977dedb21d71cf484b,2026-07,North Wales Police,North Wales Police,-3.730016,53.293216,On or near Woodland Park West,W01000183,Conwy 008E,Unable to prosecute suspect
baa0dd0a44118b6a8c8ce9c0d77b72f753f36328e323d10c7b255a403b71d429,2026-07,North Wales Police,North Wales Police,-3.716290,53.294790,On or near Promenade,W01000144,Conwy 007C,Unable to prosecute suspect
63df3eed8a58831a8663c3f28739b53fdfea3652d2bdebf3972fa6db6b7cbad0,2026-07,North Wales Police,North Wales Police,-3.177330,53.207580,On or near Mountain View,W01000301,Flintshire 006E,Unable to prosecute suspect
ba6644e48925fd9e56c17baf9187958db7602f9e64046cd264f1c72519d29706,2026-07,North Wales Police,North Wales Police,-4.633308,53.307092,On or near Holborn Close,W01000016,Isle of Anglesey 003A,Unable to prosecute suspect
424c3cad3ad244572e9c9504abbd7c026f8b8587496f5d612141b07166d8b6ac,2026-07,North Wales Police,North Wales Police,-3.498134,53.318173,On or near Aquarium Crescent,W01000239,Denbighshire 004D,Investigation complete; no suspect identified
d388028039f9e846796974a91f08dbfda1afc311dc7eba237078c9029257a8ba,2026-07,North Wales Police,North Wales Police,-3.358614,53.337220,On or near Bryn Mor,W01000298,Flintshire 001B,Investigation complete; no suspect identified
23046f003432487900b38c1c1b19fb65682a0c0933551cab72bfc04d73411959,2026-07,North Wales Police,North Wales Police,-4.260458,53.138066,On or near Lon Eilian,W01000098,Gwynedd 006C,Formal action is not in the public interest
22969a2b1230c49f86bcdf8fedce4e86d7c56bed78e3a08928a0f13638d123a5,2026-07,North Wales Police,North Wales Police,-3.813987,53.319918,On or near Lon Y Ffrith,W01000186,Conwy 001E,Unable to prosecute suspect
97a4e0689db64d2f71b5ddfa690b7b55d79bfd2ceeeb4937108e3c240bb3611d,2026-07,North Wales Police,North Wales Police,-4.262845,53.142238,On or near Glan Cadnant,W01000059,Gwynedd 006A,Unable to prosecute suspect
6d0ffa2ec2cdc4e94a487d89a86679f8b36bf557a917ecfae92c21f331580052,2026-07,North Wales Police,North Wales Police,-3.120403,53.118621,On or near Ffordd Top-Y-Rhos,W01000339,Flintshire 019D,Unable to prosecute suspect
ed863dc5077ace72d3a4c767debb2fd40c99bc303e4799df78606d01e048e253,2026-07,North Wales Police,North Wales Police,-4.117101,53.221196,On or near Ffordd Elfed,W01000090,Gwynedd 002D,Unable to prosecute suspect
1aff939185d6020fc60cc5c51f361bacf6361615844521db48e2ec24f045b3dc,2026-07,North Wales Police,North Wales Police,-2.948460,53.055284,On or near Bryn Estyn Road,W01001971,Wrexham 022D,Investigation complete; no suspect identified
284bebd00754183c1f1560aa45a917274ecae532030c59b6a216ee69a8e8bbd6,2026-07,North Wales Police,North Wales Police,-3.796893,53.280063,On or near Ffordd Maelgwyn,W01000177,Conwy 011E,Unable to prosecute suspect
d856b47fad1ef0be431ad8799765fdd532b431ed7b603ff908b23343a712d2b0,2026-07,North Wales Police,North Wales Police,-3.739821,53.306666,On or near Theatre/Concert Hall,W01000155,Conwy 004A,Unable to prosecute suspect
a19128b0860355f7654657290ff75786ed3358581eae5e909e3072ac764296e2,2026-07,North Wales Police,North Wales Police,-4.482623,53.227600,On or near Sports/Recreation Area,W01002008,Isle of Anglesey 007F,Unable to prosecute suspect
a435adfe8de88cc1e0bf600099e2dc786257b5dd1da9d28131befdd972492259,2026-07,North Wales Police,North Wales Police,-3.080249,53.165504,On or near Padeswood Road North,W01000262,Flintshire 017C,Unable to prosecute suspect
35167c231c72dae5ff786a65429116ae4e582e0f6ab1a89954dc580568eed305,2026-07,North Wales Police,North Wales Police,-3.035985,53.067256,On or near Quarry Road,W01000401,Wrexham 005D,Investigation complete; no suspect identified
1278a2237782526fc1c40ad0add8c2321aefe509e23aad93a7a15d68ab7287dc,2026-07,North Wales Police,North Wales Police,-3.308914,53.330270,On or near Glasdir,W01000287,Flintshire 001A,Unable to prosecute suspect
27dda101ea0a4131c9f0f8391930b37e05d63726b78cf4fc8a6d002720853aea,2026-07,North Wales Police,North Wales Police,-2.990611,53.048217,On or near Parking Area,W01000393,Wrexham 023G,Unable to prosecute suspect
181256f12a58ee86c3167887332089f8be4ab4e650404ff72d4deffc455cb76e,2026-07,North Wales Police,North Wales Police,-3.089760,53.164549,On or near Sports/Recreation Area,W01000263,Flintshire 017D,Unable to prosecute suspect
73d2c6ea111787a9b87f1d593452dbc387efcb967062ec969acc27a20e2b85f1,2026-07,North Wales Police,North Wales Police,-4.134853,53.226021,On or near A5,W01000092,Gwynedd 001E,Investigation complete; no suspect identified
8faa9521b1cce37b8cfad5488b8e19c59ec4317e40a74810099deb330ede2e02,2026-07,North Wales Police,North Wales Police,-2.882066,53.077882,On or near Fairview,W01000384,Wrexham 022C,Unable to prosecute suspect
5b4b1aaa574b19822d27312b7fbffa3fd07f60c6bbd9508a22c41c4c36321afe,2026-07,North Wales Police,North Wales Police,-4.335913,53.083966,On or near Parking Area,W01000073,Gwynedd 008A,Unable to prosecute suspect
c440bb63d17deb3f60fa58a4d55e108ee69b70c99a1085fafcf18e41ceb25e3a,2026-07,North Wales Police,North Wales Police,-2.996984,53.052218,On or near George Street,W01000372,Wrexham 008C,Suspect charged
8e60877aa2ebc55d37cff0530bc1ba6783f7d574a1847caf3e8f3a1aeae7b4f1,2026-07,North Wales Police,North Wales Police,-3.934470,52.993949,On or near Newborough Street,W01000065,Gwynedd 009B,Investigation complete; no suspect identified
2fc2bd91b7e48bb0f1ef92c20d698fae9df1dc9b93235c498376ad46db7d57bb,2026-07,North Wales Police,North Wales Police,-3.444944,53.256792,On or near High Street,W01000245,Denbighshire 010A,Investigation complete; no suspect identified
ad4e4b1dfb587ee967526298af6761a6fbd863356f0af802ecb5ac5dda850f87,2026-07,North Wales Police,North Wales Police,-4.125754,53.227166,On or near Shopping Area,W01000062,Gwynedd 001A,Investigation complete; no suspect identified
eb6283ace1c48b746eeaf6374f6c9fac26aa46036320424f4d89c2d187469e03,2026-07,North Wales Police,North Wales Police,-3.572658,53.285147,On or near Petrol Station,W01000178,Conwy 010E,Unable to prosecute suspect
1cae87e989da4f765562e4a38d1022254548934ad0e9219e385cc3a53bdd1f13,2026-07,North Wales Police,North Wales Police,-3.035969,53.202007,On or near Castle Hill Street,W01000335,Flintshire 009D,Unable to prosecute suspect
b82cdf98782915676c3bcda282dda34816358490c19470198299d29f12df32bc,2026-07,North Wales Police,North Wales Police,-3.086278,53.178591,On or near Willow Grove,W01000264,Flintshire 012A,Unable to prosecute suspect
b7f3f17c94d666951215144d38883e47a3a3ed85e96a04d3ac114900132acea1,2026-07,North Wales Police,North Wales Police,-3.486096,53.323403,On or near Russell Gardens,W01000228,Denbighshire 004C,Unable to prosecute suspect
068f285a5941dba7a669c18fbcc971e7b1f84abb35918097b5c2f8527de0d094,2026-07,North Wales Police,North Wales Police,-3.074382,53.055390,On or near Supermarket,W01000363,Wrexham 006D,Investigation complete; no suspect identified
f38f8d32a97687e337905d4c592f266b3441c7bce5984b6c20541b3db580c42f,2026-07,North Wales Police,North Wales Police,-3.389047,53.336420,On or near Rhodfa Bedwen,W01000215,Denbighshire 002C,Investigation complete; no suspect identified
28fe98dcbd8ca36b733c8eadf3edbb234983d7bad61140644531c39fc9174c85,2026-07,North Wales Police,North Wales Police,-3.149067,53.168096,On or near Ash Grove,W01000318,Flintshire 016F,Unable to prosecute suspect
1e76a81113e36b3e773dda8f0fb1c17be327820b96a63ee894dc874ac9123889,2026-07,North Wales Police,North Wales Police,-3.882897,52.740071,On or near Felin Uchaf,W01000068,Gwynedd 016E,Investigation complete; no suspect identified
5ca6186028def8fddbbbb69fd66d1c9e7f37a4f197e74830f8baa812783faf39,2026-07,North Wales Police,North Wales Police,-2.983501,53.039934,On or near Linden Avenue,W01000424,Wrexham 012E,Suspect charged
c70852aec4e4d40af92d4e179bb1b40737037ff4a1e9e152da99601443c2c71f,2026-07,North Wales Police,North Wales Police,-3.486096,53.323403,On or near Russell Gardens,W01000228,Denbighshire 004C,Investigation complete; no suspect identified
d8f389dab768849925713e21c0e0e91f8fbd67a68516297262fd157036b507e7,2026-07,North Wales Police,North Wales Police,-3.828585,53.323893,On or near Shopping Area,W01000169,Conwy 001D,Local resolution
4b2c527634ca7ad9ee9322431853fdefb99d38144c437247fa3ed209a42ceb97,2026-07,North Wales Police,North Wales Police,-3.496210,53.315114,On or near Buckley Avenue,W01000241,Denbighshire 004F,Suspect charged
2c295dd1d16a2aa36365569765cba93897d8aa855383a746ff23a623ea0decc1,2026-07,North Wales Police,North Wales Police,-3.003450,53.044154,On or near Peel Street,W01000350,Wrexham 011B,Unable to prosecute suspect
d84ad4c57fdcb827464f1c818ddceee5c1c21e53a0995c34655dd9ffcda9ca2e,2026-07,North Wales Police,North Wales Police,-4.054753,52.722130,On or near Shopping Area,W01002004,Gwynedd 016F,Formal action is not in the public interest
a492f9f169b13b7778d8891d4808e8d97b17ff92a2a70934e5b4fc76074c285a,2026-07,North Wales Police,North Wales Police,-4.263892,53.137129,On or near Hyfrydle,W01000098,Gwynedd 006C,Local resolution
83716213e6c1b37c30018363ea7d1abc84bdfc677b73145e51c8f4bf328042be,2026-07,North Wales Police,North Wales Police,-2.995254,53.044465,On or near Nightclub,W01000402,Wrexham 011D,Local resolution
d1d538121409959d351499613c8f79f7498fd6a3f7455fc6dc7d1ac031ccea08,2026-07,North Wales Police,North Wales Police,-3.702543,53.287166,On or near David Edwards Close,W01000138,Conwy 008A,Unable to prosecute suspect
aa59449ab1ae7ce2fbca9ee6fd7e1f324150c12ed90b86b64533597075e3d704,2026-07,North Wales Police,North Wales Police,-3.084445,53.165241,On or near Bryn Mawr,W01000262,Flintshire 017C,Unable to prosecute suspect
0c50cfa2e9ed0b8e2e2a4ee0fae8b7f03d5113b150ac3245b1c57cf99c393c5a,2026-07,North Wales Police,North Wales Police,-4.273857,53.140373,On or near Bridge Street,W01000059,Gwynedd 006A,Unable to prosecute suspect
6eec7faa1b6a7412882bdefd44250f294687c517163101c550d50d643b11ee3e,2026-07,North Wales Police,North Wales Police,-2.960729,53.053463,On or near Sports/Recreation Area,W01001972,Wrexham 022E,Investigation complete; no suspect identified
46f308e27170a2177425cdc024f3f27b33cafbe68e579b7eb05b37eeedd002ad,2026-07,North Wales Police,North Wales Police,-2.994952,53.163388,On or near Parking Area,W01000255,Flintshire 015A,Unable to prosecute suspect
72d0138bb39ad569edf79df3e868924501ceb9afa29118145787dede2ee8121f,2026-07,North Wales Police,North Wales Police,-2.985872,53.047843,On or near Shopping Area,W01001931,Wrexham 012G,Suspect charged
1de9d60aae9da365ee5e51b1b346f4b3394118677e12a3e6ef3612da17e8ad77,2026-07,North Wales Police,North Wales Police,-3.479908,53.312944,On or near Meredith Crescent,W01000236,Denbighshire 006A,Suspect charged
a2d9d3cb0620899f81f84c7f5ba7a28a49611c2013f33cfad71cafb421883e11,2026-07,North Wales Police,North Wales Police,-3.036198,53.060584,On or near Bryn Maelor,W01000373,Wrexham 005B,Investigation complete; no suspect identified
35b04f487fbbfdb711d4f52e5de1e1d88fd24ab03190fab5cb0630974ebc24db,2026-07,North Wales Police,North Wales Police,-3.039906,53.198287,On or near The Croft,W01000252,Flintshire 010A,Unable to prosecute suspect
956f79032a6a9d9857c02ec8721b38381ce4603a0add2074050c5631e4d8e7e8,2026-07,North Wales Police,North Wales Police,-3.418824,53.224006,On or near Llys Teg,W01000247,Denbighshire 010C,Unable to prosecute suspect
46ca800d1b697c7ae7b11ee9d3a7db3c39476fa7de00173ace747efe0232c7d0,2026-07,North Wales Police,North Wales Police,-3.171944,53.269183,On or near High Street,W01000254,Flintshire 003B,Further investigation is not in the public interest
0a9848e282fa4abba9c3cd94c9d3dc51a72b3e63be915a81bf5717cbb75e568a,2026-07,North Wales Police,North Wales Police,-3.830470,53.323388,On or near Norwood Passage,W01000169,Conwy 001D,Unable to prosecute suspect
1d4a0d1efe1c9d8563fae60a937b51374e298ebf165b2154cbacb123559afe19,2026-07,North Wales Police,North Wales Police,-3.833904,53.315577,On or near Ffordd Dulyn,W01000168,Conwy 002B,Unable to prosecute suspect
c6994b8b4e13199d332187b011cfc9a0fb4f4cefeb5ad84b7db34d476630fce0,2026-07,North Wales Police,North Wales Police,-3.472717,53.322076,On or near Bridgegate Road,W01000231,Denbighshire 017A,Unable to prosecute suspect
3dffcf544fe25ec5fe19deae394fe4d3708de4fbb6cea40277fb3aa3ca8c574f,2026-07,North Wales Police,North Wales Police,-2.966750,53.035882,On or near Eastfield Court,W01000423,Wrexham 012D,Investigation complete; no suspect identified
deda3bfa76a956f4a7f5689ea5728a98e0a8049956a5f2f0496d2e52e9e90b58,2026-07,North Wales Police,North Wales Police,-4.125069,53.228741,On or near Well Street,W01000062,Gwynedd 001A,Unable to prosecute suspect
f062265832f35a0def116914f2aaf91b3d18e907cab80e04ce693e54dd5f8a16,2026-07,North Wales Police,North Wales Police,-3.827549,53.281045,On or near Castle Street,W01000130,Conwy 012C,Investigation complete; no suspect identified
3a20d70185aa5d441992cd86a197f8a2aaf1d207f02617cb9d70b2efd8712d5a,2026-07,North Wales Police,North Wales Police,-4.064638,52.727622,On or near Heol-Y-Plas,W01002004,Gwynedd 016F,Unable to prosecute suspect
604cced62274f0e8b000f40103f5864d14e1d2fee6c4fff5c553e886d8146c9e,2026-07,North Wales Police,North Wales Police,-3.322284,53.352272,On or near Dee Road,W01000287,Flintshire 001A,Further investigation is not in the public interest
5ed7681147eb002e68521fe75f9fefeff493f3d762fc58563c183833bb8697ed,2026-07,North Wales Police,North Wales Police,-3.143104,53.171147,On or near Henffordd,W01000319,Flintshire 016G,Unable to prosecute suspect
dc6f7b4dc178b1679879aa2808958f9671aa4005c422c7cb80844d949920cd75,2026-07,North Wales Police,North Wales Police,-4.126380,53.226766,On or near Stryd Waterloo,W01000062,Gwynedd 001A,Investigation complete; no suspect identified
b9e0a15467f8908744d1054c9c2a0046df00430a78f09fd6c82e8aabaeb71b63,2026-07,North Wales Police,North Wales Police,-4.272781,53.139819,On or near Penllyn,W01000059,Gwynedd 006A,Unable to prosecute suspect
3103ea4fac0c409f6dc4e51a2efb2c0b2d05aa74aa782a74137e7cb13f6cf83f,2026-07,North Wales Police,North Wales Police,-3.685056,53.292260,On or near Tan-Y-Lan Road,W01000128,Conwy 009C,Unable to prosecute suspect
5d830f74c8a858551a91029672041aa31414baeb78cedf7b878e6bc7b3c153a7,2026-07,North Wales Police,North Wales Police,-3.125369,53.244570,On or near Kings Avenue,W01000292,Flintshire 004C,Investigation complete; no suspect identified
5ae2bd44c08f34adb6acc2786a0097774fed560f1d61370172bbb50e509dcda1,2026-07,North Wales Police,North Wales Police,-3.831589,53.319721,On or near Central Place,W01000169,Conwy 001D,Unable to prosecute suspect
c53d208192ef75bbf872b658eb8ca4e88690788432f5bb242dac1dadeef6597c,2026-07,North Wales Police,North Wales Police,-3.203306,53.152676,On or near Petrol Station,W01000203,Denbighshire 013A,Investigation complete; no suspect identified
4f51e7287f35a03922bd055fb2ddb749768966e1af8cff057918044922a73850,2026-07,North Wales Police,North Wales Police,-3.464425,53.325433,On or near Sholing Drive,W01000226,Denbighshire 004A,Unable to prosecute suspect
a8d630ab31194fdb462d4272c07441160ea829d9b42a1e4fa4cbbe7ea2465177,2026-07,North Wales Police,North Wales Police,-3.209252,53.276128,On or near Bryn-Y-Gwynt,W01000305,Flintshire 003F,Suspect charged
cd506d49f8d44ce0e5b3de46c2b9cd41dddd43fcf41a2fd9edec2d9ca2efd799,2026-07,North Wales Police,North Wales Police,-4.562721,53.281989,On or near Carna Terrace,W01002007,Isle of Anglesey 004G,Unable to prosecute suspect
9816eb7723e4fab84e2d352c6b7295587f839b8c103be36e4d1ab6fad0f627c0,2026-07,North Wales Police,North Wales Police,-3.136313,53.162096,On or near Victory Court,W01000313,Flintshire 016A,Action to be taken by another organisation
764ac6ff181d5e5f6b278d279a5d705c5103ebcb5c9ae5cf0360becb85b0e89c,2026-07,North Wales Police,North Wales Police,-3.222165,53.274558,On or near Ffordd St Gregoire,W01000304,Flintshire 003E,Suspect charged
86112b2879a36bd79f0c830cacb08d79b59c1e52f9aedb9c7e7f0c527b1cf95f,2026-07,North Wales Police,North Wales Police,-2.958467,53.093400,On or near Woodridge Avenue,W01001970,Wrexham 021C,Unable to prosecute suspect
97a7b255a55ad7dc496d55a080596ad51be523cac612843eb865f513059d6f28,2026-07,North Wales Police,North Wales Police,-3.392210,53.335332,On or near Tudor Avenue,W01000215,Denbighshire 002C,Unable to prosecute suspect
5b74032482236c9c8d6ad5b59750a8260e6b87c49d2ef10af53dfd977305ead7,2026-07,North Wales Police,North Wales Police,-4.090590,53.278439,On or near St Catherine's Close,W01000005,Isle of Anglesey 005A,Unable to prosecute suspect
72cbf5e1dcb04b6e458b2b086b7012148d0fa8d2c3a54098c8de1078e91bdb42,2026-07,North Wales Police,North Wales Police,-3.305188,53.113988,On or near Parking Area,W01000243,Denbighshire 014B,Unable to prosecute suspect
62aeaab3614a49dc52d5a274bed301944550399f5af60643867ed2b1c425caad,2026-07,North Wales Police,North Wales Police,-4.451394,52.960231,On or near Awelfryn,W01000078,Gwynedd 011C,Unable to prosecute suspect
296d7f74f1df31f070cea5d8699f264da7e347b1d1c8ab18ed9bbcfc93f41880,2026-07,North Wales Police,North Wales Police,-2.969299,53.052447,On or near Woodland Grove,W01001969,Wrexham 010F,Unable to prosecute suspect
1dc789e4429262e58dd2f353d067741f1735829f75d735ee24a5978a8faa88a2,2026-07,North Wales Police,North Wales Police,-2.992290,53.045362,On or near Shopping Area,W01000372,Wrexham 008C,Local resolution
abf5d330f708a18f37fd39fec25aa7ae8df658c2dc709ddd384951a580d4342b,2026-07,North Wales Police,North Wales Police,-3.048614,53.144743,On or near Rhos Road,W01000326,Flintshire 018B,Unable to prosecute suspect
56c13b1367bb33c1b23afcd19388f67819f90ba473c136e1c60d0af936703c98,2026-07,North Wales Police,North Wales Police,-4.202528,53.221418,On or near Maes Y Waen,W01000015,Isle of Anglesey 008C,Unable to prosecute suspect
2d96edd162b783fa0a2f887fc8d032b0e54986eb095a606723dc144adea380fa,2026-07,North Wales Police,North Wales Police,-4.504943,52.823691,On or near Stryd Fawr,W01000080,Gwynedd 014C,Suspect charged
d4396eec41fe26e958c88a33aab713a2ad18abae865c5819eca0294be8587c66,2026-07,North Wales Police,North Wales Police,-3.723595,53.292113,On or near Meirion Gardens,W01000144,Conwy 007C,Unable to prosecute suspect
00446c0b6225e272a0b7b84205300891c22d8ca1cfbf7aa77cd329b52657fd0b,2026-07,North Wales Police,North Wales Police,-4.339215,53.409211,On or near Madyn Dysw,W01000003,Isle of Anglesey 001A,Unable to prosecute suspect
501eb1848ebdbb1718ddf1b06d575e24125cb4f5586fe50036ee218ec7e2edb1,2026-07,North Wales Police,North Wales Police,-3.482778,53.323408,On or near Churton Road,W01000228,Denbighshire 004C,Unable to prosecute suspect
b5ee622017897e768cf7938faab821a1d55cdf69cfa04c67aded65e66a5370b7,2026-07,North Wales Police,North Wales Police,-3.401044,53.345036,On or near Parking Area,W01000214,Denbighshire 002B,Investigation complete; no suspect identified
5d9a86f7fc593f52ed4746a3e2d7ce7a1c6fb31213a5c88cf802c9a3a3730183,2026-07,North Wales Police,North Wales Police,-4.107063,52.952254,On or near Parking Area,W01000107,Gwynedd 010E,Investigation complete; no suspect identified
3cadf101d667c1ddb7025aec4e3329bfed3d5d1ef85eba27ea82a4ad1cd22747,2026-07,North Wales Police,North Wales Police,-4.274738,53.180231,On or near Field Street,W01000027,Isle of Anglesey 009C,Unable to prosecute suspect
5ece4e9634d136d5cd5fde19a3f41d39ad67a8f004c8e2a9b844f68a8ce99144,2026-07,North Wales Police,North Wales Police,-3.136182,53.160543,On or near Avon Court,W01000313,Flintshire 016A,Action to be taken by another organisation
e85c8063fc59f2780c949656baf5d7fac39079cf29d808eb3ce2d145eb602d81,2026-07,North Wales Police,North Wales Police,-3.502745,53.315247,On or near Sydenham Avenue,W01000241,Denbighshire 004F,Local resolution
18ccdcf81dd6acad66b2d07ed6a31515d5ef1b58183591bf49c8b533e194df59,2026-07,North Wales Police,North Wales Police,-3.496508,53.312035,On or near Frederick Street,W01000237,Denbighshire 006B,Unable to prosecute suspect
80568ea4cdfd7c3b982ab5c8841a82859743f153b73c679d5f8de8453227b2e2,2026-07,North Wales Police,North Wales Police,-3.402774,53.335923,On or near Shopping Area,W01000214,Denbighshire 002B,Suspect charged
f46749d24b14fc4de584442ba37aa8d23b08eaf7cb168d1a2e65a3129273f495,2026-07,North Wales Police,North Wales Police,-2.995584,53.048427,On or near Bus/Coach Station,W01000372,Wrexham 008C,Local resolution
ab48b4c38ddde24a0638db106ca455b8761b04fad0b3f981aec7e8ef6019cc06,2026-07,North Wales Police,North Wales Police,-3.002169,53.096285,On or near Maes Llay,W01000391,Wrexham 003D,Investigation complete; no suspect identified
ec76ccb21dd6ccc24f2b8b898cb6f17179b00246da167607a9980b00f536326e,2026-07,North Wales Police,North Wales Police,-3.030224,53.063504,On or near B5433,W01000401,Wrexham 005D,Local resolution
a95aaede5d4cd575b6124cf94d2cfdef6ae0ba32e8e7f60dadd1fe603ada2c21,2026-07,North Wales Police,North Wales Police,-4.545171,52.930762,On or near Lon Uchaf,W01000094,Gwynedd 012B,Unable to prosecute suspect
a31f7a99bb81eb759b55b2e78d0808f0e646d2ad018dc0d8d0888ae414650e1d,2026-07,North Wales Police,North Wales Police,-3.402774,53.335923,On or near Shopping Area,W01000214,Denbighshire 002B,Suspect charged
edf5f9c80773223b174c166f10d14b2811dde7511fe90547a17eff4a4f4fada3,2026-07,North Wales Police,North Wales Police,-3.689220,53.291688,On or near Sefton Road,W01000128,Conwy 009C,Investigation complete; no suspect identified
3fba75d51cce05017b51aa65cb5bfd93f6dae0f0d58354702a84ce5176f36cd7,2026-07,North Wales Police,North Wales Police,-3.522474,53.305234,On or near Llys Branwen,W01000149,Conwy 005A,Unable to prosecute suspect
276779e3128e97682ad57dd39ebaa3e721b37c00b1f3373206f46c696e5fc06c,2026-07,North Wales Police,North Wales Police,-3.827051,53.322083,On or near Trinity Square,W01000169,Conwy 001D,Unable to prosecute suspect
105a9d47d234be7f5854a79fae9dc11ade2975e46959f178f989d8fb145d97e9,2026-07,North Wales Police,North Wales Police,-2.935968,53.178178,On or near Millers Park,W01000329,Flintshire 015D,Suspect charged
ff124b420150ff272f4ec3cf78d5f348eb06f486c4ff686d101bc7ebafd62c0f,2026-07,North Wales Police,North Wales Police,-4.268021,53.127250,On or near Muriau Park,W01000111,Gwynedd 007C,Unable to prosecute suspect
852deadfb561fa8f8aeda1ba497240571db8de53b6e75d0f6d4a66c96f645291,2026-07,North Wales Police,North Wales Police,-3.480569,53.318599,On or near Prince Edward Avenue,W01000238,Denbighshire 006C,Further investigation is not in the public interest
68755708289e5094ffa978de6b94d30608b9d17818122a54e26c0f2482d29da3,2026-07,North Wales Police,North Wales Police,-3.492482,53.320536,On or near Nightclub,W01000240,Denbighshire 004E,Further investigation is not in the public interest
69caa5ef03fadea7fe25601123180b86ede67cd18021d4f73a647148b3334ea9,2026-07,North Wales Police,North Wales Police,-2.933632,53.034681,On or near Bridgeway East,W01001971,Wrexham 022D,Unable to prosecute suspect
0a226a9eac94909ed2d63f8bafdc6264f3bb6e1b78f27ecdd37dab7ec380fa6a,2026-07,North Wales Police,North Wales Police,-3.480572,53.310877,On or near Parking Area,W01000236,Denbighshire 006A,Further investigation is not in the public interest
16ca2fdbc6c718b532f7468af12f2149c05444c4dcf4f5cf2353a7c8c63d9f6a,2026-07,North Wales Police,North Wales Police,-3.489671,53.322603,On or near Parking Area,W01000240,Denbighshire 004E,Further investigation is not in the public interest
89752c620edb2b324353cf2adc775fa8233bab36dca53fd876e698ee7a0edfa9,2026-07,North Wales Police,North Wales Police,-4.064581,52.953908,On or near Morfa Gaseg,W01000100,Gwynedd 010B,Suspect charged
da0c547acce3c4cb1c5f31c4cd12da851d63d93e3bd64797e4c54fb27d5a3956,2026-07,North Wales Police,North Wales Police,-3.712077,53.288108,On or near Llwyd Grove,W01000139,Conwy 007A,Unable to prosecute suspect
08506161c852aae258d99bdbe670be6ea6cc0751685f740062e909c04ae527b3,2026-07,North Wales Police,North Wales Police,-4.273594,53.138508,On or near Rhes Segontiwm,W01000111,Gwynedd 007C,Unable to prosecute suspect
3fcb18ae933766b46de446dd2f6df25b0befcd3be0aeab184d69fd57d82471f8,2026-07,North Wales Police,North Wales Police,-3.824409,53.322096,On or near Vaughan Street,W01000169,Conwy 001D,Investigation complete; no suspect identified
776185a42098aa60c595a9ba2a2f2e266f1c3052bcffe13c15f293728d77be5e,2026-07,North Wales Police,North Wales Police,-3.829818,53.280417,On or near Church Street,W01000130,Conwy 012C,Unable to prosecute suspect
3ecd69d391172a68a8ffb4649bf5cace1a1d52c74ff44f77a91e4e01fae50885,2026-07,North Wales Police,North Wales Police,-4.114867,53.224796,On or near Llys Mathieson,W01000091,Gwynedd 001D,Unable to prosecute suspect
0fd624fcc3675f4f8233139de2b6d007af790996eb4a3eae02492dabbadf703f,2026-07,North Wales Police,North Wales Police,-3.729227,53.295232,On or near Llewelyn Road,W01000182,Conwy 007D,Local resolution
80e6f3a57a6af39698a12e3ce448bc78d5df1d09cd4c2112a9be30b47351fda2,2026-07,North Wales Police,North Wales Police,-3.038074,53.022542,On or near Packsaddle Bank,W01000410,Wrexham 014D,Suspect charged
083cd4d58a22772b6e6581df826a3e7b48caffa049d1343c43914eaa60841a2c,2026-07,North Wales Police,North Wales Police,-2.999525,53.049841,On or near Grosvenor Gardens,W01000372,Wrexham 008C,Suspect charged
083cd4d58a22772b6e6581df826a3e7b48caffa049d1343c43914eaa60841a2c,2026-07,North Wales Police,North Wales Police,-2.999525,53.049841,On or near Grosvenor Gardens,W01000372,Wrexham 008C,Suspect charged
8063aacc29cd897fe288f7d7d97be80eebc1f8cf41017684d872eda187520dba,2026-07,North Wales Police,North Wales Police,-3.491763,53.321030,On or near Sussex Street,W01000240,Denbighshire 004E,Unable to prosecute suspect
656f19e728461f20c8dd0f89608f51651bd9ecdab2d836f187dbdd4596cc5f00,2026-07,North Wales Police,North Wales Police,-4.125069,53.228741,On or near Well Street,W01000062,Gwynedd 001A,Suspect charged
d202b2f6beb838686ad80191016aabb6b4e8852d34ac1e0785516231887b8651,2026-07,North Wales Police,North Wales Police,-3.404756,53.336407,On or near Shopping Area,W01000214,Denbighshire 002B,Unable to prosecute suspect
eea7d68a54e6dfa31322e0dac85379ae934ae0a3da914bf2c3d4cffb4d2442a7,2026-07,North Wales Police,North Wales Police,-2.982368,53.052402,On or near Plas Gwyn,W01000393,Wrexham 023G,Investigation complete; no suspect identified
3369c3d2129f4c7a21445fa74d71f6bb02525925ec1adde06f522be6475a638d,2026-07,North Wales Police,North Wales Police,-4.172659,52.913724,On or near Main Road,W01000106,Gwynedd 010D,Unable to prosecute suspect
ef4a9a102e1ebb635805d284002c8c7cffa48dd16d4ef7f3a7bff3270da2813f,2026-07,North Wales Police,North Wales Police,-2.965850,53.037615,On or near Pentre Gwyn,W01000423,Wrexham 012D,Unable to prosecute suspect
74eeca380ecae2a8d54435c7acbf6a925ab3e9c91b57bc1d2d763b74e051c26d,2026-07,North Wales Police,North Wales Police,-4.418458,52.887941,On or near Maes Square,W01000108,Gwynedd 012D,Unable to prosecute suspect
c83fee25086f10e85b78956c4c9dc376ababd015188b01f71d7eed33eab5c039,2026-07,North Wales Police,North Wales Police,-3.479908,53.312944,On or near Meredith Crescent,W01000236,Denbighshire 006A,Unable to prosecute suspect
569f57cce43cc17c45180b8ffd9be659ef14eba3e56537f69d23d224cc497bfd,2026-07,North Wales Police,North Wales Police,-3.489674,53.320086,On or near St Helens Place,W01000240,Denbighshire 004E,Investigation complete; no suspect identified
cd870a60d00994e41443e285213bf06981e1a208387ce4153523fa1a24de3496,2026-07,North Wales Police,North Wales Police,-4.418458,52.887941,On or near Maes Square,W01000108,Gwynedd 012D,Unable to prosecute suspect
368c367bcc6349392f0ace38edb36fa219840519ff70a3b9cad21ad6794bb5ef,2026-07,North Wales Police,North Wales Police,-2.998029,53.041916,On or near A525,W01000402,Wrexham 011D,Investigation complete; no suspect identified
4cb0c6efdde8a9aca9eab6e3beeb5439ce360de134df7d4ad65f889a5aa050c5,2026-07,North Wales Police,North Wales Police,-2.996436,53.047233,On or near Duke Street,W01000372,Wrexham 008C,Suspect charged
91cce2bbeafd4f03ad76be58247eaf37b8bee92633e9cf127da6f2c4dc25c763,2026-07,North Wales Police,North Wales Police,-3.747672,53.298272,On or near Plas Eithin,W01000183,Conwy 008E,Investigation complete; no suspect identified
e990bc5071daca4a7d763166c1bbf0e58af426486a74f8e24a64e378aea69f95,2026-07,North Wales Police,North Wales Police,-3.897260,52.739590,On or near Nant Y Gader,W01000068,Gwynedd 016E,Unable to prosecute suspect
2e058819b91b24e4f712a71e0e62d1ead8ea8ed413ca0b5bfae8ff7a2392f863,2026-07,North Wales Police,North Wales Police,-4.094986,53.264651,On or near B5109,W01000005,Isle of Anglesey 005A,Unable to prosecute suspect
9d720cad5e42a3fb01ddf767cbbd2598f0fdb9d20e1a1a153c2fdc3e26756bd8,2026-07,North Wales Police,North Wales Police,-2.999469,53.048053,On or near Stryt Y Rhaglaw,W01000372,Wrexham 008C,Investigation complete; no suspect identified
ca27684e338121c499148bce98a073cb20ce0690fa3553e14b403cdd2eef8382,2026-07,North Wales Police,North Wales Police,-2.986946,53.047780,On or near Petrol Station,W01001931,Wrexham 012G,Investigation complete; no suspect identified
23e2bf1e7d1bcdd3efc639d04a94626e2762df9f4f262abd7484f5139ffa5810,2026-07,North Wales Police,North Wales Police,-3.080012,52.982534,On or near Bowers Road,W01000354,Wrexham 017A,Investigation complete; no suspect identified
f36ec329ed5a80d1861e47737399d173795888e2e7cec31eb3964e6d16bf1362,2026-07,North Wales Police,North Wales Police,-2.996436,53.047233,On or near Duke Street,W01000372,Wrexham 008C,Unable to prosecute suspect
0dec58c6ff173c6beed34f09ca5687ae881bb88e2eba096145b57f8e636506ab,2026-07,North Wales Police,North Wales Police,-2.991714,53.046886,On or near Chester Street,W01000372,Wrexham 008C,Unable to prosecute suspect
32f1f7ec5e74f2f78a60c578fa86e7524b77419344fe0aa359f3df2a95072062,2026-07,North Wales Police,North Wales Police,-4.517314,52.933568,On or near Y Fron,W01000095,Gwynedd 012C,Unable to prosecute suspect
a275fc374c49cefe6103db8febf0ad153bf13e8e887da78723e190b4081f8f13,2026-07,North Wales Police,North Wales Police,-2.967764,53.048504,On or near Ernest Parry Road,W01001969,Wrexham 010F,Investigation complete; no suspect identified
70592a99d0cf0756b41cd1a79a0d662f5ba7a2c3017703a1010926451f062e87,2026-07,North Wales Police,North Wales Police,-4.614038,53.277943,On or near Mariners Court,W01002007,Isle of Anglesey 004G,Unable to prosecute suspect
47bd3727d4aa6a0be88a2db3e338e2cad7647ad9c3d3ff6cc8506d4e2bede09c,2026-07,North Wales Police,North Wales Police,-3.599295,52.909802,On or near Supermarket,W01000051,Gwynedd 015A,Suspect charged
f78527386b729bd75b474c5dfa1458189c0c20cf10d1c40488d42b1c7a40fde3,2026-07,North Wales Police,North Wales Police,-3.597774,52.911297,On or near Stryd Yr Eglwys,W01000051,Gwynedd 015A,Suspect charged
5f466d6eebdd330298cf5065fbd956972ee74a5f5f798bc9c10785e1cb534ab3,2026-07,North Wales Police,North Wales Police,-3.732940,53.299844,On or near Sea Bank Road,W01000182,Conwy 007D,Local resolution
17c7edbe6e20f187f5f4a043d8f78cf4fe38c4eb3230df4749ab82822e7368e6,2026-07,North Wales Police,North Wales Police,-4.317008,53.387653,On or near Tan-Yr-Allt,W01000021,Isle of Anglesey 002C,Unable to prosecute suspect
f18f0d253ee975d98b1d75dcdb7a8be9b30a32499768029a07ab7fd01ffbf650,2026-07,North Wales Police,North Wales Police,-2.823485,52.956361,On or near Brook Lane,W01000403,Wrexham 018C,Unable to prosecute suspect
1bf7fa2c70e02bd403430525f4e2a02912d4ce322e48c50d0d14656cdbdd71c4,2026-07,North Wales Police,North Wales Police,-3.543695,53.296484,On or near Trem-Y-Castell,W01000184,Conwy 005E,Investigation complete; no suspect identified
422b0ac04c4853847fb34d570230255e8f94379adaa3a70feb37208abe23d623,2026-07,North Wales Police,North Wales Police,-4.475235,53.267852,On or near Bro Mynydd,W01000009,Isle of Anglesey 007C,Unable to prosecute suspect
1d6f2c741a4a8817095f149a7cc139e94db68dfdaa927fc2b63a913e422f1fcd,2026-07,North Wales Police,North Wales Police,-4.238012,53.351886,On or near Parking Area,W01002005,Isle of Anglesey 002E,Unable to prosecute suspect
24d130a202d1a59f9913c5a8827fedfe6f8e802c99db872246d5116cefc3908e,2026-07,North Wales Police,North Wales Police,-2.996834,53.045054,On or near Brewery Place,W01000350,Wrexham 011B,Suspect charged
451b41ca2f6661ac4915b9f92cc1803da3fe8ee4fe2713249f849fb61fafe724,2026-07,North Wales Police,North Wales Police,-3.919045,53.267515,On or near Brookside Close,W01000171,Conwy 013D,Unable to prosecute suspect
0fbfda1868bb08ba493ced42a059701fd4f17cec073deb4c06c92458df3d532f,2026-07,North Wales Police,North Wales Police,-3.215993,53.266863,On or near Yr Aber,W01000306,Flintshire 002A,Unable to prosecute suspect
c2004331ddbacb39423b2d48240977abf4efd3bf8485d68c8bda9a11d3001eb6,2026-07,North Wales Police,North Wales Police,-2.979794,53.049439,On or near Trevenna Way,W01000425,Wrexham 010E,Local resolution
3a3a213850ddd211ff2fd3d571278fc31387a40451b96adefe48151c6d80c11c,2026-07,North Wales Police,North Wales Police,-3.991021,53.244533,On or near Lon Ty Bach,W01000123,Conwy 013A,Unable to prosecute suspect
039eab5b1644ecb98850f2e56ab18cba9b32659d3e94c3f74684771472fc8e94,2026-07,North Wales Police,North Wales Police,-3.821318,53.321961,On or near Bus/Coach Station,W01000186,Conwy 001E,Suspect charged
3a473ca28d415cae5a1005cfcf180c6e4a49c81a824b07e4eeff4ac15c5738e2,2026-07,North Wales Police,North Wales Police,-2.996436,53.047233,On or near Duke Street,W01000372,Wrexham 008C,Unable to prosecute suspect
5c5d96fee1b4d8a3d346b441db62d69c0cee4e8a5e6b7267460a2e5a27406f78,2026-07,North Wales Police,North Wales Police,-3.721930,53.291014,On or near The Close,W01000145,Conwy 008B,Investigation complete; no suspect identified
ac84088e78c579685f85a9ca6266e39a6812058380ca316d589cbe9cebbb9b8e,2026-07,North Wales Police,North Wales Police,-4.324071,53.099474,On or near Park/Open Space,W01000073,Gwynedd 008A,Unable to prosecute suspect
a2cf257799b86cfe7cdc7ef8385e197feed97cb87665627594604839cd6ab18e,2026-07,North Wales Police,North Wales Police,-4.463605,53.376129,On or near Park/Open Space,W01000031,Isle of Anglesey 001E,Unable to prosecute suspect
5f22b072c25d3b37bdc0f46571ca1877d559699609d01ab02744968c3e7912ac,2026-07,North Wales Police,North Wales Police,-3.529153,53.309014,On or near Aled Gardens,W01000149,Conwy 005A,Unable to prosecute suspect
32541b1fe8f64c7797f50f6b9b08d7228054405f70fb706bbd4d4f6e8ad0f860,2026-07,North Wales Police,North Wales Police,-2.946022,53.108755,On or near Supermarket,W01000418,Wrexham 022A,Investigation complete; no suspect identified
562e4f2b383b9bf03d3ce3a97e388710827c834a7f911ceea5869ed21ccfdbd3,2026-07,North Wales Police,North Wales Police,-3.039906,53.198287,On or near The Croft,W01000252,Flintshire 010A,Unable to prosecute suspect
59c4445527c94ec8f7da96ec16351259a4951971186ebc9aebc6ceef019c5b09,2026-07,North Wales Police,North Wales Police,-2.996834,53.045054,On or near Brewery Place,W01000350,Wrexham 011B,Suspect charged
113056c93fb53ff49ef88e87d2557dad3d11312613c8503fb7e4c07d40095b0b,2026-07,North Wales Police,North Wales Police,-2.996834,53.045054,On or near Brewery Place,W01000350,Wrexham 011B,Suspect charged
016f14a8fcc16898048c4c65d4c6c2a3aa2bf60f7951f9114c40e867ec5e8b7d,2026-07,North Wales Police,North Wales Police,-4.298558,53.258705,On or near Bro Tudur,W01000041,Isle of Anglesey 006D,Unable to prosecute suspect
b58db66e0bf26e09ba7efd334a4e86d2f4c90f8cf08015c44aa6045a3d16ee19,2026-07,North Wales Police,North Wales Police,-3.502722,53.315877,On or near Marlborough Grove,W01000241,Denbighshire 004F,Unable to prosecute suspect
e761d521c697920fe7ed5784b4e411132100ff6927762dae76bf1b1d3e3dbe06,2026-07,North Wales Police,North Wales Police,-2.996834,53.045054,On or near Brewery Place,W01000350,Wrexham 011B,Suspect charged
ca9e895938fbce42f2d3215392efc15a7df76d5d23b3cbd68ab2c0fd768011ef,2026-07,North Wales Police,North Wales Police,-3.041810,53.211979,On or near Mostyn Street,W01000337,Flintshire 009F,Local resolution
d270639bc2150bc41a36b6fc92fd55e964c3288e87d9d52bf9cf05e28d2341e4,2026-07,North Wales Police,North Wales Police,-3.403908,53.332534,On or near Maes-Y-Groes,W01000213,Denbighshire 002A,Investigation complete; no suspect identified
fb773529f73411ca28846715020d44b0983f0965f6bf53de0a58de2e5a5fa8a3,2026-07,North Wales Police,North Wales Police,-3.723157,53.294646,On or near Parking Area,W01000144,Conwy 007C,Investigation complete; no suspect identified
ed221626f867df5c4c3fc675bcfc6658a88ef9f8719b9dcc798c3e4795b902a0,2026-07,North Wales Police,North Wales Police,-2.986261,53.060218,On or near Grange Close,W01000342,Wrexham 023E,Investigation complete; no suspect identified
c8cd19827f355d06febaa3916062752fc64100aa0d53fead25017cb43c48da14,2026-07,North Wales Police,North Wales Police,-3.414815,53.324054,On or near Heather Crescent,W01000222,Denbighshire 003C,Investigation complete; no suspect identified
c090e55e74c2e2914d8be62d0915bcb62660cd462cc13ed66c79035502437a6c,2026-07,North Wales Police,North Wales Police,-4.091141,53.167702,On or near Hermon Road,W01000115,Gwynedd 003E,Unable to prosecute suspect
bdaacd8778ac7585920fe0b28a3361a869dff5f69fd2e94e64e41b36ecf345f6,2026-07,North Wales Police,North Wales Police,-4.337267,53.412926,On or near Craig Y Don,W01000003,Isle of Anglesey 001A,Unable to prosecute suspect
3d084272f6a0b163502d6796985f178f4aabeb70d6f9f5aaffb32345f3167f36,2026-07,North Wales Police,North Wales Police,-4.463108,53.190734,On or near Waterside,W01002008,Isle of Anglesey 007F,Suspect charged
d0eb9362a0f548551dce8e4d9d2f484bea21c38cae4d973d3d37c0347841f246,2026-07,North Wales Police,North Wales Police,-3.045660,53.012587,On or near Aberderfyn Road,W01000410,Wrexham 014D,Unable to prosecute suspect
4c6fe6fc4738c05bf5a9bd31c5524212417a60c505326f77839b1064224dfa73,2026-07,North Wales Police,North Wales Police,-2.996436,53.047233,On or near Duke Street,W01000372,Wrexham 008C,Suspect charged
20a4170f5d77db828ba1f64ad3d46bb6e4d50040b92ad27f7f7e6e12fa675a85,2026-07,North Wales Police,North Wales Police,-3.828916,53.294077,On or near Lon Vardre,W01000136,Conwy 006B,Unable to prosecute suspect
3758c9be26b8485a8a89ee4bea92af14c4c43447b94aa63558c2c386b9845f08,2026-07,North Wales Police,North Wales Police,-3.141917,53.167571,On or near Shopping Area,W01000315,Flintshire 016C,Unable to prosecute suspect
e1f071eac7330bd6722b62ad1bbfd3910546412cf795fd4146fdf7683cf222a7,2026-07,North Wales Police,North Wales Police,-3.141917,53.167571,On or near Shopping Area,W01000315,Flintshire 016C,Unable to prosecute suspect
842251622146520b126ecbc7d23855ff908b7b7404b6e0ef2c160ae04edc6823,2026-07,North Wales Police,North Wales Police,-3.140116,53.167394,On or near Shopping Area,W01000315,Flintshire 016C,Local resolution
37e499beb709b3ae9818080a31a7b7c0316e8b078cad6370e0bf593875e71f7c,2026-07,North Wales Police,North Wales Police,-3.830485,53.325150,On or near Ty Isa Road,W01000146,Conwy 001B,Suspect charged
07b95194641892770477219a844d18e0adad70bd5417c4dabda632bb47efc64d,2026-07,North Wales Police,North Wales Police,-3.138834,53.162980,On or near Llys Pont Y Garreg,W01000313,Flintshire 016A,Unable to prosecute suspect
9e0623dd29859ef72ba33df829c920599cbc4d7d19fb38d870deb04c6a5896ea,2026-07,North Wales Police,North Wales Police,-3.496210,53.315114,On or near Buckley Avenue,W01000241,Denbighshire 004F,Unable to prosecute suspect
947c3d37140787e5916c0f6b7214f2dbbc8503392b103a84d425f63f2fe0658e,2026-07,North Wales Police,North Wales Police,-3.594645,53.287031,On or near Troon Way,W01000179,Conwy 010F,Unable to prosecute suspect
1faf20b71d5f642f2a857ad71f0c9acb581e5b3de0e8e168865254c149e004de,2026-07,North Wales Police,North Wales Police,-4.334120,53.257267,On or near Lon Cae Garw,W01000006,Isle of Anglesey 006A,Unable to prosecute suspect
a82c676a2ae7eecdd9bbd211449dcb2a1a47486aeebd2b55f7182d1af67e0a77,2026-07,North Wales Police,North Wales Police,-2.996984,53.052218,On or near George Street,W01000372,Wrexham 008C,Unable to prosecute suspect
4e700a56608026b78cc043d7f1d0ef9fe38ee29421995b5a2237c52b76b95f4a,2026-07,North Wales Police,North Wales Police,-2.996436,53.047233,On or near Duke Street,W01000372,Wrexham 008C,Suspect charged
4c2318a3717bddb82a3809c0418893e77a65e1d9892e1ed873b916f16c82c40f,2026-07,North Wales Police,North Wales Police,-3.400681,53.337183,On or near Maes Glas,W01000216,Denbighshire 002D,Suspect charged
0a6e6e163516a316a92aab589b16b293a1db323a6b9800c7c10142a71e2cfb6f,2026-07,North Wales Police,North Wales Police,-3.036070,53.117408,On or near St Cynfarch's Avenue,W01000308,Flintshire 020C,Unable to prosecute suspect
12b9da3b8af46b02d5d89df2250d72f4ca7efd0d98e12f2db107414d02ea0097,2026-07,North Wales Police,North Wales Police,-3.481902,53.314160,On or near Walford Avenue,W01000236,Denbighshire 006A,Suspect charged
7db228f08d87ca536004d0c2fb406a9a74813308e1d477f79455713184623983,2026-07,North Wales Police,North Wales Police,-3.490166,53.318713,On or near Stryd Cinmael,W01000240,Denbighshire 004E,Investigation complete; no suspect identified
38dcbb05c2930cd836d69e22615e42826841b64410a86d0ebefba0bc0c508867,2026-07,North Wales Police,North Wales Police,-2.993548,53.046161,On or near Stryt Y Syfwr,W01000372,Wrexham 008C,Suspect charged
8edba3986a1013ce678e67fbf38c737116cb0b740a97c5a90cf3e34f9e892db1,2026-07,North Wales Police,North Wales Police,-4.139431,53.222901,On or near Belmont Street,W01000075,Gwynedd 002C,Unable to prosecute suspect
e0e156879a0e8f46049f7b61f827c3aabb13a372775143ce9f47c0fd14493da9,2026-07,North Wales Police,North Wales Police,-2.987642,53.044381,On or near Shopping Area,W01001929,Wrexham 012F,Investigation complete; no suspect identified
ba4314e4152f232ca12600454b10269aa152617eb3bdf5d7b8ad4b79198754db,2026-07,North Wales Police,North Wales Police,-2.989065,53.044517,On or near Shopping Area,W01001931,Wrexham 012G,Investigation complete; no suspect identified
b816a3d5fc062b65a675c0ec270c35e5e744bfb0e0d8511d049246c047d6a18e,2026-07,North Wales Police,North Wales Police,-4.031190,52.707386,On or near Parking Area,W01000085,Gwynedd 017C,Unable to prosecute suspect
9e677ca2e9cf276b995f0e960717d983c209b86fdfb5ec40afd983ab7adee120,2026-07,North Wales Police,North Wales Police,-3.089760,53.164549,On or near Sports/Recreation Area,W01000263,Flintshire 017D,Unable to prosecute suspect
020d78d52b78084fb674eeedffe1a0c8c5014857f28109fba76cd64df5bbd414,2026-07,North Wales Police,North Wales Police,-2.995180,53.043198,On or near Bryndraw Terrace,W01000402,Wrexham 011D,Unable to prosecute suspect
e677d672b232963ad904493dcc768e2d3191999b062c25e3c10e9658f128c9b3,2026-07,North Wales Police,North Wales Police,-3.393666,53.332546,On or near West Avenue,W01000215,Denbighshire 002C,Unable to prosecute suspect
bcb2ca0d6b3a0e9e1f03294f75234a65f7ca0f4e9c3822702405689bbba63711,2026-07,North Wales Police,North Wales Police,-3.412106,53.316121,On or near The Grove,W01000217,Denbighshire 008C,Investigation complete; no suspect identified
2da1a7d208926cfdf1a0ddb313d3dd467524b3ea78541bdd2b0d1f4145da31ce,2026-07,North Wales Police,North Wales Police,-2.994514,53.041737,On or near Supermarket,W01000365,Wrexham 011C,Suspect charged
47af53fe5518ff7081e8a9c6313537dceb3f499686fe6020c1236d8f4ced3c59,2026-07,North Wales Police,North Wales Police,-2.991651,53.035021,On or near Gwydr Way,W01000381,Wrexham 012A,Unable to prosecute suspect
737c35f7503aa6374674734598d306664370b52ed8b1fe20bba5176704e745ff,2026-07,North Wales Police,North Wales Police,-3.473204,53.286966,On or near St Asaph Road,W01000225,Denbighshire 009D,Unable to prosecute suspect
a5314db7b733dbfae3f2e861218ffc4da6f36b591db82612a7ce7b0360520dde,2026-07,North Wales Police,North Wales Police,-3.553136,53.299876,On or near Towyn Road,W01000184,Conwy 005E,Local resolution
6b12137afd89c5c720fc67e7ba276e9474f64cf11655078aea230b19f34aff0a,2026-07,North Wales Police,North Wales Police,-4.199946,53.226276,On or near Stad Wern Gethin,W01000008,Isle of Anglesey 008A,Unable to prosecute suspect
c24a1de40f936c10a0ffe2522fa38530a80844016670c99003d86ad616733a77,2026-07,North Wales Police,North Wales Police,-3.463749,53.321054,On or near Llys Delyn,W01000235,Denbighshire 017D,Unable to prosecute suspect
e2f842dbe28758a9583e41598bc7fb69014a6d05335da09b662f5a68be39348e,2026-07,North Wales Police,North Wales Police,-3.049893,53.015031,On or near Oak Road,W01000412,Wrexham 015D,Unable to prosecute suspect
51d501b30687a034f1caab81a9310b0d8426a2619af36b65f31462fdf53e0bb9,2026-07,North Wales Police,North Wales Police,-3.463749,53.321054,On or near Llys Delyn,W01000235,Denbighshire 017D,Unable to prosecute suspect
cb537a3901a908a306d91c0fa997938cafdb36eb1913d1a14b42130523d4a658,2026-07,North Wales Police,North Wales Police,-2.882066,53.077882,On or near Fairview,W01000384,Wrexham 022C,Unable to prosecute suspect
bcd1612075730643435ac0626916a60657ca02d02fdfe4bf7195ab3a686e7ef1,2026-07,North Wales Police,North Wales Police,-3.553136,53.299876,On or near Towyn Road,W01000184,Conwy 005E,Unable to prosecute suspect
7cc6530d7df8c6b4c7c87b54a54a67fc400f745927352f30512fda2d75452ea5,2026-07,North Wales Police,North Wales Police,-3.831746,53.327935,On or near Hill Terrace,W01000146,Conwy 001B,Suspect charged
2356bc587088dd3e6c3117c8679498c862081c58a16b4621f5f29ef368053f64,2026-07,North Wales Police,North Wales Police,-2.994510,53.045182,On or near Abbot Street,W01000350,Wrexham 011B,Further action is not in the public interest
1dfee6d8116aaa37d329a24cd80f024d25bfa7effdaf4102a38a500511f2433c,2026-07,North Wales Police,North Wales Police,-2.996436,53.047233,On or near Duke Street,W01000372,Wrexham 008C,Suspect charged
9dae3e24388f1097b1de615bf4ac675e7c028eacc1d698eb64b3dae9688999d9,2026-07,North Wales Police,North Wales Police,-3.879555,52.741257,On or near Wern Las Hospital Drive,W01000068,Gwynedd 016E,Action to be taken by another organisation
59fda51b73e44824ec2f21abdcbb243d4dde9c5127a24a72066ec360d63b8130,2026-07,North Wales Police,North Wales Police,-3.073534,53.171569,On or near Park Walk,W01000268,Flintshire 013B,Suspect charged
ee05cd15290d4458e6fd0091aa555fa3fb88b3689c82268601dd1cfa081a50e9,2026-07,North Wales Police,North Wales Police,-3.067936,53.052708,On or near The Old School,W01000364,Wrexham 006E,Unable to prosecute suspect
2e8a9f44c5914a8ab389d29945b02efa6685ece5c014df39b67f43aa4b254888,2026-07,North Wales Police,North Wales Police,-3.008250,53.043367,On or near Ruthin Road,W01000349,Wrexham 011A,Suspect charged
09e415ae957b7e268cea9f542e1bd9a9ad133117f7cc0c7d705d4765c35314cd,2026-07,North Wales Police,North Wales Police,-3.889110,53.053251,On or near Maes-Y-Llan,W01000121,Conwy 015A,Unable to prosecute suspect
886b6c46eda8c7815833de07299d9ed4aaccbf740ffd1370d53c1fa7359b6cd4,2026-07,North Wales Police,North Wales Police,-3.058962,53.219505,On or near Bethel Place,W01000274,Flintshire 007B,Unable to prosecute suspect
28437a4c36ba1995ab740c9450ce00acd2ef435b57cbdfae1453850a04e6e4f0,2026-07,North Wales Police,North Wales Police,-3.067426,53.166554,On or near Parking Area,W01000259,Flintshire 017A,Suspect charged
685ee1200143af960bc7ba21f453e59fc66e2264b97e7a374bd2fa4fe2adc8ca,2026-07,North Wales Police,North Wales Police,-3.067426,53.166554,On or near Parking Area,W01000259,Flintshire 017A,Suspect charged
de708cb17042b70670f2ebded3c7cb81c17246aab88d7f7cb5ce874a7899b1a2,2026-07,North Wales Police,North Wales Police,-3.517659,53.308262,On or near Llys-Y-Marchog,W01000150,Conwy 005B,Action to be taken by another organisation
805c5d2456c132e9f1586165a0a6e2e10fa100e87da4c0a6b44912b939bb968b,2026-07,North Wales Police,North Wales Police,-3.036844,53.186790,On or near Groomscroft,W01000285,Flintshire 013D,Action to be taken by another organisation
6e5d1fcd8638c5ad35c54601ac71c1810d5ab311030377313167c98ff9a71fb5,2026-07,North Wales Police,North Wales Police,-3.008250,53.043367,On or near Ruthin Road,W01000349,Wrexham 011A,Suspect charged
e97ffc10874e528beb4147160054f777403fd90683c9222a1d19e6985cb493e9,2026-07,North Wales Police,North Wales Police,-3.024199,53.205013,On or near Belvedere Close,W01000328,Flintshire 011C,Investigation complete; no suspect identified
a90ee195464def4c62f631e16605e85e780fc437975f7d05a9be4eddebbe2544,2026-07,North Wales Police,North Wales Police,-3.691017,53.277180,On or near Gernant,W01000138,Conwy 008A,Action to be taken by another organisation
8e1fba01ef9b60e3dd6453b028b0335104c97066b079dd70322c576ffda2ede3,2026-07,North Wales Police,North Wales Police,-3.498082,53.317535,On or near River Street,W01000239,Denbighshire 004D,Unable to prosecute suspect
a7b9ddd61fdf2ae484459f18f466bed09a228b05301187a1f1917c5472f725ea,2026-07,North Wales Police,North Wales Police,-3.026032,53.071721,On or near Third Avenue,W01000379,Wrexham 004C,Action to be taken by another organisation
562b2a263839c1e7b0e6480e90d210d370228172bf9a87d140abe8cd633e415c,2026-07,North Wales Police,North Wales Police,-3.495264,53.320249,On or near Parking Area,W01000240,Denbighshire 004E,Action to be taken by another organisation
010e0c5716779feb5658478dec903b6225e6066e2a9dbda0c5a9fc29a8dade5f,2026-07,North Wales Police,North Wales Police,-2.976940,53.045867,On or near Sports/Recreation Area,W01000425,Wrexham 010E,Investigation complete; no suspect identified
581dd81bb6dccea5dd83cf4b4d8e86bb25e5b6922075d11f712d2ee317eda0d3,2026-07,North Wales Police,North Wales Police,-3.686249,53.291695,On or near Voryn Avenue,W01000127,Conwy 009B,Suspect charged
4c9683362b34c537109bffdefdc30b9e900904687ad637fe5a4cbf16a9ee9444,2026-07,North Wales Police,North Wales Police,-3.020245,53.191104,On or near Banks Road,W01000311,Flintshire 011A,Unable to prosecute suspect
886786906a60e03f8baf52c6d92c6ae7d770f7926a9fce8ef98c55c0154381e0,2026-07,North Wales Police,North Wales Police,-3.338562,53.347704,On or near Park/Open Space,W01000287,Flintshire 001A,Unable to prosecute suspect
b5c981d0fa709de6ed26253f319e3d31e6c3aa7b09cec30ffbe96134245f136a,2026-07,North Wales Police,North Wales Police,-3.071841,53.171441,On or near The Mews,W01000268,Flintshire 013B,Unable to prosecute suspect
3fc5501d69fa8155734423cead5c0141dc25a844dddd7fd1b651597073533c2f,2026-07,North Wales Police,North Wales Police,-4.266212,53.052516,On or near Hyfrydle Road,W01000112,Gwynedd 008D,Local resolution
5fb25bb709440caf6965b6ece1c836a6329ed73955d5c57111c335dcd9478605,2026-07,North Wales Police,North Wales Police,-4.056813,52.723739,On or near King Edward's Street,W01002004,Gwynedd 016F,Suspect charged
6aace125b6512694611d40e8902a68fe1072d2fbad3784bed8bcae2797ba1949,2026-07,North Wales Police,North Wales Police,-3.486672,53.320114,On or near Thorpe Street,W01000240,Denbighshire 004E,Unable to prosecute suspect
e39b60815f9d11e6489b97792d2a757ac04cbae370ab67fc3b5291aad0b4bfc7,2026-07,North Wales Police,North Wales Police,-4.631065,53.306755,On or near Station Approach,W01000033,Isle of Anglesey 003E,Suspect charged
044f81f419560009929d6d907cfdb3ac3ecc162d9736a53b926bc4d439f7894e,2026-07,North Wales Police,North Wales Police,-3.468383,53.304067,On or near Shopping Area,W01000223,Denbighshire 009B,Further action is not in the public interest
de58e522caf1fe21cd42b352ee9733dcee62cbaaa2f527d6a7aad1361fa49276,2026-07,North Wales Police,North Wales Police,-2.997563,53.040464,On or near Ffordd Faddon,W01000402,Wrexham 011D,Unable to prosecute suspect
dce5c93e00d3596ca302b500d8c93223d306cb1697e5f84cb7ef4a069459512a,2026-07,North Wales Police,North Wales Police,-3.830554,53.325706,On or near Back South Parade,W01000146,Conwy 001B,Unable to prosecute suspect
2397a65c314b916e55f45a231d66f9985bfb181d60935356cbe41fbcb58385d4,2026-07,North Wales Police,North Wales Police,-3.831564,53.315622,On or near Builder Street West,W01000187,Conwy 002C,Suspect charged
bc8cad4d131416ed0827fe3749db81cf8f438c8a0473c637fbfd66971d9270a4,2026-07,North Wales Police,North Wales Police,-4.134968,53.230146,On or near Hwfa Road,W01000092,Gwynedd 001E,Unable to prosecute suspect
00c809145896980307320d9a62ba385373f697f868005b61fabcda314e0e0357,2026-07,North Wales Police,North Wales Police,-3.834633,53.323135,On or near Clifton Road,W01000146,Conwy 001B,Further action is not in the public interest
153f4f8821fa522e011c6261c1f8894d71785316bc8bcded960f584e2a293a58,2026-07,North Wales Police,North Wales Police,-3.675160,53.285522,On or near Glas Coed,W01000163,Conwy 009E,Further action is not in the public interest
2c48b4fb77ad95c134970b619804e10c70cf6f5386a3fd01033a28ffca44a2a8,2026-07,North Wales Police,North Wales Police,-2.995422,53.041408,On or near Y Feithrinfa,W01000365,Wrexham 011C,Unable to prosecute suspect
9573a3486720958a34818755758a407c38541aec45a756820afb54a2aec9bd7b,2026-07,North Wales Police,North Wales Police,-3.730369,53.296007,On or near Wynnstay Road,W01000182,Conwy 007D,Local resolution
dca0ea22d8ab15a040ad46e7e664de46ea10f6fd8375ccea9853b06bddcc457f,2026-07,North Wales Police,North Wales Police,-4.307554,53.253685,On or near Supermarket,W01000012,Isle of Anglesey 006B,Suspect charged
6ef722ea85f44e7f14176f5527cf1b07c6a787f9501ba88cca40ef8e31015fc4,2026-07,North Wales Police,North Wales Police,-3.801533,53.282681,On or near Gwel Yr Afon,W01000176,Conwy 011D,Suspect charged
2317ef21d7626434713dee4af7996a96169f6dabea701c55377339e86094f336,2026-07,North Wales Police,North Wales Police,-3.882897,52.740071,On or near Felin Uchaf,W01000068,Gwynedd 016E,Local resolution
90f972fc5650096d8dca4461eacf05c5a800ecffd800a0dce42b05afa6e2c370,2026-07,North Wales Police,North Wales Police,-3.489931,53.319273,On or near Stryd Bodfor,W01000240,Denbighshire 004E,Further action is not in the public interest
1fb5121967b3d2c4b8853faa4248d7c0696aad7f6a6539fd5c83feafe66765ef,2026-07,North Wales Police,North Wales Police,-3.143241,53.166732,On or near Shopping Area,W01000314,Flintshire 016B,Unable to prosecute suspect
d31d545b2f2d4c2431e4530de1f58a359236c2b0710e895cc7e7483cb41eb717,2026-07,North Wales Police,North Wales Police,-3.643437,53.290719,On or near Petrol Station,W01000153,Conwy 009D,Investigation complete; no suspect identified
b9d4374fec002aed3ce4054eeedb1ed7564cf5ab7a91d4c35690ea997779eb0e,2026-07,North Wales Police,North Wales Police,-3.141917,53.167571,On or near Shopping Area,W01000315,Flintshire 016C,Suspect charged
3cb2fdefd5c14337657e3411360c51119ae3b8cd02578167401dac97a25f4c84,2026-07,North Wales Police,North Wales Police,-3.418539,53.182747,On or near Bull Lane,W01000194,Denbighshire 011A,Unable to prosecute suspect
846b178240390ee43b719c9847f22ecefd94eeb33c85dae281c08b0dcefe32da,2026-07,North Wales Police,North Wales Police,-3.066326,52.979601,On or near Chathams Close,W01000355,Wrexham 017B,Suspect charged
24fa4336d6b8cbc1953c6582afc3d72f6502d0015541df412baa0f140a638917,2026-07,North Wales Police,North Wales Police,-4.373509,53.329271,On or near Lon Cilgwyn,W01000028,Isle of Anglesey 001D,Unable to prosecute suspect
195b06edb49e5523ea3ed71a8ec9c251bb5e47cb12cd0c539a3cd40e1d8583e3,2026-07,North Wales Police,North Wales Police,-2.996984,53.052218,On or near George Street,W01000372,Wrexham 008C,Local resolution
1bf1c742d391fb0b49b3b3ae5968fb370585d79b29045ca7b186413a9c95786d,2026-07,North Wales Police,North Wales Police,-3.189995,52.931464,On or near Llafar Y Nant,W01001930,Wrexham 019F,Unable to prosecute suspect
34201a65f2ef588d4b8dfb8a0bc1d8a8e5c9c3c0a122e35cdc13f1397a4ee84b,2026-07,North Wales Police,North Wales Police,-3.136085,53.161406,On or near Bryn Hilyn Lane,W01000313,Flintshire 016A,Unable to prosecute suspect
52f3283d6fa8e6bfbec30243b3ef5a4e1652e32ac077cdb8acf7a6d7ead8fc68,2026-07,North Wales Police,North Wales Police,-2.994434,53.041910,On or near Poplar Road,W01000365,Wrexham 011C,Suspect charged
c92674d33ae04e118e750aca1f7c6a9523480e6492526ac2cf6cf7173aa846a2,2026-07,North Wales Police,North Wales Police,-4.650299,53.311418,On or near Waen Fawr,W01000034,Isle of Anglesey 004B,Unable to prosecute suspect
7f4742baf5af064c2ad8aef7bf7b6bdaf47c713361a4a19f49bd5128d4d472fe,2026-07,North Wales Police,North Wales Police,-3.456870,53.264420,On or near Hospital,W01000246,Denbighshire 010B,Unable to prosecute suspect
7b4d67078e34b5700ef7c49259401a50b978d2c48098c186dd3c01457fbdb20d,2026-07,North Wales Police,North Wales Police,-3.306002,53.247168,On or near Ffordd Treffynnon,W01000271,Flintshire 006C,Unable to prosecute suspect
46b541379d99c1911f18b61635b44486a92ff4c3f45033bf966dcfc330a711bd,2026-07,North Wales Police,North Wales Police,-2.980084,53.045805,On or near Meadow Lea,W01000425,Wrexham 010E,Investigation complete; no suspect identified
f38e5dc56fcaf22d7201cef667992e800c64ef0f3f852088989d6aeb2138aace,2026-07,North Wales Police,North Wales Police,-2.996436,53.047233,On or near Duke Street,W01000372,Wrexham 008C,Unable to prosecute suspect
4207b0babff74468c938c7210e94c640ecc0828eeb64ccc35d3244b81275a4b7,2026-07,North Wales Police,North Wales Police,-3.740316,53.304825,On or near Green Road,W01000155,Conwy 004A,Unable to prosecute suspect
6bc5e1ffd25c5e7e5b7b317a7c34a00ce245c73bb947b44d6ce8f28665eeed33,2026-07,North Wales Police,North Wales Police,-2.995180,53.043198,On or near Bryndraw Terrace,W01000402,Wrexham 011D,Offender given a caution
b90938df2970605294b39068f2834b9fedac86620d578bc10f31a27212d438e3,2026-07,North Wales Police,North Wales Police,-3.032749,53.208786,On or near Petrol Station,W01000336,Flintshire 009E,Further action is not in the public interest
edbacd85439ef7c67c1066b373cadc16c6095c36eb84882a33d985dfa18ffdb3,2026-07,North Wales Police,North Wales Police,-3.336391,53.176290,On or near Hamdden Close,W01000206,Denbighshire 013C,Unable to prosecute suspect
198aa0250cf1c18f21d9182da5e4475e091aa4f0039b9a0eeefea8e8d327df05,2026-07,North Wales Police,North Wales Police,-3.928949,52.987080,On or near A470,W01000113,Gwynedd 009C,Unable to prosecute suspect
2ccbae48b7b9045d0d41f709efbb3f9f1627062f09478f1d272acd439ac087e3,2026-07,North Wales Police,North Wales Police,-2.981908,53.051211,On or near Kingstown,W01000393,Wrexham 023G,Unable to prosecute suspect
c15f59159b6dc5adcb57650c2b7326cfacee416f6fd254689afd554b1fb27a19,2026-07,North Wales Police,North Wales Police,-2.991714,53.046886,On or near Chester Street,W01000372,Wrexham 008C,Unable to prosecute suspect
8e247ccc2d57ac1663fa63fff7fdf589d669274d8e97cb6b10261341a9edffb9,2026-07,North Wales Police,North Wales Police,-3.928949,52.987080,On or near A470,W01000113,Gwynedd 009C,Unable to prosecute suspect
beab1c31d0fd959165dddfe9a172e7d44f5bd8b22fea51472ac9006533cc0297,2026-07,North Wales Police,North Wales Police,-3.459834,53.313686,On or near Maes Cwm,W01000229,Denbighshire 017E,Unable to prosecute suspect
764e505791fccba49784061806b8553602f6801c1a4d0e2236169e48255df180,2026-07,North Wales Police,North Wales Police,-3.410581,53.186959,On or near Pigot Road,W01000196,Denbighshire 012B,Unable to prosecute suspect
82e7d0b4cf1194044a373271f3e11864343cb5b44898820caae446951baf3857,2026-07,North Wales Police,North Wales Police,-3.570018,53.296203,On or near Ffordd Gwelfryn,W01001927,Conwy 010G,Unable to prosecute suspect
1a927d07a9c50c95802ff43ce0d865df9ab4a076871f2911deb7f53fbe33b9ea,2026-07,North Wales Police,North Wales Police,-3.039418,52.989135,On or near John Street,W01000420,Wrexham 016E,Unable to prosecute suspect
8ebd9e50232e320be867b1fc1ed8593e4f95953b65308cdcd64ad8d5799ca4e7,2026-07,North Wales Police,North Wales Police,-3.938334,52.995054,On or near Cromwell Street,W01000056,Gwynedd 009A,Investigation complete; no suspect identified
adfe74e626987dd1e007c2512a4ac9238ddbd398bb45e023739f6884848e0b74,2026-07,North Wales Police,North Wales Police,-3.164420,53.171048,On or near Maes Garmon Lane,W01000319,Flintshire 016G,Investigation complete; no suspect identified
b0664cb2ba0123aca9bac2cfeb53070c75790f05f7762cbc072ce9e73a6ed840,2026-07,North Wales Police,North Wales Police,-4.511074,52.828075,On or near Lon Garmon,W01000080,Gwynedd 014C,Unable to prosecute suspect
67ba16b4eafcff509aa5571490deb18309c8db67d395770caf428fe34044a56e,2026-07,North Wales Police,North Wales Police,-4.324782,53.258708,On or near Ffordd Corn Hir,W01000014,Isle of Anglesey 006C,Further investigation is not in the public interest
3ab311aba318c1383f8d4d07202e4eb26285b4729ef35adfc73a120a7309f421,2026-07,North Wales Police,North Wales Police,-4.636506,53.298344,On or near Cae Rhos,W01000017,Isle of Anglesey 003B,Unable to prosecute suspect
d77486749347b8861e5f035a360e08711b8e25f340deb81d88143af6c40709d5,2026-07,North Wales Police,North Wales Police,-3.524213,53.301382,On or near Cynlas,W01000151,Conwy 005C,Action to be taken by another organisation
688bdfaa817125d70dff2b2ed68c0d3e1d1d9ea9a113f40afebdb4728309c40f,2026-07,North Wales Police,North Wales Police,-3.524213,53.301382,On or near Cynlas,W01000151,Conwy 005C,Action to be taken by another organisation
95ef10c8a366969db534341d0b847e35596c7fbddcae4f2c80c75ec83458e27d,2026-07,North Wales Police,North Wales Police,-3.485879,53.324079,On or near Olinda Street,W01000228,Denbighshire 004C,Further action is not in the public interest
89fc0fc394a8265b823dd3eda64aaf1fa802a479c743244cda6b8cda15ed2567,2026-07,North Wales Police,North Wales Police,-4.143963,52.938611,On or near Craig Madog,W01000107,Gwynedd 010E,Unable to prosecute suspect
bd0444e5520718e1db15b5dca053b06227dcc63e2517eed9cc56104401a767cb,2026-07,North Wales Police,North Wales Police,-4.110303,52.865587,On or near Glan Gors,W01000074,Gwynedd 013B,Unable to prosecute suspect
8ad74f7335bdb64276b123975fe871388a96eed926b01bef2f6dc4e9f8247f83,2026-07,North Wales Police,North Wales Police,-3.707754,53.291820,On or near Ffordd Y Rotari,W01000144,Conwy 007C,Unable to prosecute suspect
830393f460767681ed950353baa8de6ef84d8559967ee5e591de10f20be29fa6,2026-07,North Wales Police,North Wales Police,-3.795230,53.136499,On or near A470,W01000134,Conwy 015B,Unable to prosecute suspect
c8d98dc652152535fab487512d3a5d3d12bc9978b281328d29ede1d0ca5827ab,2026-07,North Wales Police,North Wales Police,-3.087240,53.165746,On or near Clwyd Grove,W01000263,Flintshire 017D,Unable to prosecute suspect
ff853593231a5d9e03ed2e9573ab1f3cdb34f1698a13dc84dc870c9049987d4d,2026-07,North Wales Police,North Wales Police,-3.983901,53.256215,On or near Parking Area,W01000123,Conwy 013A,Unable to prosecute suspect
e7572c448b6d06e1bba0381445d7bbc7755e1bb0c92edb3ad2aa909466bb8626,2026-07,North Wales Police,North Wales Police,-4.218190,53.288746,On or near Lon Lwyd,W01000035,Isle of Anglesey 005E,Unable to prosecute suspect
642d47442f2d8c6ba0978106ca34ef2044b8fd998992e1bfff53a70e57e69d3b,2026-07,North Wales Police,North Wales Police,-3.716772,53.282853,On or near Heol Dirion,W01000145,Conwy 008B,Unable to prosecute suspect
d0f475cd09cca484395c49cd8c2ae68fc6ea3d1631ee2712b5b2c3281005fe80,2026-07,North Wales Police,North Wales Police,-4.634271,53.309561,On or near Parking Area,W01000016,Isle of Anglesey 003A,Unable to prosecute suspect
fbccca2984ca7838327b5d6170ae8a81c780a18008338fa96856d012c99825e7,2026-07,North Wales Police,North Wales Police,-4.144265,52.939918,On or near Sunnyside,W01000107,Gwynedd 010E,Unable to prosecute suspect
f624e3715e10ca0e0f53a0944873745df3ddb954f84173514b945e0e88584b64,2026-07,North Wales Police,North Wales Police,-4.272916,53.145220,On or near Parking Area,W01000093,Gwynedd 006B,Unable to prosecute suspect
6d4dfb0911702500cfffb6becca096ea53cf6254f5eac3235c5336326c7d1777,2026-07,North Wales Police,North Wales Police,-3.405490,53.335904,On or near Petrol Station,W01000214,Denbighshire 002B,Investigation complete; no suspect identified
bb216a316599cc25d0b1a81c1708f1ba4c5c4824b72813e4262951da9b88659f,2026-07,North Wales Police,North Wales Police,-3.798548,53.283041,On or near Trem Yr Afon,W01000176,Conwy 011D,Unable to prosecute suspect
0089e3a0a8f90f053863e50d7e6de156145006946f5f2362ff4b5a1891c943c0,2026-07,North Wales Police,North Wales Police,-3.763494,53.291836,On or near Garth Road South,W01000167,Conwy 011C,Unable to prosecute suspect
640c10504dac88f4abc448c33eff7ef4ee94f59b22a4aeb21f0a01ab3225ef07,2026-07,North Wales Police,North Wales Police,-3.570018,53.296203,On or near Ffordd Gwelfryn,W01001927,Conwy 010G,Unable to prosecute suspect
ae8a82dadecec1ea3e610adcec6447e363986c4b92b1dd767606d673a86dbd95,2026-07,North Wales Police,North Wales Police,-2.985824,53.044993,On or near Parking Area,W01001929,Wrexham 012F,Unable to prosecute suspect
8fe6309358b6ddfd66c7520b92f646baa5257574ab43ee503fed63ed089a6903,2026-07,North Wales Police,North Wales Police,-3.723838,53.293306,On or near A547,W01000143,Conwy 007B,Unable to prosecute suspect
02d16f98719a64cf2118a50fba6a787923e6624495c824de41025d61e635934d,2026-07,North Wales Police,North Wales Police,-4.629211,53.306130,On or near Hedsor Street,W01000029,Isle of Anglesey 003C,Investigation complete; no suspect identified
76b7854562e3dda1b4458848e85bb3a94ac8b16e5545d7701c6a1f45838a4d50,2026-07,North Wales Police,North Wales Police,-3.544106,53.282500,On or near Rhuddlan Road,W01000140,Conwy 010B,Unable to prosecute suspect
61ae60d1f898d8214c6484f2e3054dccb8323c2f7460880afb9de21cd59de5be,2026-07,North Wales Police,North Wales Police,-3.834605,53.315125,On or near Alexandra Road,W01000168,Conwy 002B,Investigation complete; no suspect identified
710f7453b9c602503a17b2f24afda962f94a6fa3288719c4ec701634281c05c7,2026-07,North Wales Police,North Wales Police,-2.987475,53.046094,On or near Supermarket,W01001931,Wrexham 012G,Investigation complete; no suspect identified
85e5253b385788fb037eeaab17126992e7631afb29e5ac63565ef42d38bc7c5b,2026-07,North Wales Police,North Wales Police,-3.498082,53.317535,On or near River Street,W01000239,Denbighshire 004D,Unable to prosecute suspect
117c9d9c680ab2ac5553d1b6187576b0e6479efc68b8cfa68fb1d9aa142688be,2026-07,North Wales Police,North Wales Police,-3.466422,53.293918,On or near Coetiau Postol,W01000225,Denbighshire 009D,Unable to prosecute suspect
f47fe9e569bee1524e73c51a66bf9719e2fc22381c579663c8c96eb3a788c3eb,2026-07,North Wales Police,North Wales Police,-3.884360,53.050728,On or near Glan Gors,W01000121,Conwy 015A,Investigation complete; no suspect identified
7f9e3a50027c3355ea7993106cf5e5b07b35f94237cdc231a3be864fa4349a11,2026-07,North Wales Police,North Wales Police,-3.934470,52.993949,On or near Newborough Street,W01000065,Gwynedd 009B,Unable to prosecute suspect
f833329deb528a4a58b270b1350e2e26855f4a63318e46fa936a8490f2b6d2f3,2026-07,North Wales Police,North Wales Police,-3.932282,52.994668,On or near Lord Street,W01000065,Gwynedd 009B,Unable to prosecute suspect
1f244bf411b35258d8f31da8a40bf113b9f54d9c8119c783109d004a25465986,2026-07,North Wales Police,North Wales Police,-4.231313,53.088645,On or near Cae Magw,W01000088,Gwynedd 007B,Unable to prosecute suspect
1731ebd5c66797198f8d7b94de6570a64371a7e633d40f6c4171c1d8ffe9eea0,2026-07,North Wales Police,North Wales Police,-3.428934,53.230286,On or near Nant-Y-Patrick,W01000247,Denbighshire 010C,Unable to prosecute suspect
b84c2283d610c6688c26cefa30ff66b3aa98fe12c79f18c415399a86260481d6,2026-07,North Wales Police,North Wales Police,-2.985979,53.049895,On or near Supermarket,W01000393,Wrexham 023G,Unable to prosecute suspect
828043adde353c57916e8bc0149aa13c94eb11b246c193e61aa3b99a6090d2cb,2026-07,North Wales Police,North Wales Police,-3.679217,53.287218,On or near Swn-Y-Don,W01000163,Conwy 009E,Unable to prosecute suspect
faff552ff778031a1d6b30432d2c7b69d6749abf5ab952934bcb420214772ab9,2026-07,North Wales Police,North Wales Police,-3.133385,53.169239,On or near Sports/Recreation Area,W01000315,Flintshire 016C,Investigation complete; no suspect identified
5b67c868598165d5baf0c319a616293f6b73c4484eaa791bcd0cd23c2dce4645,2026-07,North Wales Police,North Wales Police,-3.920305,52.896532,On or near Sports/Recreation Area,W01000114,Gwynedd 009D,Investigation complete; no suspect identified
f770a34d206804f90bcc9da0a3fa7f9a3945dc38fee54774f86b5a9d5c8c5c04,2026-07,North Wales Police,North Wales Police,-4.515350,52.939212,On or near Tai Lon,W01000095,Gwynedd 012C,Unable to prosecute suspect
4f983570e423321833dca7297be9b33027d4282f0e378cb8fe0cdf22d96d4dc0,2026-07,North Wales Police,North Wales Police,-3.495772,53.321034,On or near Parking Area,W01000239,Denbighshire 004D,Investigation complete; no suspect identified
0195aa51fbc68a8195c9eff23c26f3c8bef49a2fb68cef26b6b371e73b4c7b9d,2026-07,North Wales Police,North Wales Police,-3.124812,53.165766,On or near Petrol Station,W01000322,Flintshire 014E,Local resolution
e5af394fa3d77741f6f10fa3b5ab4da56cba9ae046ce410db835584a1daf1eac,2026-07,North Wales Police,North Wales Police,-3.124812,53.165766,On or near Petrol Station,W01000322,Flintshire 014E,Local resolution
01114ce897de883330737b645b2f571ae901e72ec4fd8c23e8d0d6fdee0a29fd,2026-07,North Wales Police,North Wales Police,-4.515350,52.939212,On or near Tai Lon,W01000095,Gwynedd 012C,Unable to prosecute suspect
a5853041fe51f9faef3da2f085606eac7c0310a5d1c8c44e3f2d4b64c06a5690,2026-07,North Wales Police,North Wales Police,-3.502745,53.315247,On or near Sydenham Avenue,W01000241,Denbighshire 004F,Investigation complete; no suspect identified
7943a923796fbf4f56b34be1d99a50084bee3feb2fd8db6dbeba89053a426778,2026-07,North Wales Police,North Wales Police,-3.954592,52.987016,On or near Sports/Recreation Area,W01000056,Gwynedd 009A,Unable to prosecute suspect
1d5653c6169b88d0f4cee30cef801c6374fe0d024ff94743504104b6d7d48556,2026-07,North Wales Police,North Wales Police,-3.355961,53.213250,On or near Bro Lleweni,W01000206,Denbighshire 013C,Investigation complete; no suspect identified
eab451d1e3182d8b8e6b98d38bdcdc47f87b33c9c56d098ebc97c82a940c1fa7,2026-07,North Wales Police,North Wales Police,-4.121085,53.232399,On or near Seiriol Road,W01000077,Gwynedd 001C,Unable to prosecute suspect
eb7aad9d288effafc4c7b200c6d025b4a43b419e6021f6f31fb2878254d80a5b,2026-07,North Wales Police,North Wales Police,-3.490923,53.320609,On or near Glanglasfor,W01000240,Denbighshire 004E,Unable to prosecute suspect
82b27d8dad60fd07cc1961a2eec506590d1b10633639a43cd07a2e3740874186,2026-07,North Wales Police,North Wales Police,-3.464493,53.326106,On or near Edgbaston Road,W01000226,Denbighshire 004A,Unable to prosecute suspect
fffa45ed889426f725c9f098b4f2b805a94e16ddd29920ac9174421520e81293,2026-07,North Wales Police,North Wales Police,-3.762788,53.294732,On or near Ffordd Euryn,W01000167,Conwy 011C,Unable to prosecute suspect
a470d702fa6b696a2da5c15af4d21d80637cd3479014b056f31b20c0d3a73a36,2026-07,North Wales Police,North Wales Police,-3.038526,53.153587,On or near Gorse Close,W01000327,Flintshire 018C,Unable to prosecute suspect
e204fbe2d0204e3ff6066c5c864025c4e86984959b89a18dd0b92085a1cc4ec3,2026-07,North Wales Police,North Wales Police,-3.313038,53.113704,On or near Clwyd Street,W01000243,Denbighshire 014B,Investigation complete; no suspect identified
84be770537f512e0bfb59be8fa250ac29b8f13fc6dae39b1e2b90c7f1748ab61,2026-07,North Wales Police,North Wales Police,-3.502745,53.315247,On or near Sydenham Avenue,W01000241,Denbighshire 004F,Investigation complete; no suspect identified
efbecb80b112f126b96664cba6c11e151ac94235791aa53bb0a2834e95f422f8,2026-07,North Wales Police,North Wales Police,-3.843083,53.321297,On or near Gogarth Lane,W01000146,Conwy 001B,Investigation complete; no suspect identified
667342d75c69d8f202b09813c9780c0c0ec419eabedcd38ec0e5aa10ff2c9489,2026-07,North Wales Police,North Wales Police,-3.517230,53.302946,On or near Lon Heulog,W01000151,Conwy 005C,Unable to prosecute suspect
02316886b96b1c13aa3e8077009934777baa62ebb7e7042cf7713fa278060879,2026-07,North Wales Police,North Wales Police,-3.804149,53.284230,On or near Sports/Recreation Area,W01000176,Conwy 011D,Investigation complete; no suspect identified
08e4d61e03a5f0993940aee3e8d92741bba31bea615be1dc3ae84a9b2b195ff7,2026-07,North Wales Police,North Wales Police,-2.994052,53.044754,On or near Town Hill,W01000350,Wrexham 011B,Investigation complete; no suspect identified
7cba032663fbe8127e54378cc04fe4556b05168d9beb49b045ea96d8757a5962,2026-07,North Wales Police,North Wales Police,-3.000827,53.039088,On or near Maes Glas,W01000402,Wrexham 011D,Unable to prosecute suspect
974871453f97cdccd0d6c1ec15edc97a95e3806cb5388db895d06fb3091dacc5,2026-07,North Wales Police,North Wales Police,-3.439547,52.922652,On or near Bro Dinam,W01000205,Denbighshire 016B,Unable to prosecute suspect
ca7e0c1b12f103dc2ad42938a5c6358f25203ed8637483a9d2a5e461f285b2da,2026-07,North Wales Police,North Wales Police,-3.439547,52.922652,On or near Bro Dinam,W01000205,Denbighshire 016B,Unable to prosecute suspect
e4e9141ef7ba076dc912d65cd93b14cbbdd4d1434d81b9f32be9b08d9a80f469,2026-07,North Wales Police,North Wales Police,-4.630527,53.313141,On or near Parking Area,W01000036,Isle of Anglesey 003F,Unable to prosecute suspect
b0bda095e5bbfc14fb1d0773dcf7483f07522b3d9589ec1ba422e9a8defe432c,2026-07,North Wales Police,North Wales Police,-3.729227,53.295232,On or near Llewelyn Road,W01000182,Conwy 007D,Local resolution
bbb8febaeb5d02b9ee928589ef58a21153319ce7dab1a0cfd1a60c58eb32df99,2026-07,North Wales Police,North Wales Police,-4.634052,53.314053,On or near Newry Street,W01000036,Isle of Anglesey 003F,Investigation complete; no suspect identified
cbed3144aeb68dad922c8346da9039c26ec54ca52ded138d49b6da1cffcf9adc,2026-07,North Wales Police,North Wales Police,-3.732011,53.298392,On or near Princes Drive,W01000182,Conwy 007D,Unable to prosecute suspect
5e39bfb80b3747b4ca90f7d669859ed064fc8cbd72264fc5b08f751c5a7a562d,2026-07,North Wales Police,North Wales Police,-4.241444,53.319644,On or near Llain Wen,W01000010,Isle of Anglesey 002A,Unable to prosecute suspect
11f1d9046ea17992070e9aea4d298c23138cc0508a914d6a3e41a49cad68903f,2026-07,North Wales Police,North Wales Police,-4.527566,52.935077,On or near Ffordd Dewi Sant,W01000095,Gwynedd 012C,Unable to prosecute suspect
8e28b48831d4c3c7c074ee29aba43726c892a7ec5617d9276b96e80a35fd6394,2026-07,North Wales Police,North Wales Police,-3.704242,53.292149,On or near Beach Avenue,W01000139,Conwy 007A,Further investigation is not in the public interest
9615de8e844eecbd6a665b7a6f756032d85a77a2cf8ab80f61e428adc25ba329,2026-07,North Wales Police,North Wales Police,-4.300037,53.255799,On or near Llys Tregarnedd,W01000041,Isle of Anglesey 006D,Unable to prosecute suspect
39ac788e928faa4a17cb0b2e978e9a5dfde575c646f799779175ce1d905a73f1,2026-07,North Wales Police,North Wales Police,-3.833470,53.327522,On or near Tan-Yr-Ogof Road,W01000146,Conwy 001B,Unable to prosecute suspect
2eb7154a45ffec30c11557a3cbe6d401ef7b1a44eb7d922ed96dfc1b3697b2bf,2026-07,North Wales Police,North Wales Police,-3.212957,53.273492,On or near Pen-Y-Maes Gardens,W01000305,Flintshire 003F,Unable to prosecute suspect
02133c636ace9dfd649d18886fbe23620bce762a11c11b6bb2e65e954f47eea5,2026-07,North Wales Police,North Wales Police,-3.076598,52.971031,On or near Trem Dolydd,W01000355,Wrexham 017B,Investigation complete; no suspect identified
4b6b7572e4abed922b5b607bf316b5e530d0e551c26145e8acf50c63a21808c8,2026-07,North Wales Police,North Wales Police,-3.493697,53.320431,On or near Nightclub,W01000240,Denbighshire 004E,Investigation complete; no suspect identified
353dc0adffb2c4d16e6494a9aeace11ea4506489666c82ccc9c897416c1e549a,2026-07,North Wales Police,North Wales Police,-3.831935,53.326728,On or near Vardre Lane,W01000146,Conwy 001B,Unable to prosecute suspect
786da7f438108d99dafc5f87256b9fb01cc55c42787dd881fc737ac300e97909,2026-07,North Wales Police,North Wales Police,-3.067426,53.166554,On or near Parking Area,W01000259,Flintshire 017A,Suspect charged
ce4040903aa6c717c89c1f79a34b75bc1dd53675de776a595f6ed5e62a40bf72,2026-07,North Wales Police,North Wales Police,-3.499445,53.267761,On or near Lowther Court,W01000191,Denbighshire 009A,Investigation complete; no suspect identified
9014e502c025c37856d6b755c9c369fdc3864333a280698b7ca7668c7911a1da,2026-07,North Wales Police,North Wales Police,-3.016182,53.076812,On or near Queensway,W01000376,Wrexham 003C,Investigation complete; no suspect identified
9a1c45a8506cb316167d48fdcb449d93b31803e405309fbc90ac60087bf1a53a,2026-07,North Wales Police,North Wales Police,-4.631087,53.312967,On or near Water Street,W01000036,Isle of Anglesey 003F,Investigation complete; no suspect identified
3821b29d493e7e6342932dd5cb6c3ec151682a64edd03087d74dad5e4f142903,2026-07,North Wales Police,North Wales Police,-2.987475,53.046094,On or near Supermarket,W01001931,Wrexham 012G,Investigation complete; no suspect identified
72b1b0eda9f69f48c07e65ed128b22c8a3b17ea6b2a3d2e9fe048ddc35b3eb77,2026-07,North Wales Police,North Wales Police,-3.815970,53.284962,On or near Vale Road,W01000165,Conwy 006C,Investigation complete; no suspect identified
74abd09fd6b0135a0924f33e859565ac37501216f0d47c8e9be0501130743770,2026-07,North Wales Police,North Wales Police,-3.459056,53.313749,On or near Maes Bryn Melyd,W01000234,Denbighshire 017G,Unable to prosecute suspect
035ab11cc9b8928e825349013fa3c4092dc1c55af5970d3d5fdf2103b18f8826,2026-07,North Wales Police,North Wales Police,-3.108720,53.237615,On or near Chester Road,W01000293,Flintshire 004D,Action to be taken by another organisation
a2b0f87840797b5873d20d7d91fcb17759357ab7ceb7f8519ce454b06c9fa81f,2026-07,North Wales Police,North Wales Police,-3.218305,53.278049,On or near Wat's Dyke Avenue,W01000304,Flintshire 003E,Action to be taken by another organisation
15a991e1e66999b99a4ec4dfd6a967545601c9d09940de8293b80ae182c746ca,2026-07,North Wales Police,North Wales Police,-3.304595,53.327486,On or near Maes Y Wennol,W01000287,Flintshire 001A,Unable to prosecute suspect
a054fd2d86911152800c2fb3ddd8ff92af4a28952133037df2ce96dae8fcb2e6,2026-07,North Wales Police,North Wales Police,-4.302810,53.254118,On or near Tan Capel,W01000012,Isle of Anglesey 006B,Investigation complete; no suspect identified
477cce3dd0f9f64db14d79dc5aa4a764da2a2a06622014e4c04c3b8450dfb12c,2026-07,North Wales Police,North Wales Police,-3.842817,53.213339,On or near Parking Area,W01000124,Conwy 012A,Investigation complete; no suspect identified
a839e6cb71c06c7174a6306ea6a2cd37b6f60f1d720cf24cedbe1fe8cd9e6c74,2026-07,North Wales Police,North Wales Police,-3.705444,53.289192,On or near Kyffin Close,W01000139,Conwy 007A,Unable to prosecute suspect
9ee57007ea94e410ef6fd30a7db622c1b4dbe50095fc7fa9083d6753b76567da,2026-07,North Wales Police,North Wales Police,-4.552212,52.932832,On or near Petrol Station,W01000094,Gwynedd 012B,Investigation complete; no suspect identified
e5e552154a58b2909b6824965fbd6fb0b7978e3ccefdea720f88993d18dc0dcb,2026-07,North Wales Police,North Wales Police,-2.980084,53.045805,On or near Meadow Lea,W01000425,Wrexham 010E,Unable to prosecute suspect
cc803a2c8efcabce2c89d6cf1130422bd894ecb74b009ee29a69e4ccef3db63e,2026-07,North Wales Police,North Wales Police,-3.820417,53.316844,On or near Belvedere Place,W01000186,Conwy 001E,Unable to prosecute suspect
eb4455840c761e7642820bd98d228435484bf4e2b25aa45668d1a46c4611dd3f,2026-07,North Wales Police,North Wales Police,-3.125558,53.243777,On or near Maes Gwyn,W01000292,Flintshire 004C,Action to be taken by another organisation
1e70a14b493fbf462f16b7f1b731a2d90f568e1c67ff5d4789b11bc76e1b1148,2026-07,North Wales Police,North Wales Police,-3.400681,53.337183,On or near Maes Glas,W01000216,Denbighshire 002D,Unable to prosecute suspect
1cf355749bfa071982c89594b864c6bdfcc5ecb27d353c1d2b5b080a402126da,2026-07,North Wales Police,North Wales Police,-4.056813,52.723739,On or near King Edward's Street,W01002004,Gwynedd 016F,Suspect charged
21550548b0640bc173633058be8e924f4e78e8d1c95a7033165ea80505e7a528,2026-07,North Wales Police,North Wales Police,-4.056813,52.723739,On or near King Edward's Street,W01002004,Gwynedd 016F,Suspect charged
bea23a402f11438e6531b73d5756820e04f0d00e148909564572af2939ca7a4a,2026-07,North Wales Police,North Wales Police,-3.722206,53.290030,On or near Woodfield Avenue,W01000145,Conwy 008B,Unable to prosecute suspect
af14629ad271d03264fd842b40b3d808479c1dbd8a6403cb383c545694615fda,2026-07,North Wales Police,North Wales Police,-4.207235,53.187094,On or near Parking Area,W01000119,Gwynedd 004D,Suspect charged
f80440e00e8963cc4f06ddca672cd18be3030737beb5f466393d44ae2a259d5c,2026-07,North Wales Police,North Wales Police,-3.494535,53.318712,On or near Hope Place,W01000239,Denbighshire 004D,Investigation complete; no suspect identified
279d9eaf9a8934580c370580c595ef1fcdc82e9923bf6b99fe0577b120d1dd55,2026-07,North Wales Police,North Wales Police,-4.644857,53.310577,On or near Llain Westbury,W01000030,Isle of Anglesey 003D,Further action is not in the public interest
674da03adf3599b717c1d1523cb45314d31f4690dc77bf614b83c2ef272bb8b2,2026-07,North Wales Police,North Wales Police,-4.500768,53.292135,On or near Bro'r Ysgol,W01000023,Isle of Anglesey 007D,Suspect charged
67217a19a5afbff0719f00aae306f4d53052da36deed89091b73b70ca16734e8,2026-07,North Wales Police,North Wales Police,-3.442880,53.331700,On or near Clive Avenue,W01000220,Denbighshire 001C,Suspect charged
f85b2e070efe40a675d305a155e9565a315cb620ca41d8a1b1d7dae3ef0905d7,2026-07,North Wales Police,North Wales Police,-4.133177,53.222988,On or near Further/Higher Educational Building,W01000062,Gwynedd 001A,Unable to prosecute suspect
be25d3d37da3233f76c8824272d4950afcd4e56bda7974d02a212a414b719c85,2026-07,North Wales Police,North Wales Police,-2.994052,53.044754,On or near Town Hill,W01000350,Wrexham 011B,Local resolution
e4355752465ce81deb6202312e02c4cbebfe25338970a3ecc3e25c63f1acc716,2026-07,North Wales Police,North Wales Police,-3.035411,52.993520,On or near New Hall Road,W01000419,Wrexham 016D,Investigation complete; no suspect identified
0d2b4a4722701ac90a7e2770028201143ceafc82053c976036fcbd972a7d1497,2026-07,North Wales Police,North Wales Police,-2.992473,53.051977,On or near The Gardens,W01000372,Wrexham 008C,Further action is not in the public interest
8eda4abde14593f91382ab14cd6a002e0c8c70184b299d54dadabfc4daa06b5a,2026-07,North Wales Police,North Wales Police,-3.426163,53.325330,On or near Ffordd Cae Felin,W01000201,Denbighshire 008B,Unable to prosecute suspect
bc70291708177d690edd682e1405d9c896ba088caa03a904a4e4f219578fb46c,2026-07,North Wales Police,North Wales Police,-3.824059,53.318470,On or near Supermarket,W01000186,Conwy 001E,Unable to prosecute suspect
81ef5db3f8a64cf9749e0eb27e3bf410e666acf08e8d4a150feab1788eadd9d6,2026-07,North Wales Police,North Wales Police,-3.824059,53.318470,On or near Supermarket,W01000186,Conwy 001E,Unable to prosecute suspect
782a9eb5fb72c1416c5d6cc2a5cddaa87ec54fb66c149b3fe9b1d4dd5f17c5a1,2026-07,North Wales Police,North Wales Police,-3.493697,53.320431,On or near Nightclub,W01000240,Denbighshire 004E,Unable to prosecute suspect
bea09a9936301beef041bf75b258117b0ad6d5aed617cdabe35d0308df181175,2026-07,North Wales Police,North Wales Police,-3.448103,53.255792,On or near Supermarket,W01000246,Denbighshire 010B,Unable to prosecute suspect
2611120744e1a69f2cb02f33194a281d01450ae0695643c885ccc59c5c037ab4,2026-07,North Wales Police,North Wales Police,-4.123906,53.227341,On or near Rhes Plas Llwyd,W01000062,Gwynedd 001A,Investigation complete; no suspect identified
135218d4a9a51d9ddbc803462b81e3c1046d51b2c1ef38701150c2db9c4565e8,2026-07,North Wales Police,North Wales Police,-2.996984,53.052218,On or near George Street,W01000372,Wrexham 008C,Investigation complete; no suspect identified
866551cf1e0c1fe2666dbc26a07cc51801023ed794a2464bfa3cca06461e91fa,2026-07,North Wales Police,North Wales Police,-3.002358,53.046581,On or near Llys Nantgarw,W01000350,Wrexham 011B,Suspect charged
cd0887b9fe4358e46d88d2799d39fdc0cfd668513b1bf13f11bbb9f6adb15dd9,2026-07,North Wales Police,North Wales Police,-3.405666,53.337610,On or near Station Road,W01000214,Denbighshire 002B,Investigation complete; no suspect identified
76a1f4a51bec47e637bc13ecb9160c8ed7ff22b6adf1b26a2306119b1f1e9d6a,2026-07,North Wales Police,North Wales Police,-3.898560,53.277984,On or near Groesffordd,W01000125,Conwy 013B,Unable to prosecute suspect
da5f8201f380cddf75c594323d214f8d4e854123ad02e5db74dd4cd7bd7feb14,2026-07,North Wales Police,North Wales Police,-3.423134,53.183214,On or near Lenten Pool,W01000199,Denbighshire 011C,Suspect charged
a9c8b6b0381c4e2e1d7f436148ce66389be5dab030dae997e79de947b652528d,2026-07,North Wales Police,North Wales Police,-3.493653,53.320971,On or near Sussex Lane,W01000240,Denbighshire 004E,Further action is not in the public interest
9151d0f1e4ae3cd1c5f63172eb589cddbbe5f580f80ad880476a87888b98aab1,2026-07,North Wales Police,North Wales Police,-2.979041,53.041885,On or near Pont Wen,W01001929,Wrexham 012F,Suspect charged
19d6d763a8febf6327556521c12b09d80988c06d8dd93facf48bb3f901853ebd,2026-07,North Wales Police,North Wales Police,-3.133385,53.169239,On or near Sports/Recreation Area,W01000315,Flintshire 016C,Local resolution
79be830f89df859a51d805876ca14cea60f92796d89af8ef583659ff23449ee0,2026-07,North Wales Police,North Wales Police,-4.261422,53.139055,On or near Ffordd Maes Barcer,W01000098,Gwynedd 006C,Investigation complete; no suspect identified
729e8b7eb5136e8323f9b2141e886e1996072763d3fb6fc8104dca57142de524,2026-07,North Wales Police,North Wales Police,-2.977560,53.052235,On or near Bickleywood Drive,W01000415,Wrexham 023F,Unable to prosecute suspect
7cedfda51f8693be919034c9e36ec3107fe84e10abec6267265add0459468814,2026-07,North Wales Police,North Wales Police,-2.989324,53.049047,On or near Police Station,W01000393,Wrexham 023G,Unable to prosecute suspect
d08e80b7e73d3f3c4746300edc28e8f4eda7c080aef5a3b56dbade45248010bf,2026-07,North Wales Police,North Wales Police,-4.124946,53.232609,On or near Maeshyfryd,W01000076,Gwynedd 001B,Unable to prosecute suspect
4facf846b26d222efd91a4949d4050d830138378f3c0b1b06430dfd0478a26d0,2026-07,North Wales Police,North Wales Police,-2.996436,53.047233,On or near Duke Street,W01000372,Wrexham 008C,Local resolution
52bad91f49f5ad6cce4256dbad2164121009046d017891db532b0ba66f44bcd9,2026-07,North Wales Police,North Wales Police,-3.823533,53.311771,On or near Ewloe Drive,W01000188,Conwy 002D,Unable to prosecute suspect
a7318e7558edb24b7c04020db821e8a254448dcb37e336848f2f0c5ea3bfa358,2026-07,North Wales Police,North Wales Police,-4.149519,53.210708,On or near Shopping Area,W01000064,Gwynedd 002A,Unable to prosecute suspect
875a3d4e41ff2c8c9ad46a8d81c64b65d1e84a97f996a04b282811c80c272246,2026-07,North Wales Police,North Wales Police,-4.149519,53.210708,On or near Shopping Area,W01000064,Gwynedd 002A,Unable to prosecute suspect
add22044ad3acd31099c751f8fe70d3fa862886723a4e3244ef7f59367c0dc27,2026-07,North Wales Police,North Wales Police,-3.724453,53.295165,On or near Shopping Area,W01000144,Conwy 007C,Unable to prosecute suspect
9946dba4dd132c8443310f6cac752fac190e9083810ff53a7b5e59f249a3aac3,2026-07,North Wales Police,North Wales Police,-3.837186,53.295874,On or near Sefton Terrace,W01000136,Conwy 006B,Unable to prosecute suspect
c786a869895269cf08d6fc2d2fad4deb65f36b909b0e8f2ea2ffc2792b49a574,2026-07,North Wales Police,North Wales Police,-3.041611,53.189571,On or near Oakfield Road,W01000251,Flintshire 013A,Unable to prosecute suspect
33d4ab7e86bd80d2fe8faa450bb08ea761f47db79d37d68b87d9ccb36a3bdce4,2026-07,North Wales Police,North Wales Police,-2.996834,53.045054,On or near Brewery Place,W01000350,Wrexham 011B,Unable to prosecute suspect
435bc16d5b48390b8030b7188dfcef82eeedb7507692e22ef87a13029eac1cb2,2026-07,North Wales Police,North Wales Police,-3.241103,53.279437,On or near Petrol Station,W01000306,Flintshire 002A,Suspect charged
d762deb0c3d8624a667a6ed862b2f68a94643b2b9099aa3dc1ca280f58411a97,2026-07,North Wales Police,North Wales Police,-3.137300,53.162680,On or near Bromfield Park,W01000313,Flintshire 016A,Unable to prosecute suspect
3fd146c92beb96880ea3a4473929775816f8cca157331aaa80ac74d4c29903aa,2026-07,North Wales Police,North Wales Police,-3.007856,53.048207,On or near Bron-Y-Nant,W01000350,Wrexham 011B,Suspect charged
4644d7e388df30b8d2362b94fb35b228dc3155dcd3ba8b55764334f6f69d644b,2026-07,North Wales Police,North Wales Police,-2.986642,53.040968,On or near Stanley Street,W01001931,Wrexham 012G,Unable to prosecute suspect
ea3f0b8f8f1553d24de86ef984e5a912178a605b7a64e38e7a75f5d0ea73ba48,2026-07,North Wales Police,North Wales Police,-3.211465,53.274829,On or near Ffordd Pen-Y-Maes,W01000305,Flintshire 003F,Unable to prosecute suspect
b849ed3221864a98fb9c39db779537adcfb6ee2fe72ddf6816f5802bdce17155,2026-07,North Wales Police,North Wales Police,-3.338562,53.347704,On or near Park/Open Space,W01000287,Flintshire 001A,Unable to prosecute suspect
f79723ca5f9f51ffd13ec2f1019a8282769733c70638adcb79994f63b6f0d2d9,2026-07,North Wales Police,North Wales Police,-3.170242,53.155170,On or near Parking Area,W01000300,Flintshire 019B,Investigation complete; no suspect identified
da8928b77297a272dfcde92faf62ff2cdf56d68ce4c7076e003df4e82d4af2ce,2026-07,North Wales Police,North Wales Police,-3.837186,53.295874,On or near Sefton Terrace,W01000136,Conwy 006B,Unable to prosecute suspect
913ef7d7e3790d8df5dcd356bab798a4540a75e0efb2a0c88d88d7076a7c5209,2026-07,North Wales Police,North Wales Police,-3.042716,53.214147,On or near Bridge Street,W01000337,Flintshire 009F,Unable to prosecute suspect
473b62470c16ddccbd983687ebe8dda25d1564da0bf2e675b92f5f8415e7e12a,2026-07,North Wales Police,North Wales Police,-2.995668,53.041091,On or near Erddig Court,W01000365,Wrexham 011C,Unable to prosecute suspect
88c58d69692ee5fffd7a60f7a64906eba13f16183a7d2fb539b211680b134ef3,2026-07,North Wales Police,North Wales Police,-3.487918,53.322688,On or near Morlan Park,W01000240,Denbighshire 004E,Investigation complete; no suspect identified
cd779b3b8814251c1230cf1db5a910d3124b06ec5114051970d213498d7ddd36,2026-07,North Wales Police,North Wales Police,-3.448413,53.330150,On or near Sherwood Avenue,W01000226,Denbighshire 004A,Unable to prosecute suspect
919f50500e20f4dd202d02412d22166f977c843164670009a06bc751e986ee05,2026-07,North Wales Police,North Wales Police,-2.978938,53.050525,On or near Churton Drive,W01000425,Wrexham 010E,Investigation complete; no suspect identified
58faf3c61aa89070daae669a05603f11ace02acd1990ca8008a8c2b46e99d480,2026-07,North Wales Police,North Wales Police,-3.133179,53.251444,On or near Thomas Street,W01000288,Flintshire 004A,Investigation complete; no suspect identified
2006ac70a024cf304b9120d3dedce74812fa93fcdf7ff49333fe7620975f3d8f,2026-07,North Wales Police,North Wales Police,-3.481484,53.317716,On or near The Crescent,W01000238,Denbighshire 006C,Unable to prosecute suspect
2a625d7a7c64070a213dd5d3868c7d50b75d982602a42986d9827c378934acc4,2026-07,North Wales Police,North Wales Police,-3.498082,53.317535,On or near River Street,W01000239,Denbighshire 004D,Unable to prosecute suspect
8da81ac2c31f302230a1afbf7a26047273d618ecca056f8304b73f7656484cd9,2026-07,North Wales Police,North Wales Police,-3.581106,53.293738,On or near Meirion,W01001928,Conwy 010H,Investigation complete; no suspect identified
ee7631034feb14b18d0e324e7d2c2c950b68200e0b9eefb667e731deb3089adb,2026-07,North Wales Police,North Wales Police,-3.475242,53.322593,On or near Hadley Crescent,W01000231,Denbighshire 017A,Unable to prosecute suspect
cda9fc7078bbf6df69f9ad00155ba1d0fa57e85e9d77fe2cfd467abb65a59261,2026-07,North Wales Police,North Wales Police,-3.842237,53.319449,On or near Great Ormes Road,W01000147,Conwy 001C,Investigation complete; no suspect identified
1e954917253fb152dd136f81f8b3eca9509904364c4948391d8652593ebe2039,2026-07,North Wales Police,North Wales Police,-4.057607,53.177268,On or near Glan Ffrydlas,W01000096,Gwynedd 003C,Investigation complete; no suspect identified
78cfce72e1e31f826d92c9e2f460d994c4158509b012db093db6748b0e7aa557,2026-07,North Wales Police,North Wales Police,-4.618341,53.300321,On or near Shopping Area,W01000040,Isle of Anglesey 004D,Investigation complete; no suspect identified
9edf5a9e30347908e90c0eac259f61d7bafddbf8c636da19f1272280864ae981,2026-07,North Wales Police,North Wales Police,-3.500252,53.315629,On or near Lake Avenue,W01000241,Denbighshire 004F,Unable to prosecute suspect
c7867c55e4985cd2902498c6bbf566d87249de2c15e41aade1b72ddc9ded82d1,2026-07,North Wales Police,North Wales Police,-3.833470,53.327522,On or near Tan-Yr-Ogof Road,W01000146,Conwy 001B,Unable to prosecute suspect
c9f5f6117a422cd690bb9ae8fea3c4ff5a633d25db337f7a8f59c1e9ae230d9f,2026-07,North Wales Police,North Wales Police,-2.976514,53.059417,On or near Tapley Avenue,W01000341,Wrexham 023C,Unable to prosecute suspect
e73a049a7e7dcfcbadc53b6690008ddf666ba683ba5e0380b8cfe4eccc5f75f4,2026-07,North Wales Police,North Wales Police,-2.976514,53.059417,On or near Tapley Avenue,W01000341,Wrexham 023C,Unable to prosecute suspect
5db0042acce2baf9caf6a48234f4b1f693ee0106a02fab033e270bb3bc64d109,2026-07,North Wales Police,North Wales Police,-2.976514,53.059417,On or near Tapley Avenue,W01000341,Wrexham 023C,Unable to prosecute suspect
b8bf805bbd0540bcebdafaf08057fc10856c53d6412abb845bcc8427cbae4ef0,2026-07,North Wales Police,North Wales Police,-3.407868,53.336047,On or near Bridge Road,W01000218,Denbighshire 001A,Investigation complete; no suspect identified
807d327e5068c02d0eba43308156e8465471085f26f0b532cbc37e4fad9004e2,2026-07,North Wales Police,North Wales Police,-3.815735,53.321482,On or near Irving Road,W01000186,Conwy 001E,Suspect charged
7189d6b9d68bb95f8ec57ec3eee017c52d8a3377f8f4001666c83fb33332e274,2026-07,North Wales Police,North Wales Police,-4.087023,52.923747,On or near Min-Y-Traeth,W01000101,Gwynedd 013D,Investigation complete; no suspect identified
23efbcbf48c4304b4e0f1844d5e9716004c0e6ea893ec00a4c54f7ea71f8c874,2026-07,North Wales Police,North Wales Police,-2.991714,53.046886,On or near Chester Street,W01000372,Wrexham 008C,Unable to prosecute suspect
f6bdb0b65b1278137608046c29be7db40b70acd9182990c477ab2a3a70bb3838,2026-07,North Wales Police,North Wales Police,-3.489058,53.316623,On or near Clwyd Avenue,W01000236,Denbighshire 006A,Suspect charged
678c6c242a75c5055f225fd512e0c39f3767ea3571aa0099ccf7074008540fb9,2026-07,North Wales Police,North Wales Police,-4.642925,53.315987,On or near Bryn Marchog,W01000037,Isle of Anglesey 003G,Action to be taken by another organisation
7e0c6209d9a2b06a51262fcd94e4b393a02acc27199cada03bbb4e3d30337843,2026-07,North Wales Police,North Wales Police,-3.932351,52.959163,On or near Sun Street,W01000113,Gwynedd 009C,Unable to prosecute suspect
09ee0e4f10d495d038e8efaedf5beec0697ecd41d435a47ba847c5739b2b0e1c,2026-07,North Wales Police,North Wales Police,-2.979014,53.043980,On or near Sports/Recreation Area,W01000413,Wrexham 010C,Unable to prosecute suspect
baf68c751036a231e450722ff36524a353a4bbfad8c0f63544e4c22ca9a4cbc4,2026-07,North Wales Police,North Wales Police,-3.012452,53.038729,On or near Woodberry Close,W01000349,Wrexham 011A,Unable to prosecute suspect
b61bea1abc45621bfc0939771bebf2ce2cddae0e2bad8fc5c0ab2ae8f05dbda1,2026-07,North Wales Police,North Wales Police,-3.831604,53.322858,On or near Marble Arch,W01000169,Conwy 001D,Unable to prosecute suspect
16104f55b095d8a0936b77c66406d59b629d0e0ff3a8939fe7bdb9e735501595,2026-07,North Wales Police,North Wales Police,-4.121601,53.228587,On or near Mount Street,W01000062,Gwynedd 001A,Unable to prosecute suspect
865dd2fe88bac4f990a92f21249fd074d54cfdd1d787028583af1ae239e6b8e5,2026-07,North Wales Police,North Wales Police,-3.804277,53.287980,On or near Cysgod Y Castell,W01000166,Conwy 006D,Investigation complete; no suspect identified
8a920c62fa95373470873325729b14a267ad11f6ece7899cc47db06223b5a289,2026-07,North Wales Police,North Wales Police,-2.993548,53.046161,On or near Stryt Y Syfwr,W01000372,Wrexham 008C,Local resolution
2820feea21537e9bdeb925961a539033366bb2ff91685f2d7ffcee781aee8de7,2026-07,North Wales Police,North Wales Police,-3.802168,53.287436,On or near Parc Castell,W01000166,Conwy 006D,Investigation complete; no suspect identified
9674230521f73af1f1d73b3c42050719c1501818dc7db2324f97ee37f316d576,2026-07,North Wales Police,North Wales Police,-3.220440,53.284545,On or near Rhodfa Wenlo,W01000297,Flintshire 003D,Unable to prosecute suspect
4866c9bc1bb1dcc0d6885a7537c71bfe990e6fc72fb6dd754bfe11b8b9a814ac,2026-07,North Wales Police,North Wales Police,-3.807078,53.288603,On or near Marl Avenue,W01000166,Conwy 006D,Investigation complete; no suspect identified
e441e6ef53f8b62399696db4ca5c089bc3355812a7b5a2c4cd1bfe219d3bd198,2026-07,North Wales Police,North Wales Police,-4.207235,53.187094,On or near Parking Area,W01000119,Gwynedd 004D,Suspect charged
d092461d08ea0ae6993e31a6e37033543ea0c1ad0ef89ff3d8f3ae34bc6aef2d,2026-07,North Wales Police,North Wales Police,-3.807078,53.288603,On or near Marl Avenue,W01000166,Conwy 006D,Investigation complete; no suspect identified
04d57770b7a4b5affadc4e050729cac042d51c9ad6ff6f281596a43395cd6b18,2026-07,North Wales Police,North Wales Police,-3.072217,53.182953,On or near Petrol Station,W01000286,Flintshire 013E,Investigation complete; no suspect identified
7b926221179c0a1fb4319ef9db8595bed181531a1f3441122e45f1f70ae16b85,2026-07,North Wales Police,North Wales Police,-3.802168,53.287436,On or near Parc Castell,W01000166,Conwy 006D,Investigation complete; no suspect identified
7ca7fd710128acfc79aff96e38c7a897c4df282634157306ac57812b6879696f,2026-07,North Wales Police,North Wales Police,-3.802168,53.287436,On or near Parc Castell,W01000166,Conwy 006D,Investigation complete; no suspect identified
24e05f53415ed0f70875c2de294761263beea052e7e2610807c46012bb879c63,2026-07,North Wales Police,North Wales Police,-3.802168,53.287436,On or near Parc Castell,W01000166,Conwy 006D,Investigation complete; no suspect identified
a33835b71b0d6480590fc6df40d20c2cf5d2955bf8d07d12cc292718659074a4,2026-07,North Wales Police,North Wales Police,-3.802168,53.287436,On or near Parc Castell,W01000166,Conwy 006D,Investigation complete; no suspect identified
efbcaa18765e752c25b36b5e56ca4a8c8ae5550f887666d8cc258bac94777349,2026-07,North Wales Police,North Wales Police,-3.492482,53.320536,On or near Nightclub,W01000240,Denbighshire 004E,Investigation complete; no suspect identified
557a527ce5b532fa63843ba91d5b69f98dc17770b8d4eded718b192b41872871,2026-07,North Wales Police,North Wales Police,-3.694399,53.279263,On or near Pentre Canol,W01000138,Conwy 008A,Suspect charged
15ffd48f2db1851174141bb6c5a874e306babce329b13415bb461cc116421cba,2026-07,North Wales Police,North Wales Police,-2.970519,53.052293,On or near Rose Grove,W01001969,Wrexham 010F,Unable to prosecute suspect
0b9ecdba503705ffb2860742a416c27ab4f7340604b624d7f16a10fc66325414,2026-07,North Wales Police,North Wales Police,-3.070151,52.967457,On or near Ffordd Kayton,W01000356,Wrexham 017C,Investigation complete; no suspect identified
05764a3ccc0a62dd780cf64c2505391801d4514e965a77ceaf3bbfb967e121ee,2026-07,North Wales Police,North Wales Police,-3.431631,53.184020,On or near Ffordd Ysgubor,W01000199,Denbighshire 011C,Unable to prosecute suspect
cb72f70ce351ccc2c58257448d2fb1037774cd73aecc6f396d1f2339ff894116,2026-07,North Wales Police,North Wales Police,-3.017388,53.048215,On or near Llys Y Groes,W01000349,Wrexham 011A,Unable to prosecute suspect
d7750260531902f43159a9dbdd4c703537493d5d30861f81e92ee36542b87a56,2026-07,North Wales Police,North Wales Police,-3.471587,53.327628,On or near Knowles Avenue,W01000226,Denbighshire 004A,Local resolution
bd86b173c3b90527632fc87c96f457eb2687906eae86ec3607f939048ba5d6dd,2026-07,North Wales Police,North Wales Police,-3.011124,53.214365,On or near Bridge View,W01000333,Flintshire 009B,Unable to prosecute suspect
151db5d85d29004f2e8b72ef53b3d7189c345c6645ad8e12e30affe3039844b5,2026-07,North Wales Police,North Wales Police,-4.635870,53.302638,On or near Treseifion Road,W01000030,Isle of Anglesey 003D,Unable to prosecute suspect
64699b01d23a03d9c4b020c63ddc05b02d37acceab0fda3542e329c35c9c1c58,2026-07,North Wales Police,North Wales Police,-3.490721,53.320423,On or near Market Street,W01000240,Denbighshire 004E,Suspect charged
4d697597560efbd550e5cc32c7d250e94544a5bbd6abe7277e332c4b7e687137,2026-07,North Wales Police,North Wales Police,-3.122471,53.242553,On or near Sports/Recreation Area,W01000292,Flintshire 004C,Unable to prosecute suspect
c5ad1e368028057c4053550ddad7409301bec3778f658db2a3adf67dedeef1c1,2026-07,North Wales Police,North Wales Police,-2.982494,53.038288,On or near Kingsmills Road,W01000424,Wrexham 012E,Investigation complete; no suspect identified
b3e44cc21100b7487f0431d03d35f9202fe7eba564836ed2bc8b09d07be646dd,2026-07,North Wales Police,North Wales Police,-2.976620,53.041006,On or near Parking Area,W01000423,Wrexham 012D,Unable to prosecute suspect
b610c0c21ae3398b88421498d48942b7594f47707c2f99066a76272484921a9b,2026-07,North Wales Police,North Wales Police,-4.263026,53.138278,On or near Cae'r Saint,W01000098,Gwynedd 006C,Unable to prosecute suspect
fd2e7664a0bdf006efd5af59720ab912acc31799cc2c41b7a0284bdecee6f360,2026-07,North Wales Police,North Wales Police,-4.336873,53.086528,On or near Parking Area,W01000073,Gwynedd 008A,Unable to prosecute suspect
77656e6f0d4eb3780a66c3a9801af76f88970c7a47a3fceba5fe4513be330f52,2026-07,North Wales Police,North Wales Police,-3.090459,52.969718,On or near B5434,W01000389,Wrexham 017D,Investigation complete; no suspect identified
560a9ff8cca9db1058fef582faa42fff930017f7c9e8372cf0d5a68606a0cd4a,2026-07,North Wales Police,North Wales Police,-3.471119,53.313583,On or near Bryn Coed Park,W01000233,Denbighshire 017C,Unable to prosecute suspect
e8f06b2ef0d34882d841ee47f28f921d33bcf5bdf37bee312020b3ba356af789,2026-07,North Wales Police,North Wales Police,-3.047821,53.215900,On or near Spring Street,W01000283,Flintshire 008E,Unable to prosecute suspect
b845b053438ec3ced005f1ae59042a99f6d0d77e4eb821f78f30cb23c7fe1d01,2026-07,North Wales Police,North Wales Police,-4.125552,53.229712,On or near Supermarket,W01000062,Gwynedd 001A,Unable to prosecute suspect
8e02107ba37f5fc3c481fdf944676b346a1169f07ac1851d75df766adf58b4c6,2026-07,North Wales Police,North Wales Police,-3.806181,53.287960,On or near Marl Drive,W01000166,Conwy 006D,Investigation complete; no suspect identified
5c24a42c88f735c3684cbb541f9c4308bdfb69711097f0a415bd4872292cecfd,2026-07,North Wales Police,North Wales Police,-3.490721,53.320423,On or near Market Street,W01000240,Denbighshire 004E,Unable to prosecute suspect
e30acb31f70b6561140830360354cd48ae677213638454cfe2f4ab0b9a9b30a8,2026-07,North Wales Police,North Wales Police,-3.490721,53.320423,On or near Market Street,W01000240,Denbighshire 004E,Unable to prosecute suspect
e78e6016355ef6e6c9694dc2eb0bb60e03a3431ef0e7e17a6a7d59289abeac44,2026-07,North Wales Police,North Wales Police,-3.466180,53.202253,On or near Mill Lane,W01000199,Denbighshire 011C,Investigation complete; no suspect identified
72f74139dfe77a3fe0639216c602dfabed3904dfef037bf51ab5814aad5cc81c,2026-07,North Wales Police,North Wales Police,-3.061553,53.003017,On or near Bridge Street,W01000406,Wrexham 013C,Investigation complete; no suspect identified
79874c43bac1c994301015eeca46808761742ab12be55f41c8984694e9685ecd,2026-07,North Wales Police,North Wales Police,-3.032749,53.208786,On or near Petrol Station,W01000336,Flintshire 009E,Suspect charged
d949206eea6d515e44271ed3092b0fa0f12db5240cc7d6cdc87328866c4b928c,2026-07,North Wales Police,North Wales Police,-4.057384,52.725788,On or near A496,W01002004,Gwynedd 016F,Further investigation is not in the public interest
f54a1b2b7c90537b1e920c7a4214363eaa681af1050ca78694d3b8cc3ac167d0,2026-07,North Wales Police,North Wales Police,-3.049861,53.214830,On or near Parking Area,W01000283,Flintshire 008E,Formal action is not in the public interest
c0cd979b108ac5bd665eb6345260645d4d98b7cde48e11d8d8abb912fca6f214,2026-07,North Wales Police,North Wales Police,-4.713058,52.804402,On or near Parking Area,W01001932,Gwynedd 014E,Suspect charged
26911d3ab9a284aa83aa471edd282dd6fad8542e21454b7cb60d9470d10cc465,2026-07,North Wales Police,North Wales Police,-4.563486,53.281496,On or near Valley,W01002007,Isle of Anglesey 004G,Investigation complete; no suspect identified
3cebbbc02c751b813a846c7a890b5a517f47bb29a635853c4d18f5503ad4b80a,2026-07,North Wales Police,North Wales Police,-4.232210,53.301233,On or near Ffordd Yr Ysgol,W01000019,Isle of Anglesey 005C,Unable to prosecute suspect
b985c2fc4e1a8260aef658d9cc56986f0c7e8bf529f34a59e2025df25025af56,2026-07,North Wales Police,North Wales Police,-4.298558,53.258705,On or near Bro Tudur,W01000041,Isle of Anglesey 006D,Unable to prosecute suspect
e53808133197776784b31d711dd25b80c099a09d0a86da741e5371547dff3bbb,2026-07,North Wales Police,North Wales Police,-3.065405,52.976697,On or near Nant Glyn,W01000355,Wrexham 017B,Unable to prosecute suspect
3d402796a462a0c1918f6a2e46a1861906c01d75c2cde2d5d22923e9eb6006f9,2026-07,North Wales Police,North Wales Police,-3.726241,53.295222,On or near Parking Area,W01000144,Conwy 007C,Suspect charged
21f23cac188b4043cf42904e00f33858736e22357134d7ad75cf96b4edb0d7c2,2026-07,North Wales Police,North Wales Police,-3.222188,53.274297,On or near Parking Area,W01000304,Flintshire 003E,Investigation complete; no suspect identified
a54c3090a61e698aa11a110325651184bb7f39d1a58b1304a090646ae448deaf,2026-07,North Wales Police,North Wales Police,-4.310682,53.255800,On or near Bulkeley Square,W01000014,Isle of Anglesey 006C,Unable to prosecute suspect
9902ee07bccef5d5301faf7a7f0303d1a47837a513faca2aa598b8cf4171a998,2026-07,North Wales Police,North Wales Police,-3.965233,53.262654,On or near Pendalar,W01000170,Conwy 013C,Unable to prosecute suspect
236734370b7bd9ec049c70c90f45642b8eff0f3d7ed232e0abc0c880d10a4b54,2026-07,North Wales Police,North Wales Police,-3.553136,53.299876,On or near Towyn Road,W01000184,Conwy 005E,Unable to prosecute suspect
3b414af3f6ab39428b858e439d4f1f44f7cb5c311f8be0fd27756521bd4c5556,2026-07,North Wales Police,North Wales Police,-3.017661,53.072440,On or near Hope Street,W01000374,Wrexham 003A,Unable to prosecute suspect
9f6ec88714884f5754bad1682ea48e53651bcb076a1c139bc3c38ea8ae19faa9,2026-07,North Wales Police,North Wales Police,-3.173822,53.267124,On or near Nant-Y-Glyn,W01000254,Flintshire 003B,Action to be taken by another organisation
f326a0fc597901236ada712ee8005ab12726502ce9524756e6dd5d8976e2e561,2026-07,North Wales Police,North Wales Police,-3.197026,53.239521,On or near Bryn-Y-Gwynt,W01000258,Flintshire 006A,Action to be taken by another organisation
24b56d20cb37663d1b0460cc7452c8dbbd5f246a02791bab2708c70be1686e46,2026-07,North Wales Police,North Wales Police,-3.714094,53.286767,On or near Ffordd Pandy,W01000145,Conwy 008B,Investigation complete; no suspect identified
254c01a7348d303f807b92424ee6b39ed0f86c6f027f5b05bc8a245aa3750dfd,2026-07,North Wales Police,North Wales Police,-3.087545,53.163613,On or near Nant Mawr Road,W01000263,Flintshire 017D,Investigation complete; no suspect identified
6a1cef7a8ea468379f60291b75aba9bfcad804ce682969ad94e8b9f8a703b90a,2026-07,North Wales Police,North Wales Police,-3.020245,53.191104,On or near Banks Road,W01000311,Flintshire 011A,Formal action is not in the public interest
3ee3c69f7cc74197c2a2bf1e8c056f406147312deeca7ef189584716b1d9f9d1,2026-07,North Wales Police,North Wales Police,-3.405490,53.335904,On or near Petrol Station,W01000214,Denbighshire 002B,Investigation complete; no suspect identified
4211002b892aa670fde77f5fdc97e89e07ca560dfe5c0e202d7fe817403159c8,2026-07,North Wales Police,North Wales Police,-3.473999,53.290013,On or near Marsh Road,W01000225,Denbighshire 009D,Unable to prosecute suspect
be4d36e75e15e776fc466e3b6f0cc7bedd74e9fc43c643384f009ea4463f355c,2026-07,North Wales Police,North Wales Police,-3.470376,53.322959,On or near Tynewydd Court,W01000231,Denbighshire 017A,Unable to prosecute suspect
49339f4c97a44bbc19374c3d44553c71a4d0ffd4c548afcf58add15acbc83607,2026-07,North Wales Police,North Wales Police,-3.482778,53.323408,On or near Churton Road,W01000228,Denbighshire 004C,Unable to prosecute suspect
e03bd24beab01c137385ace4ac9d0438f4b2f162887bce84c5a5289c158bda6a,2026-07,North Wales Police,North Wales Police,-3.721247,53.292678,On or near Belgrave Road,W01000144,Conwy 007C,Unable to prosecute suspect
ed3a55fa2c0972aa15f1a2778ec57ace37206eb67e7bce16a88addbbe88676b6,2026-07,North Wales Police,North Wales Police,-4.635870,53.302638,On or near Treseifion Road,W01000030,Isle of Anglesey 003D,Unable to prosecute suspect
e584728b2a8a880583916c9ca650a1d151291bf0c530d5d68fac4e4ee704b1ff,2026-07,North Wales Police,North Wales Police,-2.948958,53.124352,On or near Parking Area,W01000418,Wrexham 022A,Investigation complete; no suspect identified
15e528b30fc5921c67a94a4c0df8ed562873b29fe8e740cec472fa0c659a80c9,2026-07,North Wales Police,North Wales Police,-3.482778,53.323408,On or near Churton Road,W01000228,Denbighshire 004C,Unable to prosecute suspect
deb6998ec89c1d8ff99d901e2bda971c53f940a4c3bea67f2c76e80700609534,2026-07,North Wales Police,North Wales Police,-3.976084,53.247910,On or near Llannerch Road,W01000123,Conwy 013A,Unable to prosecute suspect
c464f17131acdce53797e37c3e80349cc939837cb1f1e4c1b3db7c7baee35e40,2026-07,North Wales Police,North Wales Police,-3.513441,53.304010,On or near Owain Glyndwr,W01000151,Conwy 005C,Unable to prosecute suspect
353034cdbd62b6a1d34d1c4e800173ff539dc3bba7733c231995291049b1d5d9,2026-07,North Wales Police,North Wales Police,-3.493653,53.320971,On or near Sussex Lane,W01000240,Denbighshire 004E,Suspect charged
b76e451f22862dbe8c8bb34948a86f3730fd8364858a443fc88c0d14da20de66,2026-07,North Wales Police,North Wales Police,-3.836161,53.314310,On or near Llys Bryniau,W01000168,Conwy 002B,Unable to prosecute suspect
0f02e211c6b536f42338fd9ee6488903301391e62d5f19b0dc05d5e4383f3b82,2026-07,North Wales Police,North Wales Police,-3.822828,53.312825,On or near Bodnant Road,W01000188,Conwy 002D,Investigation complete; no suspect identified
665c01adbdc28db9fd77e41ffac25916e08d7fe16d9f703455733e2fdab37d28,2026-07,North Wales Police,North Wales Police,-3.490923,53.320609,On or near Glanglasfor,W01000240,Denbighshire 004E,Unable to prosecute suspect
437d20bc5616b4a57a11909b7b0b9bc8d9047c8eacd2c12de0e45e3bfe75d527,2026-07,North Wales Police,North Wales Police,-3.731018,53.296851,On or near Mostyn Road,W01000182,Conwy 007D,Unable to prosecute suspect
8d4ab0f0493c0c838a76298bea02d48d9f222faf3140ce532f1387fa2a407932,2026-07,North Wales Police,North Wales Police,-3.318079,53.119743,On or near Stryd Y Golomen,W01000243,Denbighshire 014B,Action to be taken by another organisation
ef9aefaa0e50ca7559c75f0bbbafe2a1432c7ddbd1c2f5dd4767f1d95f0ebd97,2026-07,North Wales Police,North Wales Police,-3.750348,53.311214,On or near Church Road,W01000158,Conwy 004D,Unable to prosecute suspect
6533862b5008dbd7d2d62011db7ae51afcb5eee95586f9cdcf228acb2985e6b7,2026-07,North Wales Police,North Wales Police,-4.268535,53.136438,On or near Hendre Street,W01000111,Gwynedd 007C,Investigation complete; no suspect identified
160787aa56fbc715b52b0a165ff3b8495388b2f319f51f0b6307bfe19de01a75,2026-07,North Wales Police,North Wales Police,-3.723838,53.293306,On or near A547,W01000143,Conwy 007B,Suspect charged
bb48d86a23165484d5874c998d370abc61f15ba14a0f3c6c57d6f8f957f15a19,2026-07,North Wales Police,North Wales Police,-4.189184,53.203557,On or near Parking Area,W01000103,Gwynedd 005D,Unable to prosecute suspect
060f8605d4361a87b50a2396eb02470e296fcae78923029f76f975a924c76183,2026-07,North Wales Police,North Wales Police,-3.032749,53.208786,On or near Petrol Station,W01000336,Flintshire 009E,Suspect charged
9ac4f2aa4b5c4b238d0c575b8b9f3eed789a1f1a5c794d1dbd756644cdbef203,2026-07,North Wales Police,North Wales Police,-2.993548,53.046161,On or near Stryt Y Syfwr,W01000372,Wrexham 008C,Local resolution
77d46a871453d9b4f2fd290f9aad385ed16e9d3753e860ab44225f2631d51143,2026-07,North Wales Police,North Wales Police,-3.194178,53.196400,On or near Llys Alun,W01000272,Flintshire 006D,Suspect charged
fee92eca624a105dcb5770bc3ac2b992316fea17239b3901080f7c4f16c0f668,2026-07,North Wales Police,North Wales Police,-4.128820,53.144863,On or near Maes Gwylfa,W01000063,Gwynedd 005A,Unable to prosecute suspect
282ddd85a0a475f6f0b9bfd8bff23451cd6e13e71c5a6015d29a9c27a6a547fd,2026-07,North Wales Police,North Wales Police,-4.267382,53.132130,On or near Sports/Recreation Area,W01000110,Gwynedd 006D,Unable to prosecute suspect
a6be7e42ad93ccc526917ad7f7169616d73651d38bf640369949e799d098223c,2026-07,North Wales Police,North Wales Police,-3.743271,53.314734,On or near Foreshore Park,W01000156,Conwy 004B,Local resolution
d87d014f882411fb9d16b954ffbfbd20e61dae0201636fc908fd05972030796a,2026-07,North Wales Police,North Wales Police,-3.712948,53.285515,On or near Ffordd-Y-Fedwen,W01000138,Conwy 008A,Unable to prosecute suspect
1e3389dfcb764ef8a5808cb8b8c288d6f492cd7d84247a2c888d24844f961119,2026-07,North Wales Police,North Wales Police,-3.484097,53.316856,On or near Williams Street,W01000236,Denbighshire 006A,Further investigation is not in the public interest
89ed3af216c456717e5b533812d490c0d5ab0a217554ef2a1bc873f6f945d3ce,2026-07,North Wales Police,North Wales Police,-4.312339,53.252333,On or near Tan Y Fron,W01000012,Isle of Anglesey 006B,Local resolution
94f7aebda36f26acf013e24d36cda22f35e413bf9aab35dfc4860b9309d8e637,2026-07,North Wales Police,North Wales Police,-3.085153,52.962422,On or near Woodlands Grove,W01000389,Wrexham 017D,Unable to prosecute suspect
e3d6daa2bab7595c70dae280067e8d8d6b7fccea089d777b63f55095b9a4d5d0,2026-07,North Wales Police,North Wales Police,-2.969644,53.050908,On or near Sports/Recreation Area,W01001969,Wrexham 010F,Unable to prosecute suspect
87e7f639fe9989ea99dd4e0b95f14144c0da0c71722172c6628a8c06403b7ede,2026-07,North Wales Police,North Wales Police,-4.121137,53.145225,On or near Rhyd Fadog,W01000063,Gwynedd 005A,Unable to prosecute suspect
1d9cbd32c2171417b9b1ff45c0be86a6db06958f4094bab76c1e0e38bd1aa8e6,2026-07,North Wales Police,North Wales Police,-4.089373,53.292836,On or near Tawel-Fan,W01000026,Isle of Anglesey 005D,Unable to prosecute suspect
cca080f48374ca36d763bfa169c611cb77f0adf802175e331417ec952d909d0a,2026-07,North Wales Police,North Wales Police,-3.537738,53.301083,On or near Min-Y-Morfa,W01000184,Conwy 005E,Unable to prosecute suspect
cff01cedb9526d8db2a92536cb38d970b3e3e1b4533c0a9546608ce64f8c3f97,2026-07,North Wales Police,North Wales Police,-3.723157,53.294646,On or near Parking Area,W01000144,Conwy 007C,Unable to prosecute suspect
74a5b9c64c32618d9bccc02450d478ccd828b88b94594dca8c140957c4503166,2026-07,North Wales Police,North Wales Police,-4.126947,53.121800,On or near Market Street,W01000081,Gwynedd 005B,Unable to prosecute suspect
4b818738fa9810078dda222ae6beb260a00e04f5427abbd96e4c2ec5733d562a,2026-07,North Wales Police,North Wales Police,-3.037412,52.988756,On or near Parking Area,W01000420,Wrexham 016E,Unable to prosecute suspect
164ea0f8b606d1021110189eb5df449b107dcd5e3b38dd379e6983a5e00e9429,2026-07,North Wales Police,North Wales Police,-4.283733,53.052288,On or near Cae Catrin,W01000104,Gwynedd 008C,Unable to prosecute suspect
8a72d35631b3ff125f7891351715a4988e6dc435a8109b5bdb00849b5eed090b,2026-07,North Wales Police,North Wales Police,-3.645580,53.290276,On or near Erw Wen,W01000153,Conwy 009D,Unable to prosecute suspect
f4c606d53ca8c65f1cadc1e6317b2714803ef5467743e20b820f4d685eb61220,2026-07,North Wales Police,North Wales Police,-3.645580,53.290276,On or near Erw Wen,W01000153,Conwy 009D,Unable to prosecute suspect
39917a5021ed696b232c1b8d84f08ca2825f74c8cbf0294c01ea29703b129ce4,2026-07,North Wales Police,North Wales Police,-3.809026,53.285355,On or near Broad Street,W01000166,Conwy 006D,Unable to prosecute suspect
4c5254f22eb3d41f6004c7d20052df01a3d71f74447830a5b7c2998e91b2c3b5,2026-07,North Wales Police,North Wales Police,-3.858857,53.327381,On or near Marine Drive,W01000147,Conwy 001C,Unable to prosecute suspect
b335ad919b76568648705bf3c6473a64bd0c010fed150b74e28eeaee712f15e7,2026-07,North Wales Police,North Wales Police,-2.986655,53.042218,On or near Rivulet Road,W01001931,Wrexham 012G,Unable to prosecute suspect
e01d2fa4f55449eeec54bfa77ebbfcae74901405d45129da57f8d2f3d4ac2f98,2026-07,North Wales Police,North Wales Police,-2.986655,53.042218,On or near Rivulet Road,W01001931,Wrexham 012G,Unable to prosecute suspect
5b7fdbeecd65b548057a93ce00b62b1c33bb20cdcce8ae3ca3c24f8dfde5018a,2026-07,North Wales Police,North Wales Police,-3.721930,53.291014,On or near The Close,W01000145,Conwy 008B,Investigation complete; no suspect identified
bb8af238aaae9f2cbf726c9260a59601d42084c5e84c2fb31564e08e4d60a010,2026-07,North Wales Police,North Wales Police,-3.073333,52.972085,On or near Hill Street,W01000355,Wrexham 017B,Local resolution
a6b92e166b5105549ff6f4f6a27a5e9973ae70ec45b325abd37924c2bf9332de,2026-07,North Wales Police,North Wales Police,-3.826902,53.323505,On or near Clonmel Street,W01000169,Conwy 001D,Suspect charged
a6b92e166b5105549ff6f4f6a27a5e9973ae70ec45b325abd37924c2bf9332de,2026-07,North Wales Police,North Wales Police,-3.826902,53.323505,On or near Clonmel Street,W01000169,Conwy 001D,Suspect charged
0581f2f8eb1c8c3e0b5558e53e9b55ab5b148f2a3a48508666f7f36dee95793a,2026-07,North Wales Police,North Wales Police,-3.074382,53.055390,On or near Supermarket,W01000363,Wrexham 006D,Investigation complete; no suspect identified
9e5fce2716f00c65a85b218e39c6970c16abfb6a5bbc7ea9465372519e3d7beb,2026-07,North Wales Police,North Wales Police,-4.133177,53.222988,On or near Further/Higher Educational Building,W01000062,Gwynedd 001A,Further action is not in the public interest
770db5268919c016a20edf960c5745f8f2d619d4cd4742fc3157b8dc6eff4794,2026-07,North Wales Police,North Wales Police,-4.599865,53.293557,On or near Parking Area,W01000040,Isle of Anglesey 004D,Investigation complete; no suspect identified
5f7a75ffada2893628149b73a49f68b633cf2519b79bbd998ce6f436e75ad17a,2026-07,North Wales Police,North Wales Police,-4.259403,53.132782,On or near Glan Seiont,W01000110,Gwynedd 006D,Unable to prosecute suspect
5f938c18d93cc0d80b587ca9163bea3da21226c7cd4e1d459c825e829a736c9f,2026-07,North Wales Police,North Wales Police,-4.616305,53.302253,On or near Shopping Area,W01000029,Isle of Anglesey 003C,Unable to prosecute suspect
1ee6e8252d4c51a1116a22fe192c484e35cc2d8de7348b0ce3b11d63a2d47fc2,2026-07,North Wales Police,North Wales Police,-4.256463,53.052413,On or near Ystad Coed Madog,W01000112,Gwynedd 008D,Unable to prosecute suspect
9fb3ac2345c055b2f30855b2adfede09c756290dd372d2817ce58f75554b3427,2026-07,North Wales Police,North Wales Police,-3.082687,53.164906,On or near Princess Avenue,W01000262,Flintshire 017C,Local resolution
10c0f3003f48f1ae81cd0c5f664d7a59f5721053fe87866d0ed72ccf814c8ca0,2026-07,North Wales Police,North Wales Police,-4.124023,53.231205,On or near Ffordd Ceiriog,W01000076,Gwynedd 001B,Unable to prosecute suspect
210f4f5370a13d227bd33059ccd9138846914f1fcad9e7c5790f84e7ca55f705,2026-07,North Wales Police,North Wales Police,-4.625350,53.309749,On or near Bryn Y Mor,W01000033,Isle of Anglesey 003E,Unable to prosecute suspect
d4aa1e7338a3aa958e4895e0a0d0d0980d197ad35bb5aba306f72822cfd683e7,2026-07,North Wales Police,North Wales Police,-4.561558,53.283111,On or near Tai'r Felin,W01002007,Isle of Anglesey 004G,Local resolution
2237d11126c4945297d82eb6970264808e13987949c0a627d3e1e0863b6c9d56,2026-07,North Wales Police,North Wales Police,-2.938262,53.178402,On or near St David's Terrace,W01000329,Flintshire 015D,Local resolution
2719367edf69099d878de7bd3fd99e384c93e089d50b0a422c628c24555d3511,2026-07,North Wales Police,North Wales Police,-4.208059,53.113408,On or near Bro Waun,W01000118,Gwynedd 007D,Unable to prosecute suspect
6e83b4fb40515367400825e15de9453ead73eff5d4186f87cf4090138208c5de,2026-07,North Wales Police,North Wales Police,-4.266357,53.139069,On or near Pendalar,W01000098,Gwynedd 006C,Unable to prosecute suspect
227735cb87fb710c9ef1381ae1e7d1a35d02fcc23447871c84a6b4a1e34c9c91,2026-07,North Wales Police,North Wales Police,-3.182870,52.933702,On or near Y Gamer,W01001930,Wrexham 019F,Investigation complete; no suspect identified
771cc629fee3a3f1a9600faf6f9ac180c06702722c7225829f638138274d6aa8,2026-07,North Wales Police,North Wales Police,-4.266357,53.139069,On or near Pendalar,W01000098,Gwynedd 006C,Investigation complete; no suspect identified
77758d9106a719e9eb6f801f8b3fd714b786659aa96dc08a2c0dfcefbea4a3e2,2026-07,North Wales Police,North Wales Police,-4.280381,53.298883,On or near B5110,W01002005,Isle of Anglesey 002E,Further action is not in the public interest
8b185a8f7f7cde2513482fbb78e5535b345ced8ff028a8f2670184ba592a635e,2026-07,North Wales Police,North Wales Police,-4.283401,53.056440,On or near Cae Capel Bach,W01000104,Gwynedd 008C,Suspect charged
0deb03816352807416df916d4dc75b7bb7567d0aa33f3f8ec50e23752b83c89e,2026-07,North Wales Police,North Wales Police,-3.056358,53.011819,On or near New Street,W01000411,Wrexham 015C,Investigation complete; no suspect identified
d78f39a27f484d56072e7bf0602ed6a457e2f6e9cbe5d15c68c268a7d7c1a418,2026-07,North Wales Police,North Wales Police,-3.810620,53.284018,On or near Cyffordd Llandudno,W01000166,Conwy 006D,Investigation complete; no suspect identified
4ba63bb8327e91bbf66b9cfabacbc36bd72e52312e7f72fbdf51f47592956c99,2026-07,North Wales Police,North Wales Police,-4.120968,53.230639,On or near Rhodfar Brodyr,W01000077,Gwynedd 001C,Suspect charged
8e379e8cf0e31a0d33def28485b81f5d42154509e64566b646abf7976e12e77b,2026-07,North Wales Police,North Wales Police,-2.973233,53.081324,On or near Old Wrexham Road,W01000370,Wrexham 021D,Unable to prosecute suspect
654f5430b97700fa7d0adae7be7bd3b8482645d6eded1f932020f5932f1d3185,2026-07,North Wales Police,North Wales Police,-2.990711,53.164961,On or near Fairfield Road,W01000255,Flintshire 015A,Suspect charged
61c34a0b15dc0a941c0d30dab3351a785c87bf5a7a0ed1bf996b67af8ef6410c,2026-07,North Wales Police,North Wales Police,-3.810620,53.284018,On or near Cyffordd Llandudno,W01000166,Conwy 006D,Investigation complete; no suspect identified
a7ddafe757d56f252a5a61f2bc2ede4a1be60d44427c3e8ed3326a35caddc259,2026-07,North Wales Police,North Wales Police,-3.821794,53.316742,On or near Ffordd Las,W01000187,Conwy 002C,Unable to prosecute suspect
452d2aa070bcd02d7ff464f5b1e14d56e23f06f500cf7e76577058924804c47f,2026-07,North Wales Police,North Wales Police,-3.122404,53.244643,On or near Petrol Station,W01000293,Flintshire 004D,Investigation complete; no suspect identified
35e5428bc7384d386f438cc7cf2114b8649a74b67425fb6ba72f8d72d26a4c02,2026-07,North Wales Police,North Wales Police,-3.008250,53.043367,On or near Ruthin Road,W01000349,Wrexham 011A,Investigation complete; no suspect identified
c332b14e26d8245a95d6c7b9f1b91dc0f45762c82003896d2f20615ff847c238,2026-07,North Wales Police,North Wales Police,-4.272820,53.140564,On or near Penrallt Isaf,W01000059,Gwynedd 006A,Local resolution
933a4a7b9d9a97087046fe8dc5f8054f585207986213513c7ed720fdcb74e272,2026-07,North Wales Police,North Wales Police,-3.205470,53.016082,On or near Parking Area,W01000208,Denbighshire 016C,Unable to prosecute suspect
8168ee80c39fa36a3f6281e7a9c3cc9183c792c3d1ef2d66bc2c436bf4e395fd,2026-07,North Wales Police,North Wales Police,-4.132856,53.227145,On or near The Crescent,W01000092,Gwynedd 001E,Unable to prosecute suspect
c98678261dd70df9a1adea87bfb97733b5f4168eadb06c40f4cefe85a7df2fa2,2026-07,North Wales Police,North Wales Police,-4.259655,53.134449,On or near Gallt Y Sil,W01000110,Gwynedd 006D,Further action is not in the public interest
2d88ead6572fe2cc9a8c4582398c50b40dfebb9be1675dd944565320c916caeb,2026-07,North Wales Police,North Wales Police,-4.259655,53.134449,On or near Gallt Y Sil,W01000110,Gwynedd 006D,Investigation complete; no suspect identified
2cab545a7fe94715a7683bbf8e0555f0aa5812a571b27866cbbb97630b04d4fc,2026-07,North Wales Police,North Wales Police,-4.284798,53.051540,On or near Trem-Yr-Wyddfa,W01000104,Gwynedd 008C,Unable to prosecute suspect
e4b50528d98fa326ec011690fbdd464fba1fe751a349db8639b7bb0f69b08118,2026-07,North Wales Police,North Wales Police,-3.417427,53.336716,On or near Coniston Drive,W01000219,Denbighshire 001B,Unable to prosecute suspect
2cc1d69394a7919f6e70db05863e0ac1c180d3d3bd0f8d6e9d3b730b6ab83839,2026-07,North Wales Police,North Wales Police,-4.633266,53.310321,On or near Market Street,W01000016,Isle of Anglesey 003A,Local resolution
bfa2e35a5458b0fd31d352f3867704690e19984ff3b671d426c5777eaf165fda,2026-07,North Wales Police,North Wales Police,-3.718917,53.294051,On or near Trevor Road,W01000144,Conwy 007C,Unable to prosecute suspect
78f5810fa5d0ad04da22cbbcf0897b2e55a5dcf8dc820235c922c3ef7ae4f0ca,2026-07,North Wales Police,North Wales Police,-3.029514,53.074387,On or near Vicarage Close,W01000378,Wrexham 004B,Suspect charged
464c8501006dfed1b39d01d4fbd35e9842fcc9e0d22fc4162a473d67b12f9e09,2026-07,North Wales Police,North Wales Police,-4.205807,53.188145,On or near Ffordd Siabod,W01000119,Gwynedd 004D,Unable to prosecute suspect
20a155c6a92b6efede09f2fa83a4391ea71b4803ba5704e696cf1f6e1f947bf8,2026-07,North Wales Police,North Wales Police,-3.750361,53.308615,On or near The Orchard,W01000158,Conwy 004D,Unable to prosecute suspect
a2a648e09df8a60fa3dde8400057841c760cdd775f397c564fa6f0c23c5a920a,2026-07,North Wales Police,North Wales Police,-4.261716,53.139535,On or near Lon Nant,W01000098,Gwynedd 006C,Unable to prosecute suspect
e2f9f0a7446c9a40e5489a2fc35263d011066874dcea99a5e8101c176e83b300,2026-07,North Wales Police,North Wales Police,-3.421058,53.183356,On or near Portland Place,W01000194,Denbighshire 011A,Investigation complete; no suspect identified
bae43651cf67b4092a09cfd2546e0a5d3ce66359874c2327ef8f4bbca4fda4a8,2026-07,North Wales Police,North Wales Police,-3.932282,52.994668,On or near Lord Street,W01000065,Gwynedd 009B,Unable to prosecute suspect
3a6d13b186ff8ce7ab1e1d9f9d25621a12555b447669bc1e539764d5983770a4,2026-07,North Wales Police,North Wales Police,-4.335913,53.083966,On or near Parking Area,W01000073,Gwynedd 008A,Unable to prosecute suspect
9e230ffc75ef6bf3cc800e46902c6f088cf2dbc79d735e9b472020c72b28c572,2026-07,North Wales Police,North Wales Police,-3.724952,53.291905,On or near Gladys Grove,W01000143,Conwy 007B,Unable to prosecute suspect
3914918ef0a57cf6e4b9e45ac21816badcc815a2083c1c7550a8c6f0ecee1149,2026-07,North Wales Police,North Wales Police,-3.020136,53.071681,On or near Bryn Bach,W01000379,Wrexham 004C,Unable to prosecute suspect
d66fd315199434fbcf6c36101ea365a4a30384ff7923582a0a8ed2625896ede2,2026-07,North Wales Police,North Wales Police,-3.748640,53.309099,On or near Bryn Eglwys,W01000157,Conwy 004C,Unable to prosecute suspect
401561a56d67f50ca7aa8676fae878fda864eae5242a73e6c07980be73c79ba1,2026-07,North Wales Police,North Wales Police,-4.170730,53.232161,On or near Tyddyn Isaf,W01000042,Isle of Anglesey 008D,Unable to prosecute suspect
f7b87fa3af857943bf5314a403dea20dd7ca8406fd35b94b07f5540e293fa4ac,2026-07,North Wales Police,North Wales Police,-3.031422,52.994940,On or near Gorse Close,W01000419,Wrexham 016D,Local resolution
e9a7a26dcc6c4c5d2f4cbfc9e075055ba89f43b2851a6b570e32940a3d3a3801,2026-07,North Wales Police,North Wales Police,-4.634720,53.313687,On or near Maes-Yr-Haf,W01000036,Isle of Anglesey 003F,Unable to prosecute suspect
5b3e8576fedc667d4c35993ac2f18bfd788541489e1debc2f2c920bcad04b0f0,2026-07,North Wales Police,North Wales Police,-4.139638,53.224373,On or near Hospital,W01000092,Gwynedd 001E,Unable to prosecute suspect
27e278f63b552e0f61a69136ea286149c9611d48e026924c331f7cf222c426da,2026-07,North Wales Police,North Wales Police,-4.126668,53.118865,On or near Minafon Terrace,W01000081,Gwynedd 005B,Investigation complete; no suspect identified
73a5a71a6e4882d22c631f6ca11b99c79e5bb05222118b99aab555fed1829781,2026-07,North Wales Police,North Wales Police,-4.238785,53.129913,On or near Petrol Station,W01000118,Gwynedd 007D,Unable to prosecute suspect
f1e92f117ac6a81bef6d7f6e5ab256dc44dbe0bb22684cc46e81572d78ecfbea,2026-07,North Wales Police,North Wales Police,-4.266357,53.139069,On or near Pendalar,W01000098,Gwynedd 006C,Unable to prosecute suspect
d2c932b3ce42059ef1dd56b06bc52ad458c1f164471d4b707b20774f91c3255a,2026-07,North Wales Police,North Wales Police,-3.217169,52.981020,On or near Parking Area,W01000208,Denbighshire 016C,Unable to prosecute suspect
1047964f359a62fc1df5d52ac68a492a2d58f82f8bfb4c2463899dc2d34ad283,2026-07,North Wales Police,North Wales Police,-3.456616,53.295890,On or near Llys Y Morfa,W01000224,Denbighshire 009C,Unable to prosecute suspect
227bd67793639b4f5b2336923bd1f01802be1a9f5bed77ec296fd2909edb042c,2026-07,North Wales Police,North Wales Police,-3.697520,53.285350,On or near Coed Coch Road,W01000126,Conwy 009A,Investigation complete; no suspect identified
6443bcfd9ff5cbe32267aace7bc455695c6d8cfa294ca23107ad465f2ef86f53,2026-07,North Wales Police,North Wales Police,-4.261716,53.139535,On or near Lon Nant,W01000098,Gwynedd 006C,Suspect charged
d6ac935507c54003d76a0103dd273ee48d2665289135e8960df08e4fe0547884,2026-07,North Wales Police,North Wales Police,-2.979014,53.043980,On or near Sports/Recreation Area,W01000413,Wrexham 010C,Unable to prosecute suspect
210bcaa84530e0000ba11a8894720c6acc3b130246d3cce98e164dca9cb10f9e,2026-07,North Wales Police,North Wales Police,-4.134853,53.226021,On or near A5,W01000092,Gwynedd 001E,Investigation complete; no suspect identified
bffa72a8f9db6231791010a8a838b01ce2e21f555247f252c270999936ef076c,2026-07,North Wales Police,North Wales Police,-2.979014,53.043980,On or near Sports/Recreation Area,W01000413,Wrexham 010C,Unable to prosecute suspect
b850f67883b90a21338cdffff0382b1c1a427865ecb20df388139f3faf9223a0,2026-07,North Wales Police,North Wales Police,-3.508835,53.268712,On or near Park Avenue,W01000191,Denbighshire 009A,Unable to prosecute suspect
51f65cec3c99c052e5196658e46545da0c590c07f2c3f19e4d62f09c33866fb9,2026-07,North Wales Police,North Wales Police,-4.272737,53.138992,On or near Wesley Street,W01000111,Gwynedd 007C,Investigation complete; no suspect identified
129cc3297e75f1b555707ee34c0defe835c1ec0ef38386a05017fe94c90c9c92,2026-07,North Wales Police,North Wales Police,-3.053015,53.187709,On or near Maes Deri,W01000286,Flintshire 013E,Suspect charged
f67981ecff2f1577e4b183224e282ec921b7fc8ce79a30b8e7bee462391d1ec9,2026-07,North Wales Police,North Wales Police,-3.035985,53.067256,On or near Quarry Road,W01000401,Wrexham 005D,Unable to prosecute suspect
30b7094048d3a5887c6097fd09ca783787c484261c78bdfa333737a3c16b56fc,2026-07,North Wales Police,North Wales Police,-3.060307,53.054906,On or near Heol Celyn,W01000362,Wrexham 006C,Unable to prosecute suspect
48431bf540a3ffcf800041ec3d9c6207f338c47ed4ca6090c0d32f7398abb2d6,2026-07,North Wales Police,North Wales Police,-3.058962,53.219505,On or near Bethel Place,W01000274,Flintshire 007B,Suspect charged
ad7466635c66e42a3057ff4a96b7c9ee033ce1005e5c253318ac6a7a57f2fe4e,2026-07,North Wales Police,North Wales Police,-3.728789,53.296632,On or near Hawarden Road,W01000182,Conwy 007D,Unable to prosecute suspect
8191c284626738976515e961ea4027241acf2ab4e33366a0aedce043200b3796,2026-07,North Wales Police,North Wales Police,-3.491763,53.321030,On or near Sussex Street,W01000240,Denbighshire 004E,Suspect charged
c39f1deacbe6e967d440de2e0790da803a1fae039fcbf559916abe2c98d4f5c9,2026-07,North Wales Police,North Wales Police,-3.833056,53.325910,On or near Masonic Street,W01000146,Conwy 001B,Unable to prosecute suspect
d43ee48b3b54b42f4ed0a812f766fd800f8f98e6427ad3f30d76c1e3870d473b,2026-07,North Wales Police,North Wales Police,-3.206696,53.290797,On or near Station Road,W01000296,Flintshire 003C,Investigation complete; no suspect identified
554d5826a08a4273a73937a8e7dd5d0cbeec42a7bccddb3504d086a42d73975f,2026-07,North Wales Police,North Wales Police,-4.127542,53.118714,On or near Capel-Coch Road,W01000081,Gwynedd 005B,Unable to prosecute suspect
ab6447364dfbf0d4e07b8a1215aafe4f9b138253d9b891dadaa5b02b910f35cc,2026-07,North Wales Police,North Wales Police,-3.459056,53.313749,On or near Maes Bryn Melyd,W01000234,Denbighshire 017G,Unable to prosecute suspect
847f4978db28026966070b49114fee956808191804070c9ac2cba3b599b757a2,2026-07,North Wales Police,North Wales Police,-4.258521,53.143048,On or near Cae Llwybr,W01000059,Gwynedd 006A,Suspect charged
456549c2b2894267c48f225d2fc9bc2a4ad2a1718c15468e5c814020890efbe2,2026-07,North Wales Police,North Wales Police,-4.172003,53.206398,On or near Rhosfryn,W01000103,Gwynedd 005D,Unable to prosecute suspect
5d174858fb95ba984b949c57a841c74f355c7d8e206fa600f3065cf900810e59,2026-07,North Wales Police,North Wales Police,-3.832868,53.317678,On or near King's Avenue,W01000168,Conwy 002B,Suspect charged
a807e736f753b124ccb669e91ea651c986d56ef74c8f43f3d42b813dc9231e59,2026-07,North Wales Police,North Wales Police,-3.075466,53.169853,On or near Linthorpe Road,W01000266,Flintshire 017E,Unable to prosecute suspect
fd483c716b8f5d99264bf0f43e351a6fc292bfaf2368fe3e4413b967699b7083,2026-07,North Wales Police,North Wales Police,-3.039658,53.011525,On or near Brynhyfryd,W01000385,Wrexham 014C,Investigation complete; no suspect identified
0e62251c6955a270cfdf73205900b416302ee6fda7b71a8994e7b8f4dbfbff12,2026-07,North Wales Police,North Wales Police,-3.488333,53.320390,On or near Heol Clwyd,W01000240,Denbighshire 004E,Unable to prosecute suspect
b193a6c9a915724ceae15d5df997e9bc3f420f7c6937883bc2676b49a1e86a62,2026-07,North Wales Police,North Wales Police,-3.023281,53.207367,On or near Gladstone Street,W01000328,Flintshire 011C,Investigation complete; no suspect identified
b4ae95e4e6ccca82dc8093e408992e517d97fd4c1939070d0f7cfb45120b04ae,2026-07,North Wales Police,North Wales Police,-3.820311,53.320361,On or near Tudor Crescent,W01000186,Conwy 001E,Unable to prosecute suspect
869fab31ca78490ee7b7b1f3d9811b0db41b14e7c3cb1c345dade0230c7b9001,2026-07,North Wales Police,North Wales Police,-4.503500,53.294460,On or near Maes Edeyrn,W01000023,Isle of Anglesey 007D,Unable to prosecute suspect
f83060c3ee1b795ec959a92dfc17ace62524afeb9992b14b104496410ecae8e7,2026-07,North Wales Police,North Wales Police,-4.140306,53.219711,On or near Heol Dewi,W01000075,Gwynedd 002C,Unable to prosecute suspect
d27922aafe154ba0a9ab50a1b472ce02dadb6864533418e7ca4a8e8468fd1e7a,2026-07,North Wales Police,North Wales Police,-3.824150,53.320608,On or near Argyll Road,W01000186,Conwy 001E,Investigation complete; no suspect identified
abe81dee3fe04714d1e3594b0a4acb01f19a8117e45b68313bc482352a6e030a,2026-07,North Wales Police,North Wales Police,-3.690449,53.288632,On or near King's Road,W01000128,Conwy 009C,Unable to prosecute suspect
b8117577c2b37231418a1891abc716119659e8a73f167e984aeb852bf4940fac,2026-07,North Wales Police,North Wales Police,-3.397922,53.330429,On or near Fforddlas,W01000212,Denbighshire 003A,Investigation complete; no suspect identified
28c1b8240f552b4ff4f8957b986fc19957ec499f567f548197ad80eeba60d974,2026-07,North Wales Police,North Wales Police,-2.995668,53.041091,On or near Erddig Court,W01000365,Wrexham 011C,Suspect charged
ba390a6dbe752744776f2985145e8bb3ad8113ae1acb4f364367fcdcb1e43cb4,2026-07,North Wales Police,North Wales Police,-2.995584,53.048427,On or near Bus/Coach Station,W01000372,Wrexham 008C,Investigation complete; no suspect identified
78a8f612f454d5c3552a904f1efc24e5bb0dc3bff7b57b83f428d96c44b04c36,2026-07,North Wales Police,North Wales Police,-3.408681,53.204781,On or near Parc Derwen,W01000197,Denbighshire 012C,Investigation complete; no suspect identified
4845b61c4501682bdc57a3aa888f679130c21f47cd70cb214ba656983a923bf5,2026-07,North Wales Police,North Wales Police,-3.545243,53.304860,On or near San Remo Avenue,W01000184,Conwy 005E,Investigation complete; no suspect identified
a79370137793220222c01a04fc6fa8a0003f3003e5353c42ac5b06d6de77de4d,2026-07,North Wales Police,North Wales Police,-3.738279,53.299011,On or near Grosvenor Road,W01000183,Conwy 008E,Unable to prosecute suspect
773211531f0b374ff3c419b8044891f0806970a3ea071a8623e056ad88ad5ef2,2026-07,North Wales Police,North Wales Police,-3.719902,53.292445,On or near Lawson Road,W01000144,Conwy 007C,Unable to prosecute suspect
183dc159a3d0b343d5c7ad5b973a2c03b07b66e8aeeb70ab85449b1450662672,2026-07,North Wales Police,North Wales Police,-4.114146,53.227200,On or near Ffordd Tan Y Bryn,W01000091,Gwynedd 001D,Action to be taken by another organisation
a364c9a6421a956342d9fb79b96c7b8dd3e7745555431bbf563af937b7d8009e,2026-07,North Wales Police,North Wales Police,-3.732940,53.299844,On or near Sea Bank Road,W01000182,Conwy 007D,Unable to prosecute suspect
1703aa733aadbed7684e966d511890f88b8700eb729894275535d5ad53c572e4,2026-07,North Wales Police,North Wales Police,-3.482778,53.323408,On or near Churton Road,W01000228,Denbighshire 004C,Investigation complete; no suspect identified
1e8c22db99718f3078b6a9d3ec5b6bb3120621012c3e226af24619828653b390,2026-07,North Wales Police,North Wales Police,-3.401258,53.331423,On or near Cassandra Court,W01000213,Denbighshire 002A,Unable to prosecute suspect
ebc4ef5159e2b642fe37aa0135820132f09ea4a4c1291e4cc5704642a526ff4e,2026-07,North Wales Police,North Wales Police,-3.011089,53.070347,On or near Chapel Mews,W01000375,Wrexham 003B,Local resolution
2d10e012fd9ed8ec568a63574e637f012a5a52b97bbb1dcc6f0cc5c421511d4f,2026-07,North Wales Police,North Wales Police,-3.497568,53.314000,On or near Victoria Avenue,W01000241,Denbighshire 004F,Investigation complete; no suspect identified
0dd5dc69485540263aac8ad759987cdc8c92b1aff2636081fb0d74ae27cecd17,2026-07,North Wales Police,North Wales Police,-3.000834,53.045156,On or near Ffordd Jiwbili,W01000350,Wrexham 011B,Suspect charged
f6e336fd15c9b785c541feb42fd7c2a1e0ece5c56dbd984549a11ebdb134732a,2026-07,North Wales Police,North Wales Police,-2.967068,53.038756,On or near Coed-Y-Bryn,W01000423,Wrexham 012D,Investigation complete; no suspect identified
0036a1567f6cee9964b99baf58105886741d56c12f2dd6df2fa4790047a91ad0,2026-07,North Wales Police,North Wales Police,-3.823533,53.311771,On or near Ewloe Drive,W01000188,Conwy 002D,Investigation complete; no suspect identified
706c18efd46b86d37c0e8ec9daa95a04b8eb2fbf41ba6995313f9ff619445887,2026-07,North Wales Police,North Wales Police,-4.307554,53.253685,On or near Supermarket,W01000012,Isle of Anglesey 006B,Unable to prosecute suspect
fee1503e1a32f9005c5b6ad01bae051493ecc92cd59a1f121a790c7946711f4e,2026-07,North Wales Police,North Wales Police,-3.761778,53.293164,On or near Llys Ednyfed,W01000167,Conwy 011C,Investigation complete; no suspect identified
d25ba569e711a7527535ba454c4f3d9907aa6fe6eed760f22a80b2f454d9a731,2026-07,North Wales Police,North Wales Police,-3.068526,53.216255,On or near Hillside Avenue,W01000273,Flintshire 007A,Action to be taken by another organisation
1e5a1dd787d644cb05970343dd86db56a5635077072212fb88ef5939906490de,2026-07,North Wales Police,North Wales Police,-2.993548,53.046161,On or near Stryt Y Syfwr,W01000372,Wrexham 008C,Investigation complete; no suspect identified
80d1b8fffa5915dbf738eee40f7a4fad6f85a52730b201f74d7797c45055ab76,2026-07,North Wales Police,North Wales Police,-3.305768,53.117847,On or near Greenfield Road,W01000243,Denbighshire 014B,Investigation complete; no suspect identified
9b7cb20ea03078c14d03b3c5ea3883b96565cde7b2e56a1f2e5621409d31777f,2026-07,North Wales Police,North Wales Police,-3.792703,53.323997,On or near Glanrafon Avenue,W01000133,Conwy 002A,Investigation complete; no suspect identified
faf2a1179084ba27daef196400f8ed0e3e28c386841cc48436035d4d2c733c0d,2026-07,North Wales Police,North Wales Police,-3.839463,53.318467,On or near Dolydd,W01000168,Conwy 002B,Investigation complete; no suspect identified
85e33f4bedbbaf915919ef6ef544df08f0166a84332d4ce65feaf4c676786c47,2026-07,North Wales Police,North Wales Police,-4.143262,53.215315,On or near Bryn-Llwyd,W01000064,Gwynedd 002A,Unable to prosecute suspect
c75626cc6ebf42fd62baefa74c2ef6415d9a6a956bf0aaa1b0982060454e4c0f,2026-07,North Wales Police,North Wales Police,-4.159638,53.213329,On or near Coed Y Maes,W01000102,Gwynedd 002E,Investigation complete; no suspect identified
0832ed81a4d6a72d701f866b365fcd9959e69b13ac684c94a63f4dd48b5174c0,2026-07,North Wales Police,North Wales Police,-4.272712,53.138516,On or near Stryd Newydd,W01000111,Gwynedd 007C,Unable to prosecute suspect
6ff21487a5cfd5418ca2fcde2b2b69996e61cba91241d21cbf42a138008470a8,2026-07,North Wales Police,North Wales Police,-3.653812,53.284723,On or near Llys Trefor Jones,W01000164,Conwy 009F,Unable to prosecute suspect
6ae56f6f85add51ff306a9a320bac83af4f7aedf48509a364866434f78eb3864,2026-07,North Wales Police,North Wales Police,-3.137449,53.248581,On or near Coleshill Street,W01000290,Flintshire 004B,Investigation complete; no suspect identified
6dc15d8ed873b5331ab3dad016488b48ec676f47e6ba677d8e982bb73a67d1ab,2026-07,North Wales Police,North Wales Police,-3.137449,53.248581,On or near Coleshill Street,W01000290,Flintshire 004B,Investigation complete; no suspect identified
371c274065aee4bbec0406d17e9d5bceb30e2037d71573ebac112ac6934f0ab8,2026-07,North Wales Police,North Wales Police,-4.180081,53.148413,On or near Rhes Rhythallt,W01000087,Gwynedd 004C,Investigation complete; no suspect identified
42b5fa7947ee2ced5b803fbe926e1bd4843b428e625de8a7d16c234ade5c7856,2026-07,North Wales Police,North Wales Police,-4.267382,53.132130,On or near Sports/Recreation Area,W01000110,Gwynedd 006D,Suspect charged
0210618e1a7c90f7a2aca5708ba931661432b19206fa56e32c57ddc05e0b2893,2026-07,North Wales Police,North Wales Police,-3.833056,53.325910,On or near Masonic Street,W01000146,Conwy 001B,Local resolution
0cda02ee40ec440c205c9ca1a524f95336e2dbc8c06180a9cebe4d80149c64b3,2026-07,North Wales Police,North Wales Police,-3.058962,53.219505,On or near Bethel Place,W01000274,Flintshire 007B,Suspect charged
edd44cd35f68bd7ca721b17189981e601daa93f6501c18053ad06fc94d5f853f,2026-07,North Wales Police,North Wales Police,-3.194786,53.279033,On or near Riverbank,W01000254,Flintshire 003B,Unable to prosecute suspect
23cef19d33cb6d3a40e2046ff4dc3feeb08eb6d0ad82d3951e4a31b3003dc45c,2026-07,North Wales Police,North Wales Police,-3.358324,53.336603,On or near Llanasa Road,W01000298,Flintshire 001B,Unable to prosecute suspect
74f9e400fbd76c9d907c48176bf93816e0b95df09f657bc59864bd256697b777,2026-07,North Wales Police,North Wales Police,-3.149381,53.241931,On or near Birch Ridge,W01000289,Flintshire 005A,Unable to prosecute suspect
4da6863d64ae4a741b477d9fd14eec80f1b7ab3d9705098e3d5dc13865036784,2026-07,North Wales Police,North Wales Police,-4.168000,53.143131,On or near Petrol Station,W01000053,Gwynedd 004B,Unable to prosecute suspect
4870e91addec710f4f3528cf31c361e3838c079ce0da7b86d95113ce71d4a790,2026-07,North Wales Police,North Wales Police,-4.103728,53.147663,On or near Parking Area,W01000063,Gwynedd 005A,Unable to prosecute suspect
de6288db06e84a2ca2cd3ce59f4c93e147c42ef5a745240ea97280b84f6b85b8,2026-07,North Wales Police,North Wales Police,-2.933632,53.034681,On or near Bridgeway East,W01001971,Wrexham 022D,Unable to prosecute suspect
e14ea2c4baaefa2c516fa77e4ffc107be33b28127abb549c202177f394af82dd,2026-07,North Wales Police,North Wales Police,-4.125754,53.227166,On or near Shopping Area,W01000062,Gwynedd 001A,Further action is not in the public interest
ee3f47be2ca3cbe8f93b19c7ba27a0407253a232efd1ac493b0b02939beacbd9,2026-07,North Wales Police,North Wales Police,-3.743271,53.314734,On or near Foreshore Park,W01000156,Conwy 004B,Unable to prosecute suspect
ff8875b80271aa090ab73d55a11d1f2e2654f9a055776831d291cfbf983bbc21,2026-07,North Wales Police,North Wales Police,-4.402491,52.901887,On or near Caernarvon Road,W01000047,Gwynedd 011A,Investigation complete; no suspect identified
cd168ffd1b241048da427ce874cc28bda5b41c3ae9f0301479aaedf3fcaa8ce7,2026-07,North Wales Police,North Wales Police,-4.262845,53.142238,On or near Glan Cadnant,W01000059,Gwynedd 006A,Unable to prosecute suspect
7a0f327b6d0dcf0cf30205bd31f3415173d03f47512942ccbef495d8dcb791b5,2026-07,North Wales Police,North Wales Police,-2.971005,53.166687,On or near Bretton Road,W01000255,Flintshire 015A,Investigation complete; no suspect identified
1aeae8f2890f578275710fb5a4668b1c1d4552320989a58ce4245f819770a130,2026-07,North Wales Police,North Wales Police,-3.095396,53.202285,On or near St Mary's Close,W01000325,Flintshire 010D,Investigation complete; no suspect identified
de7ce184c043ad16529cc4ba0e351c54ec662af16aaebe71838ef9a9afd2f12f,2026-07,North Wales Police,North Wales Police,-3.033096,53.202050,On or near Aston Road,W01000252,Flintshire 010A,Unable to prosecute suspect
6c60edf8afa39eeb61f85c09677880ef2592e139f825b67a7209183934ebc958,2026-07,North Wales Police,North Wales Police,-4.129731,53.224567,On or near Parking Area,W01000062,Gwynedd 001A,Unable to prosecute suspect
61d6a9981054d55bdc8650786fca90b32a820337e230f2dd11ca5cc4f3cf7a53,2026-07,North Wales Police,North Wales Police,-4.420582,52.886576,On or near Lower Cardiff Road,W01000108,Gwynedd 012D,Investigation complete; no suspect identified
61762fc2bd792418ef04363788d5e1b0ec03f0bdde95f65e5cc56769c0529f00,2026-07,North Wales Police,North Wales Police,-3.741195,53.310557,On or near Supermarket,W01000156,Conwy 004B,Unable to prosecute suspect
3d61f6bab3cd5261b8574d44bf5583ea83ed8c2262f8b72b3d8cd17179f30612,2026-07,North Wales Police,North Wales Police,-4.270491,53.141481,On or near Thomas Street,W01000093,Gwynedd 006B,Unable to prosecute suspect
828054eb504fce3cc0fc08f77ef9c31cbb7adad1b9de8400ab101f31306199cf,2026-07,North Wales Police,North Wales Police,-4.374104,53.331048,On or near Farmer Street,W01000028,Isle of Anglesey 001D,Unable to prosecute suspect
48f7eaf5eba6c79cb67a8e91c7f5b3b95d67054bcf08fd42d12d722dbe3d4320,2026-07,North Wales Police,North Wales Police,-3.010522,53.051852,On or near Belvedere Drive,W01000349,Wrexham 011A,Unable to prosecute suspect
081e35eb10f23e89367265179df3ccb97fca25bc761c8aafb9375bd21abc695b,2026-07,North Wales Police,North Wales Police,-4.172659,52.913724,On or near Main Road,W01000106,Gwynedd 010D,Unable to prosecute suspect
0302119924de35739a882e43472bfccda8ff2223ae026572eb5d25e9d434e291,2026-07,North Wales Police,North Wales Police,-3.699929,53.292372,On or near Min-Y-Don Drive,W01000139,Conwy 007A,Unable to prosecute suspect
b6e222a182285268763c2edb4ebd6c02dd50941e83acb4178c42641c1ffa3f10,2026-07,North Wales Police,North Wales Police,-3.811966,53.320074,On or near Curzon Road,W01000132,Conwy 001A,Unable to prosecute suspect
1f041121d9af4457ac59c0de9e3e729c20a2a4c1ad611314635ca63900d5adea,2026-07,North Wales Police,North Wales Police,-3.081677,53.164619,On or near Terrig Crescent,W01000262,Flintshire 017C,Unable to prosecute suspect
dc08f443bd26beb6003a54b26d58289188f689532a3b4dc3ce73a893502b9373,2026-07,North Wales Police,North Wales Police,-4.361922,53.022250,On or near Llys Eben,W01000086,Gwynedd 008B,Investigation complete; no suspect identified
281c50bb18347871f253a54a23a5126e806a937792c18700f4db0f01382c4c34,2026-07,North Wales Police,North Wales Police,-4.106969,52.857186,On or near Parking Area,W01000074,Gwynedd 013B,Suspect charged
0bbb325c912caa55aef35d30bd24fe5343d468a415185732b040cf0f6ba95e89,2026-07,North Wales Police,North Wales Police,-3.133385,53.169239,On or near Sports/Recreation Area,W01000315,Flintshire 016C,Further action is not in the public interest
2dc5e8c5a256fcfe5175f413dff2c461668552e4b8147f3c1b5f8913b8005a82,2026-07,North Wales Police,North Wales Police,-3.043470,52.986654,On or near Parking Area,W01000407,Wrexham 016C,Suspect charged
a5a6d1268b5d41590653a33ba426021314c54ded1c26b8032bbb7df8a81e4142,2026-07,North Wales Police,North Wales Police,-4.134968,53.230146,On or near Hwfa Road,W01000092,Gwynedd 001E,Investigation complete; no suspect identified
d18837e2adb636db3923bfdb6e9344e9b90b03d036a7b8008ea6e3c48352d89e,2026-07,North Wales Police,North Wales Police,-4.125443,53.226010,On or near Lower Street,W01000062,Gwynedd 001A,Investigation complete; no suspect identified
fc8a1ee33bf4cfc46078c9afe09a917a50c5f67f9a65ab0077d525d1eba535f9,2026-07,North Wales Police,North Wales Police,-4.526376,53.345622,On or near Parking Area,W01000022,Isle of Anglesey 004A,Unable to prosecute suspect
6467958ea544e1c104d75e0b2b5f2512f7a916e5143ab72ee484db96d1cf3269,2026-07,North Wales Police,North Wales Police,-2.972078,53.108257,On or near Croeshowell Lane,W01000418,Wrexham 022A,Unable to prosecute suspect
9d22377ab10a23682fc05b506d2dab86ad7d5c4e860f4ab645859515466ad8ec,2026-07,North Wales Police,North Wales Police,-3.012772,53.072095,On or near Pen-Y-Llyn,W01000374,Wrexham 003A,Unable to prosecute suspect
951c382a7a2e7a05a47d383c1fee1caa0d4c3ba529720f41d2bc400ba30474bc,2026-07,North Wales Police,North Wales Police,-3.802601,53.285956,On or near Walton Crescent,W01000176,Conwy 011D,Unable to prosecute suspect
d6dc8817242b4f081e32452ab7b689bba609b10db005e216be73445d5de21626,2026-07,North Wales Police,North Wales Police,-3.502722,53.315877,On or near Marlborough Grove,W01000241,Denbighshire 004F,Unable to prosecute suspect
16e7a38fd20909383c96e27c362e10a204eac1b4560df55b8b64ff850d6349a3,2026-07,North Wales Police,North Wales Police,-3.057097,53.210676,On or near Wepre Hall Crescent,W01000283,Flintshire 008E,Unable to prosecute suspect
12f06afac13fd9b05e7913f2c370e7e36ee699c644050891ebce4ce94646d010,2026-07,North Wales Police,North Wales Police,-3.446281,53.261325,On or near Bryn Coed,W01000245,Denbighshire 010A,Further action is not in the public interest
b43b4dd6e12f53cc23ef38757012860c66016267a02fe90817aa724755e2f2e4,2026-07,North Wales Police,North Wales Police,-3.092471,53.072459,On or near Yr Hendy,W01000399,Wrexham 013B,Unable to prosecute suspect
ab316fafff5d027c3373867e66faecae42f945c12b9d58419b75ccbd138de23a,2026-07,North Wales Police,North Wales Police,-3.497793,53.312289,On or near Parking Area,W01000237,Denbighshire 006B,Investigation complete; no suspect identified
af6843facf57d12ad18732379c069c40c234b507445434f61c3bf1c18478793c,2026-07,North Wales Police,North Wales Police,-3.565937,53.298271,On or near Pen Y Cae,W01001927,Conwy 010G,Unable to prosecute suspect
e893a4b78a1f50ba9644a95fe4a0059b7d2287ca66d1359e6d7245b4303972a4,2026-07,North Wales Police,North Wales Police,-4.431034,53.373930,On or near Maes Merddyn,W01000031,Isle of Anglesey 001E,Unable to prosecute suspect
00dc9ce866f8cb4f45789019f2091cc4aa95b2f8175f7aab0fc33540a64b43ea,2026-07,North Wales Police,North Wales Police,-4.378812,53.195506,On or near Sports/Recreation Area,W01000007,Isle of Anglesey 009A,Unable to prosecute suspect
a248c492e10c019f289953f147f042e57a9cee0210572eab070d3a8bc5c5d12b,2026-07,North Wales Police,North Wales Police,-3.821832,53.322226,On or near Adelphi Street,W01000186,Conwy 001E,Local resolution
23dff1c1a24f11d2131f10629d9a4e6f5cd7295215d6fbdbbedec90a4deb142e,2026-07,North Wales Police,North Wales Police,-3.464665,53.217546,On or near Lôn Jack-Ffwrn,W01000247,Denbighshire 010C,Suspect charged
19c431c5e455f2de7a53c85d7f85fd005cb34d9f5142b720d74eaaf1cdc0edf1,2026-07,North Wales Police,North Wales Police,-4.167491,53.208089,On or near Cwrt yr Efail,W01000102,Gwynedd 002E,Unable to prosecute suspect
158b796c2cec5385c5e05b83e9cd901b1f84af672b1d8bf62f3912ef4f8f6ff7,2026-07,North Wales Police,North Wales Police,-2.993523,53.164326,On or near Wellington Road,W01000255,Flintshire 015A,Unable to prosecute suspect
e4cd012380d263631b809b43492b327064aa6cd6144a0b181ac7aec90ce16199,2026-07,North Wales Police,North Wales Police,-3.502722,53.315877,On or near Marlborough Grove,W01000241,Denbighshire 004F,Unable to prosecute suspect
df4e0eeab5cba758d3af5c75a57da88bc6bb405fc376269da0a31da3926430c4,2026-07,North Wales Police,North Wales Police,-3.064528,52.999169,On or near Coed-Y-Nant,W01000408,Wrexham 013D,Unable to prosecute suspect
6e4786da99affa3aef02253e31fab556f081f4cfdf158e6a90f74b6a6022fa4c,2026-07,North Wales Police,North Wales Police,-3.069545,53.223724,On or near Petrol Station,W01000278,Flintshire 007D,Investigation complete; no suspect identified
e291210307072720332bffa00a5dcb901602e332ce51dfbdee8ff9a040f0e50f,2026-07,North Wales Police,North Wales Police,-4.269271,53.115790,On or near Dol Beuno,W01000054,Gwynedd 007A,Unable to prosecute suspect
bedd6d5d049a8b47b454297df43b16d782fa9b9401d241ec4a76874518dce7fb,2026-07,North Wales Police,North Wales Police,-3.043649,53.212494,On or near Beaconsfield Road,W01000337,Flintshire 009F,Investigation complete; no suspect identified
b45bea1a8034eb5d1ebce552749fb454ce2f64c6a89a7ef170bff44ebc48c98a,2026-07,North Wales Police,North Wales Police,-4.067882,53.181495,On or near Rhes Coetmor,W01000097,Gwynedd 003D,Unable to prosecute suspect
4cf4b68f50ce26123b2585b3790e575fbecde4fb7abaa43c969be2ad54bae7c4,2026-07,North Wales Police,North Wales Police,-3.424735,53.325266,On or near Cwrt Berllan,W01000201,Denbighshire 008B,Unable to prosecute suspect
01ac3b8b74c9791f5e6ddda0de261bd065be64c02b462ce5fa48031fa7ee6925,2026-07,North Wales Police,North Wales Police,-3.424735,53.325266,On or near Cwrt Berllan,W01000201,Denbighshire 008B,Unable to prosecute suspect
6f8c83e493720ea75b6121fb8d944574e4985d32d62db9bedb7bca74b87abbb8,2026-07,North Wales Police,North Wales Police,-4.274688,53.140834,On or near Stryd Y Porth Mawr,W01000111,Gwynedd 007C,Unable to prosecute suspect
f6cf62c513e61cb720bd5404f112bd9e0342814f3659db4002e9805721e1b918,2026-07,North Wales Police,North Wales Police,-2.986261,53.060218,On or near Grange Close,W01000342,Wrexham 023E,Unable to prosecute suspect
9e485b0babcbefc83ffd61c22692f3ac234195a8a427caab60a4fa97954e8453,2026-07,North Wales Police,North Wales Police,-3.565937,53.298271,On or near Pen Y Cae,W01001927,Conwy 010G,Unable to prosecute suspect
a9413cd7584852d6bd4566693a3af237985b863596a757d0fcb2c6067dc91f7e,2026-07,North Wales Police,North Wales Police,-3.038003,53.203176,On or near Grange Road,W01000335,Flintshire 009D,Investigation complete; no suspect identified
039f0886c14243a90307a47c7531fd51f99ed75558eb2489d2b73e2291153008,2026-07,North Wales Police,North Wales Police,-4.158810,53.268610,On or near Brynteg,W01000013,Isle of Anglesey 005B,Unable to prosecute suspect
84cfebcdb110a337de2c807328285613d3e75378505eec9db30cffc5f3ba900e,2026-07,North Wales Police,North Wales Police,-3.071312,53.167050,On or near Parking Area,W01000259,Flintshire 017A,Investigation complete; no suspect identified
d7ef1b8f6c7acfb7ca2d3a191663b7b3aaf37de735de3b830fe9c98afda16219,2026-07,North Wales Police,North Wales Police,-3.454258,53.318329,On or near Golygfa Clwyd,W01000234,Denbighshire 017G,Unable to prosecute suspect
bfbe4a83e7d991820fd9950816b59b61fbc843287dfad65cde7e6f47a27759ff,2026-07,North Wales Police,North Wales Police,-4.419704,52.886567,On or near Penrhydlyniog,W01000108,Gwynedd 012D,Unable to prosecute suspect
328fc58bacde18a76fb15722149d720bca95a504fff7600396e3698d0cfb0f8c,2026-07,North Wales Police,North Wales Police,-3.338562,53.347704,On or near Park/Open Space,W01000287,Flintshire 001A,Unable to prosecute suspect
9dd1851666de3b78fe6d21c451afeaac248ded5818d54c3cf0683834632e890a,2026-07,North Wales Police,North Wales Police,-3.136448,53.248672,On or near Parking Area,W01000290,Flintshire 004B,Unable to prosecute suspect
a617f2b81e8b886e756b8b9a016ca8a7c205af71eb297cce454a9b4a7c37cd3b,2026-07,North Wales Police,North Wales Police,-3.212957,53.273492,On or near Pen-Y-Maes Gardens,W01000305,Flintshire 003F,Local resolution
b575c99c905a555465ecf0d2092edbd0db59422cecab1114cf5321c011b2df2e,2026-07,North Wales Police,North Wales Police,-3.068885,53.220450,On or near Kent Road,W01000278,Flintshire 007D,Unable to prosecute suspect
879b0f2af1dec6ff27bea533eda968941ea9a8b3885511f32dd7e5267a56e277,2026-07,North Wales Police,North Wales Police,-3.033650,53.209551,On or near Chester Road (West),W01000334,Flintshire 009C,Unable to prosecute suspect
07823ed9c8c83327d1e529f329790a79ec508c706ebd79ddddbd9a5c65feef5d,2026-07,North Wales Police,North Wales Police,-4.132218,53.222454,On or near Supermarket,W01000062,Gwynedd 001A,Investigation complete; no suspect identified
9246cdb267ff62180094c070632e4526e9fff7ddf7c96668247cf6ace0a53439,2026-07,North Wales Police,North Wales Police,-4.243939,53.131798,On or near Stad Glyndwr,W01000118,Gwynedd 007D,Unable to prosecute suspect
690c51320ddd2186338c87f71e4e6cbbaf35db4dabdcfdf476538e318fc30d34,2026-07,North Wales Police,North Wales Police,-3.306422,53.113776,On or near A494,W01000243,Denbighshire 014B,Unable to prosecute suspect
d2afbe2e6d7257f2b007f42836ad6029736b72ba40202d94aeab8062a37ef089,2026-07,North Wales Police,North Wales Police,-3.065865,52.982644,On or near Ash Grove,W01000409,Wrexham 017E,Unable to prosecute suspect
644107990bdd97fba1e148bf4125ede7b4e077a50304f91ce4d07275544edd24,2026-07,North Wales Police,North Wales Police,-4.420582,52.886576,On or near Lower Cardiff Road,W01000108,Gwynedd 012D,Investigation complete; no suspect identified
2666d0a2b8de77b7968d945186b02840e8345742ea3eb9847f5ddc32199a7f85,2026-07,North Wales Police,North Wales Police,-4.272002,53.138098,On or near Garnon Street,W01000111,Gwynedd 007C,Unable to prosecute suspect
636ca0043f9df7c5a24cfcfd770792234482f66edef38bcd5956283e83cbd8c3,2026-07,North Wales Police,North Wales Police,-3.011124,53.214365,On or near Bridge View,W01000333,Flintshire 009B,Investigation complete; no suspect identified
e5fb39672038eda46aeca98b3f678838c43cb8ad96c2389e511661e756a5d530,2026-07,North Wales Police,North Wales Police,-3.431631,53.184020,On or near Ffordd Ysgubor,W01000199,Denbighshire 011C,Unable to prosecute suspect
6592a21debf735c4ca051fb8ffff8a8a114ddcddd3c7bd301626e57e7445d790,2026-07,North Wales Police,North Wales Police,-3.431631,53.184020,On or near Ffordd Ysgubor,W01000199,Denbighshire 011C,Unable to prosecute suspect
e45ae4519554ec3a61fea37d511a44aebc579404c81e4a81c37dc6036c67fe1f,2026-07,North Wales Police,North Wales Police,-2.932293,53.176382,On or near Englefield Avenue,W01000331,Flintshire 015F,Unable to prosecute suspect
1002215c799da7642e678029fe25f306bfa83cf0ebc91427ecdd32769b322da9,2026-07,North Wales Police,North Wales Police,-2.967721,53.041906,On or near St Annes Court,W01000414,Wrexham 010D,Suspect charged
28f798d08361fa9ecb6cbe19ad90a26aaca8443fda4d109867e8687e8958b1d2,2026-07,North Wales Police,North Wales Police,-3.100705,53.167564,On or near Pren Hill,W01000265,Flintshire 012B,Unable to prosecute suspect
1a98e06c515318ad9927acf800821e573848b371895913ccc1e9ff38916e7d24,2026-07,North Wales Police,North Wales Police,-3.382420,52.989164,On or near Bro Hafryn,W01000193,Denbighshire 015A,Unable to prosecute suspect
cf5a01338754671f2aa4a44b788c2885d969728b3b9d44bc7d0b77d4d6e9e123,2026-07,North Wales Police,North Wales Police,-3.033114,52.992785,On or near Blackbrook Drive,W01000419,Wrexham 016D,Unable to prosecute suspect
fdb24edb1c2e35c2131613a3051196529482d2d8a2f48bd76b37deb02901ac28,2026-07,North Wales Police,North Wales Police,-2.971005,53.166687,On or near Bretton Road,W01000255,Flintshire 015A,Investigation complete; no suspect identified
18915acfad4febbf62d0fec0f62a29107e23b362b7f638a5a40c18c67eac729c,2026-07,North Wales Police,North Wales Police,-3.134288,53.164714,On or near Lon Yr Orsaf,W01000315,Flintshire 016C,Unable to prosecute suspect
1f787337e2dc2012ab2c57558a4ab3e16ca91aad0438daa0aec099a3143eb6dc,2026-07,North Wales Police,North Wales Police,-4.243102,53.165275,On or near Parking Area,W01000119,Gwynedd 004D,Investigation complete; no suspect identified
00e20856b275429c090b252922188c9ae77e25f07fbfbf209e2ba10d94a46f36,2026-07,North Wales Police,North Wales Police,-3.723157,53.294646,On or near Parking Area,W01000144,Conwy 007C,Investigation complete; no suspect identified
c8d01f5f9e8922dbc04e662c24fbb5c9f898b25be356def4b6637d8ebee7c4b0,2026-07,North Wales Police,North Wales Police,-4.263026,53.138278,On or near Cae'r Saint,W01000098,Gwynedd 006C,Unable to prosecute suspect
95b1790019770fac19c923487b6288f79dbe1d693564538db42177b71ae218c8,2026-07,North Wales Police,North Wales Police,-3.220446,53.272643,On or near B5121,W01000304,Flintshire 003E,Unable to prosecute suspect
dc68a7b0868896df34adea8525285577a50add91bb1537ccc9647887dfbf2271,2026-07,North Wales Police,North Wales Police,-3.105086,53.172737,On or near Snowdon Avenue,W01000249,Flintshire 014A,Local resolution
be0991a98d00ecc44bf761fad387b4bd51cd9577e78e3c544b561c3ab8205299,2026-07,North Wales Police,North Wales Police,-3.466089,53.328442,On or near Garford Road,W01000226,Denbighshire 004A,Unable to prosecute suspect
2f3a07a6362577cc6e513918a1a5f31ee56070b623b90580cf33b172678baed9,2026-07,North Wales Police,North Wales Police,-3.084445,53.165241,On or near Bryn Mawr,W01000262,Flintshire 017C,Unable to prosecute suspect
8bccae586c9a6e7945955a5dfaa970252b3443d1611789be2bbc3c9e4e6a3cb0,2026-07,North Wales Police,North Wales Police,-4.083064,53.102868,On or near Parking Area,W01000081,Gwynedd 005B,Investigation complete; no suspect identified
859b6fb79317e70b29ec43e54257ede221173c72914ac1d4033fa8ee7d7a8ff6,2026-07,North Wales Police,North Wales Police,-3.814668,53.318280,On or near Clarence Drive,W01000132,Conwy 001A,Unable to prosecute suspect
b7a9c38b9da1d0de90c63678894c730c597f9b1e3ae35a1fb478e44a162a0a83,2026-07,North Wales Police,North Wales Police,-4.131840,52.928741,On or near New Street,W01000105,Gwynedd 010C,Unable to prosecute suspect
56fbcc6b99d24fbc0164798ab45398960c9bbdc76d400a8a503848aa06451cda,2026-07,North Wales Police,North Wales Police,-2.992009,53.043477,On or near Stryt Twtil,W01000402,Wrexham 011D,Investigation complete; no suspect identified
83cac45de223658cc4ff1cfb82a4dd9fa5a952223d2d03ec24826ce0107b1292,2026-07,North Wales Police,North Wales Police,-3.747539,53.310796,On or near Victor Wilde Drive,W01000157,Conwy 004C,Investigation complete; no suspect identified
e86b2fc96a5b5dfbfefbea4aa9095af2047902fd04b7241f15d0ab731a9ad52e,2026-07,North Wales Police,North Wales Police,-3.423683,53.336956,On or near Llys Ogwen,W01000219,Denbighshire 001B,Investigation complete; no suspect identified
7dabbec4952b2fccdf49d1a79493ba272ef707dcc435b3d44125f183de9afb11,2026-07,North Wales Police,North Wales Police,-3.796699,53.280075,On or near Ffordd Maelgwyn,W01000177,Conwy 011E,Unable to prosecute suspect
b2bd3e7dc0dcf50c42e50ba11acacce6a060b5dbfd52784b802f0a1b87cf5c19,2026-07,North Wales Police,North Wales Police,-2.996436,53.047233,On or near Duke Street,W01000372,Wrexham 008C,Investigation complete; no suspect identified
c61efd052d5d91891d5fc432dbeb355bf2e81a9855ae7dfa5443fd9749ed2e6e,2026-07,North Wales Police,North Wales Police,-3.129852,53.246352,On or near Borough Grove,W01000288,Flintshire 004A,Unable to prosecute suspect
149359d2d7b207be6e055cb2bf7f29e8ca75ea6abc34bfd04a953beb652dbdee,2026-07,North Wales Police,North Wales Police,-4.546123,52.930248,On or near Trem Y Garn,W01000094,Gwynedd 012B,Investigation complete; no suspect identified
cf042845b491102eed8ac3bf0f261b3e6474239a8398a25c1a8a0bc51dd61679,2026-07,North Wales Police,North Wales Police,-3.214731,53.287416,On or near Ciglant Yr Hen Ysgol,W01000297,Flintshire 003D,Unable to prosecute suspect
dce53f4f1bc17a6297e5ebf270af1c30ca9f7c66be7eae8854405abff22c68e9,2026-07,North Wales Police,North Wales Police,-3.139361,53.246082,On or near Llys Alarch,W01000290,Flintshire 004B,Unable to prosecute suspect
b2d4c002083b4493c171b56b7be206c4e3b23533065d5d0777b7a5323df44c12,2026-07,North Wales Police,North Wales Police,-2.977998,53.168994,On or near Vickers' Way,W01000255,Flintshire 015A,Investigation complete; no suspect identified
a8517a1d08fbae8ea900c72fc7d4710eb902d37e29d0214c5cc149171f3bd3a5,2026-07,North Wales Police,North Wales Police,-4.352813,53.408053,On or near Bethesda Street,W01000003,Isle of Anglesey 001A,Unable to prosecute suspect
372e34840fd3ad608d39a1eb728450d9350b55820d5eef8c9a0ef537768ae908,2026-07,North Wales Police,North Wales Police,-3.829414,53.324663,On or near St George's Place,W01000169,Conwy 001D,Unable to prosecute suspect
3fe2bbba8b20c70597d52c1d622e23eff005083f797a99c6b063056a2ebed7bc,2026-07,North Wales Police,North Wales Police,-3.074558,53.213720,On or near Supermarket,W01000277,Flintshire 008B,Local resolution
042927bfc85d7baf092b32139710aa33f4a4dc6fe77c7c8dd15970c391c0ef98,2026-07,North Wales Police,North Wales Police,-3.169793,52.969602,On or near Oak Street,W01000208,Denbighshire 016C,Unable to prosecute suspect
81f6a5c1306ee05226a42458e4f75ea937269a15b4af14a677cee9c6747f5d2c,2026-07,North Wales Police,North Wales Police,-3.141917,53.167571,On or near Shopping Area,W01000315,Flintshire 016C,Local resolution
6888bd3b023bb580421449af304309bd7d4bcda447869ab186d6cf355515c58c,2026-07,North Wales Police,North Wales Police,-3.141917,53.167571,On or near Shopping Area,W01000315,Flintshire 016C,Local resolution
a797b9df98a5b7f668cc2a0657752dec55e0558109f7e07086f293c4ff3ecfff,2026-07,North Wales Police,North Wales Police,-3.141917,53.167571,On or near Shopping Area,W01000315,Flintshire 016C,Local resolution
84a2e15b975685dc8458b19c3fff571c5144c55dcea1e4a0eec6fbc4bdcece3a,2026-07,North Wales Police,North Wales Police,-3.488481,53.312136,On or near Brookes Avenue,W01000237,Denbighshire 006B,Action to be taken by another organisation
9fb6636e7f7f8e0764f9e9ca3bafd256c724c4cefb1a9d3d5a6bfe2530410948,2026-07,North Wales Police,North Wales Police,-3.200256,53.243003,On or near Maes Lygan,W01000258,Flintshire 006A,Investigation complete; no suspect identified
8971d9bf6f69410065e58861c4bc78e6fbd27b6b8febdb70dd2b87ac1a83bb87,2026-07,North Wales Police,North Wales Police,-3.023790,53.069672,On or near Hamlington Avenue,W01000379,Wrexham 004C,Suspect charged
d2a261ee9efd8456b295efc6eeadc7a7d25a901afcf94a0713fb19485bb23df2,2026-07,North Wales Police,North Wales Police,-3.056353,53.209667,On or near Park Grove,W01000283,Flintshire 008E,Local resolution
402ed51863aa0821bf9061cebf6999b72a4b63420717f1a91b357787a26f2d7e,2026-07,North Wales Police,North Wales Police,-3.902934,53.277195,On or near Mona Drive,W01000125,Conwy 013B,Unable to prosecute suspect
77621a1049d6f098cb2ead3c05c6442103506e9db2ebf22b99b2eba6021eb8cc,2026-07,North Wales Police,North Wales Police,-3.055634,53.212703,On or near Belmont Avenue,W01000283,Flintshire 008E,Unable to prosecute suspect
58040b57225ebb018bd7674f392dc93eb9a8a656321d91a6eaa337ad5b8af6a8,2026-07,North Wales Police,North Wales Police,-3.805273,53.285286,On or near Glyn-Y-Marl Road,W01000176,Conwy 011D,Investigation complete; no suspect identified
b092f9bf99b0e32d02d039e9d9e09b50af8adb08ab573702e39f5065b0a51fa7,2026-07,North Wales Police,North Wales Police,-3.493349,53.322575,On or near Parking Area,W01000239,Denbighshire 004D,Suspect charged
922efb3b4ce2162b977a01f9c4501f5c1d3466a1c37d222e6703f2d091bc0997,2026-07,North Wales Police,North Wales Police,-2.998669,53.195890,On or near North Street,W01000328,Flintshire 011C,Unable to prosecute suspect
3e6d55e6f4b09137f8ca8ed2268148555c952867c5579f63aaed7b4f904a91fd,2026-07,North Wales Police,North Wales Police,-2.940270,53.111497,On or near Cromar Crescent,W01000418,Wrexham 022A,Unable to prosecute suspect
2ff5e026d4c57fbfffb2fe8bd672a84b525bc15c69d142e7930394b4ef67b8c7,2026-07,North Wales Police,North Wales Police,-3.071354,52.970944,On or near Plas Kynaston Lane,W01000355,Wrexham 017B,Offender given a caution
4b2f5b318a8c052cdaa92212cd54622853bcdca0e63deb994d7f0c6a64be18c7,2026-07,North Wales Police,North Wales Police,-3.071354,52.970944,On or near Plas Kynaston Lane,W01000355,Wrexham 017B,Unable to prosecute suspect
42a4bc3b25826bee8dc5c810a94bb2ee9eeb5cce26a8269c6cd3c440131f7a83,2026-07,North Wales Police,North Wales Police,-3.139340,53.164009,On or near Llys Alexandra,W01000315,Flintshire 016C,Investigation complete; no suspect identified
2fa0f049c467964455407ba59b969e61a2a91d93ab36fc281a0a3af9f7ab23ae,2026-07,North Wales Police,North Wales Police,-3.082329,53.168591,On or near Police Station,W01000264,Flintshire 012A,Investigation complete; no suspect identified
e6248c0dc89a756a6910510d17d301e93a384aef2ddb432fd37619b005572e47,2026-07,North Wales Police,North Wales Police,-3.486672,53.320114,On or near Thorpe Street,W01000240,Denbighshire 004E,Unable to prosecute suspect
f31345f9d40e1966878369f795559c6986881019144c26b156f7c452ae8b5e44,2026-07,North Wales Police,North Wales Police,-3.060922,53.053813,On or near Heol Bryniog,W01000362,Wrexham 006C,Unable to prosecute suspect
c0fa0c68048cc8208669eb15712d222efcabe48eeaebbf3e3048f506158fa23b,2026-07,North Wales Police,North Wales Police,-3.513441,53.304010,On or near Owain Glyndwr,W01000151,Conwy 005C,Unable to prosecute suspect
731d351149e7f1717add65caefb60f7a45a25935259bb039689f6a9028df7108,2026-07,North Wales Police,North Wales Police,-3.513441,53.304010,On or near Owain Glyndwr,W01000151,Conwy 005C,Unable to prosecute suspect
769c5d01d38610352db09f97d63e76e93755e2d59d41d714656720a8df90789b,2026-07,North Wales Police,North Wales Police,-2.969623,53.048273,On or near Sycamore Road,W01001969,Wrexham 010F,Investigation complete; no suspect identified
ea24a5687eb8fb91e0bd1eb10d5d2a07b11efa57a2db747b13eef347e640a3c0,2026-07,North Wales Police,North Wales Police,-3.493349,53.322575,On or near Parking Area,W01000239,Denbighshire 004D,Suspect charged
bcf741c98870c39fb3f75a66ca6c56212b658ebcfaed65a43b18266d4ec1d548,2026-07,North Wales Police,North Wales Police,-3.007997,53.045958,On or near Hospital,W01000349,Wrexham 011A,Unable to prosecute suspect
952d1b38086c4dffa5e6346535613cd49c913a887a0d7ee75237666ff585a72c,2026-07,North Wales Police,North Wales Police,-4.167401,53.229453,On or near Tyddyn Mostyn,W01000042,Isle of Anglesey 008D,Suspect charged
87445d71fb8b7778ec5e380a2938122fd341be6dec4d2628bd6b8d544f4b51ba,2026-07,North Wales Police,North Wales Police,-2.976915,53.050092,On or near Moorland Avenue,W01000425,Wrexham 010E,Unable to prosecute suspect
bf107cf73f61fb3ef11088054302cfc2118d706bc2c6e56aa9bc0a11f371c834,2026-07,North Wales Police,North Wales Police,-3.840272,53.189258,On or near Clark Street,W01000185,Conwy 015E,Unable to prosecute suspect
a115506f0490e57dbaab0f0a53cdded125adae5ae401269242a55f88a4495124,2026-07,North Wales Police,North Wales Police,-3.126252,53.236534,On or near Ffordd Rufeinaid,W01000294,Flintshire 005C,Unable to prosecute suspect
863627bccc5aad0025f6e486f19fa8106229974c72a5dd826c8934dd66b96654,2026-07,North Wales Police,North Wales Police,-3.521476,53.312196,On or near Astley Court,W01000152,Conwy 005D,Investigation complete; no suspect identified
b4ff40be05c3dfe4ef272c015e4bcedd6ae136992fb01bad3ead03b97b4a5725,2026-07,North Wales Police,North Wales Police,-3.221818,53.273447,On or near Heol Fawr,W01000304,Flintshire 003E,Unable to prosecute suspect
7b1bdf00c2d8c55143b380a94d6e42be769c517173592b64b7a8fd944c9bdc76,2026-07,North Wales Police,North Wales Police,-3.414439,53.327213,On or near Clos Sant Ffrancis,W01000222,Denbighshire 003C,Investigation complete; no suspect identified
28fbcc4f963722b7dbbf4b04543d9a3827c16e3073585a966c4302a7eaf68ac5,2026-07,North Wales Police,North Wales Police,-3.026334,53.206675,On or near Chester Road (West),W01000328,Flintshire 011C,Investigation complete; no suspect identified
86138da49e5ad66aa2288ecc949e2f93260bb92b4563bb5909fc7de317a17b0b,2026-07,North Wales Police,North Wales Police,-3.007997,53.045958,On or near Hospital,W01000349,Wrexham 011A,Investigation complete; no suspect identified
55a3fc7644374ab3d8a1a3323177443f8a59855cfee62b7f1ffe3d24646fb1ed,2026-07,North Wales Police,North Wales Police,-3.405609,53.330392,On or near South Avenue,W01000213,Denbighshire 002A,Investigation complete; no suspect identified
d420a4cc90b969626540b66b63cdb2b0a1fcb02605a1ddb8a254bec327508502,2026-07,North Wales Police,North Wales Police,-3.723838,53.293306,On or near A547,W01000143,Conwy 007B,Unable to prosecute suspect
6bbca775ae351d1d95d41e7b114405c23a62ad1f04a96751fba4a314e6619bdc,2026-07,North Wales Police,North Wales Police,-3.216034,53.285731,On or near Maes-Y-Dyffryn,W01000297,Flintshire 003D,Local resolution
06dd854e3537b5165fd95e8e85b6a26b0ebe1c3dd1bdc5930799041986e60abf,2026-07,North Wales Police,North Wales Police,-3.749626,53.308258,On or near Awel-Y-Mor,W01000158,Conwy 004D,Investigation complete; no suspect identified
41ac693b35954b87fde35d5a1680c5897dd0caed42b5f18c366307bf12cabceb,2026-07,North Wales Police,North Wales Police,-4.308591,53.254008,On or near Supermarket,W01000012,Isle of Anglesey 006B,Investigation complete; no suspect identified
05f8f56b52dcb325c7080d3d544c9cee1d51865ab61582b145a3fc8029903787,2026-07,North Wales Police,North Wales Police,-3.833389,53.317230,On or near King's Road,W01000168,Conwy 002B,Unable to prosecute suspect
09efd13ec19442c5ea52bc8685329e4034b91a8cf6d65c08261e8e44a498c3f0,2026-07,North Wales Police,North Wales Police,-3.136551,53.249731,On or near Earl Street,W01000290,Flintshire 004B,Unable to prosecute suspect
ad5c0a005f0f5f657fc83d6c9793ee3fb0479cca4cc688a69c6ed1f3a3d9f9ce,2026-07,North Wales Police,North Wales Police,-3.218505,53.275575,On or near Ffordd Fer,W01000304,Flintshire 003E,Investigation complete; no suspect identified
2baa8c6f8c6e9f2ac49aec192310e8b5c219c0044dd905c21546b0728e548a37,2026-07,North Wales Police,North Wales Police,-2.967721,53.041906,On or near St Annes Court,W01000414,Wrexham 010D,Suspect charged
1d1c0d385715c54d219771368f2750cc2e1f2fa1f802da09d71a6eb2ae223e5f,2026-07,North Wales Police,North Wales Police,-2.967721,53.041906,On or near St Annes Court,W01000414,Wrexham 010D,Suspect charged
77e3661b7eae6498a238e9a2a683ccb112480ef716d5556f583ca9d7aebe9068,2026-07,North Wales Police,North Wales Police,-3.522995,53.304688,On or near Llugwy Road,W01000151,Conwy 005C,Action to be taken by another organisation
3009b712b9c07c689c4e138e2a336b1e2aef3a180325d08e1ab3cc1b9907c47b,2026-07,North Wales Police,North Wales Police,-3.472732,53.316826,On or near Pendyffryn Road,W01000238,Denbighshire 006C,Investigation complete; no suspect identified
b8f4822236ab136dee637c01ee26030604d9248f846785cd02cfbe0635b13b51,2026-07,North Wales Police,North Wales Police,-3.481339,53.319578,On or near Mona Terrace,W01000238,Denbighshire 006C,Unable to prosecute suspect
a1e4ab3141877045849745061a2030d080cb15442c3d1d36c8dbe7e3089eb1f7,2026-07,North Wales Police,North Wales Police,-3.084263,53.168083,On or near Parking Area,W01000262,Flintshire 017C,Offender given a caution
8b3e0693b114726157ae16d9e750d5bd7236d983e536a98a7ffe60efa11b60fb,2026-07,North Wales Police,North Wales Police,-4.152317,53.217764,On or near Sports/Recreation Area,W01000072,Gwynedd 002B,Unable to prosecute suspect
276d91d4c4d66a4ce3394ba479c75592531a388065b666c2aac9c90186d52049,2026-07,North Wales Police,North Wales Police,-3.084263,53.168083,On or near Parking Area,W01000262,Flintshire 017C,Offender given a caution
edc0e8b1c314b8088c56a31542d3c9ba24341fcdd13aaa4de772744564b4f672,2026-07,North Wales Police,North Wales Police,-4.216256,53.282111,On or near The Square,W01000035,Isle of Anglesey 005E,Suspect charged
1a9210c88ba72c8a80e874b9d72231c509f6758b3f6ced865c1dcdb7968ec37f,2026-07,North Wales Police,North Wales Police,-3.643820,53.289365,On or near Garth Gopa,W01000153,Conwy 009D,Unable to prosecute suspect
f3145055c92cd5035d7f2e8d073d568e3942a998abfe6bab535c928c604b701a,2026-07,North Wales Police,North Wales Police,-3.502745,53.315247,On or near Sydenham Avenue,W01000241,Denbighshire 004F,Unable to prosecute suspect
61cd14667f54af90da5033db833a104459648de4e7ead0b2afb14731d93bd608,2026-07,North Wales Police,North Wales Police,-3.032749,53.208786,On or near Petrol Station,W01000336,Flintshire 009E,Local resolution
724078694e3afd6addc58f40e235f5152b85dd053b5ec250ba2ae7ddde88d6f5,2026-07,North Wales Police,North Wales Police,-4.159825,53.209020,On or near Hospital,W01000102,Gwynedd 002E,Unable to prosecute suspect
0645852ddfef37a481678bb505fd4801ab0240f828f0e091caca5c51ad927fac,2026-07,North Wales Police,North Wales Police,-4.617250,53.299803,On or near Parc Busnes Penrhos,W01000040,Isle of Anglesey 004D,Investigation complete; no suspect identified
329dbf879448d1911ef82f1fc355caf918048dde5ab9813cb0a563297300aab2,2026-07,North Wales Police,North Wales Police,-3.485722,53.325619,On or near Parking Area,W01000228,Denbighshire 004C,Formal action is not in the public interest
d72d583232c7bf72541485e9b343fef6d1e92fa43616196962ab0d627115634f,2026-07,North Wales Police,North Wales Police,-3.032749,53.208786,On or near Petrol Station,W01000336,Flintshire 009E,Local resolution
432c3bed05d017d7b3de458f0d1b97dbee45ddab100e1bdc72d13f1553232176,2026-07,North Wales Police,North Wales Police,-3.830333,53.312458,On or near Ffordd Ysbyty,W01000187,Conwy 002C,Unable to prosecute suspect
d87a78ae423c5a627da281d6540b3ef9e04bb45e3edb867f9d6a23359e615bf5,2026-07,North Wales Police,North Wales Police,-3.048610,53.216333,On or near Celtic Street,W01000283,Flintshire 008E,Unable to prosecute suspect
44cacc570202c6841d6f039f3c1728735795372c9bc1d257b298c1a480d9739c,2026-07,North Wales Police,North Wales Police,-4.123906,53.227341,On or near Rhes Plas Llwyd,W01000062,Gwynedd 001A,Unable to prosecute suspect
468dbc56cbf3d065ac09496318444079325f19993764cb648ffcd2709397388c,2026-07,North Wales Police,North Wales Police,-3.086494,53.161680,On or near Powell Road,W01000263,Flintshire 017D,Unable to prosecute suspect
8f56d3c8738e4dc15e90eb2eccd7016c1bb2b5e0bbafae760b999d74db5372b3,2026-07,North Wales Police,North Wales Police,-3.067770,53.221988,On or near Hamilton Road,W01000278,Flintshire 007D,Unable to prosecute suspect
6d4c2df80ff016a52ac0770242e2b0c5990fa408c7bde92aee5deb1f284c721e,2026-07,North Wales Police,North Wales Police,-3.215781,53.227168,On or near Trem-Y-Foel,W01000301,Flintshire 006E,Unable to prosecute suspect
e24b54be1948846339e37912c2220500b3f262d582221aac77069d5d47880815,2026-07,North Wales Police,North Wales Police,-4.146511,53.215895,On or near Pen-Y-Wern,W01000064,Gwynedd 002A,Unable to prosecute suspect
1fc02106eee4d3ff2efa40844340a887786ea6a9b3bfc312d83da237982efee8,2026-07,North Wales Police,North Wales Police,-4.630805,53.306185,On or near Holyhead,W01000029,Isle of Anglesey 003C,Unable to prosecute suspect
812c83011489fa12d41e2b581e1f461b50ef0031cc8c19c26912c2293f017ae5,2026-07,North Wales Police,North Wales Police,-3.143104,53.171147,On or near Henffordd,W01000319,Flintshire 016G,Investigation complete; no suspect identified
6bd03f51a99cb439552e5f24adeb6842eacabed389c40013b361340992aa22ed,2026-07,North Wales Police,North Wales Police,-3.728596,53.294459,On or near Woodland Road West,W01000182,Conwy 007D,Unable to prosecute suspect
8619320a8a352c61a058a8f73c0cc919aa574dc07c42defbc8acc5b78c106475,2026-07,North Wales Police,North Wales Police,-4.066867,53.190899,On or near Maes Bleddyn,W01000071,Gwynedd 003B,Unable to prosecute suspect
33201b4680dd8f9fc75d57ac9785321bb4cc0ff1a78583aa35ab6bc751c45533,2026-07,North Wales Police,North Wales Police,-3.416056,53.337038,On or near Windermere Drive,W01000219,Denbighshire 001B,Investigation complete; no suspect identified
30790d56c19475226111be603f5674b1ac8d21c6c1e779afa2df4f2b80fc87a1,2026-07,North Wales Police,North Wales Police,-3.193098,53.140207,On or near Sports/Recreation Area,W01000203,Denbighshire 013A,Unable to prosecute suspect
9d61adc889346fc03996f6fddb8909addee37cdcf85db546499baa3d28fd77a8,2026-07,North Wales Police,North Wales Police,-3.307148,53.246931,On or near Cwrt Melyd,W01000271,Flintshire 006C,Local resolution
2f22845db7643fcd5fa9bc75bdac7c42a3277583aced8b1c6507dc7a490d26b7,2026-07,North Wales Police,North Wales Police,-4.526376,53.345622,On or near Parking Area,W01000022,Isle of Anglesey 004A,Unable to prosecute suspect
2b72089c4cd65c43f2019d39ba35393d04fe68343eab36e0a714b50c3da8b59f,2026-07,North Wales Police,North Wales Police,-3.338811,53.174267,On or near Maes Clwyd,W01000206,Denbighshire 013C,Local resolution
f3066974600301cb85f9ec27af0fab2313f53886eacbfa0c38c7fa4c528c9b85,2026-07,North Wales Police,North Wales Police,-3.136551,53.249731,On or near Earl Street,W01000290,Flintshire 004B,Local resolution
1fd3ea02da2bd17230b05e5045afdef7e7b11d15e7c54c3844ceefe6ad88430d,2026-07,North Wales Police,North Wales Police,-3.764189,53.294145,On or near Ffordd Mynach,W01000167,Conwy 011C,Unable to prosecute suspect
b82023e69db00f79c98c4a6fe6fd7116453c63f60cdeefa35400ac85483fa6ed,2026-07,North Wales Police,North Wales Police,-2.933632,53.034681,On or near Bridgeway East,W01001971,Wrexham 022D,Unable to prosecute suspect
f4b8db1a7851f17b0dd96c14fc135c0e5ccd55b2040c6da74b53878ae8a524dc,2026-07,North Wales Police,North Wales Police,-3.764189,53.294145,On or near Ffordd Mynach,W01000167,Conwy 011C,Unable to prosecute suspect
88760bb12ae3dea56b11f3a3579a83177388352436480f9a1aadf2e4ed052f15,2026-07,North Wales Police,North Wales Police,-3.013759,53.214334,On or near Farm Road,W01000333,Flintshire 009B,Unable to prosecute suspect
836a564b50ee4f934c2415d02402c85a47a81529fc8504793d217c8044fa0c05,2026-07,North Wales Police,North Wales Police,-3.553136,53.299876,On or near Towyn Road,W01000184,Conwy 005E,Investigation complete; no suspect identified
513f4c4348f11d3867eb7d2f434f674e2b7029686a2c737121d7f8a59cde230f,2026-07,North Wales Police,North Wales Police,-4.143288,53.221249,On or near Lon Ogwen,W01000072,Gwynedd 002B,Unable to prosecute suspect
2b10a8700998d7b6089fac7dddc74b77f8a928581acef3ab4460113a235abf26,2026-07,North Wales Police,North Wales Police,-3.696862,53.283111,On or near Dol Elian,W01000138,Conwy 008A,Unable to prosecute suspect
7030de4cd974b8f648faf87e0ba3aa20ddc891f5191bc946483bca00d81d7937,2026-07,North Wales Police,North Wales Police,-2.993523,53.164326,On or near Wellington Road,W01000255,Flintshire 015A,Unable to prosecute suspect
60f35c87ce5c1312f2f253c214889f402f04a5141e9516a2e628b681c504205f,2026-07,North Wales Police,North Wales Police,-3.112777,53.169321,On or near Trem Afon,W01000322,Flintshire 014E,Unable to prosecute suspect
7fedddb7ec4c2327f10ca57220a6f9b297a77feee27b62ace287b618aed17a7f,2026-07,North Wales Police,North Wales Police,-4.131078,53.224261,On or near Petrol Station,W01000062,Gwynedd 001A,Suspect charged
2c06af4f32c49e8fdcf60b6f8c1c0a72d826360ea0e6cf7f718a9e4cf522cecf,2026-07,North Wales Police,North Wales Police,-4.121940,53.228788,On or near Nightclub,W01000062,Gwynedd 001A,Unable to prosecute suspect
5941553758efd8f2f9bb97e4fb72a88bb97c0fd6932eecd8682a2ab7460a7303,2026-07,North Wales Police,North Wales Police,-3.041611,53.189571,On or near Oakfield Road,W01000251,Flintshire 013A,Further action is not in the public interest
7d58a39431787939600d3b2363784fc21c158f43672a53f32836508cd4fe24c3,2026-07,North Wales Police,North Wales Police,-3.592418,52.902325,On or near B4391,W01000083,Gwynedd 015D,Further investigation is not in the public interest
89642fd2338bf7d085b13d114d6a4080b842305ab6fbb341b79ccab7f361e742,2026-07,North Wales Police,North Wales Police,-3.883561,52.741040,On or near Penbrynglas,W01000068,Gwynedd 016E,Further investigation is not in the public interest
efdd9e6a460de15e8fa85abcde9043483a23c58e70532ab2ecefc4b59fda3937,2026-07,North Wales Police,North Wales Police,-3.043671,53.146224,On or near Station Way,W01000327,Flintshire 018C,Investigation complete; no suspect identified
671ac359ab881819bc7af4d07d4f9f970071abaf93c89549ac26bc3ccd7841e6,2026-07,North Wales Police,North Wales Police,-4.103490,52.591647,On or near Morfa Crescent,W01000117,Gwynedd 017E,Unable to prosecute suspect
2023dd89c6afdec1cd17168e15d902f206cb1925ed35c4031ac54ea74e4e0c27,2026-07,North Wales Police,North Wales Police,-4.113933,53.224399,On or near Greenwood Avenue,W01000091,Gwynedd 001D,Further action is not in the public interest
e24dd80a639d95d61c231350b85e62de744362f84d67f0c1d686df1f57cfae81,2026-07,North Wales Police,North Wales Police,-3.207134,53.243005,On or near Buxton Lane,W01000258,Flintshire 006A,Investigation complete; no suspect identified
ed4c678c2edf379c61ff6a5aa4b44da13887b810d50a8f560690f296f66607df,2026-07,North Wales Police,North Wales Police,-4.633386,53.302747,On or near Llys Treseifion,W01000030,Isle of Anglesey 003D,Unable to prosecute suspect
1909e0cf84af6cbb84811a3b3c4ced1b0b479b85e5822658b14acad9d421757c,2026-07,North Wales Police,North Wales Police,-4.633386,53.302747,On or near Llys Treseifion,W01000030,Isle of Anglesey 003D,Unable to prosecute suspect
c39b50b9239fcd4a3ab1f101dd952285137a4e52b100d1abac04f50c05701634,2026-07,North Wales Police,North Wales Police,-3.072270,53.176049,On or near Clos Ruthin,W01000268,Flintshire 013B,Unable to prosecute suspect
1504fce5dc7bc92a61b8e1a961b6683547dd0f3075076dcbf9861f416a8d516c,2026-07,North Wales Police,North Wales Police,-3.167541,52.968905,On or near Cross Lane,W01000210,Denbighshire 016E,Unable to prosecute suspect
4e09dd258e347d2bd71c8d7e435904bfdcf104dac63cb489b31445a959490286,2026-07,North Wales Police,North Wales Police,-2.971005,53.166687,On or near Bretton Road,W01000255,Flintshire 015A,Investigation complete; no suspect identified
b857ad86eefa82730f7515d088b110185126f47b1e8f4dbe547475417690acad,2026-07,North Wales Police,North Wales Police,-4.352850,53.235204,On or near Llys Tegeirian,W01000007,Isle of Anglesey 009A,Investigation complete; no suspect identified
aa75ea12e788a8726d4a6a186c332d9028d243b276c654992a0dd8957f2bea1e,2026-07,North Wales Police,North Wales Police,-3.150269,53.171087,On or near Fir Grove,W01000318,Flintshire 016F,Unable to prosecute suspect
c0fa74028f9f05b4b93d8321939376d2ddec569bdec1bd9fa84e3bae54f2f809,2026-07,North Wales Police,North Wales Police,-2.945115,53.177045,On or near Delta Court,W01000329,Flintshire 015D,Unable to prosecute suspect
13632ae38eaee715bf9a505905d7bfee12ed300c7cd78eef975de26061e663dc,2026-07,North Wales Police,North Wales Police,-4.083703,53.167041,On or near Gefnan,W01000115,Gwynedd 003E,Unable to prosecute suspect
ac3d8655e18f3dced8b499080a5660c3be8d814b616df9c978d8b559c0ec0a29,2026-07,North Wales Police,North Wales Police,-3.486672,53.320114,On or near Thorpe Street,W01000240,Denbighshire 004E,Investigation complete; no suspect identified
a6f8193ed3e7c9936b5b5ff89f693e050c85221a79fd9a0cf2f7ada6c6c50d36,2026-07,North Wales Police,North Wales Police,-4.272820,53.140564,On or near Penrallt Isaf,W01000059,Gwynedd 006A,Unable to prosecute suspect
26108dcf1ed3399ea19472d78f5540bcf4eedbcd1780ea418696aca5ad7c9382,2026-07,North Wales Police,North Wales Police,-4.422248,52.880481,On or near Awel-y-Mor,W01000109,Gwynedd 012E,Unable to prosecute suspect
b820840f06c2b1d9288e4a6c0e063666524ce5679b838d8fa3429aa4d25fd4aa,2026-07,North Wales Police,North Wales Police,-3.682454,53.289806,On or near Penrhos Avenue,W01000127,Conwy 009B,Unable to prosecute suspect
11b0e1d3a17118cc7899be770534815cdc6f91f2e8fad393622e5f1038323767,2026-07,North Wales Police,North Wales Police,-3.153179,53.168038,On or near Queens Park,W01000318,Flintshire 016F,Unable to prosecute suspect
298d1fb651e5cb7c533423dcbdc5d4350862e6481a5cd9531d21351e4bb6e1ad,2026-07,North Wales Police,North Wales Police,-3.473204,53.286966,On or near St Asaph Road,W01000225,Denbighshire 009D,Unable to prosecute suspect
e2080b397dd210af7220592123e799dda98effa40aeb371aafad6bb00eb0a6f7,2026-07,North Wales Police,North Wales Police,-3.385034,52.988432,On or near Ffridd Y Gog,W01000193,Denbighshire 015A,Investigation complete; no suspect identified
835c4c1a77faf245d428e34939d6447c58a1efc9d268691aa99ce37c17bf6d1e,2026-07,North Wales Police,North Wales Police,-3.378403,53.010382,On or near Deunant,W01000207,Denbighshire 015C,Investigation complete; no suspect identified
bf767c09d4007760412f0e13454838bb3f5d8b96ccb8a8956ac4eff397a5e99b,2026-07,North Wales Police,North Wales Police,-3.414311,53.186151,On or near Supermarket,W01000194,Denbighshire 011A,Investigation complete; no suspect identified
6b560a8e102b5246658d3891b18b8d4905029c0878ed4b3ea0c2807c680cea21,2026-07,North Wales Police,North Wales Police,-3.410581,53.186959,On or near Pigot Road,W01000196,Denbighshire 012B,Suspect charged
ba121cd9f6068053bea782bfb3dd2760bd3fac6a4f0af2555beeed2fd520c41e,2026-07,North Wales Police,North Wales Police,-3.315287,53.181883,On or near Parking Area,W01000206,Denbighshire 013C,Unable to prosecute suspect
4df786a338965b4fb99f780c27e837c1387583077805627247d992bfe7fb6bed,2026-07,North Wales Police,North Wales Police,-3.784072,53.134128,On or near Sports/Recreation Area,W01000134,Conwy 015B,Further action is not in the public interest
7640666fc1ebd8f5bc53c6f8c9320ff4f60ab32e7c392315674a0452f981c55a,2026-07,North Wales Police,North Wales Police,-4.139347,53.159006,On or near Petrol Station,W01000099,Gwynedd 005C,Investigation complete; no suspect identified
42dcf3024b322b34bc572d9f34094ffc5940288fa5bdb65f227a0c4d95a4c527,2026-07,North Wales Police,North Wales Police,-3.057252,53.216976,On or near Arnold Grove,W01000274,Flintshire 007B,Unable to prosecute suspect
1e2734c8b11c71c9bf8e8eae677fd432fb5fc0eb97a3d1a58bbd6ddb55409b1c,2026-07,North Wales Police,North Wales Police,-4.628793,53.308855,On or near Parking Area,W01000033,Isle of Anglesey 003E,Local resolution
6b134bc104ca4e3b3958362d8cb82478411034d2ded80171e81a66d12bd78556,2026-07,North Wales Police,North Wales Police,-3.060691,53.221009,On or near Leighton Court,W01000273,Flintshire 007A,Investigation complete; no suspect identified
21869cda2b1fd5b9c8b6c6b12994c92cbbdac946c3cdb9c54bead3687d5810cb,2026-07,North Wales Police,North Wales Police,-3.489931,53.319273,On or near Stryd Bodfor,W01000240,Denbighshire 004E,Unable to prosecute suspect
232326aef2efe532b08d557cf491481b4c6a5c1c8c5affc8c7732c295a280407,2026-07,North Wales Police,North Wales Police,-3.047275,53.075527,On or near Plas Dur,W01000351,Wrexham 005A,Investigation complete; no suspect identified
87d29d0159702c899d1076b9d4e76de01967c83af7cb1e33a639a144c1979961,2026-07,North Wales Police,North Wales Police,-3.141998,53.245499,On or near Cornist Road,W01000290,Flintshire 004B,Investigation complete; no suspect identified
c02c3c5504f6abefdb39656ed165895faafb909fb48ef58960815d5f88517741,2026-07,North Wales Police,North Wales Police,-4.644857,53.310577,On or near Llain Westbury,W01000030,Isle of Anglesey 003D,Unable to prosecute suspect
d0c417662e8179b75729a35f5d27baafa4355eec28fab44e56f0ee8f8de1dc5c,2026-07,North Wales Police,North Wales Police,-3.041611,53.189571,On or near Oakfield Road,W01000251,Flintshire 013A,Local resolution
395103045f3401531ba2cd83c6f3d0b3e178b1b5e8f26c24ba645e17a0ee4671,2026-07,North Wales Police,North Wales Police,-4.306183,53.257323,On or near Sports/Recreation Area,W01000041,Isle of Anglesey 006D,Unable to prosecute suspect
fb911f652999b46ac98902245bbb89294d79af8e466d361c5c005e233d355364,2026-07,North Wales Police,North Wales Police,-3.355760,53.219689,On or near Quarry Bank,W01000248,Denbighshire 008D,Unable to prosecute suspect
6f23f8b06aad437601e987bf50387ad31d40105d21457bea88f32d9400c75539,2026-07,North Wales Police,North Wales Police,-4.633985,53.307607,On or near Station Street,W01000016,Isle of Anglesey 003A,Unable to prosecute suspect
6e2a0d1e7a081f22ff868dba0efdd07595dff10042a3cc6eae024a9c338b4cea,2026-07,North Wales Police,North Wales Police,-3.045826,53.148758,On or near Silver Birch Way,W01000326,Flintshire 018B,Investigation complete; no suspect identified
37c24edd8f74adba6260a3c0e6b6ddc62e482a8d1bc82427e6d06606e05d225b,2026-07,North Wales Police,North Wales Police,-3.710462,53.288248,On or near Hospital,W01000139,Conwy 007A,Unable to prosecute suspect
9232ffca211bfe6cc0fc3e8da4f49dd7c29726eb213818529b54e94c8f1f70ba,2026-07,North Wales Police,North Wales Police,-4.418458,52.887941,On or near Maes Square,W01000108,Gwynedd 012D,Unable to prosecute suspect
09e4b8aaae76e2257f4f1e1001b33846e0d3978f7c70e6eee0af674df9b7ee82,2026-07,North Wales Police,North Wales Police,-2.989650,53.040695,On or near Petrol Station,W01000382,Wrexham 012B,Investigation complete; no suspect identified
f106b262ffc66d51278c8d8f0063393cb85bd86ab003081de4709db12fe0424a,2026-07,North Wales Police,North Wales Police,-4.133017,53.228877,On or near Ffordd Y Tywysog,W01000092,Gwynedd 001E,Investigation complete; no suspect identified
55e413bf80b075aac75de73be358ac0bf864dc0eb498db2db1a99bb46a80da5a,2026-07,North Wales Police,North Wales Police,-3.459056,53.313749,On or near Maes Bryn Melyd,W01000234,Denbighshire 017G,Investigation complete; no suspect identified
13646845f3016eafc4774b4492633bf8ce34f018ff55ee09484dc72e75638167,2026-07,North Wales Police,North Wales Police,-3.086818,52.962883,On or near Methodist Hill,W01000389,Wrexham 017D,Investigation complete; no suspect identified
bb4100e3b48ee17ba8604953e42e912317b3fb0486a7434eefe63d02a6d27e50,2026-07,North Wales Police,North Wales Police,-4.629262,53.307451,On or near Parking Area,W01000033,Isle of Anglesey 003E,Unable to prosecute suspect
dbcf85e710307d38130d2db30a8518a8d9c9708bbf97840378248639ebe160db,2026-07,North Wales Police,North Wales Police,-3.136551,53.249731,On or near Earl Street,W01000290,Flintshire 004B,Suspect charged
ad4f62a57cf3268670129f7a133c3247e1116b143db6cdcc8a89ac333c83ab3a,2026-07,North Wales Police,North Wales Police,-4.563486,53.281496,On or near Valley,W01002007,Isle of Anglesey 004G,Investigation complete; no suspect identified
ebdf054d78a036577f2ce148c05adea035be3f4d5000f382c64c24b61e9e92c8,2026-07,North Wales Police,North Wales Police,-4.208928,53.113149,On or near Stad Ty Hen,W01000118,Gwynedd 007D,Investigation complete; no suspect identified
610bacfc8e7c4a6eebad5021baf62c3076d88f9f4bf177bd1ede51c7c1160a55,2026-07,North Wales Police,North Wales Police,-3.830470,53.323388,On or near Norwood Passage,W01000169,Conwy 001D,Investigation complete; no suspect identified
874cafdb036a0a852ea1297a043b3487860232192663a825926f843221fb6ef7,2026-07,North Wales Police,North Wales Police,-4.472800,53.269323,On or near Ystad Ty'n Berllan,W01000009,Isle of Anglesey 007C,Unable to prosecute suspect
c1c91fa6f3fd506ce34df47d24dd559c328b57ecd315a242c29cb10271ebb1b9,2026-07,North Wales Police,North Wales Police,-3.192903,53.192530,On or near Nant Alyn Road,W01000272,Flintshire 006D,Investigation complete; no suspect identified
a65816961d7d921a0abc206aa77bc0461ec66513fe41a4918b9ec4e76d4849ab,2026-07,North Wales Police,North Wales Police,-3.000397,53.040485,On or near Edward Street,W01000402,Wrexham 011D,Investigation complete; no suspect identified
8b24863dfa7ce331bd1b71e4dd2d094c3e7d180e13e4a1834b32186c8ecf456c,2026-07,North Wales Police,North Wales Police,-4.422248,52.880481,On or near Awel-y-Mor,W01000109,Gwynedd 012E,Investigation complete; no suspect identified
0bc844ae5e2b3a830152f112fcf77c89fa1024d7fbdbdd55c0a7ea323602c408,2026-07,North Wales Police,North Wales Police,-4.140624,52.938213,On or near Church Street,W01000107,Gwynedd 010E,Investigation complete; no suspect identified
16b5481ecbfb03652e8dcc7c06a733c8e9212fe5876a445c12d34e178719e665,2026-07,North Wales Police,North Wales Police,-3.813244,53.305231,On or near Cae Rhos,W01000135,Conwy 006A,Investigation complete; no suspect identified
2333651280082ed363eb1d0b68f41743dffd22dccd7be1e888a20d8204597061,2026-07,North Wales Police,North Wales Police,-3.210244,53.287858,On or near Parking Area,W01000296,Flintshire 003C,Investigation complete; no suspect identified
a9be57cacd21b018c10565bbfbe145810922786cc63a362b6b355ce429f7376c,2026-07,North Wales Police,North Wales Police,-3.019103,53.032370,On or near Supermarket,W01000367,Wrexham 014B,Investigation complete; no suspect identified
d018dcd5fd29003cd2af604ce0550b73a544ae2f64817f46e8dbbcada7621672,2026-07,North Wales Police,North Wales Police,-3.052304,53.005688,On or near Erw Las,W01000405,Wrexham 015B,Investigation complete; no suspect identified
b554328adc2f1bcb839c80b39efeeaa71ecf9964c902c22d8be624129359d17b,2026-07,North Wales Police,North Wales Police,-3.039000,52.986612,On or near Park Street,W01000407,Wrexham 016C,Investigation complete; no suspect identified
21949d8a740c0ab20f03176c3637578e7a37be3237dc74beda8e8dd79168977c,2026-07,North Wales Police,North Wales Police,-3.072445,52.973505,On or near Parking Area,W01000355,Wrexham 017B,Investigation complete; no suspect identified
2f91889ceadda88cc68a6e0a28155bca4a8746327be1e0eeae3b05a123406e08,2026-07,North Wales Police,North Wales Police,-4.118006,53.197948,On or near High Street,W01000103,Gwynedd 005D,Investigation complete; no suspect identified
6650b74a93e9f3df0ba7592f5ecd92d743001233f06f6daa9b858c108a6c2f5d,2026-07,North Wales Police,North Wales Police,-2.993548,53.046161,On or near Stryt Y Syfwr,W01000372,Wrexham 008C,Investigation complete; no suspect identified
efe3bd8726280e567ad6739d98260b9aadcab7f704720fbfd35bb0476dd124c5,2026-07,North Wales Police,North Wales Police,-4.636697,53.312151,On or near St Seiriol's Close,W01000037,Isle of Anglesey 003G,Investigation complete; no suspect identified
915b24614da2fc2a248cc1abcae8673b4be2f812f651a48e1924fb121ae12393,2026-07,North Wales Police,North Wales Police,-3.050482,53.214510,On or near Fron Road,W01000283,Flintshire 008E,Investigation complete; no suspect identified
1af31b8800c8694ee1ea3771e35e0d5ecf0ce31daba859e5b416ec8c79ab5d5f,2026-07,North Wales Police,North Wales Police,-3.057613,53.012518,On or near High Street,W01000411,Wrexham 015C,Unable to prosecute suspect
571851606fde7932b7524647c27f1a5146ea41860a76d865b9c5c89c99cec733,2026-07,North Wales Police,North Wales Police,-3.070389,53.216499,On or near Lon Dderwen,W01000278,Flintshire 007D,Unable to prosecute suspect
02f1ed3971d2613c37eb5e863453545c155ee44719a95f21326623828f5b8084,2026-07,North Wales Police,North Wales Police,-3.209252,53.276128,On or near Bryn-Y-Gwynt,W01000305,Flintshire 003F,Suspect charged
cbec96a3220f308a88b51c1311d7311c58d451590447d4b88479652c113b228b,2026-07,North Wales Police,North Wales Police,-3.191463,53.278195,On or near Bron Haul,W01000254,Flintshire 003B,Investigation complete; no suspect identified
65c46c33d303008b7b4e42ad4f92d89bd1872af3e6d7e34d7e2841d7505b9ad1,2026-07,North Wales Police,North Wales Police,-3.489674,53.320086,On or near St Helens Place,W01000240,Denbighshire 004E,Unable to prosecute suspect
0b140eeb69d0d62a4a17f6082c21dd66c2d1ce4e2da3a6112ff829610a63c1f2,2026-07,North Wales Police,North Wales Police,-3.756051,53.308280,On or near Supermarket,W01000158,Conwy 004D,Suspect charged
8778693f32a450e36f21156cf4c22d5a7a53f12b7d9f916ce5fb7e7cb540835b,2026-07,North Wales Police,North Wales Police,-3.003963,53.214902,On or near Maes Helyg,W01000333,Flintshire 009B,Unable to prosecute suspect
ebf47705bfda0ffc9ed8c0b355eef7577f8e78491ed1252d0ea97cb53a6b22a3,2026-07,North Wales Police,North Wales Police,-2.933632,53.034681,On or near Bridgeway East,W01001971,Wrexham 022D,Investigation complete; no suspect identified
2409dbfb1aaba8819e9f97ab540f3aee314970d65ec250261212ccdfc9fdf7e7,2026-07,North Wales Police,North Wales Police,-4.125798,53.225599,On or near Caellepa,W01000062,Gwynedd 001A,Investigation complete; no suspect identified
3593b3783980aeac2e08c5dcbb798102853529ea61509dbf34fbc931d0b86ed1,2026-07,North Wales Police,North Wales Police,-3.448413,53.330150,On or near Sherwood Avenue,W01000226,Denbighshire 004A,Unable to prosecute suspect
9bdd0b698f32a4502c7bc1abbdbb72188196cfc4b927a88597f816f6ea1f9346,2026-07,North Wales Police,North Wales Police,-3.604281,53.218291,On or near Llys Dolhaiarn,W01000122,Conwy 014A,Unable to prosecute suspect
ec911b29527f384d21386b6da8a6655d15af70ecae92c36489caa53a6490f371,2026-07,North Wales Police,North Wales Police,-4.249612,53.184853,On or near Park/Open Space,W01000027,Isle of Anglesey 009C,Investigation complete; no suspect identified
eef5bd5e6759e438801e858946ae6c94a2090fd719de81eb866c07a8c8ad098a,2026-07,North Wales Police,North Wales Police,-4.322034,53.259975,On or near Sports/Recreation Area,W01000014,Isle of Anglesey 006C,Unable to prosecute suspect
c3beb8d6d60d85a1beb420ad8287c0ded74a2038bacf68ca89403ffd82f1e0fb,2026-07,North Wales Police,North Wales Police,-3.949766,52.992869,On or near Sports/Recreation Area,W01000056,Gwynedd 009A,Unable to prosecute suspect
d85d2de7b35f142635f385933277c37e0d9a3a257d70bebacc12774c297ad699,2026-07,North Wales Police,North Wales Police,-3.567384,53.295573,On or near Trem-Y-Mynydd,W01001927,Conwy 010G,Action to be taken by another organisation
972c495ea86117a568e7aba41e2bd5cc0c2b52d72ae1d2e9a051d3063a7ddf3d,2026-07,North Wales Police,North Wales Police,-3.437579,53.181706,On or near Parking Area,W01000199,Denbighshire 011C,Unable to prosecute suspect
70afbbd3d190e042faa0f5a51bbc402b69e6873c11e4ce264054caebe88c2ef7,2026-07,North Wales Police,North Wales Police,-4.647495,53.310995,On or near Gwel-Y-Mynydd,W01000034,Isle of Anglesey 004B,Unable to prosecute suspect
bf00109cdcbf769aa8c92c9fcd9257e599658117b5408b4b1f1e24b452d68a88,2026-07,North Wales Police,North Wales Police,-3.606360,53.217418,On or near Bryn Hyfryd,W01000122,Conwy 014A,Investigation complete; no suspect identified
7451905f6659268fa4e6199091e5c66f9c2a702fc66a4315960a89987658e090,2026-07,North Wales Police,North Wales Police,-4.202528,53.221418,On or near Maes Y Waen,W01000015,Isle of Anglesey 008C,Unable to prosecute suspect
e01a8011ed40606c1bb0d6183092187ef20fd8084f45995651ddd58f03a2f471,2026-07,North Wales Police,North Wales Police,-3.007856,53.048207,On or near Bron-Y-Nant,W01000350,Wrexham 011B,Investigation complete; no suspect identified
bd7529b11d8d33c741bc110a7bb593648c38b618d21d3067f83a05da02b4241f,2026-07,North Wales Police,North Wales Police,-3.493697,53.320431,On or near Nightclub,W01000240,Denbighshire 004E,Suspect charged
27a03ed2b17e68e803b81474330f87731660caf000d6b89ef8607573fe7ed7c9,2026-07,North Wales Police,North Wales Police,-4.510986,52.818833,On or near Lon Sarn Bach,W01000080,Gwynedd 014C,Unable to prosecute suspect
7f2df974c1903d074b8660398768bc664c4c33aff58fb4e8e261cbc98614132b,2026-07,North Wales Police,North Wales Police,-4.326214,53.260218,On or near Bryn Meurig,W01000014,Isle of Anglesey 006C,Unable to prosecute suspect
cf58f70119fb350ea7ec8075cf11552ca238a78813a804970cbd0ebc9faaa673,2026-07,North Wales Police,North Wales Police,-4.326214,53.260218,On or near Bryn Meurig,W01000014,Isle of Anglesey 006C,Unable to prosecute suspect
ae0fe9bfb46596d9f7357624a8ecfcaa2ce71f24f4605528bfba21060071cde8,2026-07,North Wales Police,North Wales Police,-3.168560,53.156570,On or near Blaen Wern,W01000300,Flintshire 019B,Local resolution
7124eb4bb4f347dbe8c984efe62f7ea36f0603c24bf8f725c96545e79c71d346,2026-07,North Wales Police,North Wales Police,-2.977984,53.049885,On or near Cheshire View,W01000425,Wrexham 010E,Investigation complete; no suspect identified
73106654f8c88c5dda23771065922c601630691e97a2a722888f429384fc43da,2026-07,North Wales Police,North Wales Police,-2.935858,53.035554,On or near The Oval,W01001971,Wrexham 022D,Unable to prosecute suspect
e3369413cece5dfb8673933fb4aebeffe2dd1a9113248bdce41c8409bd68e986,2026-07,North Wales Police,North Wales Police,-2.997397,53.090770,On or near Llay Court,W01000391,Wrexham 003D,Suspect charged
e3369413cece5dfb8673933fb4aebeffe2dd1a9113248bdce41c8409bd68e986,2026-07,North Wales Police,North Wales Police,-2.997397,53.090770,On or near Llay Court,W01000391,Wrexham 003D,Suspect charged
1bb59a84c6293a2ccd71798b1b810538d21970ed7a02797aa834214cdb56bf2d,2026-07,North Wales Police,North Wales Police,-3.017251,53.073414,On or near Station Court,W01000374,Wrexham 003A,Unable to prosecute suspect
a7a4d99f52057a785ab38368aecec62c18608266bfe7a4fdf4bf91563b011998,2026-07,North Wales Police,North Wales Police,-3.017251,53.073414,On or near Station Court,W01000374,Wrexham 003A,Investigation complete; no suspect identified
04781daeab9d5dae5663f4023b9ae1ed42c13ef4812a9c21e201716b3b136fbd,2026-07,North Wales Police,North Wales Police,-3.824409,53.322096,On or near Vaughan Street,W01000169,Conwy 001D,Further action is not in the public interest
4d092c49ba88771b7ab434a61385c6a00a03422ab9c5a1742c051858d0b43971,2026-07,North Wales Police,North Wales Police,-4.617554,53.301828,On or near Petrol Station,W01000029,Isle of Anglesey 003C,Unable to prosecute suspect
90aef50f726bc297db81f969ed7f43c51f4bf5385529341382cc15bad01973f2,2026-07,North Wales Police,North Wales Police,-3.830470,53.323388,On or near Norwood Passage,W01000169,Conwy 001D,Unable to prosecute suspect
2f45fa3aa872c00f415328578c37313e86cded3aba9656e882f14d3b05b6c1c6,2026-07,North Wales Police,North Wales Police,-3.484023,53.314735,On or near Gwalia Avenue,W01000236,Denbighshire 006A,Unable to prosecute suspect
6d2f6757757bf6f1a7a7cc2a3a2a474eb47d31083d99a127a98283c1d26757cf,2026-07,North Wales Police,North Wales Police,-3.410977,53.327857,On or near Fforddisa,W01000212,Denbighshire 003A,Unable to prosecute suspect
f21d4db52387786d8b07feddf21bf3adf77b191dbac27f82cb36040b56e607b4,2026-07,North Wales Police,North Wales Police,-2.979014,53.043980,On or near Sports/Recreation Area,W01000413,Wrexham 010C,Unable to prosecute suspect
b4c9fa1e360984236fcd899db3cfecbe232c2ed67f2c0cf6274e40c70690b12f,2026-07,North Wales Police,North Wales Police,-2.979014,53.043980,On or near Sports/Recreation Area,W01000413,Wrexham 010C,Unable to prosecute suspect
74de121a2c846d266e68fd9667c6a1e8b5eea84ff2a89e386bf5dd374995e67a,2026-07,North Wales Police,North Wales Police,-2.985979,53.049895,On or near Supermarket,W01000393,Wrexham 023G,Unable to prosecute suspect
93efc6d5cbf88ae78768680f12c25a0e615addeac359a8914ffd625d7140dd1e,2026-07,North Wales Police,North Wales Police,-2.989294,53.044111,On or near A525,W01001931,Wrexham 012G,Unable to prosecute suspect
e50234ce4ae2bc568ad90174f23ddddd634bb94e2d9452948de6554474c40ec7,2026-07,North Wales Police,North Wales Police,-2.997397,53.090770,On or near Llay Court,W01000391,Wrexham 003D,Suspect charged
b68d84548d56db15d1924bc3ad798442cbe1071507354b754f6abb926af404aa,2026-07,North Wales Police,North Wales Police,-3.002358,53.046581,On or near Llys Nantgarw,W01000350,Wrexham 011B,Suspect charged
1a3772e659085a58753143d63f45be07d5b438f455c335afbdf2ce7cb6daa4c0,2026-07,North Wales Police,North Wales Police,-4.130378,53.227936,On or near Penrallt Isaf,W01000092,Gwynedd 001E,Unable to prosecute suspect
7c1f15abc0d59bb9eb940d0db1e9b37ded95fba95c31ab60825a35d20d1b157a,2026-07,North Wales Police,North Wales Police,-3.056901,52.942486,On or near Charles Street,W01000360,Wrexham 019D,Local resolution
5ee37984d7d2ba963b614047766278a416a578155e9ea85c57f7c17054e79ff4,2026-07,North Wales Police,North Wales Police,-4.270026,53.145994,On or near Petrol Station,W01000093,Gwynedd 006B,Unable to prosecute suspect
024d4509b2a2638fb2b8c4e8489f3c5849962805277bb8be3141637969d6e2e9,2026-07,North Wales Police,North Wales Police,-2.976620,53.041006,On or near Parking Area,W01000423,Wrexham 012D,Suspect charged
2c07c51bf5b67f89a3b147fa4e22a9cf4f86190a30b70e9aaae44b3233f70d99,2026-07,North Wales Police,North Wales Police,-3.057109,53.015084,On or near Ty Gwyn,W01000412,Wrexham 015D,Local resolution
d3a91a5e3e733c278ab70aa836a4af69f6a8546bbe93d88fdb4ed46933362eb2,2026-07,North Wales Police,North Wales Police,-2.989324,53.049047,On or near Police Station,W01000393,Wrexham 023G,Unable to prosecute suspect
483e85ec7f43d28a8dd5ae57778021ec6b684708dd453cda440a67ea58ad9370,2026-07,North Wales Police,North Wales Police,-3.044631,53.143258,On or near Meadow Rise,W01000326,Flintshire 018B,Local resolution
c4408e474b50f9995ff5801ee302d451a2e529b772556a5d145af76c85cc1c39,2026-07,North Wales Police,North Wales Police,-4.209781,53.221158,On or near Parking Area,W01000008,Isle of Anglesey 008A,Investigation complete; no suspect identified
a5155cd3831d6f8e143c19895ac96165717d5c1d5460a73186b3578bbf7534ca,2026-07,North Wales Police,North Wales Police,-3.412628,53.186405,On or near A543,W01000194,Denbighshire 011A,Investigation complete; no suspect identified
9c7ac29d1cc4f5370fbe3d60bfc0769d7aee7b842dddd9afb388a8faf6e50483,2026-07,North Wales Police,North Wales Police,-3.371963,52.981221,On or near Parking Area,W01000193,Denbighshire 015A,Local resolution
4f97eccd32b00e220f244611e2201879a131ba888b2462049a59d4dc7354d830,2026-07,North Wales Police,North Wales Police,-3.726241,53.295222,On or near Parking Area,W01000144,Conwy 007C,Investigation complete; no suspect identified
6a61e7f8e5d4671b061ead9c31771cd806a8cbe116dfca686559fee9b364140b,2026-07,North Wales Police,North Wales Police,-3.050806,52.947044,On or near Maes Hyfryd,W01000359,Wrexham 019C,Local resolution
da69d974282301c90b887340bab3b4960e2fda52742a83abae9fba396136d7c9,2026-07,North Wales Police,North Wales Police,-3.821832,53.322226,On or near Adelphi Street,W01000186,Conwy 001E,Investigation complete; no suspect identified
3998ce8659f79b170a5523d8a733bf7a3c652415f1e6cf3d3fb9f2b0d9cd85b1,2026-07,North Wales Police,North Wales Police,-3.484023,53.314735,On or near Gwalia Avenue,W01000236,Denbighshire 006A,Action to be taken by another organisation
acec7174a13fc16005daadf33fa33e4a9a5626e5295c09e49b323028a07e0612,2026-07,North Wales Police,North Wales Police,-3.728789,53.296632,On or near Hawarden Road,W01000182,Conwy 007D,Action to be taken by another organisation
46d1c06f6f1e68983711f542bf3fe02fbe67fbd2d1f29328f944ba6c26153be0,2026-07,North Wales Police,North Wales Police,-3.420598,53.306500,On or near Dyserth Road,W01000201,Denbighshire 008B,Unable to prosecute suspect
78f5a785b70dace2a87725e735c3b48dc248d10ddfa0596f74001368ef2d5082,2026-07,North Wales Police,North Wales Police,-3.371963,52.981221,On or near Parking Area,W01000193,Denbighshire 015A,Local resolution
a453b370c3287391b22146e8039d57f3d0ebb44c18870eb9c743fb6edcf10f1e,2026-07,North Wales Police,North Wales Police,-3.496508,53.312035,On or near Frederick Street,W01000237,Denbighshire 006B,Investigation complete; no suspect identified
d73fdb99f6f75a39b99acbe443264a92d0448d768b304d5db58ad9f08cb16fb5,2026-07,North Wales Police,North Wales Police,-2.978301,53.169792,On or near Supermarket,W01000255,Flintshire 015A,Local resolution
10a872155e98ca64f7eb57b14e0a22f9dc996063a37f1889564b52c830a7f575,2026-07,North Wales Police,North Wales Police,-3.509582,53.302683,On or near Hafan Yr Ewyn,W01000151,Conwy 005C,Unable to prosecute suspect
fee45332fd48c4570d661bcf8985ab016c597444449cd6171bc13d468ed347bb,2026-07,North Wales Police,North Wales Police,-3.800646,53.140885,On or near Station Road,W01000148,Conwy 015D,Unable to prosecute suspect
19c3c948794859cdeb150b06a90caaf959cfa8ecd7f1a1c82a12f194d7c35f26,2026-07,North Wales Police,North Wales Police,-3.484023,53.314735,On or near Gwalia Avenue,W01000236,Denbighshire 006A,Action to be taken by another organisation
71f39e9fa0df67c8668fbb673bb2de3ce312843ab326920f44eb13dd9af42d24,2026-07,North Wales Police,North Wales Police,-4.270854,53.133607,On or near Supermarket,W01000111,Gwynedd 007C,Investigation complete; no suspect identified
05d0e86372bbed3dfe01e9d449d918f9a3df485a938d769a26386a84ad7998c9,2026-07,North Wales Police,North Wales Police,-3.824059,53.318470,On or near Supermarket,W01000186,Conwy 001E,Investigation complete; no suspect identified
852dee3d272cdfc57e1473b7264a68cb7bb36cec2c1f4b1b2f57bae20d2d27fd,2026-07,North Wales Police,North Wales Police,-2.983285,53.046848,On or near Crescent Close,W01001931,Wrexham 012G,Investigation complete; no suspect identified
557fce6c07d1777284980ef9b3ccaf5cb15fa03aa256048afed5f024be4c7111,2026-07,North Wales Police,North Wales Police,-3.029297,53.055287,On or near Windsor Road,W01000400,Wrexham 005C,Local resolution
90ce007a63638571cacb7eab6aa475dcd10cf356e54834e8bbd52340b6bc2b22,2026-07,North Wales Police,North Wales Police,-3.830554,53.325706,On or near Back South Parade,W01000146,Conwy 001B,Unable to prosecute suspect
c8bab69ed4909154df5bfe683c5dafc354a239723279cb8888ce000d6c83d19e,2026-07,North Wales Police,North Wales Police,-4.129150,53.145846,On or near Sports/Recreation Area,W01000063,Gwynedd 005A,Unable to prosecute suspect
70cf9b1e0b1dcb28ff5398184bea2dc2b52f9194f96c2650770328fe47696c6e,2026-07,North Wales Police,North Wales Police,-3.468860,53.316424,On or near Weaver Avenue,W01000233,Denbighshire 017C,Local resolution
aab1e26f96d97ab9628932254cf7fd923c699e4ff1856681c9542a55a9f777ac,2026-07,North Wales Police,North Wales Police,-2.967068,53.038756,On or near Coed-Y-Bryn,W01000423,Wrexham 012D,Investigation complete; no suspect identified
60cae71e65c69cff72e1a474601c5c76ca1e31ca3a76c9123c66a1296be39a87,2026-07,North Wales Police,North Wales Police,-4.261422,53.139055,On or near Ffordd Maes Barcer,W01000098,Gwynedd 006C,Action to be taken by another organisation
c0886352e7491442fab4c91f09146c9649aeabcf364f1cc5fb85e6dbe699f10c,2026-07,North Wales Police,North Wales Police,-4.274428,53.178619,On or near Lon Uchaf,W01000027,Isle of Anglesey 009C,Further action is not in the public interest
b116d44b70761bf3a978d4fa487d663b65bcbd5ef45763b63b43ea2dd9085f9a,2026-07,North Wales Police,North Wales Police,-4.261422,53.139055,On or near Ffordd Maes Barcer,W01000098,Gwynedd 006C,Unable to prosecute suspect
08b7088ed04f882ec2face612cd27adfa680d937010b0c1459c052fa059c91b8,2026-07,North Wales Police,North Wales Police,-4.261422,53.139055,On or near Ffordd Maes Barcer,W01000098,Gwynedd 006C,Unable to prosecute suspect
6cddb4702f1bcd654b41311f4958551fcca5641d4ec4ef4a374453fe4e0e35f6,2026-07,North Wales Police,North Wales Police,-4.261422,53.139055,On or near Ffordd Maes Barcer,W01000098,Gwynedd 006C,Unable to prosecute suspect
8047759b1f2fa2cc108381f7f48a71a802680e0296ad48a720909ded74cdc8a5,2026-07,North Wales Police,North Wales Police,-3.815635,53.319848,On or near B5115,W01000186,Conwy 001E,Investigation complete; no suspect identified
1653da85d6c5835e964f7b177fd38c6f7a344eb7b9afcfde77c99cf121e6adbc,2026-07,North Wales Police,North Wales Police,-3.834605,53.315125,On or near Alexandra Road,W01000168,Conwy 002B,Unable to prosecute suspect
5a66f57058b4efb8a903026b896fc98228ffdf099bc6dd1aa233b2cf610e70bf,2026-07,North Wales Police,North Wales Police,-3.422464,53.325617,On or near Lon Cadfan,W01000221,Denbighshire 003B,Investigation complete; no suspect identified
c0e5c62c4c1a9620b232932142bcc3222ae18b0aaa8c71623849c0b9db7736aa,2026-07,North Wales Police,North Wales Police,-3.608001,53.218421,On or near School Lane,W01000122,Conwy 014A,Unable to prosecute suspect
13efa40c59e3550a88359d1846c8e6422901fa207043e0a000286d34cadc221c,2026-07,North Wales Police,North Wales Police,-4.633654,53.306859,On or near Herbert Street,W01000030,Isle of Anglesey 003D,Investigation complete; no suspect identified
6270f6b5cdf22eba5043d5a59aae618d11a6c3fe79f55218f88d5ab5ed90e2c2,2026-07,North Wales Police,North Wales Police,-3.141998,53.245499,On or near Cornist Road,W01000290,Flintshire 004B,Unable to prosecute suspect
435faac7177c06a3a7b461ffb4b4c1e0fbafa4928627e24b899289b79665ecd5,2026-07,North Wales Police,North Wales Police,-3.497581,53.314809,On or near Warren Road,W01000241,Denbighshire 004F,Unable to prosecute suspect
e72475d80e20a9279f848d26f2fc55256449b53e2d3d5091bd3aa3829393d698,2026-07,North Wales Police,North Wales Police,-3.001751,53.067325,On or near Ffordd Fawr,W01000375,Wrexham 003B,Unable to prosecute suspect
08e4c0fa6b31a8918636b37545cbc95cf086d68a9642633e3c7ad2e8b9f3aae9,2026-07,North Wales Police,North Wales Police,-2.933992,52.968543,On or near Petrol Station,W01000404,Wrexham 018D,Investigation complete; no suspect identified
c265ef271f801529fc8462396c7cbc2606b3b8ccd8c7db1fc144c989c91f3277,2026-07,North Wales Police,North Wales Police,-2.987475,53.046094,On or near Supermarket,W01001931,Wrexham 012G,Suspect charged
9862ccc0fa95fcdd10ee4e056d39fe6d94d33ea9e2adc2a6eef36b703f7ab325,2026-07,North Wales Police,North Wales Police,-4.633295,53.306400,On or near Rhos-Y-Gaer Avenue,W01000030,Isle of Anglesey 003D,Unable to prosecute suspect
01cf8937d71bebb3854e8f50f1086d0a79c2abbcdf7c048059a02ec2d7bdd2db,2026-07,North Wales Police,North Wales Police,-3.116686,53.239734,On or near Llys Garmon,W01000293,Flintshire 004D,Suspect charged
4a0a80d49296fdbe5ee2e2f93c7c02cec3157072f4d13f5e802219784a8ca9c2,2026-07,North Wales Police,North Wales Police,-3.937459,53.265860,On or near Cwmlws Lane,W01000172,Conwy 013E,Investigation complete; no suspect identified
c481cf43d8c2a994fc1ecb0f791c949ab54c77e7ffaac9cc2f366deacb50bb03,2026-07,North Wales Police,North Wales Police,-3.487918,53.322688,On or near Morlan Park,W01000240,Denbighshire 004E,Unable to prosecute suspect
6a670dd168e2a5101a65b7c0a24ec9611825cdaa5da55c2062018df10656f6cb,2026-07,North Wales Police,North Wales Police,-3.405293,53.334019,On or near B5120,W01000213,Denbighshire 002A,Unable to prosecute suspect
0f433c4f635f3487a6ca67e49a06f13e7e1b66552f1a260011fb3e1deb3cb2fe,2026-07,North Wales Police,North Wales Police,-3.813981,53.319423,On or near Maes Clyd,W01000186,Conwy 001E,Unable to prosecute suspect
a85e380702fa85869dc144af30b3971e5184adc682416856bbd396950f87e23d,2026-07,North Wales Police,North Wales Police,-3.827951,53.313627,On or near Attlee Close,W01000187,Conwy 002C,Unable to prosecute suspect
52c6a01501b8982d9318445ba17e7c4a951bd3cf1981c8ad8d384d41cb7f2f7b,2026-07,North Wales Police,North Wales Police,-3.066573,52.979356,On or near Chathams Close,W01000355,Wrexham 017B,Investigation complete; no suspect identified
3cc043ff4231f749c0ef7e923e2671e017d1e0d91921883c9ed60876b560b8f0,2026-07,North Wales Police,North Wales Police,-3.054608,53.210527,On or near Richmond Road,W01000283,Flintshire 008E,Investigation complete; no suspect identified
16c8ceedb461152334fdbd82bedbef1589402ea268f6453cfb8d0781a2878ba8,2026-07,North Wales Police,North Wales Police,-4.205692,53.222933,On or near Trem Eryri,W01000015,Isle of Anglesey 008C,Investigation complete; no suspect identified
ab289df095cf1de300aed213cec040cf64d81dceb89d830677b7a727b748c855,2026-07,North Wales Police,North Wales Police,-3.756574,53.307859,On or near Bryn Defaid,W01000158,Conwy 004D,Formal action is not in the public interest
19f5d08055247fec7a5a4a0dcb66252edd3cb541fd2204feff2f9f8d56a538ae,2026-07,North Wales Police,North Wales Police,-3.077468,53.046653,On or near Stryt Y Scweiar,W01000398,Wrexham 013A,Unable to prosecute suspect
433dca25a4847d1092b7907e2cf878b9420b736330fc54693d2b477d8312ba3e,2026-07,North Wales Police,North Wales Police,-3.722920,53.290999,On or near Highfield Road,W01000143,Conwy 007B,Unable to prosecute suspect
b7956cdacae61398fe845dbe53066e118e054e185a9596985bdc46ef17762b52,2026-07,North Wales Police,North Wales Police,-3.001346,53.091708,On or near Penderyn Way,W01000391,Wrexham 003D,Unable to prosecute suspect
93b082c9b4661cbdce4261e218c74c070da2bde188a23c29af9a625638463bc7,2026-07,North Wales Police,North Wales Police,-4.274688,53.140834,On or near Stryd Y Porth Mawr,W01000111,Gwynedd 007C,Offender given a caution
59c4a3c97720ceb01ec5d3d6c4b954610eaa36c4b87a263eb09d8dc3d5bc4dba,2026-07,North Wales Police,North Wales Police,-4.633266,53.310321,On or near Market Street,W01000016,Isle of Anglesey 003A,Investigation complete; no suspect identified
d203eabdc56411f6906d275ea6a94a0c06afeea1ca3bf5a8ef377a27945fd3e2,2026-07,North Wales Police,North Wales Police,-3.480359,53.253085,On or near Glascoed Road,W01000191,Denbighshire 009A,Further action is not in the public interest
be7a5d0905d307dfc1532d71db79fa33b536a5d10e679528e2c64e66ebc004d9,2026-07,North Wales Police,North Wales Police,-3.035930,53.005868,On or near Heol Orsaf,W01000385,Wrexham 014C,Unable to prosecute suspect
e82d0315cc876c6ecfe9a35771a75e001544929d83c1e36ecda63b9463fec010,2026-07,North Wales Police,North Wales Police,-4.098773,52.820076,On or near Sports/Recreation Area,W01002003,Gwynedd 013E,Investigation complete; no suspect identified
ddca2b80dfcec85fa87b2ab2eeec2c1ad4f36137899bb28ab481c3421484de90,2026-07,North Wales Police,North Wales Police,-3.724973,53.290556,On or near Dundonald Road,W01000145,Conwy 008B,Unable to prosecute suspect
bfad515d8eba25aad0e573c070a01b5bdaec00fb84dec40a5795b896ebc01088,2026-07,North Wales Police,North Wales Police,-3.724973,53.290556,On or near Dundonald Road,W01000145,Conwy 008B,Unable to prosecute suspect
21ab3d4894fc5fcfdccacd23a3650dca1f65c3d43b75b223c4fc5a48809a305a,2026-07,North Wales Police,North Wales Police,-3.139361,53.246082,On or near Llys Alarch,W01000290,Flintshire 004B,Investigation complete; no suspect identified
f21ec7843ee5f282251f9074d9f57ebc651edc7f69de404adbf55af02e710844,2026-07,North Wales Police,North Wales Police,-3.489674,53.320086,On or near St Helens Place,W01000240,Denbighshire 004E,Unable to prosecute suspect
2faf1ae45e6c29ee5954879c2fc9f24e0ccf143a0109ae3f11e2e51cb8c07b64,2026-07,North Wales Police,North Wales Police,-4.565292,53.284343,On or near Petrol Station,W01002007,Isle of Anglesey 004G,Unable to prosecute suspect
72b8d31265cb3c1ebab62ed71de6bfe8bd11d6ab53a6a7489345c4b752a06cff,2026-07,North Wales Police,North Wales Police,-3.136712,53.239985,On or near Maes Hyfryd,W01000294,Flintshire 005C,Unable to prosecute suspect
90460de0723ea06e58614e7c8eed3ab6ff447bbc93eb5157b2384fe3a86d8789,2026-07,North Wales Police,North Wales Police,-3.038256,53.213130,On or near Sports/Recreation Area,W01000337,Flintshire 009F,Unable to prosecute suspect
91f7c6f01e9d383e061e017d740a85d44e224277604ca88d2c275397aad64f8a,2026-07,North Wales Police,North Wales Police,-3.707754,53.291820,On or near Ffordd Y Rotari,W01000144,Conwy 007C,Suspect charged
07bdaf8ff5bb748e09a4d1880ea43e85e19203589b7827d0de397672c1246249,2026-07,North Wales Police,North Wales Police,-3.707754,53.291820,On or near Ffordd Y Rotari,W01000144,Conwy 007C,Suspect charged
65f76a83ab6a506bf36a2a81daf1e767be4cd16c8f579eb9dfb61d4e548b0111,2026-07,North Wales Police,North Wales Police,-3.707754,53.291820,On or near Ffordd Y Rotari,W01000144,Conwy 007C,Suspect charged
3155c7c870a2876ec0b28b99b490423c21451e471044e619f65ba9db98d9917a,2026-07,North Wales Police,North Wales Police,-2.983285,53.046848,On or near Crescent Close,W01001931,Wrexham 012G,Investigation complete; no suspect identified
fe31c0484c6c3ee2e8948f96d194c017dd2315c98ae2e4a3dfdcb3d38fb3e23e,2026-07,North Wales Police,North Wales Police,-3.707754,53.291820,On or near Ffordd Y Rotari,W01000144,Conwy 007C,Suspect charged
2cb1f74a7d7afc25b9e95c288d512de54cf95eb3f37a450535c9f9cc3d33d58d,2026-07,North Wales Police,North Wales Police,-4.498641,53.295020,On or near Maes Coron,W01000023,Isle of Anglesey 007D,Unable to prosecute suspect
b900bdcb8e2539cf312fe87cb0e777f3559e6ae2ab0071fc40a5cd88a51660ef,2026-07,North Wales Police,North Wales Police,-4.125754,53.227166,On or near Shopping Area,W01000062,Gwynedd 001A,Unable to prosecute suspect
9b6d85f843bd797178a8750dd000e7dcd7b18e3a123930aae4b65bf73c041154,2026-07,North Wales Police,North Wales Police,-3.076228,53.167467,On or near Nightclub,W01000259,Flintshire 017A,Suspect charged
9b6d85f843bd797178a8750dd000e7dcd7b18e3a123930aae4b65bf73c041154,2026-07,North Wales Police,North Wales Police,-3.076228,53.167467,On or near Nightclub,W01000259,Flintshire 017A,Suspect charged
bd0e9898042cea2fc26165f721740f2ec2099276cda741ac10b47403eb91d721,2026-07,North Wales Police,North Wales Police,-3.499163,53.270003,On or near Rhodfa Flint,W01000191,Denbighshire 009A,Unable to prosecute suspect
60fa32e62fbb496e926dbf9abd04ab13a8fdfd0f03c1e11c312f8c0f90a6cab8,2026-07,North Wales Police,North Wales Police,-3.513441,53.304010,On or near Owain Glyndwr,W01000151,Conwy 005C,Unable to prosecute suspect
2833715ae6f8e8526713545614280ed5e927a5c4dd846b0cb272cc3471ab4d5d,2026-07,North Wales Police,North Wales Police,-3.829305,53.321428,On or near Edward Street,W01000169,Conwy 001D,Suspect charged
e9d0a501d107ac4a90964a09c12786cb769f0948a07d4d2ad1447f159acfa79f,2026-07,North Wales Police,North Wales Police,-3.487803,53.320684,On or near Heol Gwynfa,W01000240,Denbighshire 004E,Unable to prosecute suspect
2fa3956b1f001c3fb050dc68df07619a9acc8c2c4342a78fc505af9312830566,2026-07,North Wales Police,North Wales Police,-3.134819,53.250009,On or near Parking Area,W01000290,Flintshire 004B,Unable to prosecute suspect
099a37df4c0fb0086576e31af2e04cec65607f2e22a49ac59fee593afcac3970,2026-07,North Wales Police,North Wales Police,-4.289069,53.227285,On or near Ty'n Llewelyn,W01000025,Isle of Anglesey 009B,Investigation complete; no suspect identified
f2b44298b09b149fbcd6d8c651a5f7ce6ee98bcefb551b636fc0bf2da41cc73f,2026-07,North Wales Police,North Wales Police,-3.058993,53.011058,On or near Parking Area,W01000412,Wrexham 015D,Investigation complete; no suspect identified
4b06fd03b6a634baf1e04dbfc65fd424a81176bb147c9a593815d2eb74f23cd9,2026-07,North Wales Police,North Wales Police,-3.900863,53.273434,On or near Ffordd Hen Conwy,W01000125,Conwy 013B,Investigation complete; no suspect identified
bd13400a705b1536bc7dc9359bc6026495312770440b6cf588f151aa6c06ed45,2026-07,North Wales Police,North Wales Police,-3.007856,53.048207,On or near Bron-Y-Nant,W01000350,Wrexham 011B,Investigation complete; no suspect identified
d22e2b50a4e1c859b1134bc442319a724c7ae0995f1e842e18f7159ecb9f1977,2026-07,North Wales Police,North Wales Police,-3.493349,53.322575,On or near Parking Area,W01000239,Denbighshire 004D,Unable to prosecute suspect
7dad3f5ed70222fe2041b4f7291c594bdda30eef3bdba6892273b74b76520b1b,2026-07,North Wales Police,North Wales Police,-2.985872,53.047843,On or near Shopping Area,W01001931,Wrexham 012G,Suspect charged
d3eafe2aeed15ccfe91d3608f46aac0084f0728899eccca0dcaff75c8f9bd1b3,2026-07,North Wales Police,North Wales Police,-2.985872,53.047843,On or near Shopping Area,W01001931,Wrexham 012G,Suspect charged
f09ab85e4c9152e95a6f036ae56c4902e896571ce196224617fc860f3ff70105,2026-07,North Wales Police,North Wales Police,-3.057256,52.984527,On or near Parking Area,W01000409,Wrexham 017E,Investigation complete; no suspect identified
d509bc72fe2a2b724148c876509f52b29668f6bcd21b9ae22bd17ab6d2cbc2de,2026-07,North Wales Police,North Wales Police,-3.829305,53.321428,On or near Edward Street,W01000169,Conwy 001D,Suspect charged
b3a210b834147b2e0a7aa10caff083835c12f70a82320581a46eb5894ca7605e,2026-07,North Wales Police,North Wales Police,-3.057109,53.015084,On or near Ty Gwyn,W01000412,Wrexham 015D,Local resolution
eedcc85606f9640e8fabea0f518faaedb60feb897c53aaff81610a320a077d1a,2026-07,North Wales Police,North Wales Police,-3.066994,53.220881,On or near Hilbre Road,W01000278,Flintshire 007D,Unable to prosecute suspect
218d27793a427c86736f69ccf3cdfbda6624db2c7b983a2a22a341611310ba09,2026-07,North Wales Police,North Wales Police,-3.587620,53.287340,On or near Sea Front Road,W01000179,Conwy 010F,Unable to prosecute suspect
d6428c0fb7c1a233c22e7ea772abaa7c5432e1e24e6c47fd94869612cbe05953,2026-07,North Wales Police,North Wales Police,-3.495101,53.270917,On or near Parking Area,W01000191,Denbighshire 009A,Investigation complete; no suspect identified
676531e04cb850cc0a2d5acf933e6ea520eb38de69ba9cd07732e523acbaa7a6,2026-07,North Wales Police,North Wales Police,-3.426163,53.325330,On or near Ffordd Cae Felin,W01000201,Denbighshire 008B,Unable to prosecute suspect
203fa49cd9c12ab2a6ddfe6439529676cfd0eef4f87b5f3023b8b9e3f145f791,2026-07,North Wales Police,North Wales Police,-4.354635,53.409438,On or near Lon Bach,W01000003,Isle of Anglesey 001A,Investigation complete; no suspect identified
c23c658bdeda23d90e3b78fc3fe28f2b17ddeba3d7800dc4241f15a50b9f13c2,2026-07,North Wales Police,North Wales Police,-3.423517,53.326584,On or near Lon Brynli,W01000221,Denbighshire 003B,Investigation complete; no suspect identified
b16c47c2d0716b547e83aac74186f418b3dd8192b06b9c2bf69ebe8129caddd5,2026-07,North Wales Police,North Wales Police,-4.312570,53.080287,On or near Beddgwenan,W01000073,Gwynedd 008A,Unable to prosecute suspect
c28a51a46dc89278dedb610a0e37e406b2e11b47f3855c2c2682a4b90f198213,2026-07,North Wales Police,North Wales Police,-3.133760,53.239402,On or near Fifth Avenue,W01000294,Flintshire 005C,Action to be taken by another organisation
dd6bc797149d071e8bf62d6279e2644c18a1b2f0e7680c70ef1063796d7fb88f,2026-07,North Wales Police,North Wales Police,-3.416056,53.337038,On or near Windermere Drive,W01000219,Denbighshire 001B,Action to be taken by another organisation
66b93c7bd904b29ab3007f1356e84b32126d52c199014f3c6599cec3b1c63363,2026-07,North Wales Police,North Wales Police,-3.039951,52.948074,On or near Green Lane,W01000361,Wrexham 019E,Investigation complete; no suspect identified
1c1010e521ebe02bfd711b564d2bac0ca8ff360fc5134e0fa92b9819ef15ef5e,2026-07,North Wales Police,North Wales Police,-3.416056,53.337038,On or near Windermere Drive,W01000219,Denbighshire 001B,Action to be taken by another organisation
8374fef65535dfda0445abe41301c74fec8fae4f4a8f86694f9cedf93919e2a1,2026-07,North Wales Police,North Wales Police,-3.077362,53.164919,On or near Lea Drive,W01000260,Flintshire 017B,Suspect charged
e716fb634b10b0e3ea2d44b9dbb6e4008dfa156ccbf204b247ea136fe50598ef,2026-07,North Wales Police,North Wales Police,-3.417967,53.314973,On or near Ffordd Ty Newydd,W01000217,Denbighshire 008C,Action to be taken by another organisation
95b41a63563c3d782f1c4097bbed8de97a94b26b957db339d63b0562e29f23e7,2026-07,North Wales Police,North Wales Police,-2.999392,53.045981,On or near Shopping Area,W01000350,Wrexham 011B,Investigation complete; no suspect identified
039a2e5eb4025c43a823d6a8a32da42f586e50ad6a8da0f6abc1d84e65162c41,2026-07,North Wales Police,North Wales Police,-3.030224,53.063504,On or near B5433,W01000401,Wrexham 005D,Local resolution
298de741fb175153b32d06349a5891feb408cffccb8aca6ce536054d7ae9bcad,2026-07,North Wales Police,North Wales Police,-3.039796,52.985670,On or near Paddock Row,W01000407,Wrexham 016C,Unable to prosecute suspect
1e2c9b25fce07ac5695b8ea6368fc09b0bcb1cb2fb093d71145e931d07a20205,2026-07,North Wales Police,North Wales Police,-4.066941,53.180909,On or near Ffordd Y Stesion,W01000097,Gwynedd 003D,Unable to prosecute suspect
fd6ad71654198aa7cf9149f3d631c094e0a15f1bde1c136bdeea0de54238ea11,2026-07,North Wales Police,North Wales Police,-3.829097,53.282163,On or near Berry Street,W01000130,Conwy 012C,Investigation complete; no suspect identified
014d412c8f9049864150f91f4ddbf45e717658176024530638551bab40f6c0f0,2026-07,North Wales Police,North Wales Police,-3.829813,53.324171,On or near Mostyn Street,W01000169,Conwy 001D,Investigation complete; no suspect identified
a19a9d4711b80f16ff5c31836352cb53b451ea63197c7140bc8dcfd33e567c76,2026-07,North Wales Police,North Wales Police,-4.338578,52.902983,On or near Penychain,W01000089,Gwynedd 011D,Unable to prosecute suspect
da4c57230ef5e6e33a1d8939b17766addb8c7c4999f6189c40bf3b9ccb96b8ab,2026-07,North Wales Police,North Wales Police,-4.418310,52.890902,On or near Troedyrallt,W01000108,Gwynedd 012D,Unable to prosecute suspect
d76f7a21c322c62764b3ac6e9ecd4fea0e6c9cf8c5953fe30174cab0cfca71f7,2026-07,North Wales Police,North Wales Police,-4.522157,52.934697,On or near Ffordd Cae Rhyg,W01000095,Gwynedd 012C,Unable to prosecute suspect
ad460c990c249f928de442dc83351709d8c64f2a5dba6ff663d33a4bdbb986cd,2026-07,North Wales Police,North Wales Police,-4.061889,52.725539,On or near Cae Roger,W01002004,Gwynedd 016F,Unable to prosecute suspect
4862c8fcdca6f2768b4d1d4c118a2b74683c89a2171e3fc79864796b92ded64c,2026-07,North Wales Police,North Wales Police,-4.274688,53.140834,On or near Stryd Y Porth Mawr,W01000111,Gwynedd 007C,Suspect charged
b165f5bd8f674e366b2e48dd9485f1051a99c652397f6bbde8b80b2da7dceac5,2026-07,North Wales Police,North Wales Police,-3.003287,53.042258,On or near Parking Area,W01000402,Wrexham 011D,Suspect charged
1ca02cf687d0655a2d038ad24c0eb116b9aa937fca22dfb59a99bba762bf9f3b,2026-07,North Wales Police,North Wales Police,-3.144418,53.166540,On or near Meadow Place,W01000314,Flintshire 016B,Offender given a caution
93a5da9ab0d7ec2a0183629c2292540e6963e80715a338798a1af94964866a1c,2026-07,North Wales Police,North Wales Police,-4.224694,53.321800,On or near Parking Area,W01000019,Isle of Anglesey 005C,Investigation complete; no suspect identified
1f5a475d89e025e536edd74be4271ec4bbce1ef1ec13c35fbfd586f5e6a72476,2026-07,North Wales Police,North Wales Police,-4.103834,52.824604,On or near Parking Area,W01002003,Gwynedd 013E,Unable to prosecute suspect
5e7e4569bdc5cfa97088bad538b8a464c4249b5b1e26fda9ab695c0b755dbbe7,2026-07,North Wales Police,North Wales Police,-4.133271,52.930622,On or near Rhes Cambrian,W01000105,Gwynedd 010C,Investigation complete; no suspect identified
22fef676cd280abd89122e91fa92d685786c242910c2e3ae8c85103bbd501b51,2026-07,North Wales Police,North Wales Police,-4.318002,53.256152,On or near Sports/Recreation Area,W01000012,Isle of Anglesey 006B,Unable to prosecute suspect
d01e1c881826f337cfab9055ec2be3a9b5d8d6efd37074047f0115a6ce9acb73,2026-07,North Wales Police,North Wales Police,-3.823533,53.311771,On or near Ewloe Drive,W01000188,Conwy 002D,Unable to prosecute suspect
9281fee0388758b24ba0ba7aaa081200af4c3b507daae7249a6f42e95e0fea1d,2026-07,North Wales Police,North Wales Police,-2.991714,53.046886,On or near Chester Street,W01000372,Wrexham 008C,Suspect charged
b88f86ed1a0baacc4ed4e10e7bfaf35bd7f35c55bc7d35f25ae795d9ac529741,2026-07,North Wales Police,North Wales Police,-3.069257,52.975251,On or near B5096,W01000355,Wrexham 017B,Investigation complete; no suspect identified
02a370ea7f9e15682ec81ede30d36822fddc1bf790215e13ddedb5a2e1f16aca,2026-07,North Wales Police,North Wales Police,-3.212148,53.275649,On or near Abbots Walk,W01000305,Flintshire 003F,Offender given a caution
c0c0ceb887150c28266651830e371cf593c03625d652f41668343a1cd1cc0bfe,2026-07,North Wales Police,North Wales Police,-4.418458,52.887941,On or near Maes Square,W01000108,Gwynedd 012D,Offender given a caution
39aefacddd278e1573dd6c619f1bbec7a65984d92fb520b564d6fac4f8c17e94,2026-07,North Wales Police,North Wales Police,-4.721968,52.851748,On or near Parking Area,W01001932,Gwynedd 014E,Unable to prosecute suspect
1038818b1d6bacfb93826d6e64223db17c138594852442081731f9af587d117d,2026-07,North Wales Police,North Wales Police,-3.004037,53.147608,On or near Hill Road,W01000303,Flintshire 018A,Unable to prosecute suspect
7ddfd2afadf6740e62f9168c9e5e109efd075fc78eb5eacc4d2afbfbd8764dbb,2026-07,North Wales Police,North Wales Police,-2.992290,53.045362,On or near Shopping Area,W01000372,Wrexham 008C,Suspect charged
426c82cde617fd1cd3686d64d8cf72a3b992c7fc6ef4d23243d9bf45833e853f,2026-07,North Wales Police,North Wales Police,-3.686986,53.290983,On or near St David's Road,W01000127,Conwy 009B,Unable to prosecute suspect
41f6ec6fb3d9db2ae9e63de2f540e7853811be32924b7d1d8e322384be81bb67,2026-07,North Wales Police,North Wales Police,-2.968175,53.036913,On or near Tan Y Coed,W01000423,Wrexham 012D,Unable to prosecute suspect
17afa41334f91d815b93e212ed2d911d5b049ce0f84861ee69ee04194ff3e0f7,2026-07,North Wales Police,North Wales Police,-3.829813,53.324171,On or near Mostyn Street,W01000169,Conwy 001D,Investigation complete; no suspect identified
644f1ff5000379192e5b9a0f3f965dd811c8c08deb694bda4aeb2d7093a22cfc,2026-07,North Wales Police,North Wales Police,-3.427492,53.185131,On or near B5382,W01000198,Denbighshire 011B,Suspect charged
19e1eec7c1ad2797022942b360a3ef491960a6a3c9b5676464db2543c23edad9,2026-07,North Wales Police,North Wales Police,-3.007752,53.216174,On or near Sandy Lane,W01000333,Flintshire 009B,Suspect charged
5a4373f16fe6cf515f56cf43a69dafe3d3bda890b187979a960218300ffd4125,2026-07,North Wales Police,North Wales Police,-2.972357,53.041097,On or near Supermarket,W01000413,Wrexham 010C,Unable to prosecute suspect
a7926d1af5b9888c9a78e27a64623034c5881fd023240064744d28351684985c,2026-07,North Wales Police,North Wales Police,-3.954592,52.987016,On or near Sports/Recreation Area,W01000056,Gwynedd 009A,Unable to prosecute suspect
ddd7bb6dc8f9e7580661d8d4c6f542b9e8e3db3001dbbeb210c69acfbc3c78ee,2026-07,North Wales Police,North Wales Police,-2.967448,53.054385,On or near Willow Court,W01001969,Wrexham 010F,Unable to prosecute suspect
1004212aa724fe43b1576dd98f11135e26c3e58aa32218434065b20183bc5610,2026-07,North Wales Police,North Wales Police,-3.039436,53.213519,On or near King Edward Street,W01000337,Flintshire 009F,Suspect charged
5e380afac3cf40c8277357fab1c95d198ecc81c0da8074fdf89d316efbec9ec9,2026-07,North Wales Police,North Wales Police,-3.731018,53.296851,On or near Mostyn Road,W01000182,Conwy 007D,Unable to prosecute suspect
4756ed807e0552453c63e3b8fb339a9c9eaeb559b3521ba16cdf4c694ef7a6a7,2026-07,North Wales Police,North Wales Police,-3.011420,53.043070,On or near Sports/Recreation Area,W01000349,Wrexham 011A,Unable to prosecute suspect
48cd35e11bc1d8e47a330629328c52d5f4159c639bdfd7e0e5cbc39e0213c344,2026-07,North Wales Police,North Wales Police,-4.071795,52.928860,On or near Trem Y Moelwyn,W01000101,Gwynedd 013D,Offender given a caution
a3a63a985f766cfb3a805280559ba2fed5e49dc100cd1bd330a6ef40515151f6,2026-07,North Wales Police,North Wales Police,-3.830482,53.277008,On or near Bryn Eithin,W01000131,Conwy 012D,Unable to prosecute suspect
1db9a8e109a81b462762a751942367380dec4413935ad84a6075926656994bc1,2026-07,North Wales Police,North Wales Police,-4.515350,52.939212,On or near Tai Lon,W01000095,Gwynedd 012C,Investigation complete; no suspect identified
b6d99dcfad3f37c2b02a6e181dbb8a983e97c21978ed976442831f7babe03d7d,2026-07,North Wales Police,North Wales Police,-4.094130,52.788874,On or near Castell Y Gog,W01002003,Gwynedd 013E,Investigation complete; no suspect identified
534d59287addc5db1aaec4152c884bc4cd1b6ae330de400f6a4dfb8d582aec2e,2026-07,North Wales Police,North Wales Police,-4.330339,53.413089,On or near Ednyfed Hill,W01000003,Isle of Anglesey 001A,Unable to prosecute suspect
8657344981cf0590ce949a399942c6edeb4f035af9796e3c425dd7a61d441b16,2026-07,North Wales Police,North Wales Police,-3.492482,53.320536,On or near Nightclub,W01000240,Denbighshire 004E,Formal action is not in the public interest
32c68bea3203641df297d4cfee9dbad6c73e0391e840631ea43f963b92846c95,2026-07,North Wales Police,North Wales Police,-2.994514,53.041737,On or near Supermarket,W01000365,Wrexham 011C,Suspect charged
6473d53bf95d34c0cd29c20ceae6946ca8a0a5356e04b396dfbd8d5ce7dc34b3,2026-07,North Wales Police,North Wales Police,-3.885150,52.743533,On or near Heol Y Dwr,W01000067,Gwynedd 016D,Unable to prosecute suspect
76466adbc5d42f59231dacab540519ab3e07d028201c476afcd75696f5898518,2026-07,North Wales Police,North Wales Police,-4.424218,52.992394,On or near Parking Area,W01000078,Gwynedd 011C,Unable to prosecute suspect
670435ab4ec85671d57658d092acb5987671dd8e7e44fb85f5df1726e2ece02a,2026-07,North Wales Police,North Wales Police,-3.726806,53.295843,On or near Station Road,W01000144,Conwy 007C,Unable to prosecute suspect
ab022b287a5ae2586ed893b0b598e4bb7b1443407a7d32014b3dd36e248f2570,2026-07,North Wales Police,North Wales Police,-4.301949,53.255106,On or near Capel-Uchaf,W01000012,Isle of Anglesey 006B,Unable to prosecute suspect
98b9f1f6ee4bcf0bf59315af78204f3248f3db822660f133b1583805e01015b5,2026-07,North Wales Police,North Wales Police,-3.053475,53.210142,On or near Marlowe Avenue,W01000283,Flintshire 008E,Local resolution
f69c3a67f903ddd641a402d39c90ec826379d85d3d645123c55f039b08d41712,2026-07,North Wales Police,North Wales Police,-2.998584,53.092351,On or near Shone's Lane,W01000392,Wrexham 003E,Unable to prosecute suspect
ec844f35a2288a0b7bdef3c5876cb3107dc053dd2ae4ba9c8d92243dcf5c3d0f,2026-07,North Wales Police,North Wales Police,-3.484191,53.319570,On or near Norman Drive,W01000236,Denbighshire 006A,Investigation complete; no suspect identified
0752e470ff27dfdc0e870392e5cca6977ba255546efa1dca45f6f85ac8c66de8,2026-07,North Wales Police,North Wales Police,-3.003901,53.057778,On or near Stansty Close,W01000372,Wrexham 008C,Suspect charged
0847e860936e746a740cc5e95cfd4968b1abc445d9e8cf781aec28f2ad89c0ad,2026-07,North Wales Police,North Wales Police,-2.966906,53.062166,On or near Trident Way,W01000416,Wrexham 023D,Unable to prosecute suspect
f8fa47da4ecb84f68b108d6b9780fb73d595c7c64210eabdb135b9d2a638e8c8,2026-07,North Wales Police,North Wales Police,-2.993548,53.046161,On or near Stryt Y Syfwr,W01000372,Wrexham 008C,Investigation complete; no suspect identified
1c52e729efc44b1bd724aa783267b4d3a9b2d585c6d65156bde742e6e86bab4d,2026-07,North Wales Police,North Wales Police,-3.471498,53.327215,On or near Weston Court,W01000226,Denbighshire 004A,Unable to prosecute suspect
a174cc7d7efa9c387bc45ab606c3385d51f10c0b39c7e0efedbc1e4c9cb8b5d5,2026-07,North Wales Police,North Wales Police,-2.993548,53.046161,On or near Stryt Y Syfwr,W01000372,Wrexham 008C,Investigation complete; no suspect identified
b92c1ff3cd5f8ffa28b356e35979e26970d3951ba896dd14832063e5cd2ca882,2026-07,North Wales Police,North Wales Police,-2.993548,53.046161,On or near Stryt Y Syfwr,W01000372,Wrexham 008C,Investigation complete; no suspect identified
a0d5b43c45096a8243988ca364429e29de724df5a3af3469ad3f43dd7c1b0ca0,2026-07,North Wales Police,North Wales Police,-3.577852,53.288513,On or near Ffordd-Y-Morfa,W01000178,Conwy 010E,Investigation complete; no suspect identified
564c079bbe8fea89dedb504ba03f1fea6bbb66252b53a8e1e2451a87ab712f3f,2026-07,North Wales Police,North Wales Police,-4.052536,52.609904,On or near Dol Fathew,W01001933,Gwynedd 017F,Investigation complete; no suspect identified
c08491c5705d49ecf3fe3480283d3c55e46108b5024216780443a397551480eb,2026-07,North Wales Police,North Wales Police,-4.054593,52.720298,On or near Parking Area,W01002004,Gwynedd 016F,Investigation complete; no suspect identified
ec9569d605e665ceb18c915da870aa2ed43b410814f7db5f2ed64f65e9ddbaad,2026-07,North Wales Police,North Wales Police,-2.996436,53.047233,On or near Duke Street,W01000372,Wrexham 008C,Suspect charged
3ea7e3fa606b4e8d41c48ee3b923d29281469978c76a113f61489c6e214a8619,2026-07,North Wales Police,North Wales Police,-3.306422,53.113776,On or near A494,W01000243,Denbighshire 014B,Unable to prosecute suspect
ac70467ef1b14fa495206fc18ff91dd4cf79ece6a7aaa2ad4359c6c88aac7f33,2026-07,North Wales Police,North Wales Police,-4.540100,52.932346,On or near B4417,W01000094,Gwynedd 012B,Unable to prosecute suspect
7606799b145d51fa13574f6ad2765b9b4b49f9b503eea1ddd6c54d60f772a0c9,2026-07,North Wales Police,North Wales Police,-2.967721,53.041906,On or near St Annes Court,W01000414,Wrexham 010D,Unable to prosecute suspect
545c16850f4514ba3c2a9bc8629dc4904448de1db5de48b6df1876d2d34b06ce,2026-07,North Wales Police,North Wales Police,-3.493134,53.320294,On or near Stryd Y Dwr,W01000240,Denbighshire 004E,Unable to prosecute suspect
79434e3bb750b43019bec766d7527f478dbed7b340e6c1ad7070580da9866058,2026-07,North Wales Police,North Wales Police,-3.591063,53.290755,On or near Mor Awel,W01000179,Conwy 010F,Unable to prosecute suspect
fe2f9a6f9190554fcbe5fef8e1a7ca3ed6a3f421edf3c2b2ffcaee1b8b7c442b,2026-07,North Wales Police,North Wales Police,-3.414221,53.341491,On or near Beach Road West,W01000218,Denbighshire 001A,Investigation complete; no suspect identified
088c9aba82c568cab9c2d4a0ff32e866b90289618b191d47a768ef61249a1830,2026-07,North Wales Police,North Wales Police,-3.322284,53.352272,On or near Dee Road,W01000287,Flintshire 001A,Unable to prosecute suspect
f618e9a386f8a4a518f18c8e8822cdc58664bbf7a63c57e31f3750b17f20dcf3,2026-07,North Wales Police,North Wales Police,-3.934080,52.992876,On or near Maenofferen Street,W01000065,Gwynedd 009B,Unable to prosecute suspect
8b720b98146dad7da9aec518be606063e30d1e5c27129dc622bd04ba0f83fe7a,2026-07,North Wales Police,North Wales Police,-3.428885,53.333541,On or near Lon Dyfi,W01000220,Denbighshire 001C,Unable to prosecute suspect
dac15195a04efc4f26ce2b80e2a3a6aa312f9e22f8b415f067180a1b80aadf8b,2026-07,North Wales Police,North Wales Police,-2.996834,53.045054,On or near Brewery Place,W01000350,Wrexham 011B,Suspect charged
e47f360f5eba6d63a7c2f1d68674cee102cc085f38b5733e2234b0012897d9d8,2026-07,North Wales Police,North Wales Police,-3.170290,52.970343,On or near Heol Y Castell,W01000208,Denbighshire 016C,Suspect charged
939ec68731c46f8b6361c30f1bd4d74114913aef27da74f8cc53831fa7219557,2026-07,North Wales Police,North Wales Police,-3.880573,52.738409,On or near Wenallt Uchaf,W01000068,Gwynedd 016E,Unable to prosecute suspect
64552bbb6889df9ac6d6e81727a1ae0e0272d11fa3588a19a5e4a8df1be8739d,2026-07,North Wales Police,North Wales Police,-3.934080,52.992876,On or near Maenofferen Street,W01000065,Gwynedd 009B,Unable to prosecute suspect
e508e01b6344c75f8038cfc8ae336128b7338786f8cd09ca891b6be7bcee6c46,2026-07,North Wales Police,North Wales Police,-3.489931,53.319273,On or near Stryd Bodfor,W01000240,Denbighshire 004E,Suspect charged
dc013e28db06037f0344614c90dcaab6dea310692e29c47e6a7cbd8a94eaa43a,2026-07,North Wales Police,North Wales Police,-2.970989,53.047983,On or near Eaton Drive,W01000425,Wrexham 010E,Local resolution
18d9f51ecaadc2a45d939b82a63e507ebb508a9a15707aaf6d6c6e6dfbf0c852,2026-07,North Wales Police,North Wales Police,-4.424218,52.992394,On or near Parking Area,W01000078,Gwynedd 011C,Unable to prosecute suspect
8c107bc426ab3507f060d2cbb939f5e975f45e0d9c003289c5ce3ce7f9e2a5f7,2026-07,North Wales Police,North Wales Police,-4.123906,53.227341,On or near Rhes Plas Llwyd,W01000062,Gwynedd 001A,Suspect charged
30d1e00f234d465a40e3d4fed4e354a8a9df2370d7e4d42535202e303ac48a56,2026-07,North Wales Police,North Wales Police,-2.993959,53.089936,On or near Pentre Street,W01000392,Wrexham 003E,Unable to prosecute suspect
196e11da080db2c9f0f97c361e55e1d17f9ca09c55db596184f030ee35970eed,2026-07,North Wales Police,North Wales Police,-3.522474,53.305234,On or near Llys Branwen,W01000149,Conwy 005A,Unable to prosecute suspect
76e95ee64695841eb5b60b5624d84e0311426bd1006f82d504382494341ef920,2026-07,North Wales Police,North Wales Police,-3.215993,53.266863,On or near Yr Aber,W01000306,Flintshire 002A,Unable to prosecute suspect
946cfd2e28050dce58f1ee69da739f866dd1ad9cad917da9ef1fce2505674bc5,2026-07,North Wales Police,North Wales Police,-3.256242,53.307419,On or near Ygerddi,W01000320,Flintshire 002B,Unable to prosecute suspect
43ef311bf3908c2269b9e460be481029fa819cae01fb518c1a0cca38de5d8d8a,2026-07,North Wales Police,North Wales Police,-3.408725,53.170521,On or near Ystrad Road,W01000197,Denbighshire 012C,Unable to prosecute suspect
0b9a897338df5478934621fb742f1e0e5124390f9a34be72a7b0b8b07d50f750,2026-07,North Wales Police,North Wales Police,-3.831746,53.327935,On or near Hill Terrace,W01000146,Conwy 001B,Suspect charged
3a8ab58bdab6137e79bfd9d4a9b2b8d84870a2c071c3094a76d19baa50e8111d,2026-07,North Wales Police,North Wales Police,-2.999392,53.045981,On or near Shopping Area,W01000350,Wrexham 011B,Suspect charged
371f10c6789858521f0251e5903ab44c91004d79494a45f98a653dfc716c5801,2026-07,North Wales Police,North Wales Police,-3.481731,53.316157,On or near Vale Park,W01000236,Denbighshire 006A,Unable to prosecute suspect
67f17ca553af44c11738942aed5010b0944f570adc08a5752f425c4db9c20711,2026-07,North Wales Police,North Wales Police,-3.482014,53.323453,On or near The Grove,W01000228,Denbighshire 004C,Unable to prosecute suspect
ddc943226a22d37f51f60b0701e26685a8c343d1665b24da0d5d396e64b5ebe5,2026-07,North Wales Police,North Wales Police,-4.161875,53.227719,On or near A545,W01000011,Isle of Anglesey 008B,Suspect charged
9d54368f3c72c9ef13f4fcb6cc5fd8ce51b0e5b6f835f4c18b5d1c965961640d,2026-07,North Wales Police,North Wales Police,-3.573354,53.282046,On or near Maes Y Ffynnon,W01000140,Conwy 010B,Investigation complete; no suspect identified
3de4552d93181741194015bcf5b2b2ebffbf70f9afbcf02cce04d50baf16d29c,2026-07,North Wales Police,North Wales Police,-3.138544,53.244651,On or near Lon Odyn,W01000295,Flintshire 005D,Investigation complete; no suspect identified
3875ac2995f5a6a17160d8ca9920aacab545829b6060a4b813d9aaa41fc2d3ec,2026-07,North Wales Police,North Wales Police,-3.221403,53.271509,On or near Park Lane,W01000304,Flintshire 003E,Investigation complete; no suspect identified
28a3176b863f15ea3fb0d186385b3313c1e8adac55f986a79f64fd71ee187766,2026-07,North Wales Police,North Wales Police,-3.884481,52.742455,On or near Smithfield Square,W01000068,Gwynedd 016E,Unable to prosecute suspect
1035743359f02b627c09f2247d4d818b0834229f0f8e72092c0e47d6a5f1daa8,2026-07,North Wales Police,North Wales Police,-3.484138,53.318051,On or near Albert Street,W01000238,Denbighshire 006C,Unable to prosecute suspect
a93eae8c174f05276b75f5254f3e95b406124b2c16e7498978b8fa055d4aa018,2026-07,North Wales Police,North Wales Police,-3.704805,53.288203,On or near Eaton Avenue,W01000139,Conwy 007A,Unable to prosecute suspect
58a7fbc9ef4926d1b17a4aa5dc4d1157c541f98a664be6e045bef078ba9168ab,2026-07,North Wales Police,North Wales Police,-2.995668,53.041091,On or near Erddig Court,W01000365,Wrexham 011C,Suspect charged
318bb5048b15bde49ba2b588f03ea9958c6ac2eacbd43a5aad7f74e016133d51,2026-07,North Wales Police,North Wales Police,-4.152576,53.206606,On or near Supermarket,W01000064,Gwynedd 002A,Investigation complete; no suspect identified
46b741df4334f3a5c9953dc71cb80830fb1be2951a3b9a6cd2f5fc7c30d0b959,2026-07,North Wales Police,North Wales Police,-3.039709,53.206856,On or near Shotton Lane,W01000335,Flintshire 009D,Unable to prosecute suspect
6488c3c9074b4b2132fccbd53732f015f13e9b33b57ae7436be32f517f854cff,2026-07,North Wales Police,North Wales Police,-3.135453,53.249607,On or near Parking Area,W01000290,Flintshire 004B,Investigation complete; no suspect identified
add33383e19c7b401693a0251776adc6e3ae8e36408eb1b8dcb0fed17dad22a9,2026-07,North Wales Police,North Wales Police,-4.630347,53.302149,On or near Arthur Street,W01000017,Isle of Anglesey 003B,Unable to prosecute suspect
8118c3ee375528654d9553b177e48292dbf45d28ccc5d5498ec73ef8f698f3cc,2026-07,North Wales Police,North Wales Police,-4.119987,53.219283,On or near Trem-Y-Garnedd,W01000090,Gwynedd 002D,Unable to prosecute suspect
b018b789da5189b35a1f68542e6fe07805e058678c4ae6d0087251b1d579bedc,2026-07,North Wales Police,North Wales Police,-3.488663,53.318994,On or near Bus/Coach Station,W01000240,Denbighshire 004E,Local resolution
d2fc986324c0a39c95e8c660b0e266b29f1003220fadb20e3cb136867dc23743,2026-07,North Wales Police,North Wales Police,-3.472446,53.314187,On or near Stanley Park Avenue,W01000233,Denbighshire 017C,Unable to prosecute suspect
39c47e6042c9dc34d22a7e17e8aaf90d8d32a85865c8f3419be8f5b08a5a4cad,2026-07,North Wales Police,North Wales Police,-2.994397,53.059062,On or near Sandway Road,W01000368,Wrexham 008A,Unable to prosecute suspect
2d6dbf4c183afb4e7503140be08655962e18f83e302d0283c5f89338a205a965,2026-07,North Wales Police,North Wales Police,-3.001985,53.047870,On or near Parking Area,W01000350,Wrexham 011B,Unable to prosecute suspect
e5cabef8cc26604183ce2fa18818ce21b2954f756cafabc8ada8f890161237a0,2026-07,North Wales Police,North Wales Police,-4.112750,53.227755,On or near Plas Y Gerddi,W01000091,Gwynedd 001D,Unable to prosecute suspect
b09fecbb264a935ec41c0630e50414292d04126d0c68cde0cf4b9eee8eb354b4,2026-07,North Wales Police,North Wales Police,-4.099666,52.772331,On or near Ffordd Glan-Môr,W01002003,Gwynedd 013E,Unable to prosecute suspect
10a082a78b6dff447970daf00ec061a24f526076322353a6655772d15c1c9f1a,2026-07,North Wales Police,North Wales Police,-4.307599,53.256750,On or near Isgraig,W01000041,Isle of Anglesey 006D,Unable to prosecute suspect
acddd47f9ea8c4cf7740698e5f76b750cb00cf82dc361fea9f6fa132c61f84e2,2026-07,North Wales Police,North Wales Police,-4.065899,52.728293,On or near Heol Llewelyn,W01002004,Gwynedd 016F,Unable to prosecute suspect
2f34985da17d4ab288f1d74f04d5b63018a946d066af66c4a66220f6d702d210,2026-07,North Wales Police,North Wales Police,-3.491445,53.311252,On or near Sports/Recreation Area,W01000237,Denbighshire 006B,Investigation complete; no suspect identified
80866980752b5a68a82689a6a835fe3d0df7827a6523d929fb998faf6b4b2a64,2026-07,North Wales Police,North Wales Police,-3.720324,53.291370,On or near The Dingle,W01000144,Conwy 007C,Unable to prosecute suspect
d1a175d408ba88bfc51a50bbd118d240dc42d434d7a5d3fe2f617dcce86aae8f,2026-07,North Wales Police,North Wales Police,-3.092471,53.072459,On or near Yr Hendy,W01000399,Wrexham 013B,Unable to prosecute suspect
60b14a4fe90e5323d893772e97dd475a08c3c83eeb71c4e2e436e551a0c4e6e7,2026-07,North Wales Police,North Wales Police,-3.073353,53.053944,On or near Cemetery Road,W01000363,Wrexham 006D,Unable to prosecute suspect
186e0265c33acbc25ce4287fd395ff38ead1ac3aa8716ac18d90bce7ccd34eea,2026-07,North Wales Police,North Wales Police,-3.033902,53.201980,On or near Aston Road,W01000336,Flintshire 009E,Investigation complete; no suspect identified
31841d4dc0b71740e60b53b5cef8242518a60136b5e60e9943c5b554809d0d02,2026-07,North Wales Police,North Wales Police,-3.092471,53.072459,On or near Yr Hendy,W01000399,Wrexham 013B,Unable to prosecute suspect
5383be9fd2b18d868e85d42e0ba27daaac1ae6d750b3c7c045904ffc0072480c,2026-07,North Wales Police,North Wales Police,-2.994514,53.041737,On or near Supermarket,W01000365,Wrexham 011C,Unable to prosecute suspect
9f6eaa4ca6452283c9d9a1fbee221c0c40008ce814c469ce695f48eeeed166c2,2026-07,North Wales Police,North Wales Police,-2.972914,53.036757,On or near Goodwick Drive,W01000423,Wrexham 012D,Unable to prosecute suspect
e47191e404d7f2af17d45b6ea31424936890d1c55ff06506f0b6908c25513bc5,2026-07,North Wales Police,North Wales Police,-3.076710,53.070697,On or near Brymbo Road,W01000347,Wrexham 006A,Unable to prosecute suspect
17dc33dcc7f6aa752fe93a50d17a3c8a887093ff407c823d3cf07a6bfc3bb4eb,2026-07,North Wales Police,North Wales Police,-3.092471,53.072459,On or near Yr Hendy,W01000399,Wrexham 013B,Unable to prosecute suspect
182b8e9700533e30ac2d394df18e5682d9538a6f48a627a173446654ec992eab,2026-07,North Wales Police,North Wales Police,-2.995584,53.048427,On or near Bus/Coach Station,W01000372,Wrexham 008C,Unable to prosecute suspect
cbcf2bf47f636a07df4a574b625d947a127d7a43cf5ab9d44f0ec362a82b691d,2026-07,North Wales Police,North Wales Police,-4.299269,53.256578,On or near Pencraig,W01000041,Isle of Anglesey 006D,Unable to prosecute suspect
c8c7532183fc4c3fa7f21421b3abb9bd3720f3df8e9bd7141c16b8089878d861,2026-07,North Wales Police,North Wales Police,-4.619528,53.300742,On or near A5153,W01000029,Isle of Anglesey 003C,Suspect charged
a5544b4d12c3a693a8b7f6cfb85c1128216499aa4b2b9d288c38acb588952796,2026-07,North Wales Police,North Wales Police,-4.064272,53.180820,On or near A5,W01000097,Gwynedd 003D,Suspect charged
a5544b4d12c3a693a8b7f6cfb85c1128216499aa4b2b9d288c38acb588952796,2026-07,North Wales Police,North Wales Police,-4.064272,53.180820,On or near A5,W01000097,Gwynedd 003D,Suspect charged
5ec120e6b32f04d940f55f79d954b8fdf4d21aef1698f81a1bc81acef076c4fd,2026-07,North Wales Police,North Wales Police,-3.011124,53.214365,On or near Bridge View,W01000333,Flintshire 009B,Unable to prosecute suspect
7fd9ff130235f55ff2881f5b8a8f5db8b2c4cb8259371cef234ef4977ccde726,2026-07,North Wales Police,North Wales Police,-4.621259,53.296163,On or near Parc Cybi,W01000017,Isle of Anglesey 003B,Suspect charged
ed4441049e31f8d0d3c316bc8ad032f7a37710f8f68c494562d38dd8f47d095b,2026-07,North Wales Police,North Wales Police,-3.738947,53.309169,On or near Rhos Promenade,W01000156,Conwy 004B,Suspect charged
0ff6c894d7e883fd0d3c7022ceea4c134833beace05c968e57f0b9c493bec674,2026-07,North Wales Police,North Wales Police,-3.217632,53.276015,On or near Strand Walk,W01000304,Flintshire 003E,Local resolution
83cc02c0a427f4948f0c3fa579f7e693f15253f4015e697a544a2ffcd354de83,2026-07,North Wales Police,North Wales Police,-3.416300,53.192465,On or near Bryn Gwyrdd,W01000196,Denbighshire 012B,Suspect charged
6141f66a46bc365f5d1e9c3c51c6c13625360ebe72635c9bb7b48fac87455efe,2026-07,North Wales Police,North Wales Police,-4.619528,53.300742,On or near A5153,W01000029,Isle of Anglesey 003C,Investigation complete; no suspect identified
eef954529ddd8667872e136132d51bd28a1cdb37d4188c4f4cd8755d6c5fed21,2026-07,North Wales Police,North Wales Police,-2.994514,53.041737,On or near Supermarket,W01000365,Wrexham 011C,Further action is not in the public interest
aebb17beec233f9526b269c57e1ae608ddbca9d278a3e2a8384708175304d9a3,2026-07,North Wales Police,North Wales Police,-3.529153,53.309014,On or near Aled Gardens,W01000149,Conwy 005A,Unable to prosecute suspect
64152d7248d3ec01491a99a93bc2618286f28238d6fc7dde083a2bb24ee50f2e,2026-07,North Wales Police,North Wales Police,-4.169071,53.206460,On or near Ffordd Cynan,W01000102,Gwynedd 002E,Local resolution
c8680413584b694389134f53583025cd212167a4e560bfb2d44adab7854a182c,2026-07,North Wales Police,North Wales Police,-4.163459,53.221693,On or near Beach Road,W01000011,Isle of Anglesey 008B,Unable to prosecute suspect
1e95eca596a43f2ab8bbcb7912426717e07fd747c8dc173a9fa72824723fd048,2026-07,North Wales Police,North Wales Police,-3.033328,53.209851,On or near Park Avenue,W01000334,Flintshire 009C,Unable to prosecute suspect
14782cf6f8eaf98075cbd9423d33c91f46f6ba0c009da0c79b2a8970c5de1648,2026-07,North Wales Police,North Wales Police,-3.810620,53.284018,On or near Cyffordd Llandudno,W01000166,Conwy 006D,Unable to prosecute suspect
5855efb4d8fbbe141a5d9f077977b8306de6381d0bd82c66b923dcc688402fc0,2026-07,North Wales Police,North Wales Police,-4.122971,53.229021,On or near Brick Street,W01000062,Gwynedd 001A,Investigation complete; no suspect identified
c4ac1fd360f96b8ab581454583536d07f5f98cb1c86aa9774f3b3c6c04a4d821,2026-07,North Wales Police,North Wales Police,-2.996436,53.047233,On or near Duke Street,W01000372,Wrexham 008C,Local resolution
f57b8eaab2fd1787ba54f7c5867d558400716821d455d8e5174fdaa06bfafdd0,2026-07,North Wales Police,North Wales Police,-3.138681,53.170191,On or near A5119,W01000315,Flintshire 016C,Unable to prosecute suspect
3f641cd581fc64e209c7e0712beefe4be14c6d202294a9331c7a1d9542bf23b0,2026-07,North Wales Police,North Wales Police,-2.979794,53.049439,On or near Trevenna Way,W01000425,Wrexham 010E,Unable to prosecute suspect
ee8309e979869965095735e5cfdb7cd1dd7b16d3203acbf721820f4db8968a15,2026-07,North Wales Police,North Wales Police,-3.698873,53.289681,On or near Supermarket,W01000128,Conwy 009C,Further investigation is not in the public interest
00cae8d7e8994c0ff56e9d8b9e69d002e7928b7ce82ecdff18f98d903cc2e1dc,2026-07,North Wales Police,North Wales Police,-4.275081,53.143461,On or near Theatre/Concert Hall,W01000093,Gwynedd 006B,Unable to prosecute suspect
b1d5a03c3cb380c61dd69dd14b8220b8924ab70bdc45bc08ebf26e0e767d9f26,2026-07,North Wales Police,North Wales Police,-3.011124,53.214365,On or near Bridge View,W01000333,Flintshire 009B,Unable to prosecute suspect
b0accd9aa1941a20f3c014a32e47a4e16a5a959500acae9a31f7cf990fa5b726,2026-07,North Wales Police,North Wales Police,-3.798807,53.264913,On or near Trem Afon,W01001926,Conwy 011F,Unable to prosecute suspect
9bfe26747cad96d9a800061643dde8dd52625428df6186d43b16ddc30fb14436,2026-07,North Wales Police,North Wales Police,-3.042212,53.212515,On or near Parking Area,W01000337,Flintshire 009F,Unable to prosecute suspect
4971fd56c58aaf908d963c61806ec5b015537e91e1f25220b8fe54c533ad61c2,2026-07,North Wales Police,North Wales Police,-2.983718,53.041622,On or near Golgfa'r Ddol,W01000424,Wrexham 012E,Unable to prosecute suspect
39fb94d0b1e48359714b8f607f4caf3524c0d52608fe8bdbf600f5b6b7b1bcc5,2026-07,North Wales Police,North Wales Police,-4.633794,53.312557,On or near Police Station,W01000036,Isle of Anglesey 003F,Unable to prosecute suspect
6bbad9ccdc4940a34072017bd6e3ddc871a9d3b2fe17a212463f67b5332b0d32,2026-07,North Wales Police,North Wales Police,-3.004683,53.049025,On or near Maesgwyn Road,W01000350,Wrexham 011B,Unable to prosecute suspect
57e3fa083493501bd93eea56e991d6ddce0f2385404a43993bddadfbca2b37be,2026-07,North Wales Police,North Wales Police,-3.784072,53.134128,On or near Sports/Recreation Area,W01000134,Conwy 015B,Further action is not in the public interest
e1603694a099c91de39b1db9c02e88314bba3e91707b4ad472d93ba26df3d779,2026-07,North Wales Police,North Wales Police,-3.015319,53.071857,On or near Parking Area,W01000375,Wrexham 003B,Investigation complete; no suspect identified
17537e0f0f4c777c6611c77ffee3a945e07c11535ba92864b857f4ae32f9e07e,2026-07,North Wales Police,North Wales Police,-3.675692,53.286467,On or near Maenen,W01000163,Conwy 009E,Unable to prosecute suspect
77a8c4dcd8c5cfd44325181b1b2d664a6923800c4f99bd7828efe6980dc50e8c,2026-07,North Wales Police,North Wales Police,-3.747566,53.310356,On or near Elwy Road,W01000157,Conwy 004C,Unable to prosecute suspect
c8b99f3506de3877ca3be5195ed087547cc5f63f231fd187c005d95a2c047f87,2026-07,North Wales Police,North Wales Police,-3.842237,53.319449,On or near Great Ormes Road,W01000147,Conwy 001C,Unable to prosecute suspect
860d201a4fbef7703a3f3afc11b0af9a520b903fd393171d54bb1c4b4a4fa9c6,2026-07,North Wales Police,North Wales Police,-3.241218,53.278963,On or near Grange Lane,W01000306,Flintshire 002A,Local resolution
d921080b86e0a6712e09c58587d1dadd8a2eba0ce5a9e7b6b6ebddd14fdb4e7a,2026-07,North Wales Police,North Wales Police,-3.038003,53.203176,On or near Grange Road,W01000335,Flintshire 009D,Investigation complete; no suspect identified
0795ba7985dc86f4e073b5eb7a1f0995ef72e40da80b3bc21d6c6a4db8137b3d,2026-07,North Wales Police,North Wales Police,-4.633602,53.309432,On or near Further/Higher Educational Building,W01000016,Isle of Anglesey 003A,Investigation complete; no suspect identified
b6c1e3bd79ada4f1049bb5350bcf43f78658add078a0362c97d4e84846a9b330,2026-07,North Wales Police,North Wales Police,-3.137446,53.169304,On or near Lead Mills,W01000315,Flintshire 016C,Unable to prosecute suspect
9867b712039012758568738ef8ed0c1170df21252aa1bad019e7e04a001476ff,2026-07,North Wales Police,North Wales Police,-3.822915,53.317336,On or near Canol Creuddyn,W01000186,Conwy 001E,Further action is not in the public interest
ce45e28be8fa57ee1284a57d0465b060554400fb0f84a08247ce91e7fd1edfb9,2026-07,North Wales Police,North Wales Police,-2.985872,53.047843,On or near Shopping Area,W01001931,Wrexham 012G,Unable to prosecute suspect
1f2e70aeedc92230a3d02bb4187e1cb72012ff4924b6b3b0c7fe3a887a439854,2026-07,North Wales Police,North Wales Police,-4.660825,53.295044,On or near Plas Road,W01000040,Isle of Anglesey 004D,Local resolution
03abd0dda742ca365fd1a08c6fb37005cddf2a0e94b8af133f9fb2e0135f2102,2026-07,North Wales Police,North Wales Police,-3.032749,53.208786,On or near Petrol Station,W01000336,Flintshire 009E,Suspect charged
b41ccafc93939d25b1047bc000fc95f91ee927407786edba8620a4e6d47bf638,2026-07,North Wales Police,North Wales Police,-3.494325,53.319164,On or near Crescent Road,W01000240,Denbighshire 004E,Unable to prosecute suspect
3cafd1491916bed0d03a420373646495c3bb6847dad796d01aa2a497ab4fd94f,2026-07,North Wales Police,North Wales Police,-3.811966,53.320074,On or near Curzon Road,W01000132,Conwy 001A,Investigation complete; no suspect identified
a30f175b0e20bf1508e0fe671152440a7697ae747f2d1d4992f1156a3a7d7ee0,2026-07,North Wales Police,North Wales Police,-3.032749,53.208786,On or near Petrol Station,W01000336,Flintshire 009E,Suspect charged
896a202f0c225785ebce9f0437e46e315601a1791baa24799c76c00bc8a680a5,2026-07,North Wales Police,North Wales Police,-4.123906,53.227341,On or near Rhes Plas Llwyd,W01000062,Gwynedd 001A,Investigation complete; no suspect identified
006fafb11c4b9174727876bed90c7ce38e6beb2250638ad57ff83377ffb0a7a0,2026-07,North Wales Police,North Wales Police,-2.982368,53.054380,On or near Camberley Crescent,W01000393,Wrexham 023G,Investigation complete; no suspect identified
1dfa2f60e82a8267f3c885b33f898fd5ac4bbe3cbb40b44612f1da88bd32e01d,2026-07,North Wales Police,North Wales Police,-2.979794,53.049439,On or near Trevenna Way,W01000425,Wrexham 010E,Unable to prosecute suspect
41697b08a2b32bb72b68140739743d2fce32b25795781157a21e4a04be5a0a95,2026-07,North Wales Police,North Wales Police,-3.059583,53.076461,On or near Edwards Avenue,W01000348,Wrexham 006B,Unable to prosecute suspect
11008e560430a499d38b67200fe563fe35f1ae1303c46fd73a021944898d0444,2026-07,North Wales Police,North Wales Police,-3.093496,53.130549,On or near Heol-Y-Dderwen,W01000309,Flintshire 019C,Investigation complete; no suspect identified
145b392a1a39de4c9b35a86154ee34aeff0d093dd746f088bd93e3cc8f14ba7d,2026-07,North Wales Police,North Wales Police,-3.666996,53.280431,On or near Tan-Y-Graig Road,W01000163,Conwy 009E,Investigation complete; no suspect identified
7a99aee30fb5de23ee8f8c2f178b5a7dcc2aa1e2a8604c8009d344a88fdbad2f,2026-07,North Wales Police,North Wales Police,-4.122755,53.236775,On or near Parking Area,W01000076,Gwynedd 001B,Investigation complete; no suspect identified
4b643a120e86d7440fd2e2e7977438f366e5e1c11f5af582dd5d34d36835e294,2026-07,North Wales Police,North Wales Police,-2.996436,53.047233,On or near Duke Street,W01000372,Wrexham 008C,Unable to prosecute suspect
d4a2dc26616582f060bfce45b8303e22139516f7a4f44ca571892300fcb5ca63,2026-07,North Wales Police,North Wales Police,-3.724952,53.291905,On or near Gladys Grove,W01000143,Conwy 007B,Investigation complete; no suspect identified
a34ac31f4b14fcadf28e2878c90a6dfd3639ff1c1d4c877a83bee1d26dbfe3a7,2026-07,North Wales Police,North Wales Police,-3.039340,53.212028,On or near Charmleys Lane,W01000337,Flintshire 009F,Suspect charged
ef52c5753134dd47c5e2a6593c3da3a92c1882247339b14424d103a3205d477a,2026-07,North Wales Police,North Wales Police,-3.815635,53.319848,On or near B5115,W01000186,Conwy 001E,Investigation complete; no suspect identified
4a4829479ff9d18bdc315ffba5327879df7504c2b99c207d5210929b12f3a380,2026-07,North Wales Police,North Wales Police,-3.885677,52.743057,On or near Queen's Square,W01000067,Gwynedd 016D,Unable to prosecute suspect
14388053bb4eaffa208f9a4e6fba2be3ab6a175b5358764a99ca96f96615440e,2026-07,North Wales Police,North Wales Police,-3.830485,53.325150,On or near Ty Isa Road,W01000146,Conwy 001B,Investigation complete; no suspect identified
aac7875d282516dd0262b76ecd8e56641175fef8c493bb1b5fcd62bec5da76e3,2026-07,North Wales Police,North Wales Police,-3.739821,53.306666,On or near Theatre/Concert Hall,W01000155,Conwy 004A,Unable to prosecute suspect
b65549db36ae0f45277739230b3e2bcf14e9cd1a530205c72802259d6bb6b68a,2026-07,North Wales Police,North Wales Police,-4.636697,53.312151,On or near St Seiriol's Close,W01000037,Isle of Anglesey 003G,Suspect charged
174fb79131e833d5ff1b900be55e5aab8c127ac71ab22d9d0e0fc089b4c6bc4d,2026-07,North Wales Police,North Wales Police,-4.142602,53.217692,On or near Shopping Area,W01000064,Gwynedd 002A,Suspect charged
ca9151f83e785d31560179bdd70bb358b20438919d33849860e7b8be18497c34,2026-07,North Wales Police,North Wales Police,-3.032749,53.208786,On or near Petrol Station,W01000336,Flintshire 009E,Suspect charged
dc3fc441fcc75a1d5d3978f0679252b0fa644062405c44524889cbbae88502a6,2026-07,North Wales Police,North Wales Police,-3.431631,53.184020,On or near Ffordd Ysgubor,W01000199,Denbighshire 011C,Unable to prosecute suspect
49aad4a4dfb5dee0d4bdbfd933d951058644ca592a57bb6ca8dd32e78b4aafe0,2026-07,North Wales Police,North Wales Police,-2.983501,53.039934,On or near Linden Avenue,W01000424,Wrexham 012E,Local resolution
eff940316496b1fe95cf3ccd3a0f82b76bd954e58afa294a320038310200bc6b,2026-07,North Wales Police,North Wales Police,-4.126627,53.230538,On or near Love Lane,W01000076,Gwynedd 001B,Investigation complete; no suspect identified
ba590efb11f32f85162dd38e070926a73d6a10aab873f1889120baaf6b187e4e,2026-07,North Wales Police,North Wales Police,-4.618622,53.305554,On or near Cae Braenar,W01000033,Isle of Anglesey 003E,Investigation complete; no suspect identified
63579667ff8bf8669405d2b531ec1a67109627240dc76efa5c0b4af48847f587,2026-07,North Wales Police,North Wales Police,-4.648791,53.310831,On or near South Stack Road,W01000034,Isle of Anglesey 004B,Investigation complete; no suspect identified
6e517e16c886946a49d822846efca796078f739d64f8b04fc321c4f18b186fd1,2026-07,North Wales Police,North Wales Police,-3.467551,53.303657,On or near Petrol Station,W01000223,Denbighshire 009B,Local resolution
265cb358c8a17fc262ed16ddae94d832f6752cf08b48f0dd25b4e1b0f22b68b5,2026-07,North Wales Police,North Wales Police,-3.009592,53.216086,On or near Mapplewood Avenue,W01000333,Flintshire 009B,Unable to prosecute suspect
93bce56e79cbf1d90ef7e6023d988e16c9a8681f0623d0dc71d57c999ec5a926,2026-07,North Wales Police,North Wales Police,-3.582357,53.284551,On or near Supermarket,W01000178,Conwy 010E,Suspect charged
b9f9e01d059ae72cfde7de0b46fc27c2208fc26c71ff6f511e9d132f422cbd3b,2026-07,North Wales Police,North Wales Police,-3.582357,53.284551,On or near Supermarket,W01000178,Conwy 010E,Investigation complete; no suspect identified
deaa9cf3de19aa915b9ac62678261e3189165b7c8ec9059c573f42040bcb6b8c,2026-07,North Wales Police,North Wales Police,-3.417427,53.336716,On or near Coniston Drive,W01000219,Denbighshire 001B,Unable to prosecute suspect
0236b752efc058b34ff25e537bf506d4b16ad7a17e708fc1b1f8eceeee139200,2026-07,North Wales Police,North Wales Police,-3.061224,53.000520,On or near Bryn Afon,W01000406,Wrexham 013C,Suspect charged
6986f21076d4e8f8d5bcadd388910697c4044599e8ba8450337d672db982c5a1,2026-07,North Wales Police,North Wales Police,-4.052572,53.176797,On or near Abercaseg,W01000096,Gwynedd 003C,Unable to prosecute suspect
d3358c6ba3d7b556010f9e754cbb09f3e296c24412e8ffc0d8428f0d836ad9d8,2026-07,North Wales Police,North Wales Police,-3.061224,53.000520,On or near Bryn Afon,W01000406,Wrexham 013C,Suspect charged
b287cb5cfb73d58f15d75587cb4680e0b600da19eef5dd3bc9d2b5b12fd1e3d8,2026-07,North Wales Police,North Wales Police,-3.311004,53.119497,On or near Lon Parcwr,W01000243,Denbighshire 014B,Investigation complete; no suspect identified
b2bc2960717390faab3222f208ee32b0064ac1c96a1f1a501e5b8416dc492573,2026-07,North Wales Police,North Wales Police,-3.004516,53.057251,On or near Fleming Drive,W01000372,Wrexham 008C,Suspect charged
20445319b79979b7d707ea4c0b97d18e69aa7878b4366fac53330d6209b191f9,2026-07,North Wales Police,North Wales Police,-3.136551,53.249731,On or near Earl Street,W01000290,Flintshire 004B,Suspect charged
3e2138b36369c47b4cd545ba4da70da7d8825c9d79e3c782cf90ebd50b9736f0,2026-07,North Wales Police,North Wales Police,-3.723838,53.293306,On or near A547,W01000143,Conwy 007B,Suspect charged
5ebf3371bc7155085476eb4c3ebdf0324e05090da5a8320c238139429ac5643c,2026-07,North Wales Police,North Wales Police,-3.712948,53.285515,On or near Ffordd-Y-Fedwen,W01000138,Conwy 008A,Investigation complete; no suspect identified
4c44a8fbc659a0dce374dc197b3302a66ca61aa45d7bb01456a1f0e22610a2a5,2026-07,North Wales Police,North Wales Police,-3.208124,53.169579,On or near Cefn Bychan Road,W01000299,Flintshire 019A,Unable to prosecute suspect
4d9664ae0a3d5fab40a16f4994338abb2d81ea4f3abc88473fabc8de7e9a080a,2026-07,North Wales Police,North Wales Police,-3.535218,53.305727,On or near Peris Avenue,W01000184,Conwy 005E,Suspect charged
a668611d28633612963d1ba44bcae12f42c4bd89c16325b9749569c72fe6e274,2026-07,North Wales Police,North Wales Police,-3.733280,53.286004,On or near Ffordd Yr Wyddfa,W01000180,Conwy 008C,Unable to prosecute suspect
aa76661081a977e7e07a7d7903fc836005b400b8fdb0f35cc29a397df52dcea5,2026-07,North Wales Police,North Wales Police,-2.996834,53.045054,On or near Brewery Place,W01000350,Wrexham 011B,Unable to prosecute suspect
af54aa069c991610b34022958a0c0601d134a266dfafd0f1fc6489e5fe037715,2026-07,North Wales Police,North Wales Police,-4.120059,53.229837,On or near Friars Road,W01000077,Gwynedd 001C,Investigation complete; no suspect identified
6f0a6d768bcdb6127025782e0bcd2d9c79f9de414ef7efd9e1ad85d6a0f4cb6b,2026-07,North Wales Police,North Wales Police,-3.040032,53.205352,On or near Farmfield Close,W01000335,Flintshire 009D,Unable to prosecute suspect
833cded1353eea97baeca0c4eef79593110b8d37189bf68aa031adad81af613a,2026-07,North Wales Police,North Wales Police,-3.526573,53.222791,On or near Parking Area,W01000162,Conwy 014C,Local resolution
7f6f22509826be8e478fb30c6ba87e23cdf1b4fee0c85fdd2af46f66a821395c,2026-07,North Wales Police,North Wales Police,-3.494059,53.313675,On or near Thornton Close,W01000237,Denbighshire 006B,Suspect charged
8a18727f112e5d2dadebefa99e28e6d7faa86591a0ff4d490be2e747e758834b,2026-07,North Wales Police,North Wales Police,-3.494059,53.313675,On or near Thornton Close,W01000237,Denbighshire 006B,Unable to prosecute suspect
fb1fd63d122b63c3a8f94b5665758ea9f092d7ff043731acafb289b86c9edf65,2026-07,North Wales Police,North Wales Police,-3.052612,53.215255,On or near Custom House Court,W01000283,Flintshire 008E,Unable to prosecute suspect
59d20554824d711b83c16d8a2b50513088647314d3104686602a69a1c50437d9,2026-07,North Wales Police,North Wales Police,-2.996436,53.047233,On or near Duke Street,W01000372,Wrexham 008C,Suspect charged
98b371d5ccde6ecd55107ec275a46575c324375c646a7757220b6c289139db30,2026-07,North Wales Police,North Wales Police,-3.821794,53.316742,On or near Ffordd Las,W01000187,Conwy 002C,Investigation complete; no suspect identified
af54344fe899ccde12e5d256c4b86df5698442a86a3e53483d2b580a08c8057d,2026-07,North Wales Police,North Wales Police,-3.065205,53.216977,On or near Linden Avenue,W01000273,Flintshire 007A,Investigation complete; no suspect identified
ad12c5681334b934509977e85554a005cdc0e22a31933b0dc1bea6470c96d43f,2026-07,North Wales Police,North Wales Police,-3.031176,53.203784,On or near Dee View,W01000336,Flintshire 009E,Investigation complete; no suspect identified
5ad9c5ea188b79da3dc73d3fc8a2d9efbb2b6103f765297b886dcb87471e812e,2026-07,North Wales Police,North Wales Police,-3.809218,53.286332,On or near Plas Tre Marl,W01000166,Conwy 006D,Investigation complete; no suspect identified
64d9aa89c6517ddee90d7dd87ff0f930c3b9437720c60b68f92384b5f7cd0d9e,2026-07,North Wales Police,North Wales Police,-3.723838,53.293306,On or near A547,W01000143,Conwy 007B,Suspect charged
13a71e458723ed80da696d53d108a5cffad6ffea1943a07d72f186aa6ee17d88,2026-07,North Wales Police,North Wales Police,-3.031176,53.203784,On or near Dee View,W01000336,Flintshire 009E,Investigation complete; no suspect identified
cc38f24feb8cf10abf2d17aba243c974b1398213b413f57c1beef33207b7dcf7,2026-07,North Wales Police,North Wales Police,-3.809976,53.284396,On or near Parking Area,W01000176,Conwy 011D,Investigation complete; no suspect identified
be3dad9e6353a9256a75599e63a73b0f7781c45d39d2aa850e4203038865fa18,2026-07,North Wales Police,North Wales Police,-3.809976,53.284396,On or near Parking Area,W01000176,Conwy 011D,Investigation complete; no suspect identified
1fbece76fd646389d67cb044fc891198e2fb816342917cc31cc0eaa3ebd06fe7,2026-07,North Wales Police,North Wales Police,-3.081369,53.163058,On or near Princess Court,W01000262,Flintshire 017C,Unable to prosecute suspect
190e191aaf87427e9abfa8993f69526293051d1ea4dad76309acc789c5e4f1cc,2026-07,North Wales Police,North Wales Police,-3.495101,53.270917,On or near Parking Area,W01000191,Denbighshire 009A,Unable to prosecute suspect
c31b9927777268713140f3975e4b7c1954793b381ef68e7df5a75ff46f248fcf,2026-07,North Wales Police,North Wales Police,-4.134968,53.230146,On or near Hwfa Road,W01000092,Gwynedd 001E,Investigation complete; no suspect identified
641ff40f7b98895dac525c6333de1ce7313c77f55be603d3a55d7e5887840c3d,2026-07,North Wales Police,North Wales Police,-3.036730,53.116908,On or near Llwyn Alun,W01000308,Flintshire 020C,Investigation complete; no suspect identified
dcd9fde3c148b62e1a3a7e0bef291020ea4249e61089b30607f7c7e3a358f4b9,2026-07,North Wales Police,North Wales Police,-3.594454,53.287564,On or near Moor Park,W01000179,Conwy 010F,Investigation complete; no suspect identified
9f85bfd3087f53c99d05090c9596c3f500ceb8219ee22b145b8452b122903d05,2026-07,North Wales Police,North Wales Police,-4.619873,53.303665,On or near Lon Deg,W01000029,Isle of Anglesey 003C,Investigation complete; no suspect identified
62416dbea389d693808896ab878a958d4663fb7eedfc9bb80af95c5747c058dd,2026-07,North Wales Police,North Wales Police,-3.412106,53.316121,On or near The Grove,W01000217,Denbighshire 008C,Suspect charged
1af018db70913a0a1c623e79c02d2903f47b3a430f09118de7f27f23be9fc57a,2026-07,North Wales Police,North Wales Police,-2.993401,53.100755,On or near Straight Mile,W01000390,Wrexham 021A,Unable to prosecute suspect
b198c4c6daa64e9d550038544dba913397f7b220158d056561ce6e18b9466b75,2026-07,North Wales Police,North Wales Police,-4.134853,53.226021,On or near A5,W01000092,Gwynedd 001E,Investigation complete; no suspect identified
aec64b3262c739ca0689baa341d51863d96aaf8dccdd6d938f2689909317b5f5,2026-07,North Wales Police,North Wales Police,-3.489674,53.320086,On or near St Helens Place,W01000240,Denbighshire 004E,Unable to prosecute suspect
2c93b4dcc1704807cfd7f12ff72dd112b532acb7cc0a0eb5dc659802e7927312,2026-07,North Wales Police,North Wales Police,-4.350501,53.036868,On or near Parking Area,W01000086,Gwynedd 008B,Suspect charged
5236fef02ad64500bf68787f27d12b3e297d1a1b24a08cf57072b48190a4dc03,2026-07,North Wales Police,North Wales Police,-4.193742,53.145042,On or near Ffordd Minffordd,W01000053,Gwynedd 004B,Unable to prosecute suspect
f64d27ad4d4d8b2525a2ab9ecf8674d21430935da92b19093acca841796d5489,2026-07,North Wales Police,North Wales Police,-3.009050,53.212810,On or near Glenesk Court,W01000332,Flintshire 009A,Unable to prosecute suspect
a49fce57594bef7eb0de8b29b3526de97c2d6515efa25e8a44d0bc46f1f2829c,2026-07,North Wales Police,North Wales Police,-3.738947,53.309169,On or near Rhos Promenade,W01000156,Conwy 004B,Suspect charged
2f83bce7678c6c02d940120454fe80f17160d6c02fd79b793f35b660e824ea24,2026-07,North Wales Police,North Wales Police,-3.048089,52.987323,On or near Pont Adam Crescent,W01000407,Wrexham 016C,Further action is not in the public interest
0dc79439c1ca3326a4477b1d66fa356435233a514db65e96d8c9e99a709cdcac,2026-07,North Wales Police,North Wales Police,-3.358614,53.337220,On or near Bryn Mor,W01000298,Flintshire 001B,Unable to prosecute suspect
444b6716fe62bd9214c37df86389c3d4e96ec5db0a2828eb2234d835cfe7fe53,2026-07,North Wales Police,North Wales Police,-3.072518,53.178824,On or near Deganwy Close,W01000268,Flintshire 013B,Unable to prosecute suspect
09fbe20a04b029d7070a5ff74de7f729858d455894c9ed7168e2793283aae3cf,2026-07,North Wales Police,North Wales Police,-3.832643,53.324343,On or near Chapel Street,W01000146,Conwy 001B,Local resolution
a72a698729f5d4edd44cf8bbdbf61f26d7813b4cf9cf2df6a5a6755ef16773f0,2026-07,North Wales Police,North Wales Police,-3.428885,53.333541,On or near Lon Dyfi,W01000220,Denbighshire 001C,Local resolution
7a295cf7730dfd9da81066d46b4c65378c4d1c774a7b25f72489d465aefc19d1,2026-07,North Wales Police,North Wales Police,-3.493231,53.311906,On or near Rhydwen Close,W01000237,Denbighshire 006B,Local resolution
0100d07ee592a56c841fe38d58cae2752c8ad321f28e8d00cb5d279346f19d74,2026-07,North Wales Police,North Wales Police,-4.402454,53.206081,On or near Cefn Derwen,W01000007,Isle of Anglesey 009A,Unable to prosecute suspect
11ee96171a241710f0978ff103e96df795127902c7e69820db3174d4e442ca42,2026-07,North Wales Police,North Wales Police,-3.013759,53.214334,On or near Farm Road,W01000333,Flintshire 009B,Unable to prosecute suspect
a556a2f49cb46c980f564c2d738f48d32035ab5c532ffa18a2c23a1ec9006e39,2026-07,North Wales Police,North Wales Police,-3.041577,53.003319,On or near Hafod Wen,W01000386,Wrexham 015A,Investigation complete; no suspect identified
fc20d158e21e943036aee73d5fa2f90f03a102c82dfb5a0860116380955b5135,2026-07,North Wales Police,North Wales Police,-2.996848,53.043086,On or near Tenters Lane,W01000402,Wrexham 011D,Suspect charged
e0bbd1c9e992a737d1629195fea37a8808c3e51a2756e9f9a8e16e5702e7c81c,2026-07,North Wales Police,North Wales Police,-3.054429,53.216669,On or near Dodd's Drive,W01000274,Flintshire 007B,Suspect charged
0cdf9d8e4e508b064dae8d1fc71dd3fd7588a31dd48d883481b136b822023587,2026-07,North Wales Police,North Wales Police,-3.053391,53.217721,On or near High Street,W01000274,Flintshire 007B,Suspect charged
247f94a9ff38d4f036b8a7e50d4418a50ccaec0b02bce57ce6875dfa941c63cd,2026-07,North Wales Police,North Wales Police,-3.000397,53.040485,On or near Edward Street,W01000402,Wrexham 011D,Unable to prosecute suspect
6c21b416f5f7577e9422cb92685f8109c2fb84ca8410ccc7964147bbe2c1809f,2026-07,North Wales Police,North Wales Police,-3.943848,52.993058,On or near Fron Fawr,W01000056,Gwynedd 009A,Unable to prosecute suspect
376d164cfc4cacaa1f82af3586308ef0159ce1a2e322f21fc9ecca09403dd986,2026-07,North Wales Police,North Wales Police,-3.943848,52.993058,On or near Fron Fawr,W01000056,Gwynedd 009A,Unable to prosecute suspect
60ed264e3b6241f7968f8dd750ce0e5bb01c7d3884cdafd844242498689ad6df,2026-07,North Wales Police,North Wales Police,-3.039340,53.212028,On or near Charmleys Lane,W01000337,Flintshire 009F,Investigation complete; no suspect identified
81611a36897c292a97e9b133c24f30d4b9bc14b75b01be5615ad7672b693239c,2026-07,North Wales Police,North Wales Police,-4.266071,53.142455,On or near Maes Cadnant,W01000059,Gwynedd 006A,Unable to prosecute suspect
9a3169e0246ac4bc826f2da310d25d9eda4c8900e6254a50e590b70da8655b83,2026-07,North Wales Police,North Wales Police,-4.238244,52.925111,On or near Gerddi Arfonia,W01000061,Gwynedd 011B,Unable to prosecute suspect
1a69f3e3912f3bc522d909966f9d90e451738d6a21541fc335bb6df6e535f47c,2026-07,North Wales Police,North Wales Police,-3.526238,53.308944,On or near Trefor Avenue,W01000149,Conwy 005A,Unable to prosecute suspect
adce2483102b3fe9d08b4d7d29cb77172bb9a9065a28e08d071f89fc038bf53d,2026-07,North Wales Police,North Wales Police,-4.091706,53.277322,On or near Ffordd Eglwys,W01000005,Isle of Anglesey 005A,Investigation complete; no suspect identified
80d3cbfabb4824423fca3881a1a41e5963ad4b704b95ce6312ef32ab91f6fa8d,2026-07,North Wales Police,North Wales Police,-3.149242,53.157837,On or near Llys Carchar,W01000317,Flintshire 016E,Unable to prosecute suspect
d47a64b00086e2dbc15145844d0ce2fa174b1ded9f7173fa1be3280ed2354b40,2026-07,North Wales Police,North Wales Police,-3.074382,53.055390,On or near Supermarket,W01000363,Wrexham 006D,Suspect charged
7f2fdb1f3b35a0d9651255ac632e7a2e7f34ae71f279636f9cbb8569b518352b,2026-07,North Wales Police,North Wales Police,-3.826710,53.313044,On or near Ffordd Elisabeth,W01000187,Conwy 002C,Unable to prosecute suspect
29df3d1484f771eda2ad8e1fe722aa62c8557acff73b4d8891574a236dd1ad1d,2026-07,North Wales Police,North Wales Police,-3.405181,53.188866,On or near Rhodfa Elgwern,W01000197,Denbighshire 012C,Suspect charged
d40c551ed63c3a01b291580e50198ba47ce7886b8690c779839e07a5ed862788,2026-07,North Wales Police,North Wales Police,-3.825622,53.319561,On or near Dobinson's Lane,W01000186,Conwy 001E,Investigation complete; no suspect identified
28123f45fa30ac926d417e22431cf561958b28c9ccdac2262015098dc71585d9,2026-07,North Wales Police,North Wales Police,-3.052023,53.066397,On or near Chariot Drive,W01000347,Wrexham 006A,Unable to prosecute suspect
12fb960255934ce98b5c915d3f155fec03f30fc88604084f2fde1e6f9ba82a99,2026-07,North Wales Police,North Wales Police,-3.070151,52.967457,On or near Ffordd Kayton,W01000356,Wrexham 017C,Unable to prosecute suspect
839c41f8943de213e1ab895aa835d7e7cd2313e602952a6a9608e3e4e3d81731,2026-07,North Wales Police,North Wales Police,-3.810716,53.289824,On or near The Mews,W01000165,Conwy 006C,Local resolution
76e5091f58076b685573d231f0a4d3d23b0f1dc19265ad668b61397281d3218a,2026-07,North Wales Police,North Wales Police,-3.929953,52.992548,On or near Petrol Station,W01000065,Gwynedd 009B,Unable to prosecute suspect
3d0d3d570e720bcfe78409f0989732bd0bbeb7962e304779a5851ef00801b6c9,2026-07,North Wales Police,North Wales Police,-3.060610,53.014406,On or near Maes Enion,W01000412,Wrexham 015D,Unable to prosecute suspect
b1985c67716d71570a529ad3cdc943f65b9029a009e5b783a319816f0b8d2d4e,2026-07,North Wales Police,North Wales Police,-3.482031,53.325700,On or near Beechwood Road,W01000228,Denbighshire 004C,Unable to prosecute suspect
039ebf5b58fe07394f313394b40230bae8ebf5e9af783af44b9936091c94bdb7,2026-07,North Wales Police,North Wales Police,-4.416909,52.890301,On or near Stryd Kingshead,W01000108,Gwynedd 012D,Unable to prosecute suspect
24cc7ebcbae94d1e995f3eadd84eaa2596186b7d37812c561a8c25c32f29d7b8,2026-07,North Wales Police,North Wales Police,-3.487470,53.314558,On or near Ffordd Las,W01000236,Denbighshire 006A,Suspect charged
e958ca7c50470680cc232d686e03ab5f54008319007baa8f9aa2c54b85e429f2,2026-07,North Wales Police,North Wales Police,-3.473204,53.286966,On or near St Asaph Road,W01000225,Denbighshire 009D,Unable to prosecute suspect
6e10adb9a9135c3b1a78af1198888edeb67ef97f833827836473ea1f7d711d8c,2026-07,North Wales Police,North Wales Police,-3.834633,53.323135,On or near Clifton Road,W01000146,Conwy 001B,Unable to prosecute suspect
a6363aee2e1f672f525de95fa21d14707773f5d6f00b6e444258f5b34dabb8f1,2026-07,North Wales Police,North Wales Police,-3.880573,52.738409,On or near Wenallt Uchaf,W01000068,Gwynedd 016E,Investigation complete; no suspect identified
d7f838d5cb52cec9ab7fb0066f126c3e9408304da16edcc71bee182a0ef2aaf9,2026-07,North Wales Police,North Wales Police,-3.058417,53.186467,On or near Supermarket,W01000286,Flintshire 013E,Local resolution
15a6893b75459c1ad49720762e3d1af4ba6e52ccb2a5692dd8689d2a5c9c8a4e,2026-07,North Wales Police,North Wales Police,-3.040924,53.007154,On or near Laurel Grove,W01000385,Wrexham 014C,Unable to prosecute suspect
016852ed75d9ed29a5532e14bf3e02dbefabe4cef9a59fa23894de4035c2bc20,2026-07,North Wales Police,North Wales Police,-3.473204,53.286966,On or near St Asaph Road,W01000225,Denbighshire 009D,Unable to prosecute suspect
e4c871895922602bb377b1e5a5eaf817611b9d869b5deb1bcd792387778e259b,2026-07,North Wales Police,North Wales Police,-3.487470,53.314558,On or near Ffordd Las,W01000236,Denbighshire 006A,Suspect charged
3e68a3c0fad1b4205dbc5b1b490bf240a230c567e85dd1fefe46e0af0182486c,2026-07,North Wales Police,North Wales Police,-3.821832,53.322226,On or near Adelphi Street,W01000186,Conwy 001E,Investigation complete; no suspect identified
5a5a85cee68f2f8d2f04a85686f43217e10eddd127faae67ca21f9b76db7d120,2026-07,North Wales Police,North Wales Police,-3.357651,53.337150,On or near Ffordd Marian,W01000298,Flintshire 001B,Unable to prosecute suspect
a871022c27e57c15844a9361faf7239879549bab0165d43095a78bbf5125fe16,2026-07,North Wales Police,North Wales Police,-3.087891,53.200331,On or near Goodwood Grove,W01000325,Flintshire 010D,Investigation complete; no suspect identified
265868ea94edd149255e9f746fe9e60bf14221d43c1cbeb057b8e87426c5d304,2026-07,North Wales Police,North Wales Police,-3.122404,53.244643,On or near Petrol Station,W01000293,Flintshire 004D,Unable to prosecute suspect
474eb783bec73a06450cdace95d4f8a60aa56b1cec8ea55e081fa1f9d54cb932,2026-07,North Wales Police,North Wales Police,-3.380726,52.990236,On or near Cwr Y Gaer,W01000193,Denbighshire 015A,Suspect charged
8468ac345b15b960a04ed1464e1138b82660e8aed4ff29c487c30d33b5db86bc,2026-07,North Wales Police,North Wales Police,-3.720590,53.290812,On or near Petrol Station,W01000144,Conwy 007C,Unable to prosecute suspect
2f261eabe58a4732999ec55b59905fe2d0e2a2f3d98fca269ad972856c10af60,2026-07,North Wales Police,North Wales Police,-3.040045,53.154553,On or near Whitrock Road,W01000327,Flintshire 018C,Investigation complete; no suspect identified
dad56a1f31235a2f3d57bf1788d145e6bacca19c2edb0385c6800a752acc7598,2026-07,North Wales Police,North Wales Police,-3.130763,53.248501,On or near Supermarket,W01000288,Flintshire 004A,Investigation complete; no suspect identified
2e2a126a0e7d3b3c08ef32722a5fca820e4106378bf167c5b4d28231ab005596,2026-07,North Wales Police,North Wales Police,-3.694399,53.279263,On or near Pentre Canol,W01000138,Conwy 008A,Unable to prosecute suspect
e657e047fd4e2863b52a2a80954bca8485716581654c2c7ab4a450804c4cae5a,2026-07,North Wales Police,North Wales Police,-3.490166,53.318713,On or near Stryd Cinmael,W01000240,Denbighshire 004E,Unable to prosecute suspect
f9669fe5cf63491a9857b5589985b619e12934ca8a202a003fa73b6ecbd4dba7,2026-07,North Wales Police,North Wales Police,-3.178404,52.972032,On or near Supermarket,W01000209,Denbighshire 016D,Investigation complete; no suspect identified
0129db3d3a2f684c7e1c1a3bbb8b2e8ad15f145a0d233728330a99aa60e93b34,2026-07,North Wales Police,North Wales Police,-3.080249,53.165504,On or near Padeswood Road North,W01000262,Flintshire 017C,Unable to prosecute suspect
5e5a29dceefe7cd89b2ed01a68dc2f1a27012520d276bc26619de68ba30f11fc,2026-07,North Wales Police,North Wales Police,-3.821318,53.321961,On or near Bus/Coach Station,W01000186,Conwy 001E,Investigation complete; no suspect identified
628250ba8ad740c9abd962ac9c7c73b3fbe268dcc36834f4b5f9d790c6ab6588,2026-07,North Wales Police,North Wales Police,-3.723157,53.294646,On or near Parking Area,W01000144,Conwy 007C,Investigation complete; no suspect identified
97b9f3a89b3715feafe5d6f104006fa4b436841d29f853372081aeb0e4f6f034,2026-07,North Wales Police,North Wales Police,-3.714366,53.292435,On or near Park/Open Space,W01000144,Conwy 007C,Unable to prosecute suspect
adfeefae98fef1e8254bb187df7a2abf75898da7da1bb2baa88fdb8ae21244d9,2026-07,North Wales Police,North Wales Police,-3.419877,53.183397,On or near High Street,W01000194,Denbighshire 011A,Investigation complete; no suspect identified
b178b02aa61a8d0712ac8be8988ad1cf71e5a557a25748f08f29d6455facce2f,2026-07,North Wales Police,North Wales Police,-3.732940,53.299844,On or near Sea Bank Road,W01000182,Conwy 007D,Investigation complete; no suspect identified
63cfd6480b3d85aecdb7638dc1ccd92de6defa505d743f40e9be740f5f16f801,2026-07,North Wales Police,North Wales Police,-3.821832,53.322226,On or near Adelphi Street,W01000186,Conwy 001E,Investigation complete; no suspect identified
ffd0adc4a486877419d9cc2c21cf5587fc8e0834906a73dd86891a024d2919c9,2026-07,North Wales Police,North Wales Police,-4.083064,53.102868,On or near Parking Area,W01000081,Gwynedd 005B,Investigation complete; no suspect identified
286366a966ad3440f61e71d576674287575798e17f45e36bf13a2535585a0e3c,2026-07,North Wales Police,North Wales Police,-4.087088,52.593223,On or near Ffordd Gwalia Road,W01000117,Gwynedd 017E,Unable to prosecute suspect
e1e7c255f97b08aa9befa1bac4ca83a425390a72280cb25825e780d3f4244161,2026-07,North Wales Police,North Wales Police,-3.499850,53.313603,On or near Westbourne Avenue,W01000241,Denbighshire 004F,Suspect charged
2f2c8c656b0442563b74d15a6546bf7ee2f3e2bea03508b71f9cea3ebd352434,2026-07,North Wales Police,North Wales Police,-4.087088,52.593223,On or near Ffordd Gwalia Road,W01000117,Gwynedd 017E,Unable to prosecute suspect
eecf976dc5d0474c74ec0fea979eb2a169709ac9ca3af1e5008d82e706a1c5a3,2026-07,North Wales Police,North Wales Police,-3.181600,53.231629,On or near Pen Lan Lane,W01000301,Flintshire 006E,Unable to prosecute suspect
dd40c0841177317b68eb6345c33caf3c3174d51cecb5fade4631e76688c73d07,2026-07,North Wales Police,North Wales Police,-3.318979,53.329404,On or near Picton Road (Picton),W01000287,Flintshire 001A,Unable to prosecute suspect
a682940a8439030d7673caac38d5931f0dbaf15c77e32f2e8cea2edfc089ccb2,2026-07,North Wales Police,North Wales Police,-3.154834,53.259111,On or near Ash Grove,W01000253,Flintshire 003A,Investigation complete; no suspect identified
c343ee35a0820e44a89c84c7b85ca8f1df5eab0ed451b0e8b48f876dfb516c01,2026-07,North Wales Police,North Wales Police,-3.338562,53.347704,On or near Park/Open Space,W01000287,Flintshire 001A,Unable to prosecute suspect
04885f0319b5519cc40cba6f6ae5bf789e6c79408c60b8069e6d90e1eca4f162,2026-07,North Wales Police,North Wales Police,-4.110303,52.865587,On or near Glan Gors,W01000074,Gwynedd 013B,Unable to prosecute suspect
11ecb5ce28ac6ba4affecaab25094a6a8c288800b801960d3b09d15c8cdea7cd,2026-07,North Wales Police,North Wales Police,-4.055962,52.606410,On or near Parc Gwyrdd,W01001933,Gwynedd 017F,Unable to prosecute suspect
6478e8d700c32cdd72b896da4c557f817436438b888241786099e41c4f71a3cc,2026-07,North Wales Police,North Wales Police,-4.298558,53.258705,On or near Bro Tudur,W01000041,Isle of Anglesey 006D,Unable to prosecute suspect
91c04e0eb93a151e6370479ef3f58a4fe3d11a28ba3addd447ecfc6bef80c804,2026-07,North Wales Police,North Wales Police,-3.480359,53.253085,On or near Glascoed Road,W01000191,Denbighshire 009A,Unable to prosecute suspect
5953af639b141d69af78ae520e18a1b7a74ec432f729cfc85c219b7d37960569,2026-07,North Wales Police,North Wales Police,-3.587620,53.287340,On or near Sea Front Road,W01000179,Conwy 010F,Unable to prosecute suspect
886aebe9583dfbd2eccf4ece4ddfef821835b2e98109994a2ccdfa854532a0ea,2026-07,North Wales Police,North Wales Police,-3.461191,53.313867,On or near Bro Deg,W01000234,Denbighshire 017G,Unable to prosecute suspect
4843e89dcd384a65e49ab867ac61dc5fea7c3bfeab9ae7964c55d1f8cdc2517c,2026-07,North Wales Police,North Wales Police,-3.248712,53.235026,On or near The Green,W01000270,Flintshire 006B,Investigation complete; no suspect identified
ba8f2ba9e37dd5393a52951277658421e863ce999c45164423b3c518c05b01a4,2026-07,North Wales Police,North Wales Police,-3.515946,52.922232,On or near Bro Hafhesb,W01000082,Gwynedd 015C,Formal action is not in the public interest
30fb50d82fd7190f2be93f87125ad1f63f60417922711f5ca8494620246bedba,2026-07,North Wales Police,North Wales Police,-3.215364,53.277468,On or near Sports/Recreation Area,W01000304,Flintshire 003E,Action to be taken by another organisation
501440c9b746f7467068368368b109f8a579464d880bb9fdb86e3f8fa9e4d76d,2026-07,North Wales Police,North Wales Police,-3.125369,53.244570,On or near Kings Avenue,W01000292,Flintshire 004C,Local resolution
c04c46e2322d87346c1cdc942460048150d906cb0e125b3cbacbac7ccdc2b58c,2026-07,North Wales Police,North Wales Police,-3.502745,53.315247,On or near Sydenham Avenue,W01000241,Denbighshire 004F,Investigation complete; no suspect identified
8623e1ba0f7567b9068ff8dc90aeeb258bee0ddd2602e02df9d195a44792793a,2026-07,North Wales Police,North Wales Police,-3.215364,53.277468,On or near Sports/Recreation Area,W01000304,Flintshire 003E,Action to be taken by another organisation
6da6404149712aafbc99ebb07ab54422e8f42be7db0bded2332ea68ca2d2ef5d,2026-07,North Wales Police,North Wales Police,-3.140724,53.166019,On or near Parking Area,W01000315,Flintshire 016C,Unable to prosecute suspect
f71cec983301c7774bfc7963e14a16d5e87b122efd3799b3a33ecd3f6e53312f,2026-07,North Wales Police,North Wales Police,-3.140724,53.166019,On or near Parking Area,W01000315,Flintshire 016C,Unable to prosecute suspect
606f42532c5432b66f53dc37f7f404e5e6404bdc318fa8d4ab827dfde996281d,2026-07,North Wales Police,North Wales Police,-3.686249,53.291695,On or near Voryn Avenue,W01000127,Conwy 009B,Unable to prosecute suspect
3304e95cf7f1d30a28377f689f6cc72cca807720b889e605b64e2cd4eefe1c6f,2026-07,North Wales Police,North Wales Police,-4.111822,52.860759,On or near Castell Morfa,W01000074,Gwynedd 013B,Unable to prosecute suspect
051e48856b0d8328982dcd1bee7adbb8ba939217f2414ab4485c2f2e164da95c,2026-07,North Wales Police,North Wales Police,-4.560554,53.282032,On or near Shopping Area,W01002007,Isle of Anglesey 004G,Investigation complete; no suspect identified
040c6fe64376439671ca3bd4ecba870d8f542cfa44647e51d45fa9fa634df943,2026-07,North Wales Police,North Wales Police,-3.979308,53.252810,On or near Aber Road,W01000123,Conwy 013A,Unable to prosecute suspect
72f74a0c9d2d33f617bee38253b72955bc8577620281734d30104b0b88f63aaa,2026-07,North Wales Police,North Wales Police,-3.130035,53.172521,On or near Ffordd Argoed,W01000315,Flintshire 016C,Unable to prosecute suspect
b070aea5d46abd68376ea8c724e1206a4bdc77dfa798385e11edf8bf3089c55f,2026-07,North Wales Police,North Wales Police,-3.053010,53.218039,On or near Cestrian Street,W01000274,Flintshire 007B,Unable to prosecute suspect
233679114635f556a856ea576b967402485381f35e3538737b7cfc36980593c6,2026-07,North Wales Police,North Wales Police,-3.500613,53.316955,On or near North Avenue,W01000241,Denbighshire 004F,Investigation complete; no suspect identified
d50297624ab1fae32bf1466255bb42cc7877cae5c766f1d508eedef6b6c4e185,2026-07,North Wales Police,North Wales Police,-4.519027,52.935654,On or near Stad Ty Cerrig,W01000095,Gwynedd 012C,Unable to prosecute suspect
63782ba1c44f500d11151a40b04085cf219e09ad20fff701e43f21d47b6239c5,2026-07,North Wales Police,North Wales Police,-4.519027,52.935654,On or near Stad Ty Cerrig,W01000095,Gwynedd 012C,Unable to prosecute suspect
ed3acf39cbae9184062a39cfb3792f10158dab9cd6ce36991d6cd77f8ae04671,2026-07,North Wales Police,North Wales Police,-4.519027,52.935654,On or near Stad Ty Cerrig,W01000095,Gwynedd 012C,Suspect charged
9761af7069f4f8e1e2fd6355a01cb5cf173477367fa4dd7bc6a1988266d0ee68,2026-07,North Wales Police,North Wales Police,-4.519027,52.935654,On or near Stad Ty Cerrig,W01000095,Gwynedd 012C,Suspect charged
9053380f951d34ee2e4e10c59cf7aa0c6b536a7afab48e7699e63ff572a53ee6,2026-07,North Wales Police,North Wales Police,-4.519027,52.935654,On or near Stad Ty Cerrig,W01000095,Gwynedd 012C,Unable to prosecute suspect
4021b2435c5de9ba434dcaec9ff9a8be9b737a2ff9f4ded369fcb7ef990347b4,2026-07,North Wales Police,North Wales Police,-3.199794,53.283253,On or near Trem Y Mor,W01000305,Flintshire 003F,Unable to prosecute suspect
50838ce28d2c085522725cf9d5633f005e6cd44b4e5b582a989e9af417eb665f,2026-07,North Wales Police,North Wales Police,-3.741195,53.310557,On or near Supermarket,W01000156,Conwy 004B,Unable to prosecute suspect
d96aa3446107be87b69c13010656612dfeb767db82a4375199a11a041eca336d,2026-07,North Wales Police,North Wales Police,-2.989654,53.164529,On or near Gladstone Road,W01000255,Flintshire 015A,Unable to prosecute suspect
cc5884c20e79096171d9576a82239c8e01e25eef7d6b511790f1f3238e48e0d7,2026-07,North Wales Police,North Wales Police,-4.272712,53.138516,On or near Stryd Newydd,W01000111,Gwynedd 007C,Unable to prosecute suspect
c24d181b95cee0ac23248d68188f44f5deb8fa58f7e6c6d22b71da0f6efd840b,2026-07,North Wales Police,North Wales Police,-3.492266,53.319505,On or near Parking Area,W01000240,Denbighshire 004E,Unable to prosecute suspect
f3a63d38ec0a8ff1ae5742cb18e2bab18d8c6045a7288019027945826f3694ab,2026-07,North Wales Police,North Wales Police,-3.472223,53.328213,On or near Carlisle Avenue,W01000226,Denbighshire 004A,Local resolution
9c449470b40c86c5fe313abf100ad104d4dc2e4eed9a6317d9ddb73c16c26733,2026-07,North Wales Police,North Wales Police,-3.593249,52.901460,On or near Bala (Penybont),W01000083,Gwynedd 015D,Investigation complete; no suspect identified
a9d3ea418daca47b76493fedd5a0a693a811e704faac4fe90e8938f30b209abc,2026-07,North Wales Police,North Wales Police,-3.723595,53.292113,On or near Meirion Gardens,W01000144,Conwy 007C,Investigation complete; no suspect identified
faa1928939f689b45e0d49dc4ac97b68057fb7dd546e32e575fab6a9de54b3b6,2026-07,North Wales Police,North Wales Police,-3.039695,53.071935,On or near High Street,W01000351,Wrexham 005A,Unable to prosecute suspect
deff08b45791bdcedcbb4cbd4434ead553de465dda6dc5a2385059325914f2d6,2026-07,North Wales Police,North Wales Police,-3.502745,53.315247,On or near Sydenham Avenue,W01000241,Denbighshire 004F,Investigation complete; no suspect identified
fa9e431c808210d2ef289f0e24554b821f3a5370ecd644ef0f3f4b4f4571dd63,2026-07,North Wales Police,North Wales Police,-3.492482,53.320536,On or near Nightclub,W01000240,Denbighshire 004E,Investigation complete; no suspect identified
99f87df53e42f6e458230ce763a485af27dc99491f163af4b3824faef70e5390,2026-07,North Wales Police,North Wales Police,-3.241103,53.279437,On or near Petrol Station,W01000306,Flintshire 002A,Unable to prosecute suspect
b98740ac461c1f129e0ec0e83844cfd519da3ac64b8afc968aba530e8be3499d,2026-07,North Wales Police,North Wales Police,-3.030677,53.064974,On or near Capper's Hill,W01000401,Wrexham 005D,Unable to prosecute suspect
b15ad42eeace8442000d827539577348b7d20a2fc7ed5a1e5480dabcd0784845,2026-07,North Wales Police,North Wales Police,-3.791524,53.279011,On or near Petrol Station,W01001926,Conwy 011F,Investigation complete; no suspect identified
de4a892737846ea3c6c89dfc76f0633d8b7314b31321968562ee05e651c17873,2026-07,North Wales Police,North Wales Police,-4.123906,53.227341,On or near Rhes Plas Llwyd,W01000062,Gwynedd 001A,Unable to prosecute suspect
980a4da9ae36a7862cec31ff3564ce48026314f84ae1067de6466509a0986539,2026-07,North Wales Police,North Wales Police,-3.082329,53.168591,On or near Police Station,W01000264,Flintshire 012A,Unable to prosecute suspect
cff3cbcb24163d0a57e98d90bae878c4aab199def68e0f2f67d687173a55af06,2026-07,North Wales Police,North Wales Police,-3.372624,53.102972,On or near Parking Area,W01000211,Denbighshire 012D,Unable to prosecute suspect
d5c5a091b258afb1f1dd4e5afb0dfeaa4c5f09c3830d61f255fb30a876082153,2026-07,North Wales Police,North Wales Police,-3.730016,53.293216,On or near Woodland Park West,W01000183,Conwy 008E,Unable to prosecute suspect
15b68b3872ac1030e558dcb46d288e1af267c933d64005a391589aaa725e92d3,2026-07,North Wales Police,North Wales Police,-4.310682,53.255800,On or near Bulkeley Square,W01000014,Isle of Anglesey 006C,Unable to prosecute suspect
2e2e5981b0b7460d21f09f87e2e05b2c2a3f30b5d02f1eff79cf4ab4e2d762e5,2026-07,North Wales Police,North Wales Police,-2.931527,53.177637,On or near Parking Area,W01000330,Flintshire 015E,Investigation complete; no suspect identified
85ada93a4ffa6034782f786dbbc408b79da8975f832bff9a2c5c5f02c7e3ea27,2026-07,North Wales Police,North Wales Police,-3.498872,53.316959,On or near Butterton Road,W01000239,Denbighshire 004D,Unable to prosecute suspect
8b063c36525990e9f0f9026f0f4da3502a274b077019c2ce8d66bdeb08ca598a,2026-07,North Wales Police,North Wales Police,-4.191129,53.222302,On or near Pant Lodge Estate,W01000015,Isle of Anglesey 008C,Unable to prosecute suspect
d3feed0980c8a5a8972eec5fe91f4fa068cd24d2b21c495f0522dbf88f5f7a87,2026-07,North Wales Police,North Wales Police,-3.842083,53.290081,On or near Yr Angorfa,W01000129,Conwy 012B,Unable to prosecute suspect
82b89e4f2fa6e2d0070c82a49e3773a2457c840abc53dee2045ded8674b315ab,2026-07,North Wales Police,North Wales Police,-2.966750,53.035882,On or near Eastfield Court,W01000423,Wrexham 012D,Unable to prosecute suspect
d19c1ff61ba919515fb7359fda6df4532fb999d5a062ea76c203440771a5ca10,2026-07,North Wales Police,North Wales Police,-3.579811,53.293620,On or near Rhodfa'r De,W01001928,Conwy 010H,Unable to prosecute suspect
3c67af1f528bb76a1493c247d592fa8e7dd4f7ca36e1c06f9dfd35456cc892d0,2026-07,North Wales Police,North Wales Police,-3.057186,53.219754,On or near Fishermans' Road,W01000274,Flintshire 007B,Unable to prosecute suspect
5526df4dd0d2395a1773419c1915d350b88df7d84a5b09d6311ffd909bc2b2dc,2026-07,North Wales Police,North Wales Police,-3.726241,53.295222,On or near Parking Area,W01000144,Conwy 007C,Investigation complete; no suspect identified
f7296a296deb21c229ec2d1e06fa0078e184197a590de1b635084d284fd2afcb,2026-07,North Wales Police,North Wales Police,-3.214883,53.289581,On or near Groesffordd,W01000296,Flintshire 003C,Unable to prosecute suspect
7a13a0e9acfe14d78f21ec07ee3b0c25d685cec08d67a61775c4a7832812d279,2026-07,North Wales Police,North Wales Police,-3.033002,53.205017,On or near Allans Close,W01000336,Flintshire 009E,Unable to prosecute suspect
cf51976815f7751bb83b4c5e96459f0a8510aa689034f68b64253b6759bc2ed2,2026-07,North Wales Police,North Wales Police,-3.833624,53.322359,On or near Lloyd Street,W01000169,Conwy 001D,Unable to prosecute suspect
6eeb866b8dda794d128eabee81dbe002ee0defa090f65be65667c55bc82a31d4,2026-07,North Wales Police,North Wales Police,-3.072595,53.053484,On or near Bryn Clywedog,W01000363,Wrexham 006D,Suspect charged
dddd4bd67e7d6dd7064cd0e831ccb5a6d1b998400c935fa215f6b8dfe8bbae6d,2026-07,North Wales Police,North Wales Police,-3.063722,53.000930,On or near Oakleigh,W01000406,Wrexham 013C,Unable to prosecute suspect
037e013bfdb5b75605f83159a3522f6c83a2dde3763e6e1f96054790b58b12c2,2026-07,North Wales Police,North Wales Police,-3.641864,53.247347,On or near Llys-Y-Dderwen,W01000122,Conwy 014A,Unable to prosecute suspect
cddb9ee9eeba823d12b64712e97b10e88dfb05a116a0fb746b110789df22f035,2026-07,North Wales Police,North Wales Police,-3.431691,53.334801,On or near Park/Open Space,W01000220,Denbighshire 001C,Unable to prosecute suspect
de0c5df13d72268c0fd31b2066d623baba69391e0adbdbc8638404941c67b601,2026-07,North Wales Police,North Wales Police,-2.996319,53.108102,On or near Lon Dywyll,W01000390,Wrexham 021A,Unable to prosecute suspect
7378e839ffc5c77495c6a5403de87678e6930e73071bb779367d940320894890,2026-07,North Wales Police,North Wales Police,-3.804391,53.283942,On or near Supermarket,W01000176,Conwy 011D,Unable to prosecute suspect
2dee2db91269560c8bdf48dec27a7c42b6cc986ac64b0951a4d8609c0d5eb5b9,2026-07,North Wales Police,North Wales Police,-2.882066,53.077882,On or near Fairview,W01000384,Wrexham 022C,Unable to prosecute suspect
4f82b1f8c302c17bbd7c8069f1fc33cefd2b4fed157ba1a107d6d3327cec15bb,2026-07,North Wales Police,North Wales Police,-3.544076,53.302475,On or near Wendover Avenue,W01000184,Conwy 005E,Unable to prosecute suspect
5c92c5ca249e19b12365c0f8a5e3c579eae8ffb31e133601ff6ff6f720ebc7de,2026-07,North Wales Police,North Wales Police,-3.151092,53.169991,On or near Hawthorn Avenue,W01000318,Flintshire 016F,Unable to prosecute suspect
0788c51de13deca92f1ec445bd651efa2d45adac1d4133a98bcae2aa4b8e3a2d,2026-07,North Wales Police,North Wales Police,-3.257388,53.116912,On or near Parking Area,W01000204,Denbighshire 013B,Unable to prosecute suspect
6a30eb5a5d4be5c1e9a8835a9630a4f906639ee56cf15b3fbfe6a70f5c40d548,2026-07,North Wales Police,North Wales Police,-3.055228,53.013761,On or near Heol Awstralia,W01000411,Wrexham 015C,Unable to prosecute suspect
a6eeef52e04b2756b685f0b38ec05027144ffa3902faa4860bc7a806def5debf,2026-07,North Wales Police,North Wales Police,-4.218498,53.177372,On or near Tafarn-Y-Grisiau,W01000119,Gwynedd 004D,Unable to prosecute suspect
7617dee52abb8b608a111a87bf7367ac05010b081c8011d7e4a3f6d7e0ad00bb,2026-07,North Wales Police,North Wales Police,-3.058697,53.206356,On or near Park/Open Space,W01000279,Flintshire 008C,Investigation complete; no suspect identified
375443b746ed89d8d0bab40165a6da0a53ba2dcd76dde9359e9b9c0513d3fb77,2026-07,North Wales Police,North Wales Police,-3.257388,53.116912,On or near Parking Area,W01000204,Denbighshire 013B,Unable to prosecute suspect
ae61524a79a74df5929b2c9ff00e7d0c744944c6ab4f30168afba059334f9415,2026-07,North Wales Police,North Wales Police,-3.257388,53.116912,On or near Parking Area,W01000204,Denbighshire 013B,Unable to prosecute suspect
813e42ab9c1b86d0ee872a5a3ca15d9ef2d0dce908b8eafb5bfc688688fc39cc,2026-07,North Wales Police,North Wales Police,-3.257388,53.116912,On or near Parking Area,W01000204,Denbighshire 013B,Unable to prosecute suspect
20fcf75aaa0266f600c6ca7a53c73f62110cf6e1a95c5c9426d828ffa6d0e2d1,2026-07,North Wales Police,North Wales Police,-3.257388,53.116912,On or near Parking Area,W01000204,Denbighshire 013B,Unable to prosecute suspect
b7828707e4885359dc9cbb6c3d2337dd21e8e6e14945fe6480931aba482ff326,2026-07,North Wales Police,North Wales Police,-3.257388,53.116912,On or near Parking Area,W01000204,Denbighshire 013B,Unable to prosecute suspect
5186a402cd0b46b40ac76a294825da428483beac5d15ec58617937046582da6a,2026-07,North Wales Police,North Wales Police,-3.072486,53.054483,On or near High Street,W01000363,Wrexham 006D,Unable to prosecute suspect
3d188148448a9e6bccccac781f9bec3fc9ae846be17f882f2d7df3907ef1bcfd,2026-07,North Wales Police,North Wales Police,-3.401186,53.330139,On or near Palmeira Gardens,W01000212,Denbighshire 003A,Unable to prosecute suspect
540f76cd6160ce2cf205c5fe3388d6f42284f496858d37a7001d590ee72391ad,2026-07,North Wales Police,North Wales Police,-3.678056,53.287846,On or near Mor Awel,W01000163,Conwy 009E,Unable to prosecute suspect
d94d29bce815b27cbda20aa20d49f75ad2dcc972d171ae1834c560d06363352e,2026-07,North Wales Police,North Wales Police,-3.456847,53.325658,On or near Sports/Recreation Area,W01000223,Denbighshire 009B,Unable to prosecute suspect
91447c165d1900481143c6e4c467ca1224a7f1f1ad2bad3fe94dc52b5d7600e0,2026-07,North Wales Police,North Wales Police,-3.487803,53.320684,On or near Heol Gwynfa,W01000240,Denbighshire 004E,Unable to prosecute suspect
0dc3ec2376d7c5a744fd69b7065476ab60d295552052e54b95096073ea72bf14,2026-07,North Wales Police,North Wales Police,-3.826009,53.321946,On or near John Street,W01000169,Conwy 001D,Investigation complete; no suspect identified
93777f64bc5f45d12cf6de82215f65f9d9f4d8051b632c8c1499de1417bc82b5,2026-07,North Wales Police,North Wales Police,-3.311380,53.114180,On or near Upper Clwyd Street,W01000243,Denbighshire 014B,Investigation complete; no suspect identified
5497d7404603bf97e1e401cce0437209b59cf39e09ba63763c26544adba01818,2026-07,North Wales Police,North Wales Police,-4.457927,53.390560,On or near Nant Y Mynydd,W01000031,Isle of Anglesey 001E,Investigation complete; no suspect identified
7a8074fb86826e9be2cbd89fa2c8912c82a258c8f9e814596824ed5e384da0d5,2026-07,North Wales Police,North Wales Police,-3.513441,53.304010,On or near Owain Glyndwr,W01000151,Conwy 005C,Unable to prosecute suspect
2ca74b778927f99cffe304ed34c039da63ac6a46b2a82e7b267cddc5070d97a4,2026-07,North Wales Police,North Wales Police,-3.710462,53.288248,On or near Hospital,W01000139,Conwy 007A,Unable to prosecute suspect
b0ccfdd2277a97309e11019f1134b1271820f43761e58dac105e88d3ef436041,2026-07,North Wales Police,North Wales Police,-3.402768,53.335334,On or near Parking Area,W01000214,Denbighshire 002B,Investigation complete; no suspect identified
22b2d44e9e31e0883dfafd295334ae918d8c29d60f5e0e5af19fbd06e3bb183d,2026-07,North Wales Police,North Wales Police,-3.815635,53.319848,On or near B5115,W01000186,Conwy 001E,Local resolution
9cc15a78f855927170afcb1920e795922c57688d01add5c4b9cb8e57b7df1eef,2026-07,North Wales Police,North Wales Police,-3.203264,53.243926,On or near Caer Onnen,W01000258,Flintshire 006A,Unable to prosecute suspect
71e9afabaf4c344a0b4cdc590001e883764990813c05f2b303296ae3f602b889,2026-07,North Wales Police,North Wales Police,-3.490721,53.320423,On or near Market Street,W01000240,Denbighshire 004E,Unable to prosecute suspect
0cca3e5993391c1179015f88599e709a14d224895d204b85119166d32f2c6b74,2026-07,North Wales Police,North Wales Police,-3.490721,53.320423,On or near Market Street,W01000240,Denbighshire 004E,Investigation complete; no suspect identified
7ec660550e2ee9d81f14f1d6f62c314bf3d77dbf7fc7111f379cd065afa81a99,2026-07,North Wales Police,North Wales Police,-3.416056,53.337038,On or near Windermere Drive,W01000219,Denbighshire 001B,Action to be taken by another organisation
a5fd35b9553acd142d1b861e66adc0c2f7d1570ab2001b280635550d09e22a7f,2026-07,North Wales Police,North Wales Police,-3.508835,53.268712,On or near Park Avenue,W01000191,Denbighshire 009A,Unable to prosecute suspect
e032e78ab1d6e59d72558ef16ad250a8f2537d07186d3b7837859c84bd4b756b,2026-07,North Wales Police,North Wales Police,-3.063410,52.984598,On or near Llangollen Road,W01000354,Wrexham 017A,Suspect charged
30e645632c0643e8a2c7a00e1e853f845ec8ef1b3ceb85fc81878a7a892509a7,2026-07,North Wales Police,North Wales Police,-3.482778,53.323408,On or near Churton Road,W01000228,Denbighshire 004C,Unable to prosecute suspect
bdc7be3ff2f4ab334a2f80c3c077dfc8784159a765b97f6c7a5710f7dc55385f,2026-07,North Wales Police,North Wales Police,-3.499838,53.318385,On or near Rhodfa Gorllewin,W01000239,Denbighshire 004D,Local resolution
143cfc17d3964c0dd352dd464084b39bba1c6e3e0e489433b1397b4ed4915347,2026-07,North Wales Police,North Wales Police,-3.486672,53.320114,On or near Thorpe Street,W01000240,Denbighshire 004E,Local resolution
912a390c5a06adc844ab2fc0688fa208c5f0c91cec4ef1224306b65397313fc2,2026-07,North Wales Police,North Wales Police,-3.053205,53.062242,On or near St Albans Heights,W01000347,Wrexham 006A,Unable to prosecute suspect
4b532ffddbc12d18e810fb1161f14314c741c224ce1c9cbbc957e47b5cae6a03,2026-07,North Wales Police,North Wales Police,-3.193502,53.277626,On or near Sunnyside Close,W01000254,Flintshire 003B,Investigation complete; no suspect identified
f904ee814d3cc00db29428405dc9f6f49b42ce74aed4f3a818b6ee6ab1ce5529,2026-07,North Wales Police,North Wales Police,-3.011124,53.214365,On or near Bridge View,W01000333,Flintshire 009B,Unable to prosecute suspect
8e52269b15149c0e6e30c0e28c22a287c8ebedb5c0cf8622484f38a44272024b,2026-07,North Wales Police,North Wales Police,-3.804433,53.094258,On or near Pentre Felin,W01000121,Conwy 015A,Suspect charged
2bfae7869c00c2c52ed508bfc30e8fa26af5cdc44a68b894dfae54783c762839,2026-07,North Wales Police,North Wales Police,-4.633782,53.311631,On or near Parking Area,W01000016,Isle of Anglesey 003A,Suspect charged
df6b4ae755d07a0cdc7f04007e51a3a9dff9ac2f58099ebe7313472552e52941,2026-07,North Wales Police,North Wales Police,-3.489845,53.321549,On or near Shopping Area,W01000240,Denbighshire 004E,Local resolution
fcd3714ab75dbb4126658240030b0cebd701d1adb0e52edf1d6a185b3094a67d,2026-07,North Wales Police,North Wales Police,-3.145290,53.244748,On or near Maes Yr Ysgol,W01000291,Flintshire 005B,Unable to prosecute suspect
e46b7754aec35501f22e9d19ca2fa9d317ed4fb8fdcb9809f46c3956c963c3d5,2026-07,North Wales Police,North Wales Police,-3.140610,53.165085,On or near Wrexham Street,W01000315,Flintshire 016C,Suspect charged
9ec685bb758d999af872c92c99d45331d7ab9a7c1b4274f24140b7e29b5a70a6,2026-07,North Wales Police,North Wales Police,-3.811356,53.320542,On or near Supermarket,W01000132,Conwy 001A,Further action is not in the public interest
eac5ae8ea60a887d023102b5cf5b07ff56744ec7310f04aad04796366ba51f9a,2026-07,North Wales Police,North Wales Police,-4.063164,53.179869,On or near Parking Area,W01000097,Gwynedd 003D,Suspect charged
5de5f545b21a56d4e6d50f0d46ca786e226b4889010b83a2a4020e609be3564a,2026-07,North Wales Police,North Wales Police,-4.271022,53.179583,On or near High Street,W01000027,Isle of Anglesey 009C,Unable to prosecute suspect
c3e6fc237b60e4d6ea90210833bb120f13aedb1a26a957131b27ad7dcd0a790f,2026-07,North Wales Police,North Wales Police,-3.210930,53.289307,On or near Basingwerk Avenue,W01000296,Flintshire 003C,Unable to prosecute suspect
0c551e5be05044647cc3f91dd06d1e386cee196dc73ad3d4e0d346597b3137e8,2026-07,North Wales Police,North Wales Police,-3.066354,53.221641,On or near New Union Street,W01000278,Flintshire 007D,Unable to prosecute suspect
7a006e427347874bbc0ddf5fa28224cade0ddefbd81543d741584368b9588189,2026-07,North Wales Police,North Wales Police,-4.307554,53.253685,On or near Supermarket,W01000012,Isle of Anglesey 006B,Suspect charged
fffa3609d6a8adb3f6cf5beaaeb489cbd95e7c59009476d8d33fbfb4b1f667ec,2026-07,North Wales Police,North Wales Police,-4.051816,52.720131,On or near Stryd Yr Eglwys,W01002004,Gwynedd 016F,Unable to prosecute suspect
21fb147eafced6f3c637cf57203929694969d883d578577f1996abed5c05c40f,2026-07,North Wales Police,North Wales Police,-3.497910,53.315632,On or near Bridge Street,W01000241,Denbighshire 004F,Suspect charged
0c442ccf7d3778e6c8da07b6a310a2908da5b404e110b8f1375bd39a6d64fefa,2026-07,North Wales Police,North Wales Police,-3.479965,53.314579,On or near Aled Avenue,W01000236,Denbighshire 006A,Unable to prosecute suspect
38cbfb2d4cb492952c6e69054ce6e7a74f4a63b7e0b82084c7d80fefdc6ecf63,2026-07,North Wales Police,North Wales Police,-4.058183,53.180548,On or near Penybryn Place,W01000096,Gwynedd 003C,Offender given a caution
ebe7da4869316ed083cbc69c6d1041d024ef0abbb19ff47a3eee978dbae7bf99,2026-07,North Wales Police,North Wales Police,-2.983285,53.046848,On or near Crescent Close,W01001931,Wrexham 012G,Formal action is not in the public interest
20744538e72607a724b09de53ccdcead58c99c26fb6958394e64fa9a00591c54,2026-07,North Wales Police,North Wales Police,-3.021920,53.070129,On or near Hazel Avenue,W01000379,Wrexham 004C,Unable to prosecute suspect
2a5c36e5595e0432a51e94c5d2c4027b5b487c83374e43f6ba780bac4d4780c3,2026-07,North Wales Police,North Wales Police,-3.150856,53.170676,On or near Ivy Crescent,W01000318,Flintshire 016F,Unable to prosecute suspect
fcd227cb805255c7c0f535a2ba65ac0c688256882d8e3fb3ec2684d3d13f2e25,2026-07,North Wales Police,North Wales Police,-3.764189,53.294145,On or near Ffordd Mynach,W01000167,Conwy 011C,Unable to prosecute suspect
0cb4eeca6517fbbac36739a4ff90614684a08509a9e7aadedfa68f29e7b3db84,2026-07,North Wales Police,North Wales Police,-3.764189,53.294145,On or near Ffordd Mynach,W01000167,Conwy 011C,Unable to prosecute suspect
05a99ad9878ad392b1bc35180084b22eda23316b4eba508c6b366b20c5b9e3e2,2026-07,North Wales Police,North Wales Police,-3.031422,52.994940,On or near Gorse Close,W01000419,Wrexham 016D,Unable to prosecute suspect
2271d0752001653f829952d88e5c75d0f6d0920ade2ce46d6e6d21edb83660fa,2026-07,North Wales Police,North Wales Police,-3.039340,53.212028,On or near Charmleys Lane,W01000337,Flintshire 009F,Unable to prosecute suspect
69495d4975473111e6d9febc5bfd0e423e4e5eec9b12077fc59f29a4e2353e05,2026-07,North Wales Police,North Wales Police,-3.079816,53.165562,On or near Llys Padeswood,W01000259,Flintshire 017A,Unable to prosecute suspect
58e75b815eb6ec78e8f88d88c5a9acdcfde7ca1011eb481fd8f015f250bb4989,2026-07,North Wales Police,North Wales Police,-3.087077,53.162250,On or near Becketts Lane,W01000263,Flintshire 017D,Unable to prosecute suspect
a86c81b301c16047967c4171b67ff07e46c0d59853ee96f291ee066ac7a08783,2026-07,North Wales Police,North Wales Police,-4.159825,53.209020,On or near Hospital,W01000102,Gwynedd 002E,Unable to prosecute suspect
5311fa0ec5916ac60eecee0a2568328cc7021cd05373a4b23e5d41c6e71514c1,2026-07,North Wales Police,North Wales Police,-3.078828,53.166694,On or near Parking Area,W01000259,Flintshire 017A,Suspect charged
29cafa484d96b49da5c16da4f2dd79a0de0b60788419a047e6b0e4bae808bf93,2026-07,North Wales Police,North Wales Police,-3.144196,53.170552,On or near Shire View,W01000319,Flintshire 016G,Investigation complete; no suspect identified
324e40f98a2a43999377f5b64fc97919f4e9b4da2b76798af13d86703f640b8d,2026-07,North Wales Police,North Wales Police,-3.537738,53.301083,On or near Min-Y-Morfa,W01000184,Conwy 005E,Unable to prosecute suspect
65abba7951e2e472fbde92a4e9fdc7389f67c53ae71c2fdaa05064fcaaa4ecdf,2026-07,North Wales Police,North Wales Police,-3.056671,53.008750,On or near B5097,W01000405,Wrexham 015B,Local resolution
e488b38b64260a6f297d3d38292fe17d2c45be1488484e55c2d9a02c75639bd9,2026-07,North Wales Police,North Wales Police,-4.620961,53.304028,On or near Ffordd Feurig,W01000029,Isle of Anglesey 003C,Unable to prosecute suspect
bc6b69cf130d208d0b7fcde9d04c70d26e01ad94e40ed8dbce999a0958c28b84,2026-07,North Wales Police,North Wales Police,-4.164450,53.202902,On or near Parking Area,W01000102,Gwynedd 002E,Unable to prosecute suspect
4e354bc4ba2494f9b6975d602fd18fe5ec37014d1a7e67c468888234b3cb9128,2026-07,North Wales Police,North Wales Police,-3.136712,53.239985,On or near Maes Hyfryd,W01000294,Flintshire 005C,Unable to prosecute suspect
32fbbbfbf40d6e8c6adac12c866ed0e77fa076dc64b344afd155c3e90c5ee8ad,2026-07,North Wales Police,North Wales Police,-4.338243,52.905486,On or near Parking Area,W01000089,Gwynedd 011D,Unable to prosecute suspect
664124cf9fb30dda07a5bd20094d75b699d822f448a6ca878a98bcc03b473c98,2026-07,North Wales Police,North Wales Police,-4.633875,53.305335,On or near King's Road,W01000017,Isle of Anglesey 003B,Unable to prosecute suspect
f133211bf675aa53a837d73e093c098ffa53fcb2bb5f2103f51bf5e8cef426a3,2026-07,North Wales Police,North Wales Police,-3.055257,53.162591,On or near Buckley,W01000259,Flintshire 017A,Unable to prosecute suspect
1786fc5e803c8bd9d53395562e93be85a19c7d01ffcdeb9bc9db9a5a3a59c4fa,2026-07,North Wales Police,North Wales Police,-3.465264,53.290336,On or near Cross Street,W01000225,Denbighshire 009D,Investigation complete; no suspect identified
abb671e7ac9a90d63d4a15be47d41c5696b66c12add61767c28064961bc03d71,2026-07,North Wales Police,North Wales Police,-3.133385,53.169239,On or near Sports/Recreation Area,W01000315,Flintshire 016C,Investigation complete; no suspect identified
2addb73af35ff0295a3a2e6204493d0df08a671e2c7d688612d79d04876cd6d7,2026-07,North Wales Police,North Wales Police,-4.048450,52.547036,On or near Maesnewydd,W01001933,Gwynedd 017F,Unable to prosecute suspect
217580109d06f6984b8d934bd76b788d776c7fd3f2b6ec14ae8fbc9afe2ea926,2026-07,North Wales Police,North Wales Police,-3.493349,53.322575,On or near Parking Area,W01000239,Denbighshire 004D,Unable to prosecute suspect
48d9154b946f5e618dee5ac51f7b3f11aa536fcd1f15147db2bc48e287f29364,2026-07,North Wales Police,North Wales Police,-3.488333,53.320390,On or near Heol Clwyd,W01000240,Denbighshire 004E,Unable to prosecute suspect
9171f8e84b635e74a932aa988eb6242f4142f306cd6bff68da0e858927b885a2,2026-07,North Wales Police,North Wales Police,-4.069402,52.931410,On or near Pensarn,W01000100,Gwynedd 010B,Unable to prosecute suspect
b319177a4cbacd84341c0f8d846acf6b68c9297b967436ba451a94e59733a86a,2026-07,North Wales Police,North Wales Police,-3.001346,53.091708,On or near Penderyn Way,W01000391,Wrexham 003D,Unable to prosecute suspect
8971e121e9e33c5b0b073b6c64284894986a078a89f5b6cc8cd80981191f3655,2026-07,North Wales Police,North Wales Police,-4.618721,53.298826,On or near Supermarket,W01000029,Isle of Anglesey 003C,Investigation complete; no suspect identified
6cada5670479d3cbb5ae60112e1c48d08ee169fb02738ca33c929cb6d990b011,2026-07,North Wales Police,North Wales Police,-4.630908,53.313951,On or near Cross Street,W01000036,Isle of Anglesey 003F,Unable to prosecute suspect
0d3683164d269ad21b3644c94ce7456098da21d38ef49ccc205d8f1366eb159c,2026-07,North Wales Police,North Wales Police,-3.806952,53.285260,On or near Tan Y Marl,W01000176,Conwy 011D,Unable to prosecute suspect
5b3e2a8c4b7ad75ee4233e41cd836d2c0686a313034e56b6f0c45a321cef19ad,2026-07,North Wales Police,North Wales Police,-3.702543,53.287166,On or near David Edwards Close,W01000138,Conwy 008A,Unable to prosecute suspect
0a8c7b9636ab27500ac64bce900f3c8c59e3ef79b84b39ebdfb2e014d446075f,2026-07,North Wales Police,North Wales Police,-4.503441,53.290109,On or near Llwyn Yr Eos,W01000023,Isle of Anglesey 007D,Unable to prosecute suspect
6caeef8f6951f4d76556550febb487a24336d05ef1f9446ddbe493555dfd5592,2026-07,North Wales Police,North Wales Police,-3.724453,53.295165,On or near Shopping Area,W01000144,Conwy 007C,Unable to prosecute suspect
57fba94c500253ee1393724ae85990e82a537a93c174cb69b6569dcaa5f9a1ff,2026-07,North Wales Police,North Wales Police,-3.725777,53.294518,On or near Sea View Road,W01000144,Conwy 007C,Local resolution
e59a78bc9a291cfc92be83b9c49a8590d6c6e48f5f93a9096703b791cd31d3e4,2026-07,North Wales Police,North Wales Police,-3.723157,53.294646,On or near Parking Area,W01000144,Conwy 007C,Local resolution
3abcccb8f8511b69a09609b62ce9f59a0387f7d6ad235e9c7c7a79d5dbd519b3,2026-07,North Wales Police,North Wales Police,-3.138480,53.242243,On or near Northop Road,W01000295,Flintshire 005D,Unable to prosecute suspect
ea29ea08e996706635c9b92f0673db526f65316daf71ac13a46ad0a61ef0cdba,2026-07,North Wales Police,North Wales Police,-3.080730,53.162021,On or near Moel View Road,W01000262,Flintshire 017C,Unable to prosecute suspect
915fc4f9d5a8c073d5cd4836a56d2c2ed3180dbb4d9bad389f6ad25c169486be,2026-07,North Wales Police,North Wales Police,-3.585516,53.286820,On or near Groes Lwyd,W01000179,Conwy 010F,Investigation complete; no suspect identified
8acd47301dedc961fc8faf98568b75511755d8b39abaa99ad10491a5bc5d183a,2026-07,North Wales Police,North Wales Police,-3.979308,53.252810,On or near Aber Road,W01000123,Conwy 013A,Unable to prosecute suspect
a578bcde311368120e7f60ee05b3897cb409fd6f9a427a29dc14dc0b1456ba68,2026-07,North Wales Police,North Wales Police,-3.764189,53.294145,On or near Ffordd Mynach,W01000167,Conwy 011C,Unable to prosecute suspect
6b7425ecea52dca983c5b98a70ef085cffe167dcae8df97ec86810eaca9fc422,2026-07,North Wales Police,North Wales Police,-3.118305,53.240339,On or near Parking Area,W01000293,Flintshire 004D,Unable to prosecute suspect
fe7b6cac03de296f5d86aa8cb02749cea16d3442d13a0b77b09b31e3db929337,2026-07,North Wales Police,North Wales Police,-4.272125,53.138455,On or near Stryd Waterloo,W01000111,Gwynedd 007C,Unable to prosecute suspect
cea2a22c00e557773b0005dd45ab7087e7ac4c36549dbe87e4cc6702a6d8456b,2026-07,North Wales Police,North Wales Police,-4.071669,52.927783,On or near Adwyddu,W01000101,Gwynedd 013D,Unable to prosecute suspect
602962912ba75489ebb6c0e58830b218f2199dcb5bef5dc9875c9e2c6e35c13d,2026-07,North Wales Police,North Wales Police,-3.215364,53.277468,On or near Sports/Recreation Area,W01000304,Flintshire 003E,Action to be taken by another organisation
becaf011b7d29141cdba04403ef68342029f61bbf88fb82e9f1b9fe9271a8344,2026-07,North Wales Police,North Wales Police,-4.565292,53.284343,On or near Petrol Station,W01002007,Isle of Anglesey 004G,Unable to prosecute suspect
1596467808b796061dff811464ff3bd4ed09a0110ab5e1ab57d0340a8c99baab,2026-07,North Wales Police,North Wales Police,-3.423660,53.331760,On or near Exeter Close,W01000222,Denbighshire 003C,Unable to prosecute suspect
59a6abc4007e3efb93ea01580f23581841ba635b18311c3c90b4534840f30d97,2026-07,North Wales Police,North Wales Police,-2.849683,52.969966,On or near Mill Lane,W01000403,Wrexham 018C,Unable to prosecute suspect
3a34c9944e87792b74e7c4d03fde456beffa84bf04a48883a74922e3b3c0d415,2026-07,North Wales Police,North Wales Police,-3.379626,53.246923,On or near Groesffordd,W01000248,Denbighshire 008D,Unable to prosecute suspect
c33e21ad8369fd5ebe4b563770d55a05e47bf19f041e683f3b96a80e4b0b85cd,2026-07,North Wales Police,North Wales Police,-4.275047,53.139991,On or near Parking Area,W01000111,Gwynedd 007C,Unable to prosecute suspect
0176bd3de75d26d1e501fd465fd8c3891c21df044bdd96cd2c1ca2216af86901,2026-07,North Wales Police,North Wales Police,-4.120011,53.230674,On or near Yllaethdy,W01000077,Gwynedd 001C,Unable to prosecute suspect
f986ea2876ede40ec321b136992476bf744702c688d6cbc47f492f8c0e286015,2026-07,North Wales Police,North Wales Police,-3.218234,53.281331,On or near Greenfield Road,W01000296,Flintshire 003C,Unable to prosecute suspect
8b8c2327ac00e6868dfb06ab83cc9b52cacfa3a8aa30a15d3616bf1bc3ceb08a,2026-07,North Wales Police,North Wales Police,-3.500613,53.316955,On or near North Avenue,W01000241,Denbighshire 004F,Unable to prosecute suspect
c9e68d2e816fa397377ea1ca6539e2aa2b3120908c6bbddcba4bd2849258c452,2026-07,North Wales Police,North Wales Police,-4.269942,53.138731,On or near Uxbridge Square,W01000098,Gwynedd 006C,Unable to prosecute suspect
329abb5c8270200c2172c36b2d14dd429bfa26262da0f7e8ce4e812c78bb6faf,2026-07,North Wales Police,North Wales Police,-3.403164,53.340534,On or near Highbury Close,W01000214,Denbighshire 002B,Unable to prosecute suspect
af3b30cfe01caaae3c70cb4d4623a92cf099d7c93ad6f84481c5b36e8f26e437,2026-07,North Wales Police,North Wales Police,-3.066598,53.054104,On or near Heol Y Castell,W01000364,Wrexham 006E,Suspect charged
af3b30cfe01caaae3c70cb4d4623a92cf099d7c93ad6f84481c5b36e8f26e437,2026-07,North Wales Police,North Wales Police,-3.066598,53.054104,On or near Heol Y Castell,W01000364,Wrexham 006E,Suspect charged
b77e260b072e6514f9f0a0732cf82a5c72eb21e3561b370db25965cb63a329ac,2026-07,North Wales Police,North Wales Police,-3.499838,53.318385,On or near Rhodfa Gorllewin,W01000239,Denbighshire 004D,Unable to prosecute suspect
e6e5ff48a808b474c7568e6750ef23c15e346a031f3d9cbdae90743895fcbe9d,2026-07,North Wales Police,North Wales Police,-3.084346,53.138166,On or near Wrexham Road,W01000309,Flintshire 019C,Unable to prosecute suspect
37afc29ce844520fe89e3097df708bdfcee0dbb81aa622ad5254949cfdf98fb2,2026-07,North Wales Police,North Wales Police,-3.834393,53.300034,On or near Llys Helyg,W01000135,Conwy 006A,Unable to prosecute suspect
49efd9d9e2803ddc0457afa9cb002f2bfdfb3149e38761cf3de94bddab8fb413,2026-07,North Wales Police,North Wales Police,-3.979308,53.252810,On or near Aber Road,W01000123,Conwy 013A,Investigation complete; no suspect identified
032d651918311e46de511f7a331262b3b993e9fd5e82a5f656479032565ce3e5,2026-07,North Wales Police,North Wales Police,-3.830485,53.325150,On or near Ty Isa Road,W01000146,Conwy 001B,Unable to prosecute suspect
b69260a29e1999cb73f4b81e2bc0554ea9cff08e6db191f84733af5839710c32,2026-07,North Wales Police,North Wales Police,-3.137446,53.169304,On or near Lead Mills,W01000315,Flintshire 016C,Local resolution
4e2ac389524bafde6ca38254136e61311c85a9e89039315440ff13f81c493f2d,2026-07,North Wales Police,North Wales Police,-4.430291,52.886359,On or near Erwenni,W01000108,Gwynedd 012D,Investigation complete; no suspect identified
bee9616535b8c4b503e15a376dcdf235475cfa8657df204022fe76a00d60b549,2026-07,North Wales Police,North Wales Police,-3.830485,53.325150,On or near Ty Isa Road,W01000146,Conwy 001B,Unable to prosecute suspect
ba0704f41905c3c3b4c7b1b69d3932582e935f58e80052b51b6fa1b78f55278a,2026-07,North Wales Police,North Wales Police,-2.921839,53.175924,On or near Lindfields,E01018352,Cheshire West and Chester 044B,Unable to prosecute suspect
dd448f5a8de640632bfa61538510bd427c98af5d18f5f6d7db177be9d822b52e,2026-07,North Wales Police,North Wales Police,-3.140610,53.165085,On or near Wrexham Street,W01000315,Flintshire 016C,Unable to prosecute suspect
73e5cf52742073c257067c282898d76250b7415a3bd4309fa37cd4e0adecd699,2026-07,North Wales Police,North Wales Police,-3.827836,53.321486,On or near Augusta Street,W01000169,Conwy 001D,Unable to prosecute suspect
1cc480fa49c511fb4150df952e6b6520e44853a901db100ceb0b686e9f21ed68,2026-07,North Wales Police,North Wales Police,-3.033111,53.056278,On or near Clos Peris,W01000400,Wrexham 005C,Unable to prosecute suspect
c3c29684eacc5882289da1eb282091ff920a179f4eb6716bf6bc5560d1141440,2026-07,North Wales Police,North Wales Police,-3.268381,53.313412,On or near Bryn Tirion,W01000320,Flintshire 002B,Unable to prosecute suspect
d2d8552161e55f55cfe7479087d45e1953becd95a60d0cb66457983cdf159ea5,2026-07,North Wales Police,North Wales Police,-3.086494,53.161680,On or near Powell Road,W01000263,Flintshire 017D,Unable to prosecute suspect
85b2abcc62f77743945485e10cb32c954e30f9f5c767829d6ff13b358ff8ffca,2026-07,North Wales Police,North Wales Police,-4.298558,53.258705,On or near Bro Tudur,W01000041,Isle of Anglesey 006D,Investigation complete; no suspect identified
93f9caedcd642167c7ac445df070191a69c5e6ebf0e674dd1027f20f86aecebc,2026-07,North Wales Police,North Wales Police,-3.086305,53.166599,On or near Fraser Drive,W01000263,Flintshire 017D,Unable to prosecute suspect
140e3927deb2cbc38505c0799cb0e11e234853500b385916640a5c184278a2ae,2026-07,North Wales Police,North Wales Police,-3.414041,53.315172,On or near Rhodfa Plas,W01000217,Denbighshire 008C,Investigation complete; no suspect identified
9d46ad2db7f04ec801d5687e6354ffd712bc3aa05e39177836a910f40a092891,2026-07,North Wales Police,North Wales Police,-3.492482,53.320536,On or near Nightclub,W01000240,Denbighshire 004E,Local resolution
f3afda8b7d78927718864cd73b1167a092c9dd319944c81e69a1fd540c97e37e,2026-07,North Wales Police,North Wales Police,-3.138040,53.170836,On or near King Street,W01000315,Flintshire 016C,Unable to prosecute suspect
61286cc53f75e97a5d7b1bd16592723b69060f2aca9613288319d5f952f5a44f,2026-07,North Wales Police,North Wales Police,-3.482996,53.312806,On or near Cefndy Road,W01000236,Denbighshire 006A,Unable to prosecute suspect
191561cb846343dbcaceba63b53e0b349bf6c5e7efcd4fc48773823091f90367,2026-07,North Wales Police,North Wales Police,-3.492482,53.320536,On or near Nightclub,W01000240,Denbighshire 004E,Unable to prosecute suspect
4d010e3a35747e1df52ed691ed28651a7717871cf0814e5eadc6edf3516d37b2,2026-07,North Wales Police,North Wales Police,-4.361922,53.022250,On or near Llys Eben,W01000086,Gwynedd 008B,Investigation complete; no suspect identified
a08bcdea6c2632ff56884b772b62b93433b350498c2028e58cc65815926a9d0b,2026-07,North Wales Police,North Wales Police,-3.073047,53.166450,On or near Moorefields,W01000260,Flintshire 017B,Unable to prosecute suspect
c1e57c8598d051f1c1d3c051fbfa75f6bfb547de21015a9a0d7a456dfc5104d1,2026-07,North Wales Police,North Wales Police,-3.653735,53.281947,On or near Gadlas Road,W01000164,Conwy 009F,Investigation complete; no suspect identified
6aea8be5597ed3d954ded87860eb3b387e867ca15e49c8c373cac27a0642bbac,2026-07,North Wales Police,North Wales Police,-3.030342,53.056536,On or near Dale Road,W01000400,Wrexham 005C,Suspect charged
6a2197d40d6d71438f8365c9d3f9b4363b66a1280e5ded71b1c2086a905dfaa4,2026-07,North Wales Police,North Wales Police,-3.726241,53.295222,On or near Parking Area,W01000144,Conwy 007C,Unable to prosecute suspect
9670755acaa20785872b5c249da7de6bfa50110916810f2399211c02d1152214,2026-07,North Wales Police,North Wales Police,-3.032683,53.059626,On or near Bryn Awel,W01000400,Wrexham 005C,Unable to prosecute suspect
f7cfa25471e23f3a3b188d358e9b9d32c3205912ccd61e0a481463389743fa3c,2026-07,North Wales Police,North Wales Police,-3.073047,53.166450,On or near Moorefields,W01000260,Flintshire 017B,Unable to prosecute suspect
79011c536475764d74a336d086c9cdca349a570eec6ab67c678c3f49e4d62097,2026-07,North Wales Police,North Wales Police,-3.073047,53.166450,On or near Moorefields,W01000260,Flintshire 017B,Unable to prosecute suspect
f772dc839e708c4cafc732891af0b90499294334dedd650c9b90f51590705365,2026-07,North Wales Police,North Wales Police,-3.073047,53.166450,On or near Moorefields,W01000260,Flintshire 017B,Unable to prosecute suspect
41913918fdf575e5b012c88a1daf6cd34d8603b2b184bbff78e3dcc81ca5a617,2026-07,North Wales Police,North Wales Police,-3.057186,53.219754,On or near Fishermans' Road,W01000274,Flintshire 007B,Investigation complete; no suspect identified
8c885874886f0de450aaa46d5ae08d6a22e2d52b91fd405a55697370987bac88,2026-07,North Wales Police,North Wales Police,-3.015056,53.196380,On or near Leaches Close,W01000311,Flintshire 011A,Unable to prosecute suspect
0f1b92d9b5a2e61419396f076863a1d8049150137e9f3f8a4b3370385827e8c5,2026-07,North Wales Police,North Wales Police,-3.207985,53.190679,On or near Hospital,W01000272,Flintshire 006D,Investigation complete; no suspect identified
fc5ebd401610a8b524ed1af6476eed64f4d46476b2beec4eaedace73c2bd6c0c,2026-07,North Wales Police,North Wales Police,-3.530182,53.306331,On or near Morfa Avenue,W01000151,Conwy 005C,Unable to prosecute suspect
0a243c447beba88df883cd0f536db15cae3552f30fb5c15ad20ba9d0e9416625,2026-07,North Wales Police,North Wales Police,-4.224694,53.321800,On or near Parking Area,W01000019,Isle of Anglesey 005C,Investigation complete; no suspect identified
366f08f21da2c3fe8f29aad9c386b8bd3931308d83e4300d0458db4dc594d0ae,2026-07,North Wales Police,North Wales Police,-3.480569,53.318599,On or near Prince Edward Avenue,W01000238,Denbighshire 006C,Unable to prosecute suspect
7248141ee4a141749c3f9a73f1c5a40fd14e10575b6e53d716dbd74cfed5d384,2026-07,North Wales Police,North Wales Police,-4.274345,53.142540,On or near Rhes Pretoria,W01000093,Gwynedd 006B,Investigation complete; no suspect identified
b042ad6857c417d109be49972945db5eac3bd93ead0862387b009ff959977aa6,2026-07,North Wales Police,North Wales Police,-4.050838,53.179362,On or near Long Street,W01000071,Gwynedd 003B,Suspect charged
96236691ee3795c9c05831fb5de5ef19cb49d7f0475c22ca5f118888fdfd2226,2026-07,North Wales Police,North Wales Police,-3.491763,53.321030,On or near Sussex Street,W01000240,Denbighshire 004E,Unable to prosecute suspect
91c94525420c4374e48907128b9527791f05c8be2c9a7189c9252c13a5b4be17,2026-07,North Wales Police,North Wales Police,-3.008250,53.043367,On or near Ruthin Road,W01000349,Wrexham 011A,Investigation complete; no suspect identified
e1eed85fdb3ced4ca627a69c401b2502ff4a5945dcdb9611a1527faf4019212e,2026-07,North Wales Police,North Wales Police,-3.815735,53.321482,On or near Irving Road,W01000186,Conwy 001E,Suspect charged
43e209eca5a389445745b476f5bdcb72a898ed25a3ed33b5fb8e68246304ab69,2026-07,North Wales Police,North Wales Police,-3.066994,53.220881,On or near Hilbre Road,W01000278,Flintshire 007D,Unable to prosecute suspect
7eaf106ed227980ee10668858402d288a04ebb90486095332b4b414b649e3910,2026-07,North Wales Police,North Wales Police,-3.131215,53.250879,On or near Castle Dyke Street,W01000288,Flintshire 004A,Investigation complete; no suspect identified
108da19c4ef8f73018e0335f2fc9ca21c283f0f759a7d8cf061d471b712dfbf4,2026-07,North Wales Police,North Wales Police,-3.704042,53.289023,On or near St Catherine's Drive,W01000138,Conwy 008A,Unable to prosecute suspect
c21602c040ed978ba8aa3f911d8243aaa984890bb7b08e321fb6e1e7486b831f,2026-07,North Wales Police,North Wales Police,-3.042716,53.214147,On or near Bridge Street,W01000337,Flintshire 009F,Further investigation is not in the public interest
7315a719898ed857b1bf0f46a989371f295f338370b2f7ecb14a172ccc0744b0,2026-07,North Wales Police,North Wales Police,-3.024762,53.068522,On or near Wheat Close,W01000379,Wrexham 004C,Unable to prosecute suspect
9a55e8b1ed52bfdf25e44a96c74313a7df6cb459b0ad920aef5ae9d462a23fcf,2026-07,North Wales Police,North Wales Police,-4.298558,53.258705,On or near Bro Tudur,W01000041,Isle of Anglesey 006D,Unable to prosecute suspect
19a3e2f1e795fec049572199cc9c291f8c93b5dce50898a70347bd200826a4fc,2026-07,North Wales Police,North Wales Police,-3.805273,53.285286,On or near Glyn-Y-Marl Road,W01000176,Conwy 011D,Unable to prosecute suspect
7cf3d4334d3212f6a901fb6731b9f4929d85fcd7e062518d803e96ee27742432,2026-07,North Wales Police,North Wales Police,-3.024334,53.073758,On or near Heol-Yr-Eglwys,W01000378,Wrexham 004B,Investigation complete; no suspect identified
5c66425acaf64a01fdab37e5746c6b39d594003fa4cab4cb6676417104fc6330,2026-07,North Wales Police,North Wales Police,-3.013875,53.211672,On or near Ferry Bank,W01000333,Flintshire 009B,Investigation complete; no suspect identified
8df0fb0e115c575273a69dbdf3e474e6d3f3aa77262797539fdc40456f162578,2026-07,North Wales Police,North Wales Police,-3.026152,53.073616,On or near First Avenue,W01000378,Wrexham 004B,Unable to prosecute suspect
da30a39c2774814f4a9585e11b0b719aec54285404ca5f3bce4e2cf88b0b2c4e,2026-07,North Wales Police,North Wales Police,-3.818844,53.312697,On or near Powys Road,W01000188,Conwy 002D,Investigation complete; no suspect identified
9672fd69f2eda660af71afdf58de357c8ce07e8b09161a04824a29f467c26c89,2026-07,North Wales Police,North Wales Police,-3.831935,53.326728,On or near Vardre Lane,W01000146,Conwy 001B,Unable to prosecute suspect
f4667442e9bb0a27a5929cc5709ab94aea88048ee29d6027da8e271a84201e20,2026-07,North Wales Police,North Wales Police,-3.071227,53.185865,On or near Smithy Lane,W01000286,Flintshire 013E,Investigation complete; no suspect identified
39367b0ef0e7ec0bcfbeb39644653a714cd17b93aba6001c98c10c4dff8b5c97,2026-07,North Wales Police,North Wales Police,-3.048513,53.212361,On or near Mill Lane,W01000283,Flintshire 008E,Unable to prosecute suspect
f780c916f8e8b5f9b3e5ea0a134edf5e6f5e60c767bfa0feea829081cd550e55,2026-07,North Wales Police,North Wales Police,-3.944324,52.997459,On or near Sports/Recreation Area,W01000056,Gwynedd 009A,Local resolution
c800167eb30d65dfd2c6864f7fa46f441648e5c9a32f77447f6c64d7b1240156,2026-07,North Wales Police,North Wales Police,-3.830738,53.280888,On or near York Place,W01000130,Conwy 012C,Suspect charged
89a561bec33d819b5a7deea10c9ae87b0b2801188bd2ce8c7549cfba753e2486,2026-07,North Wales Police,North Wales Police,-3.098235,53.154146,On or near Parking Area,W01000250,Flintshire 014B,Unable to prosecute suspect
8e963bf7f5ee9eb999cc482ccf32260fef0f3870f468cc7f3a28efe5d0338011,2026-07,North Wales Police,North Wales Police,-3.496891,53.317415,On or near Maude Street,W01000239,Denbighshire 004D,Investigation complete; no suspect identified
6572f1dae12669b96ed01b8c8bb52f6e55e69f9d4cb36e8bcbe4ccd366c58e09,2026-07,North Wales Police,North Wales Police,-2.977560,53.052235,On or near Bickleywood Drive,W01000415,Wrexham 023F,Unable to prosecute suspect
a9a421e0cdafadd33a17af9bd9a33ca059ae9bec91d99fb7835f65b3ee13df25,2026-07,North Wales Police,North Wales Police,-4.306183,53.257323,On or near Sports/Recreation Area,W01000041,Isle of Anglesey 006D,Investigation complete; no suspect identified
6033d05acf895d40736b367076b04774c02c55477f302c0071e786c292668c69,2026-07,North Wales Police,North Wales Police,-3.493349,53.322575,On or near Parking Area,W01000239,Denbighshire 004D,Local resolution
cb7f335946b64f184d7041e3fbd21eb9f8fd0eb4ecd3e61f3865d4ee58119566,2026-07,North Wales Police,North Wales Police,-2.996436,53.047233,On or near Duke Street,W01000372,Wrexham 008C,Suspect charged
4f324c8e7de52a793683508e9c51d8287e35119713ff6b613c33a0fbe875821e,2026-07,North Wales Police,North Wales Police,-3.407141,53.339966,On or near Bastion Gardens,W01000214,Denbighshire 002B,Investigation complete; no suspect identified
e0e2faf1189f330f4ac50f35fccc675a8f3f95253bf0af5ba3991601f679be82,2026-07,North Wales Police,North Wales Police,-3.467833,53.291743,On or near Gwindy Street,W01000225,Denbighshire 009D,Unable to prosecute suspect
383ae6bb9f9e952681e1001a4f5d56d64c9879f213b12c06bd55e281dd982ef5,2026-07,North Wales Police,North Wales Police,-4.634720,53.313687,On or near Maes-Yr-Haf,W01000036,Isle of Anglesey 003F,Unable to prosecute suspect
3dd3d067c3e5fe8c67119edaa022f0ed585e6281b9fe06dc2a29dfabcd05cd50,2026-07,North Wales Police,North Wales Police,-2.995254,53.044465,On or near Nightclub,W01000402,Wrexham 011D,Local resolution
b832c7382ae6a0a3f8297e05ef49cf29051e5d4633d40fa3e6bf0c482206e463,2026-07,North Wales Police,North Wales Police,-3.839463,53.318467,On or near Dolydd,W01000168,Conwy 002B,Investigation complete; no suspect identified
82fdff5da868f5c998089db4f5ab5066ff603eec272785ccceab0ef553632e2d,2026-07,North Wales Police,North Wales Police,-3.172283,53.265665,On or near Old London Road,W01000254,Flintshire 003B,Unable to prosecute suspect
463c08054d31eb9560b3783a843e76e669902385c640906af4446ab7d98004ff,2026-07,North Wales Police,North Wales Police,-2.998330,53.093657,On or near Chweched Rhodfa,W01000392,Wrexham 003E,Unable to prosecute suspect
47578cf9452426508889716f3ed97bf9d35ace9a77cc3f4d3f5f93222bd2fe3b,2026-07,North Wales Police,North Wales Police,-3.467551,53.303657,On or near Petrol Station,W01000223,Denbighshire 009B,Unable to prosecute suspect
1ab4688f94b0caf762aa16bf28532b558989f9077c7ee317a742ca590e042edc,2026-07,North Wales Police,North Wales Police,-3.493349,53.322575,On or near Parking Area,W01000239,Denbighshire 004D,Local resolution
6b3d907724f45f9f8429a22b1f5339592fac6c93cd0159054fb3ef7e658ce2ce,2026-07,North Wales Police,North Wales Police,-3.488333,53.320390,On or near Heol Clwyd,W01000240,Denbighshire 004E,Local resolution
352a7854253df1958809676095504cb6767d05bdd783a413411ad3360298fb2a,2026-07,North Wales Police,North Wales Police,-3.498082,53.317535,On or near River Street,W01000239,Denbighshire 004D,Unable to prosecute suspect
6fffa18eb707215a7cbef2ac8be94e38afe55d1bc6b71eed2c1c37a69fe05869,2026-07,North Wales Police,North Wales Police,-3.775057,53.317766,On or near Petrol Station,W01000174,Conwy 003C,Unable to prosecute suspect
0dd1025630c5f974ce6fb2481addc8e04af338a235639bdbb8096974e5c3e786,2026-07,North Wales Police,North Wales Police,-3.833056,53.325910,On or near Masonic Street,W01000146,Conwy 001B,Investigation complete; no suspect identified
44092aeaadcca810406e05d995c33b205d46b85781fcb69c62da0beeaf9e02f5,2026-07,North Wales Police,North Wales Police,-3.826583,53.321326,On or near Charlton Mews,W01000169,Conwy 001D,Investigation complete; no suspect identified
bf1cfd7c2255c10600f30063ba93b447e52ec5885a1eb790e6705ea4e4298726,2026-07,North Wales Police,North Wales Police,-3.796715,53.262958,On or near Pen Y Gaer,W01001926,Conwy 011F,Unable to prosecute suspect
4c819d05aeacc9630798ae0701c973e4027224834fa975ee36a74ad956938754,2026-07,North Wales Police,North Wales Police,-3.957168,53.249229,On or near Newry Drive,W01000170,Conwy 013C,Unable to prosecute suspect
74dca18d466a5144c91d7cf3f4098082e747f5c5ef40b11c757a90aa68fe2093,2026-07,North Wales Police,North Wales Police,-3.137446,53.169304,On or near Lead Mills,W01000315,Flintshire 016C,Unable to prosecute suspect
7c7e5be34bee6be1689d7ac315725ad7df2af33fd4ed3028b5162497e92ba767,2026-07,North Wales Police,North Wales Police,-2.971800,53.056166,On or near Dean Road,W01000415,Wrexham 023F,Unable to prosecute suspect
344232e22988e49689f54ac2b907996153ee85d31c4112d0fc0c0ab8ce5dd817,2026-07,North Wales Police,North Wales Police,-3.422150,53.327922,On or near Lon Taliesin,W01000221,Denbighshire 003B,Investigation complete; no suspect identified
6b6caae147417cb7791871f6d4c2510f41fde68177bff6160f5cc95075a8e65c,2026-07,North Wales Police,North Wales Police,-3.035411,52.993520,On or near New Hall Road,W01000419,Wrexham 016D,Investigation complete; no suspect identified
bdb07a3a4784e9ba97fa01aff3a5b817752aa955396a9479f9b655545f324395,2026-07,North Wales Police,North Wales Police,-4.272125,53.138455,On or near Stryd Waterloo,W01000111,Gwynedd 007C,Unable to prosecute suspect
ea966ad8f9363794666c94a3b7c0f7336bf4cea31d9575b53ffed80ca5c72afb,2026-07,North Wales Police,North Wales Police,-3.038260,53.076190,On or near Francis Road,W01000351,Wrexham 005A,Investigation complete; no suspect identified
b88f6fa42aab7121f46295ece882719e05d14fd08130594d036aed0748df366d,2026-07,North Wales Police,North Wales Police,-3.131572,53.159301,On or near Llys-Y-Nant,W01000313,Flintshire 016A,Local resolution
b1d92baebf3ffc83c56b801c566d3fc80437ee255b839ffd02bd6839ace771fb,2026-07,North Wales Police,North Wales Police,-3.379626,53.246923,On or near Groesffordd,W01000248,Denbighshire 008D,Unable to prosecute suspect
9a87811d652fd808453d94db2755ae1ea0ea3d8f98f169c26b164e150e53a044,2026-07,North Wales Police,North Wales Police,-3.738947,53.309169,On or near Rhos Promenade,W01000156,Conwy 004B,Unable to prosecute suspect
0f71dff83d6b5ac33fa8c30d79dc437a1c221c91d7bd5cb0b5f3e7d40ec2c714,2026-07,North Wales Police,North Wales Police,-3.001346,53.091708,On or near Penderyn Way,W01000391,Wrexham 003D,Local resolution
1a7a6fc46c969d85645d621080be7b3383d7f263a08fa0bd89203d0e9288e070,2026-07,North Wales Police,North Wales Police,-4.050838,53.179362,On or near Long Street,W01000071,Gwynedd 003B,Suspect charged
c5fc5827e041e7b9f35bdaf54cee4e9c150f8ff60e5c8e22af8a1aaf1e629f78,2026-07,North Wales Police,North Wales Police,-3.403164,53.340534,On or near Highbury Close,W01000214,Denbighshire 002B,Unable to prosecute suspect
88223d4bc8ef7dcc438978236498f1076e8eadceb5d9ab54d084460feaf39b38,2026-07,North Wales Police,North Wales Police,-4.140624,52.938213,On or near Church Street,W01000107,Gwynedd 010E,Unable to prosecute suspect
ad38293d2c12f953a6e53ddaa0174ddd288723d9a0e6a4e0764e6354d8c472da,2026-07,North Wales Police,North Wales Police,-3.833904,53.315577,On or near Ffordd Dulyn,W01000168,Conwy 002B,Suspect charged
2cdef5f10aaa0f5176013243175c8cb5c37ae4398f34df1f9d6d2414b8ca8070,2026-07,North Wales Police,North Wales Police,-3.034245,53.206247,On or near North Street,W01000336,Flintshire 009E,Investigation complete; no suspect identified
117069741d894a6bd8ec3db8068fdf5fbbe35b78adb86e7423740f3a285a1beb,2026-07,North Wales Police,North Wales Police,-3.582354,53.290970,On or near Parking Area,W01000178,Conwy 010E,Investigation complete; no suspect identified
67ecbaf0578c3122dd37340e84d5ee174213323ac46f28a09a19ad90228c32a6,2026-07,North Wales Police,North Wales Police,-2.933632,53.034681,On or near Bridgeway East,W01001971,Wrexham 022D,Suspect charged
edacbff730e6d769f8ed0ec46bcabbc30fbd15e64671d0e8e5cb365c3833e710,2026-07,North Wales Police,North Wales Police,-2.933632,53.034681,On or near Bridgeway East,W01001971,Wrexham 022D,Suspect charged
b206d91af6d2e3d5198d5d02c12fb498cab443805f1a40f8c52ff060e0d15fc2,2026-07,North Wales Police,North Wales Police,-2.933632,53.034681,On or near Bridgeway East,W01001971,Wrexham 022D,Suspect charged
61e7577d55a0b8cfde617010bd9a2f8abed9f84873ae09d726be41b42c967d84,2026-07,North Wales Police,North Wales Police,-2.933632,53.034681,On or near Bridgeway East,W01001971,Wrexham 022D,Suspect charged
7472cc53c75c77bb749889cddf39b6f1ca79deac28de1f97c040a17637cd13b4,2026-07,North Wales Police,North Wales Police,-3.060002,53.220988,On or near Quay Lane,W01000274,Flintshire 007B,Local resolution
d623318067f0d6ab92fafc90595301238379250a4c23724bb94e82fb816b7d7a,2026-07,North Wales Police,North Wales Police,-3.044682,53.202605,On or near Dale Road,W01000252,Flintshire 010A,Further action is not in the public interest
7e50c1f4393d75b242390d924ed2229683a3b312af412a63ad91950ee1389e08,2026-07,North Wales Police,North Wales Police,-3.431631,53.184020,On or near Ffordd Ysgubor,W01000199,Denbighshire 011C,Unable to prosecute suspect
945b1cba51fa9449fa94ff96efb458f01c53c578cbf7510c4b4ea9824cbd298e,2026-07,North Wales Police,North Wales Police,-3.136551,53.249731,On or near Earl Street,W01000290,Flintshire 004B,Formal action is not in the public interest
477fe9bc01bb87638669e30ed5097354860e4c5ea481eac5b7bee3124c9ed0ba,2026-07,North Wales Police,North Wales Police,-3.055228,53.013761,On or near Heol Awstralia,W01000411,Wrexham 015C,Suspect charged
378ae07047a1b5471186ea4e1f857d4ebe49c8c7ef37c54e62ddfa8be474d963,2026-07,North Wales Police,North Wales Police,-3.922664,53.269650,On or near Paradise Road,W01000171,Conwy 013D,Further action is not in the public interest
68be7b4c40821a149028acda0ecbd92cdee8131d3fccf33b38a04fb8b1792bb5,2026-07,North Wales Police,North Wales Police,-4.337267,53.412926,On or near Craig Y Don,W01000003,Isle of Anglesey 001A,Further action is not in the public interest
86be661bea779adc86769220073ede16c9ba2e0f695101a8e53e2bd336b8c3c1,2026-07,North Wales Police,North Wales Police,-3.793089,53.265161,On or near Maes Hyfryd,W01001926,Conwy 011F,Investigation complete; no suspect identified
f210a417273d08ec50a93148aa0f3c16a0ea7b7e3e153686ca35516f6aa7c02a,2026-07,North Wales Police,North Wales Police,-3.421916,53.183049,On or near Parking Area,W01000194,Denbighshire 011A,Suspect charged
a7d33f664208e461a4bc4df1e450e135678612dc7997611bb7b6cc9ea8dd4719,2026-07,North Wales Police,North Wales Police,-3.023790,53.069672,On or near Hamlington Avenue,W01000379,Wrexham 004C,Suspect charged
14b093352a322ec2f7481f1d4d0c41d856529fc51a006ac0b9c98a9b0b62f24d,2026-07,North Wales Police,North Wales Police,-4.352813,53.408053,On or near Bethesda Street,W01000003,Isle of Anglesey 001A,Unable to prosecute suspect
0ddddc023471de79bc0cbce969831ca4c59a447cc1a5f5c56bce826ab616ff85,2026-07,North Wales Police,North Wales Police,-3.130763,53.248501,On or near Supermarket,W01000288,Flintshire 004A,Suspect charged
5e7dec77385186afd8acc8c813fad6f1c848b16c11c55b903e03e2335565e9ee,2026-07,North Wales Police,North Wales Police,-4.131140,52.928125,On or near Chapel Street,W01000105,Gwynedd 010C,Unable to prosecute suspect
d068d5d31d8de4ed74b44ac6b8e514b9b2233eb1f3b7b467b583b59dc8e63354,2026-07,North Wales Police,North Wales Police,-3.208558,53.261420,On or near Petrol Station,W01000306,Flintshire 002A,Unable to prosecute suspect
c8e7552994fdb108ddecb518ccfaf45bed50cdffba29bd359ded1210092489b0,2026-07,North Wales Police,North Wales Police,-2.995254,53.044465,On or near Nightclub,W01000402,Wrexham 011D,Suspect charged
77126c9b3c716208d8af6231e798bfb2c7f9badc392bc32421732a5a83331504,2026-07,North Wales Police,North Wales Police,-3.824104,53.322335,On or near Vaughn Street,W01000186,Conwy 001E,Investigation complete; no suspect identified
e356e95e88c4487a2a2494440f1ef91bbf3be17d49f3a7da4c364f970b6bcb04,2026-07,North Wales Police,North Wales Police,-3.123240,53.239933,On or near Ffordd Madog,W01000293,Flintshire 004D,Unable to prosecute suspect
27817c916444bcb107fd6a4c0e9a4c60302762eb108bd3675cc17eaf1a4ed25f,2026-07,North Wales Police,North Wales Police,-2.933632,53.034681,On or near Bridgeway East,W01001971,Wrexham 022D,Unable to prosecute suspect
11501273f24acb93b8ea1eb47f1b072b574253355872811193919fd690911e90,2026-07,North Wales Police,North Wales Police,-2.933632,53.034681,On or near Bridgeway East,W01001971,Wrexham 022D,Unable to prosecute suspect
085dd97ac2df218769bf6ed61f00996eaff7c0bc6ebefa961e57f2f430964fbf,2026-07,North Wales Police,North Wales Police,-3.108385,53.164895,On or near Rose Lane,W01000250,Flintshire 014B,Formal action is not in the public interest
dfee0821e3ddffbddd5589104ac9772a7fb705c3f1beae7598aade62faf5b9e0,2026-07,North Wales Police,North Wales Police,-3.761578,53.295963,On or near Ffordd-Y-Bryn,W01000167,Conwy 011C,Unable to prosecute suspect
5c0a7b4fc36b829fb84087bdf243e59d31ceed54d8a989646409717a3fb635b5,2026-07,North Wales Police,North Wales Police,-4.176941,53.232030,On or near Maes-Yr-Hafod,W01000042,Isle of Anglesey 008D,Unable to prosecute suspect
842800a651695d1b2b61703620e83d5eb0f7ddd7be8affcad5e1e092515d6879,2026-07,North Wales Police,North Wales Police,-3.223297,53.274276,On or near Cross Street,W01000304,Flintshire 003E,Unable to prosecute suspect
aa8cc0113a55c22dd6ee0ff5eaa8ac4ea7e4b607484c87cca2a9e21c6775c38b,2026-07,North Wales Police,North Wales Police,-2.997397,53.090770,On or near Llay Court,W01000391,Wrexham 003D,Suspect charged
fe5a0bb15de021914597fe6b99d7382016c8806b4a3ec1db20a4b026d7286092,2026-07,North Wales Police,North Wales Police,-2.980716,53.040766,On or near Whitegate Road,W01000424,Wrexham 012E,Unable to prosecute suspect
fe84bbd62fc2271dd28708c0b6e3a0b1fb07a9dc93db14dae5467f03443338a5,2026-07,North Wales Police,North Wales Police,-3.690449,53.288632,On or near King's Road,W01000128,Conwy 009C,Unable to prosecute suspect
0b06c47f17d3102190b21ca5dd311146c18b470807b8fd107af90b112149d5fc,2026-07,North Wales Police,North Wales Police,-2.971005,53.166687,On or near Bretton Road,W01000255,Flintshire 015A,Investigation complete; no suspect identified
ef6a6630e23773186314f7bb13e7eb8600790b93b9976e29e40000fae64d37f0,2026-07,North Wales Police,North Wales Police,-3.975078,53.254391,On or near Park Road,W01000170,Conwy 013C,Investigation complete; no suspect identified
0aa83f2e48b899c0074d3705776cc523dd30f9080d125914e565bbdd6390c59e,2026-07,North Wales Police,North Wales Police,-3.494059,53.313675,On or near Thornton Close,W01000237,Denbighshire 006B,Investigation complete; no suspect identified
bfdf4222ff81417df7c9afc9522af53ce045d4537209f5025589228a6e948852,2026-07,North Wales Police,North Wales Police,-4.427865,52.881518,On or near Talcymerau Road,W01000109,Gwynedd 012E,Unable to prosecute suspect
e2bc16ab5c66befa7532cc071d3245d4ed0e8ab144da43b5edbb48dd829c1e8b,2026-07,North Wales Police,North Wales Police,-4.347417,53.410344,On or near Parking Area,W01000003,Isle of Anglesey 001A,Unable to prosecute suspect
f324f94b9c4d0f895c8d35be3a573c9a89a34ea6567a4ad76083ede91f6977fc,2026-07,North Wales Police,North Wales Police,-2.967336,53.035374,On or near Highmore Court,W01000423,Wrexham 012D,Formal action is not in the public interest
639f731615520b885555eb04cc997a4cc0bf465189e986feeedf84a962c3a656,2026-07,North Wales Police,North Wales Police,-2.996436,53.047233,On or near Duke Street,W01000372,Wrexham 008C,Investigation complete; no suspect identified
31486aad4024db1cfc28b16a35440994e00596397268fae1092b3be2c37d2e1b,2026-07,North Wales Police,North Wales Police,-3.807246,53.284042,On or near Caradoc Road,W01000176,Conwy 011D,Unable to prosecute suspect
a9389bef03e362b13b27d6d4811115a7e2277349842d2a0cfe6a31057aef21a3,2026-07,North Wales Police,North Wales Police,-3.493653,53.320971,On or near Sussex Lane,W01000240,Denbighshire 004E,Investigation complete; no suspect identified
9f51c71bb0f4a592dd9280f88e379a17739e5026f6f22da4c35833a5fdf9d7b6,2026-07,North Wales Police,North Wales Police,-3.830485,53.325150,On or near Ty Isa Road,W01000146,Conwy 001B,Investigation complete; no suspect identified
c113d4f1c2e103c9bb70b887dd482f2dae4e9e62da570ec2a0c09263551bda0b,2026-07,North Wales Police,North Wales Police,-3.498082,53.317535,On or near River Street,W01000239,Denbighshire 004D,Unable to prosecute suspect
4985be12f9cda3c29433e220233e4125937b49fb9972fbd0ad585b00eec152ed,2026-07,North Wales Police,North Wales Police,-3.494526,53.313310,On or near Buxton Court,W01000237,Denbighshire 006B,Investigation complete; no suspect identified
8b567514d8d2fc0127999cb3e3de6b61882ddf4f89e9cb7c1abfb979847f0237,2026-07,North Wales Police,North Wales Police,-3.741195,53.310557,On or near Supermarket,W01000156,Conwy 004B,Investigation complete; no suspect identified
5b53dcb67e88947a7d64d63b02c092c3ef1519157fe2c9727ae48d3708401612,2026-07,North Wales Police,North Wales Police,-2.996436,53.047233,On or near Duke Street,W01000372,Wrexham 008C,Investigation complete; no suspect identified
d0c0d763dc8e489e51c78df71214f55a508875d4539d7dc86ccc95e53e3a4e49,2026-07,North Wales Police,North Wales Police,-3.976037,53.256982,On or near Maes Glanarfon,W01000123,Conwy 013A,Unable to prosecute suspect
ee6d9ea75be902d0c5910a89c009ddd1aef5a35489361a9f9ad19d3457ca6cfb,2026-07,North Wales Police,North Wales Police,-3.245526,53.302803,On or near Hafod-Y-Ddol Road,W01000320,Flintshire 002B,Unable to prosecute suspect
05109f2094d555072c5dce317dbead1d2af5100d2dd3df2054c64bfa1bf04dfd,2026-07,North Wales Police,North Wales Police,-3.741195,53.310557,On or near Supermarket,W01000156,Conwy 004B,Investigation complete; no suspect identified
a5004abf6adde422419f4a8d79347adf4098512862c168061affee27481a27f2,2026-07,North Wales Police,North Wales Police,-2.971216,53.054723,On or near Clos Y Cowper,W01000415,Wrexham 023F,Suspect charged
d9b6a22bd2e1353a545fcc21fd0efac181e5b07ae75c99b63b04e927cc28ab61,2026-07,North Wales Police,North Wales Police,-3.832219,53.327065,On or near Court Street,W01000146,Conwy 001B,Unable to prosecute suspect
9fb9386da538175e3cacfb5a47763f6cdc95fc0200d4173fbe3b9a6ee1ef59db,2026-07,North Wales Police,North Wales Police,-3.827836,53.321486,On or near Augusta Street,W01000169,Conwy 001D,Unable to prosecute suspect
c7ad5740691eeb7d709b344f19ff51fc87da90d4bb2c7a2cd42d3ac426d9a00d,2026-07,North Wales Police,North Wales Police,-3.431631,53.184020,On or near Ffordd Ysgubor,W01000199,Denbighshire 011C,Unable to prosecute suspect
2078d5efbdfdcb1e66dc052b548bfef3ad47281dacac3911520f5782b1e0e15e,2026-07,North Wales Police,North Wales Police,-4.629408,53.303482,On or near Parking Area,W01000017,Isle of Anglesey 003B,Unable to prosecute suspect
598b23c01ea0eb5941112c0067bd3a28c5af7a8c782c35a8328e23f6ed4339f4,2026-07,North Wales Police,North Wales Police,-3.763045,53.292247,On or near Garth Road North,W01000167,Conwy 011C,Investigation complete; no suspect identified
a1264021a346d8c1346eca3257a2a1c78bbd91720485c58dcfa88470e3c1ab12,2026-07,North Wales Police,North Wales Police,-2.990036,53.042648,On or near Salop Road,W01000402,Wrexham 011D,Unable to prosecute suspect
bfaf6fe52554e3591d7e366f507a04361553be0c02b22a52b45aae09937a7776,2026-07,North Wales Police,North Wales Police,-3.065147,53.215881,On or near Lynfield Close,W01000273,Flintshire 007A,Investigation complete; no suspect identified
9b91c2a7100833a6faf216a3d3e9d91f025abaf4f2cd26f45b0a84f50a9c2ba7,2026-07,North Wales Police,North Wales Police,-2.998029,53.041916,On or near A525,W01000402,Wrexham 011D,Suspect charged
117f4ce1e14fae42a077f9875147e639a9f0821abd8d9d8f564ef2991e79da6a,2026-07,North Wales Police,North Wales Police,-3.067446,53.208957,On or near Ffordd Kinderley,W01000282,Flintshire 010C,Local resolution
ba8fc8c477edc530ba9f77a18a37228df2bde9759a5bf75b7b06a02e8ee819fd,2026-07,North Wales Police,North Wales Police,-3.067446,53.208957,On or near Ffordd Kinderley,W01000282,Flintshire 010C,Local resolution
bb762c865f6ffaa624ec4b3e0734be9a7006e605448266fd058cfe90fd3cefde,2026-07,North Wales Police,North Wales Police,-3.063410,52.984598,On or near Llangollen Road,W01000354,Wrexham 017A,Investigation complete; no suspect identified
3c74f581e3d779809ada928cb7f4194115f45727b288c68a3a0968b3ec286465,2026-07,North Wales Police,North Wales Police,-3.570018,53.296203,On or near Ffordd Gwelfryn,W01001927,Conwy 010G,Investigation complete; no suspect identified
0aa46823b43fc870244f59cc12f3d8205300225425329b7accc2ca6d51e93da2,2026-07,North Wales Police,North Wales Police,-3.830485,53.325150,On or near Ty Isa Road,W01000146,Conwy 001B,Suspect charged
ebc72f77cab7dce38aa739e19e2f74913b4b4191afb4b713a452e7dc59119789,2026-07,North Wales Police,North Wales Police,-3.000988,53.040857,On or near Hampden Road,W01000402,Wrexham 011D,Investigation complete; no suspect identified
6acdd39d135412288dcf21959f016690fd027c299b97630e621cf0740eef4bd7,2026-07,North Wales Police,North Wales Police,-3.008416,53.214496,On or near Holly Court,W01000333,Flintshire 009B,Investigation complete; no suspect identified
dcd9c5125964d23e3cb40f85b16513339120dc31d977fa482f296d91d9728cb1,2026-07,North Wales Police,North Wales Police,-3.008416,53.214496,On or near Holly Court,W01000333,Flintshire 009B,Investigation complete; no suspect identified
b50224e3ae6e8624f40c5218011561ac77b056dc30840d60ec08576cb59f4f5a,2026-07,North Wales Police,North Wales Police,-3.727605,53.294060,On or near Woodland Road East,W01000144,Conwy 007C,Unable to prosecute suspect
7156e9c4206299ab2ab2930f634c06390334226e856b3beaf0650535751fab7a,2026-07,North Wales Police,North Wales Police,-3.727577,53.293000,On or near Claughton Road,W01000143,Conwy 007B,Investigation complete; no suspect identified
27c41d541f7b81296f65ceb8159e4f05d17291416cbf675bace3642f3989e233,2026-07,North Wales Police,North Wales Police,-4.310682,53.255800,On or near Bulkeley Square,W01000014,Isle of Anglesey 006C,Investigation complete; no suspect identified
a2b7e4feaf72dd97405d2ba41376c8ac1d499666bdac9842d2e42357784410e2,2026-07,North Wales Police,North Wales Police,-4.519553,53.228863,On or near Cae Cloc,W01002008,Isle of Anglesey 007F,Further action is not in the public interest
8167fe6f98b8374d5784e5d0f8a26eafea33daf778dfd9b65b2374b13fa46c2d,2026-07,North Wales Police,North Wales Police,-4.519553,53.228863,On or near Cae Cloc,W01002008,Isle of Anglesey 007F,Further action is not in the public interest
950f23dc7378151da2a491a714f1ab5d6675af6463d8b89a695e5745d8257ec0,2026-07,North Wales Police,North Wales Police,-3.004516,53.057251,On or near Fleming Drive,W01000372,Wrexham 008C,Suspect charged
3dbc8811a083ddf4d884270c9eefb91b87425e42c00d09590d900c054c2febc6,2026-07,North Wales Police,North Wales Police,-3.091880,53.129881,On or near Heol Y Goron,W01000309,Flintshire 019C,Suspect charged
f99c46531583262debea98d540f30ee7d14f052261f65176b06e7d1ac2dc8895,2026-07,North Wales Police,North Wales Police,-3.091880,53.129881,On or near Heol Y Goron,W01000309,Flintshire 019C,Suspect charged
9856324acefb286c3f5aa89213320f88c90a0b1d2aaa909642e9aedbc35bc1e7,2026-07,North Wales Police,North Wales Police,-3.096309,53.166463,On or near Langford Crescent,W01000261,Flintshire 014C,Unable to prosecute suspect
007a9386ff67b5213f0c4f5cf81ebdbbd6abb2845910e1fe1f237301c6a4b2cc,2026-07,North Wales Police,North Wales Police,-3.761575,53.288969,On or near Chapel Street,W01000167,Conwy 011C,Unable to prosecute suspect
1b5c0cf465be991b05930d3d28813700fa119782224cabb8b197f86c6cb6c9e4,2026-07,North Wales Police,North Wales Police,-3.039695,53.071935,On or near High Street,W01000351,Wrexham 005A,Investigation complete; no suspect identified
b684ecf0fc0e10bfd117ccd1a126fe520f4b7e5b8ae3d920ed57391ca5aea123,2026-07,North Wales Police,North Wales Police,-3.237070,53.280220,On or near Moorfields,W01000306,Flintshire 002A,Unable to prosecute suspect
4b02928f52b344da6fcab1c5f594970a0a47d44422ea75b10f6c86755c49e57e,2026-07,North Wales Police,North Wales Police,-3.217169,52.981020,On or near Parking Area,W01000208,Denbighshire 016C,Unable to prosecute suspect
713c282d1e9d3e47c8f96b32a1c5b273e239b3a5c4a05771bdf406232255f516,2026-07,North Wales Police,North Wales Police,-3.044003,53.004431,On or near Supermarket,W01000386,Wrexham 015A,Unable to prosecute suspect
c69241720524e2c24c10097a5889e1bf60ddda5ee136a60876d030e56ea7d970,2026-07,North Wales Police,North Wales Police,-3.085152,53.163598,On or near Hillsview Road,W01000263,Flintshire 017D,Unable to prosecute suspect
d6be3eae5bc1a0cc8246c4acc186c059278928dac7f30bb28439b0ad53800e45,2026-07,North Wales Police,North Wales Police,-3.136551,53.249731,On or near Earl Street,W01000290,Flintshire 004B,Unable to prosecute suspect
b7227a3f8ab9b97f118fc81fd5181a6ebd8f813e17736bbc1befb82dfe4d8051,2026-07,North Wales Police,North Wales Police,-4.423744,52.880909,On or near Heol Hamdden,W01000109,Gwynedd 012E,Unable to prosecute suspect
ba43d3d9399c4cd1d241c9c9f89a3e5ab25f10c8f766a049068188e2df4d4bc8,2026-07,North Wales Police,North Wales Police,-3.136236,53.169954,On or near St David's Lane,W01000315,Flintshire 016C,Action to be taken by another organisation
b3ba3417f15acb928fbaa23ce7471fdc4103ae583723beff9b5675327a7da5c3,2026-07,North Wales Police,North Wales Police,-3.161209,52.926553,On or near B4500,W01001930,Wrexham 019F,Unable to prosecute suspect
e72656dd2823e0bb277ae2463d778c30b2a1968dd8b8a616081f217c328b57bf,2026-07,North Wales Police,North Wales Police,-3.820311,53.320361,On or near Tudor Crescent,W01000186,Conwy 001E,Local resolution
011d353cb6f49b686aac79a7070914f335b04902659357631b47a247ea8ec8b2,2026-07,North Wales Police,North Wales Police,-3.830485,53.325150,On or near Ty Isa Road,W01000146,Conwy 001B,Unable to prosecute suspect
d8bb590be45cbf7e1205e708423d4003f8de588417cb0ea6271fdd6ab128959b,2026-07,North Wales Police,North Wales Police,-3.141917,53.167571,On or near Shopping Area,W01000315,Flintshire 016C,Investigation complete; no suspect identified
bfa40751b795c9ca1a6b5c368d54f2a652b20a2b8ea6744aebad5473061ba8da,2026-07,North Wales Police,North Wales Police,-4.056911,53.178359,On or near Adwy'r Nant,W01000096,Gwynedd 003C,Suspect charged
4f24c2925efff6beb37c608e96a0d2de1e9e38921cee3331f919627a50c16e6e,2026-07,North Wales Police,North Wales Police,-3.687291,53.273215,On or near B5383,W01000122,Conwy 014A,Unable to prosecute suspect
675bbe6f72be8929165449f5f2b0173ee0ba5657df8fbb10ea03d6ba8b07a7e4,2026-07,North Wales Police,North Wales Police,-2.946022,53.108755,On or near Supermarket,W01000418,Wrexham 022A,Investigation complete; no suspect identified
a748a4d71c4d694bfd54b200974e11087a318aaacb690e93e2fca75d106fbe26,2026-07,North Wales Police,North Wales Police,-3.490721,53.320423,On or near Market Street,W01000240,Denbighshire 004E,Investigation complete; no suspect identified
e9eec05e794bdaf8f2c0ddd21adb282abdf1a1e9641ddb9f953c21bd8c4a9856,2026-07,North Wales Police,North Wales Police,-3.422454,53.323504,On or near Alexandra Drive,W01000221,Denbighshire 003B,Unable to prosecute suspect
9d96fe269ed0491112c79121e4fccafbb177f2591efa4d8bceaa3385a1f020f4,2026-07,North Wales Police,North Wales Police,-4.310682,53.255800,On or near Bulkeley Square,W01000014,Isle of Anglesey 006C,Unable to prosecute suspect
b8e91e106d8551244bacf6f1e5242a88e7ad2f9ba8168be0dd8f5d42fbb97858,2026-07,North Wales Police,North Wales Police,-3.826414,53.323342,On or near Clonmel Passage,W01000169,Conwy 001D,Investigation complete; no suspect identified
4f52a77b31bb56771fea7488475d674d90d6431059baa5fa37c114eeeb615385,2026-07,North Wales Police,North Wales Police,-3.078175,53.168705,On or near Hope View Court,W01000266,Flintshire 017E,Unable to prosecute suspect
df5ebc3ea62838ced4fe63eb065aad705ff7d3588f04dc359f5868f2f2e4cf94,2026-07,North Wales Police,North Wales Police,-3.725497,53.292023,On or near Agnes Grove,W01000143,Conwy 007B,Unable to prosecute suspect
f6c673bdddf8f52da636e9e85866a9f934d8eace49bd8ff06a0ba38b107c822a,2026-07,North Wales Police,North Wales Police,-2.987026,53.041460,On or near Greenbank Street,W01001931,Wrexham 012G,Unable to prosecute suspect
156fc34d6b6583241090d81d8120100c477d410d0f5158d20bb2d4c09b8b3324,2026-07,North Wales Police,North Wales Police,-3.448103,53.255792,On or near Supermarket,W01000246,Denbighshire 010B,Investigation complete; no suspect identified
c231188604114d9427df902df0e94e0dd700b793812e7c163ff765e44bb0a80c,2026-07,North Wales Police,North Wales Police,-3.448103,53.255792,On or near Supermarket,W01000246,Denbighshire 010B,Investigation complete; no suspect identified
ec2b99cede0e29a109d4aed1e13424688d4ce5c90a81943669e10d7badca3d2d,2026-07,North Wales Police,North Wales Police,-3.517590,53.308847,On or near Trem-Y-Ffair,W01000150,Conwy 005B,Unable to prosecute suspect
61c8541a25fe429306688d3695f07599e36decf7c9bf1429df757fea4592fb99,2026-07,North Wales Police,North Wales Police,-3.013759,53.214334,On or near Farm Road,W01000333,Flintshire 009B,Unable to prosecute suspect
f9a4accaf91f090f2535565b0cb04eee2feab090c70212fb1ac80c93759c30c3,2026-07,North Wales Police,North Wales Police,-3.427366,53.185824,On or near Blaen-Y-Coed,W01000198,Denbighshire 011B,Investigation complete; no suspect identified
071c95b15a89272a294eed418e5e2798e3492efdf0839ca93d40ca3b75335574,2026-07,North Wales Police,North Wales Police,-3.517590,53.308847,On or near Trem-Y-Ffair,W01000150,Conwy 005B,Unable to prosecute suspect
fa4cabd82397b02f01663251a7e8775c3202f79ea40fd2661f5216938da16b8f,2026-07,North Wales Police,North Wales Police,-3.517590,53.308847,On or near Trem-Y-Ffair,W01000150,Conwy 005B,Unable to prosecute suspect
bd90ee06d02f1e8b9661fd40d0f762435352376fd57117531b3ff513c8777fe3,2026-07,North Wales Police,North Wales Police,-3.119213,53.242380,On or near Chester Road,W01000293,Flintshire 004D,Investigation complete; no suspect identified
71face45f0225b3031c2dd5467eb6fa1083208a45fca1bbfb7869f12a5ae49ad,2026-07,North Wales Police,North Wales Police,-3.488333,53.320390,On or near Heol Clwyd,W01000240,Denbighshire 004E,Investigation complete; no suspect identified
a325a34ea0012ae33d41de7745a9aec693a07a403dfabd647cc56ea5262cd0fb,2026-07,North Wales Police,North Wales Police,-3.404638,53.337865,On or near Morley Road,W01000216,Denbighshire 002D,Investigation complete; no suspect identified
5cc411142cf96761d419c2bdaec842ee524799320574270be9ac7298dfad5ad2,2026-07,North Wales Police,North Wales Police,-3.590947,53.286424,On or near Wentworth Avenue,W01000179,Conwy 010F,Unable to prosecute suspect
97d577e0fa645596aa6f84305b1b5a11b1c6e7eff443b77b0d2380cb6e43a8fd,2026-07,North Wales Police,North Wales Police,-3.007856,53.048207,On or near Bron-Y-Nant,W01000350,Wrexham 011B,Further action is not in the public interest
08d5ed043b90d41cfbbe78e728f54e6b5a2881cf54fb5f29fa4c8caf5762e59c,2026-07,North Wales Police,North Wales Police,-3.490923,53.320609,On or near Glanglasfor,W01000240,Denbighshire 004E,Unable to prosecute suspect
58e99be9ec1b63f3f3cb5cd389a7326a24e46d8c2715ccc4bcb7dcd9b0d390a5,2026-07,North Wales Police,North Wales Police,-3.463395,53.312905,On or near Howell Drive,W01000234,Denbighshire 017G,Investigation complete; no suspect identified
e0dd460bbb9b8600d2fd61e946ca40a71ac9dfecda8fa4e797abd32fc3f2eaac,2026-07,North Wales Police,North Wales Police,-3.657801,53.284686,On or near Pentregwyddel Road,W01000164,Conwy 009F,Unable to prosecute suspect
73d0b77c02aa9ad832bc09410b16caf6542719d8d04344bdffa7418814934304,2026-07,North Wales Police,North Wales Police,-3.499163,53.270003,On or near Rhodfa Flint,W01000191,Denbighshire 009A,Action to be taken by another organisation
a8cad1a66d244cf94dbbc10b791a46446517f5f3f524e34e73afa9088d5fe3ad,2026-07,North Wales Police,North Wales Police,-3.740316,53.304825,On or near Green Road,W01000155,Conwy 004A,Unable to prosecute suspect
6405b877a4412da13d6e8d45be39bbfc4aabdc3c6ae9d2abe615cb914f5bc224,2026-07,North Wales Police,North Wales Police,-3.805273,53.285286,On or near Glyn-Y-Marl Road,W01000176,Conwy 011D,Unable to prosecute suspect
dc95fb94de1ae4ab1418867828a545bb1307a2c786c79940e18a6a68960e28d3,2026-07,North Wales Police,North Wales Police,-3.004181,53.037729,On or near Bron-Y-Dre,W01000402,Wrexham 011D,Investigation complete; no suspect identified
b241196bf67ec1aa464d941bd2e638d02395e858f5437cc67b65d5b285624700,2026-07,North Wales Police,North Wales Police,-3.404450,52.959653,On or near Godre'r Coed,W01000205,Denbighshire 016B,Investigation complete; no suspect identified
61770bb4172bff90d1057d7d3aa75e67494531819d27172047d5639713d874f2,2026-07,North Wales Police,North Wales Police,-2.994218,53.063640,On or near Ffordd Gwynedd,W01000368,Wrexham 008A,Unable to prosecute suspect
2b786cf2e41c0d692d8fe805500513125b39aa1ba45b74bd20b3be59b2f9c181,2026-07,North Wales Police,North Wales Police,-4.147070,53.212990,On or near Trehwfa,W01000064,Gwynedd 002A,Suspect charged
4aae1db46ab0415cd3e3955e8030ef5a59a943f93779f227f4a89bb54515fcb2,2026-07,North Wales Police,North Wales Police,-3.828585,53.323893,On or near Shopping Area,W01000169,Conwy 001D,Investigation complete; no suspect identified
6aa78b173ccd880ec35340ab92e92e7601a40249332a1a54c40229d300ef5252,2026-07,North Wales Police,North Wales Police,-4.131078,53.224261,On or near Petrol Station,W01000062,Gwynedd 001A,Unable to prosecute suspect
c3447df93ceaa0a11ea38003bc103af762cfa3fdcb1ef95c31b1f3d82da75d22,2026-07,North Wales Police,North Wales Police,-4.631360,53.312269,On or near Nightclub,W01000016,Isle of Anglesey 003A,Investigation complete; no suspect identified
0b3c33ac983302651cb642aed2c0ed83ca4925715931b79381b8a09e2e5c6548,2026-07,North Wales Police,North Wales Police,-3.076381,53.216544,On or near Buttermere Close,W01000276,Flintshire 008A,Suspect charged
20db307a5de02da2a5a0198d3bdad3d2093e23a289981c16d2db0c58373edfb2,2026-07,North Wales Police,North Wales Police,-3.045013,52.983925,On or near James Park Way,W01000407,Wrexham 016C,Investigation complete; no suspect identified
2c5933dc8776e7b2caf536dbb8833eed5751da765d7a0e7f1ba2b7ff9d71127c,2026-07,North Wales Police,North Wales Police,-3.710462,53.288248,On or near Hospital,W01000139,Conwy 007A,Unable to prosecute suspect
dd44beeeee9f8658f06c27688447ec3335e5e7f50c7c1eeba42f6f91a2d22e39,2026-07,North Wales Police,North Wales Police,-3.070389,53.216499,On or near Lon Dderwen,W01000278,Flintshire 007D,Unable to prosecute suspect
612a9e4e12a98f114498740cab0c0ec422a2984bc5ac4a58507ba4c8d227487b,2026-07,North Wales Police,North Wales Police,-2.968664,53.055364,On or near Langford Close,W01000415,Wrexham 023F,Investigation complete; no suspect identified
3551e3dba15a10e2794d71cb457d04ec4a7eef797ccfc4fceee520b88de0f92c,2026-07,North Wales Police,North Wales Police,-2.983501,53.039934,On or near Linden Avenue,W01000424,Wrexham 012E,Suspect charged
506cfecdd0ea181a6e566ab09386022450aff955ea6453ebbbf0aaeb962021f2,2026-07,North Wales Police,North Wales Police,-3.815635,53.319848,On or near B5115,W01000186,Conwy 001E,Unable to prosecute suspect
a1496dd963ecdce93adc3360e0545ebf505eb7dbe7f115db5d28dc8ca808e727,2026-07,North Wales Police,North Wales Police,-3.009367,53.044104,On or near Supermarket,W01000349,Wrexham 011A,Local resolution
edda07a9ef95a030ad5a0cf266c27bfb1648c6e3548fb57509951c1d1fd11fc7,2026-07,North Wales Police,North Wales Police,-2.996436,53.047233,On or near Duke Street,W01000372,Wrexham 008C,Unable to prosecute suspect
537e35ae76e4c96ab82604676a2deaa44fa7b7493bf5b4f9ce74123a56d4f7b7,2026-07,North Wales Police,North Wales Police,-3.740409,53.311548,On or near Parking Area,W01000156,Conwy 004B,Suspect charged
95caad6b0848ad900aa9d2b30fe475c8372a1744434e20e6355b209571c0d541,2026-07,North Wales Police,North Wales Police,-2.985872,53.047843,On or near Shopping Area,W01001931,Wrexham 012G,Suspect charged
08cff50464cce95d65092d3bc1e2bbfe1d9420c875f17c49e9ed3b2a75be3f71,2026-07,North Wales Police,North Wales Police,-3.686249,53.291695,On or near Voryn Avenue,W01000127,Conwy 009B,Unable to prosecute suspect
80f46232edaa559a9efe2d7ad3dd1ee73714d8dbeb9aefd7128d4872627cbab0,2026-07,North Wales Police,North Wales Police,-3.750640,53.301842,On or near Berwyn Court,W01000154,Conwy 003A,Unable to prosecute suspect
ce2c55a6e8103f7a9bb5f6840d297319b4a6eb843b5e3b25f531956610d0ff09,2026-07,North Wales Police,North Wales Police,-3.741195,53.310557,On or near Supermarket,W01000156,Conwy 004B,Investigation complete; no suspect identified
0b23afcdcb0a3c6a970ef27dc238ff5ecb7e9282bda6df79c7cf3e58b2a09d48,2026-07,North Wales Police,North Wales Police,-3.054773,53.217879,On or near Deans Place,W01000274,Flintshire 007B,Unable to prosecute suspect
f38be2579a0f39184b39f3b640f3f15b710910c688084647ccf788b576a8c786,2026-07,North Wales Police,North Wales Police,-4.167167,53.224521,On or near Parking Area,W01000011,Isle of Anglesey 008B,Investigation complete; no suspect identified
8c03c360a0042df61f75f2cf84a9132b810230718fe56393393930b90e875a4f,2026-07,North Wales Police,North Wales Police,-3.804391,53.283942,On or near Supermarket,W01000176,Conwy 011D,Unable to prosecute suspect
f4080793677b09c44026e1a186e4aa3eddc4c4d5c6167d09979db6368c3d9993,2026-07,North Wales Police,North Wales Police,-3.829305,53.321428,On or near Edward Street,W01000169,Conwy 001D,Unable to prosecute suspect
3013db2dd611e5040a15a3474f377667e1ff2d9d7df2373ec8a48fe085c846a3,2026-07,North Wales Police,North Wales Police,-2.985872,53.047843,On or near Shopping Area,W01001931,Wrexham 012G,Suspect charged
287949a68d9de8f4b684d12b9499f25bb54e7a769d43aa2e8a8d5698b591867f,2026-07,North Wales Police,North Wales Police,-3.804391,53.283942,On or near Supermarket,W01000176,Conwy 011D,Unable to prosecute suspect
8fc6d9ef8ddb59a39a62566b642a93d2e9fdfe3c05df0afcaa73ea659d8f5419,2026-07,North Wales Police,North Wales Police,-3.833134,53.323886,On or near Taliesin Street,W01000146,Conwy 001B,Unable to prosecute suspect
169e8145dec55219ce58b4b107381a51203e8fb713085fbcb676a704f71ba467,2026-07,North Wales Police,North Wales Police,-3.482778,53.323408,On or near Churton Road,W01000228,Denbighshire 004C,Unable to prosecute suspect
16344d5d4c891617c604ebb09f702a74bc5113ecf921b12706ff08bc3b44599d,2026-07,North Wales Police,North Wales Police,-3.405666,53.337610,On or near Station Road,W01000214,Denbighshire 002B,Unable to prosecute suspect
27276ebe18bee7e658f5734c760e8889c5f4775bf0f57ce02ba54131d6fba74b,2026-07,North Wales Police,North Wales Police,-3.005813,53.055928,On or near Plas Coch Road,W01000372,Wrexham 008C,Suspect charged
56468a193fbe5a009708e8e754b67e9049ae7379e4c29e98a74a466e0d67c1a5,2026-07,North Wales Police,North Wales Police,-4.142602,53.217692,On or near Shopping Area,W01000064,Gwynedd 002A,Suspect charged
bcbf7074c6dd35643711f6df46a7e840bb5f704f9c4f9f756ff23ab34e7cac9a,2026-07,North Wales Police,North Wales Police,-3.709148,52.674922,On or near Parking Area,W01000060,Gwynedd 015B,Investigation complete; no suspect identified
8a1bc64b0d97b3e46d661d080564f2db9d0cf324d2ec14ca3b45fb6b826cd63f,2026-07,North Wales Police,North Wales Police,-3.490923,53.320609,On or near Glanglasfor,W01000240,Denbighshire 004E,Investigation complete; no suspect identified
4fe4f20a89cec4051f4bf42a9fab4d5932150b8a1285d5eade4b85fb76ccfab7,2026-07,North Wales Police,North Wales Police,-3.054243,53.077236,On or near Bryn Road,W01000348,Wrexham 006B,Investigation complete; no suspect identified
2cac11cfc0f90ad22a5d388229ca6cbe742940c9bf745304e6f3565570c55e45,2026-07,North Wales Police,North Wales Police,-3.811615,53.282717,On or near Petrol Station,W01000166,Conwy 006D,Investigation complete; no suspect identified
7ebeb21aae91138f345849df7587e8837a8066aaa464dd0cfc99731813bb2c30,2026-07,North Wales Police,North Wales Police,-3.837186,53.295874,On or near Sefton Terrace,W01000136,Conwy 006B,Investigation complete; no suspect identified
505b784b641bbd31be29a141cc8cf96524c32876e9eafefc6cc22d12c56bb843,2026-07,North Wales Police,North Wales Police,-3.748640,53.309099,On or near Bryn Eglwys,W01000157,Conwy 004C,Unable to prosecute suspect
d84ea833f055527261a677914cc392cc1bba7dafbd0183a1a50720ee4b4ebe5c,2026-07,North Wales Police,North Wales Police,-3.035497,52.994607,On or near Daniels Drive,W01000419,Wrexham 016D,Unable to prosecute suspect
8ac2602c68327faa794a9eddbc5000541991959c379b1cf1f8ad464b97fb9dec,2026-07,North Wales Police,North Wales Police,-2.992290,53.045362,On or near Shopping Area,W01000372,Wrexham 008C,Unable to prosecute suspect
7064b885a9f1a812fc79b4dac4ed46fdb724abd65da2868cfd26debd7e476c5c,2026-07,North Wales Police,North Wales Police,-3.480177,53.320707,On or near Coventry Drive,W01000231,Denbighshire 017A,Unable to prosecute suspect
141f764aa703daf2b9ca34e5c302553e120852edf9f19262437aa895a4973a8c,2026-07,North Wales Police,North Wales Police,-3.682454,53.289806,On or near Penrhos Avenue,W01000127,Conwy 009B,Unable to prosecute suspect
396cffed69cff52602072c3a55e9dbf928674839d68145f69824a98cff05e35b,2026-07,North Wales Police,North Wales Police,-3.775057,53.317766,On or near Petrol Station,W01000174,Conwy 003C,Action to be taken by another organisation
1098471a7424bda7aff8ef8f7633fe4eb3c075df0a9fe77cd1c27975abffdae6,2026-07,North Wales Police,North Wales Police,-3.842083,53.290081,On or near Yr Angorfa,W01000129,Conwy 012B,Unable to prosecute suspect
ba95fc68e50f1048dac3b2b5c5e6c4618ea3080da1a21e994eac4cae846ac3bf,2026-07,North Wales Police,North Wales Police,-2.992290,53.045362,On or near Shopping Area,W01000372,Wrexham 008C,Local resolution
a06d6f516f4df633d3cca7e40ba6ba9f05a8322e0e3142064cd14c630b8652e3,2026-07,North Wales Police,North Wales Police,-2.986630,53.163772,On or near Copper Beach Close,W01000257,Flintshire 015C,Unable to prosecute suspect
de2d46f6132dd227ffb280aa3978639ed8457711fab92c54395e2bfe016f17d5,2026-07,North Wales Police,North Wales Police,-3.004703,53.050544,On or near Primrose Way,W01000350,Wrexham 011B,Unable to prosecute suspect
d6a71ffa349dc088633e16b2dbe56f9c7f4103375086073ff162ffb7a2069cf4,2026-07,North Wales Police,North Wales Police,-3.480177,53.320707,On or near Coventry Drive,W01000231,Denbighshire 017A,Unable to prosecute suspect
c425a97460d3e686afb928de5fdcc2a9906eabf1058132244cf03f6c1d0bd84c,2026-07,North Wales Police,North Wales Police,-3.480177,53.320707,On or near Coventry Drive,W01000231,Denbighshire 017A,Unable to prosecute suspect
f485d15acb7d9391c82272639b9bdba606fc18f4a6efa5c39c96d291404d7579,2026-07,North Wales Police,North Wales Police,-3.480177,53.320707,On or near Coventry Drive,W01000231,Denbighshire 017A,Unable to prosecute suspect
d9a4e912414ed5e57fa4f04e9b6ef502159f2e021a58e878fa7d99983c747b81,2026-07,North Wales Police,North Wales Police,-3.724453,53.295165,On or near Shopping Area,W01000144,Conwy 007C,Local resolution
c85467204bc4ef2c1d0e8314c540adb9fcc07d811d07ca2cd33f714fedec4a55,2026-07,North Wales Police,North Wales Police,-3.463255,53.314075,On or near Bod Llewelyn,W01000234,Denbighshire 017G,Unable to prosecute suspect
7dd0a920f55487b85e81c05787003945ee40b3da261a3b6e4f394829176a4570,2026-07,North Wales Police,North Wales Police,-4.121024,53.234198,On or near Petrol Station,W01000076,Gwynedd 001B,Investigation complete; no suspect identified
e9aea7b9fd6af6de8453bc8fa0d02245776d60e36062b6e028d57e47ea218056,2026-07,North Wales Police,North Wales Police,-4.699701,52.814258,On or near Parking Area,W01001932,Gwynedd 014E,Investigation complete; no suspect identified
d7ab608b81d775d0e034d95f6ce69e408699c8b6a3b53eaae522d62349e1655b,2026-07,North Wales Police,North Wales Police,-3.053619,53.069448,On or near Coleman Road,W01000347,Wrexham 006A,Unable to prosecute suspect
fb4c5c71de0d6c25914ff7aad50731e1f73d2b1088833ebde48d9f87aeedd281,2026-07,North Wales Police,North Wales Police,-3.116036,53.179035,On or near Moor Croft,W01000321,Flintshire 014D,Unable to prosecute suspect
f5eb6820c25e17f96af578cf72cf86f03a483d8e3c6b83b4f6590fe5eedcdf6c,2026-07,North Wales Police,North Wales Police,-3.074657,53.056593,On or near Greengate Farm,W01000363,Wrexham 006D,Unable to prosecute suspect
7e399c9557bababc0ecf06cf05f8b637211a2cc0640312f1bc5f5587f7dbb5c7,2026-07,North Wales Police,North Wales Police,-4.238830,52.918870,On or near A497,W01000061,Gwynedd 011B,Investigation complete; no suspect identified
5cbdae7075b028deec029fd9fcbd348f5dcdac437f6a0ec3e29f40ce0b954e11,2026-07,North Wales Police,North Wales Police,-3.416867,53.299443,On or near Ffordd Ffrainc,W01000201,Denbighshire 008B,Unable to prosecute suspect
884d548d1241e24aff49f95d4c330a9ee4e1404498898d8057cb1109178591e0,2026-07,North Wales Police,North Wales Police,-3.497581,53.314809,On or near Warren Road,W01000241,Denbighshire 004F,Unable to prosecute suspect
938f293f854313ae8dbb4c56c77d086589184e814c210446f86190e91e42670a,2026-07,North Wales Police,North Wales Police,-3.493697,53.320431,On or near Nightclub,W01000240,Denbighshire 004E,Unable to prosecute suspect
f2dde76d2e9a593e2f5c3f8cc21c2c7ce8c4922657e06f80f2a61e11868d5e59,2026-07,North Wales Police,North Wales Police,-2.998910,53.197272,On or near Harrison Grove,W01000328,Flintshire 011C,Investigation complete; no suspect identified
26b04acfd89e1e2a53222e11de9fee1c26f1d39437e8a238fe2b1e1b9cee22e3,2026-07,North Wales Police,North Wales Police,-4.125754,53.227166,On or near Shopping Area,W01000062,Gwynedd 001A,Suspect charged
e1a7fe71a8543d679da353908c7da936b404bb9dd9f4b435e435f76732fdfb54,2026-07,North Wales Police,North Wales Police,-2.933632,53.034681,On or near Bridgeway East,W01001971,Wrexham 022D,Action to be taken by another organisation
c339fdf77bdd59684298a1accf24b4b76a649946834322a11cc25f02c4de23fe,2026-07,North Wales Police,North Wales Police,-3.792412,53.137395,On or near Perthi,W01000134,Conwy 015B,Unable to prosecute suspect
ad92793d88ed168d916924f1c2988010a8e12652bc6d7516f65cbabc6aafb6da,2026-07,North Wales Police,North Wales Police,-3.522995,53.304688,On or near Llugwy Road,W01000151,Conwy 005C,Further action is not in the public interest
563345478779537aa5b99e588a7b5db85b5bd1e8cdf4ae6afccc7df2956dc076,2026-07,North Wales Police,North Wales Police,-3.407608,53.184828,On or near Clwyd Avenue,W01000197,Denbighshire 012C,Unable to prosecute suspect
1d4a4ac39aed886ecda669ed5199224e96aa32d9a3a8d2be106bc130ea669b0f,2026-07,North Wales Police,North Wales Police,-3.828847,53.322649,On or near Stephen Street,W01000169,Conwy 001D,Local resolution
1106b03b725492c53b9c7c47a46beda1fd11e5212b353ddbcd8e0e81cdf3256a,2026-07,North Wales Police,North Wales Police,-3.420257,53.183554,On or near Back Row,W01000194,Denbighshire 011A,Suspect charged
c8a5e3e9a78291bd64b0fdbd803c1a5b56f4940251c8164766b9dd70990eacf2,2026-07,North Wales Police,North Wales Police,-3.032280,53.062731,On or near Maes Eithen,W01000401,Wrexham 005D,Unable to prosecute suspect
1a1f9e3d9306283d4c21a1f97615ca06e66e06fc7b11b86913aaf7d14d504920,2026-07,North Wales Police,North Wales Police,-4.163076,53.225386,On or near Bridge Street,W01000011,Isle of Anglesey 008B,Further action is not in the public interest
c75d8e831e81a0f7c896d5aeec6cc89b267f09d0653a6595cffcaba69b7f4e61,2026-07,North Wales Police,North Wales Police,-4.163076,53.225386,On or near Bridge Street,W01000011,Isle of Anglesey 008B,Further action is not in the public interest
bd6b83fdb0be0b14fec4ee94389022fa41b4aac069a91cb07e7ddc8feb421b86,2026-07,North Wales Police,North Wales Police,-3.822828,53.312825,On or near Bodnant Road,W01000188,Conwy 002D,Unable to prosecute suspect
538153a34c446e781b57484d3fa31e0fe0189e17e0c7057408f0da4b6090f04b,2026-07,North Wales Police,North Wales Police,-4.199242,52.934337,On or near Lon Tabor,W01000066,Gwynedd 010A,Further action is not in the public interest
6bbb5cfb02ae51a9b0ffb37b7d3c7b654ea6d82cce99d0d2904dc5d7fab908e0,2026-07,North Wales Police,North Wales Police,-2.994521,53.048283,On or near Parking Area,W01000372,Wrexham 008C,Suspect charged
100fdcc940ddaa42394b3a002bc28199e3644ab06ba77045b4f63321cf8b9023,2026-07,North Wales Police,North Wales Police,-3.492482,53.320536,On or near Nightclub,W01000240,Denbighshire 004E,Offender given a caution
5bea66de23a76b26b80ff9010683c51e24a692854e8b3f79df0f35ad4fff39ad,2026-07,North Wales Police,North Wales Police,-3.731018,53.296851,On or near Mostyn Road,W01000182,Conwy 007D,Local resolution
787248b8fdd76522fa0e3397820d534489204095cb500b2a46d86482ab3c8619,2026-07,North Wales Police,North Wales Police,-3.808749,53.289440,On or near Glyn Isaf,W01000166,Conwy 006D,Further action is not in the public interest
445b3bf3bf50fa0f8ad2510e792b362cefbfce1c2f3992577a5ac0e242e3b301,2026-07,North Wales Police,North Wales Police,-4.626124,53.304508,On or near Garden Place,W01000029,Isle of Anglesey 003C,Unable to prosecute suspect
06511b40e08f76612b3e619f6ac9084a6d99a0bea5151b608573a176cc98b9d4,2026-07,North Wales Police,North Wales Police,-4.177716,53.139519,On or near Park/Open Space,W01000053,Gwynedd 004B,Local resolution
14e7ce2271e2d51cdcd41c246f71848be0d21ac1101b93897b1cd9f1b28f09f6,2026-07,North Wales Police,North Wales Police,-4.626124,53.304508,On or near Garden Place,W01000029,Isle of Anglesey 003C,Suspect charged
2c4532a0b68774aa7b53f22afc8dd1b9eca1573081af4f1e0dd38e638fe251e5,2026-07,North Wales Police,North Wales Police,-4.637279,53.309657,On or near Ty'n Parc,W01000030,Isle of Anglesey 003D,Unable to prosecute suspect
fef65442aa2fc583b1b580de8429f1c63ea20b053d920cadf5f9423833070c21,2026-07,North Wales Police,North Wales Police,-3.065405,52.976697,On or near Nant Glyn,W01000355,Wrexham 017B,Unable to prosecute suspect
1bb6ce942d00f190f34c1beba93b39266969d4df6ec63edeef7534b89bdd31c3,2026-07,North Wales Police,North Wales Police,-3.824059,53.318470,On or near Supermarket,W01000186,Conwy 001E,Unable to prosecute suspect
4b1eab13b310790ffedee7c43d62bed2374fbfd8fd11c32791155e6c08670764,2026-07,North Wales Police,North Wales Police,-3.824059,53.318470,On or near Supermarket,W01000186,Conwy 001E,Suspect charged
6a2730404ddb67f5bbc2d83a30cb7c43b4fcdc0fa405669c7ef43363e383d1e8,2026-07,North Wales Police,North Wales Police,-3.830470,53.323388,On or near Norwood Passage,W01000169,Conwy 001D,Offender given a caution
66f1f1de681870485a8c6303bd58ef73eee0bfe2830d6c6f922cb415f8687e23,2026-07,North Wales Police,North Wales Police,-3.064648,53.213243,On or near Hawthorn Avenue,W01000279,Flintshire 008C,Offender given a caution
322e4df776f8ad55898f6912fe2ea063016d333ed0cbc72422d63c9e51b6bb1e,2026-07,North Wales Police,North Wales Police,-2.972357,53.041097,On or near Supermarket,W01000413,Wrexham 010C,Unable to prosecute suspect
034476d32f3201d26b4ed37858323ba28a652358a4659ff3376efb57cde737e2,2026-07,North Wales Police,North Wales Police,-2.994521,53.048283,On or near Parking Area,W01000372,Wrexham 008C,Local resolution
02beac444772bc9992a8e39a46749292722ab0edb8794c5c3aa40b3630b0c373,2026-07,North Wales Police,North Wales Police,-3.087240,53.165746,On or near Clwyd Grove,W01000263,Flintshire 017D,Suspect charged
091492b5ea415bfdf90236936b95fdad98e9c35b9f9e5d2efd2c0aef081de2ee,2026-07,North Wales Police,North Wales Police,-2.966620,53.046050,On or near Ceiriog Road,W01001969,Wrexham 010F,Offender given a caution
440e7828691ebe54d38f5810aba3502b1bfa0c534aed703b46f153e960a17e10,2026-07,North Wales Police,North Wales Police,-2.993548,53.046161,On or near Stryt Y Syfwr,W01000372,Wrexham 008C,Local resolution
f1d127e52862d37a169aa5f99dc97789cc06f52b316668bb1144034ca0c704ee,2026-07,North Wales Police,North Wales Police,-3.206696,53.290797,On or near Station Road,W01000296,Flintshire 003C,Further action is not in the public interest
2f46c20b57250c8ea4f25d97fe9497cd45dc090c7dc3dd85dabce0d73b20d3e9,2026-07,North Wales Police,North Wales Police,-3.824059,53.318470,On or near Supermarket,W01000186,Conwy 001E,Suspect charged
d9bf335eb3a248f4a51175b94178893c8a6b7baf8c1fb3c5dd3d58a7ddd8f757,2026-07,North Wales Police,North Wales Police,-3.297661,53.114591,On or near Theatre/Concert Hall,W01000244,Denbighshire 014C,Unable to prosecute suspect
6513279e55d982c598486092d72a3c0eace943d20434847e1801b6d317f6f8c2,2026-07,North Wales Police,North Wales Police,-3.135287,53.174817,On or near Cwrt Rhyd Galed,W01000315,Flintshire 016C,Local resolution
8cd93143aca70b1aa21324700e3d3f5d79983e91f39d000273bf90f65cb635b7,2026-07,North Wales Police,North Wales Police,-2.929387,52.969010,On or near Oak Drive,W01000404,Wrexham 018D,Offender given a caution
9db3a18be147cc9e44a64674f4b080b6098595165a3ac420b7fcd18d4262a310,2026-07,North Wales Police,North Wales Police,-3.057256,52.984527,On or near Parking Area,W01000409,Wrexham 017E,Unable to prosecute suspect
076f3d3a92720f3c2c3db5b5d069c2aae3de6b5ea9c9005cf9e6ba432a42ecbf,2026-07,North Wales Police,North Wales Police,-3.731018,53.296851,On or near Mostyn Road,W01000182,Conwy 007D,Suspect charged
9cef22b6fa003507bad9e7684d855359174b86fa06d2aae4369466dd81f22813,2026-07,North Wales Police,North Wales Police,-2.994052,53.044754,On or near Town Hill,W01000350,Wrexham 011B,Suspect charged
e0a37a8e8abed40ad7ef48d924318549792ef747e868d173a495194ec781b1da,2026-07,North Wales Police,North Wales Police,-3.824059,53.318470,On or near Supermarket,W01000186,Conwy 001E,Suspect charged
37e2a8470ed76eddcecf104c24e45b758249d403ca22cdffd133fa3e32e92e11,2026-07,North Wales Police,North Wales Police,-2.996428,53.044914,On or near Well Place,W01000350,Wrexham 011B,Further action is not in the public interest
f43afe59da00556331ae52ba05c3414b68ba6748152fed31c55e30dc34227361,2026-07,North Wales Police,North Wales Police,-3.824059,53.318470,On or near Supermarket,W01000186,Conwy 001E,Suspect charged
b1c60a7887916ac53747842c9764fa6cc6c67ee477b0f5d3fa9095653ac00ea4,2026-07,North Wales Police,North Wales Police,-4.095435,53.182096,On or near Sports/Recreation Area,W01000115,Gwynedd 003E,Investigation complete; no suspect identified
b2bca8ba7459fab3147c56644d1974bbbc2f2c7af4a17512e16c3eaf563d5051,2026-07,North Wales Police,North Wales Police,-3.151401,53.165871,On or near Pen-Y-Bryn,W01000316,Flintshire 016D,Investigation complete; no suspect identified
04a057af32fc7be83bea213f74d54da3c79fae9ddda4a580ea4d464a3e061149,2026-07,North Wales Police,North Wales Police,-3.742878,53.306199,On or near St George's Road,W01000155,Conwy 004A,Suspect charged
780b8db53152f33b1d544188a068943334ffec448bcd9e20948869a841b171a4,2026-07,North Wales Police,North Wales Police,-4.139244,53.222445,On or near Clarence Street,W01000075,Gwynedd 002C,Unable to prosecute suspect
4a00b4016b3c523e253efb2b0a13c40d99d176e29af7e1a607d22e129488c204,2026-07,North Wales Police,North Wales Police,-4.699701,52.814258,On or near Parking Area,W01001932,Gwynedd 014E,Unable to prosecute suspect
d3d442799abdd289dea215c3c84075994e62949e091fdbc848c43f69c6473fc4,2026-07,North Wales Police,North Wales Police,-3.728271,53.295705,On or near Penrhyn Road,W01000182,Conwy 007D,Unable to prosecute suspect
a443970f0ac871c546d57c4e3bd3be045e4beca5bc27d214bb5c75ecfaf1a019,2026-07,North Wales Police,North Wales Police,-3.137865,53.247876,On or near Swinchiard Lane,W01000290,Flintshire 004B,Investigation complete; no suspect identified
ec098c19a686174b26683141743230e2164b3c45870c0520ecd1b82e3eaf3019,2026-07,North Wales Police,North Wales Police,-3.066326,52.979601,On or near Chathams Close,W01000355,Wrexham 017B,Unable to prosecute suspect
e0be24dd66cccea42db26ab63e8f721f0149ec616704ebb13599036f14810f54,2026-07,North Wales Police,North Wales Police,-4.114867,53.224796,On or near Llys Mathieson,W01000091,Gwynedd 001D,Investigation complete; no suspect identified
6d5233e6d8f6c62eb624841924c89aaa25ddcf2988e259b0d295e8605c1ec805,2026-07,North Wales Police,North Wales Police,-3.146737,53.169925,On or near Pwll Glas,W01000319,Flintshire 016G,Unable to prosecute suspect
c066f6b870391d33c525e7fb1846cdc18099f98ebb150af677e5eb629312a2ee,2026-07,North Wales Police,North Wales Police,-3.726241,53.295222,On or near Parking Area,W01000144,Conwy 007C,Unable to prosecute suspect
1ecc5de537ed1a73a931ed2b45e94c6271ecddca82893c3e52c71e0b8378e795,2026-07,North Wales Police,North Wales Police,-3.407868,53.336047,On or near Bridge Road,W01000218,Denbighshire 001A,Unable to prosecute suspect
fb57e7d8fcfa4f60454474aec4466e6256fb7b9e1acf1720c5ba68f7d102e741,2026-07,North Wales Police,North Wales Police,-3.590802,53.291406,On or near Min-Y-Don,W01000179,Conwy 010F,Unable to prosecute suspect
7f956c4da95642bce1fcfa8cac451162b6e77816cb602c7fc8f4efbb35866879,2026-07,North Wales Police,North Wales Police,-4.332259,53.412152,On or near Llewelyn Street,W01000003,Isle of Anglesey 001A,Unable to prosecute suspect
52e59662f26230ce8a55eaa9f233f8f47b2d022e547e0403bcf112a7f1fc97df,2026-07,North Wales Police,North Wales Police,-4.637279,53.309657,On or near Ty'n Parc,W01000030,Isle of Anglesey 003D,Unable to prosecute suspect
a0617c306d06261adf1deb26f6bcb84c675c60ce1d3e6049fe301288616c70c8,2026-07,North Wales Police,North Wales Police,-3.058747,53.051540,On or near New Road,W01000362,Wrexham 006C,Investigation complete; no suspect identified
73e32c5907104d6888f2ef92c5cb203a85458c1e41f7f1c1e9e745c967ddeaed,2026-07,North Wales Police,North Wales Police,-4.273050,53.269920,On or near Tai Newydd,W01002005,Isle of Anglesey 002E,Further action is not in the public interest
843ddfcd2f8c6f4e8230b64681d80ba266dfc99c703563abdba47d20f66a31f1,2026-07,North Wales Police,North Wales Police,-3.024988,53.072979,On or near Heol Pedr,W01000378,Wrexham 004B,Unable to prosecute suspect
c3970f1ed473b7ebbbf58ad8ef92f3213d42c04018945483d34fe1c4166d4778,2026-07,North Wales Police,North Wales Police,-3.000821,53.197660,On or near Clair Avenue,W01000328,Flintshire 011C,Unable to prosecute suspect
a1ab06724f332719474d7d08db811780b781fec0f415482f60e075302bda9eb4,2026-07,North Wales Police,North Wales Police,-3.019887,53.075675,On or near High Street,W01000374,Wrexham 003A,Unable to prosecute suspect
e38345c07e29c46a1ba75e996b92f1f195492690de7cc69d1c5f1d1a4a000ea9,2026-07,North Wales Police,North Wales Police,-4.266212,53.052516,On or near Hyfrydle Road,W01000112,Gwynedd 008D,Investigation complete; no suspect identified
a5ca8e346ce11fdc076bd106fa9e8b8e73076084a40ff2c73d8d8dd612bba806,2026-07,North Wales Police,North Wales Police,-3.489674,53.320086,On or near St Helens Place,W01000240,Denbighshire 004E,Unable to prosecute suspect
7da000bcf457f0cbc17ef37e218bba3cfc0a6bee6cc22fc8316645fe6457dfca,2026-07,North Wales Police,North Wales Police,-2.996436,53.047233,On or near Duke Street,W01000372,Wrexham 008C,Suspect charged
34e3c79e21796f43fc30c373a01f5f885a960ab97ec0d573cc16adb751393bb5,2026-07,North Wales Police,North Wales Police,-2.992290,53.045362,On or near Shopping Area,W01000372,Wrexham 008C,Investigation complete; no suspect identified
15aea6d131c9b99e4c52e1888791033bb3fbb9dfdc77baa0dac75b72046a30ce,2026-07,North Wales Police,North Wales Police,-3.809685,53.294200,On or near Woodlands,W01000166,Conwy 006D,Unable to prosecute suspect
29c3f581fac156f0cb5acb939aa281abec3af018a6bb4419756a2b6b95403439,2026-07,North Wales Police,North Wales Police,-3.799469,53.169590,On or near Ochry Garth,W01000137,Conwy 015C,Unable to prosecute suspect
8291c1b477a35b5f3c130e9034b28141aa6f410410867d90d433c8a74022d34f,2026-07,North Wales Police,North Wales Police,-2.976352,53.036433,On or near The Orchards,W01000424,Wrexham 012E,Local resolution
6e94658814fedacf7fb88bd79794bc022de1dfbe8c7bfbcb74ae769d828ecca0,2026-07,North Wales Police,North Wales Police,-3.581110,53.289791,On or near Dundonald Avenue,W01000178,Conwy 010E,Unable to prosecute suspect
feac3ab857d087929f13f926cc160ea957e37ecaaed6ef8777353233cc4a5100,2026-07,North Wales Police,North Wales Police,-2.972357,53.041097,On or near Supermarket,W01000413,Wrexham 010C,Investigation complete; no suspect identified
b7971f3331e77e77d0b93677597e860cd66cf40441fa18fc9904982494388b41,2026-07,North Wales Police,North Wales Police,-4.110303,52.865587,On or near Glan Gors,W01000074,Gwynedd 013B,Unable to prosecute suspect
5ca16c5ab6e5ab37bb66bf14f29d820fda5393eb5c9a123eb171e9f38e7ad864,2026-07,North Wales Police,North Wales Police,-3.949766,52.992869,On or near Sports/Recreation Area,W01000056,Gwynedd 009A,Unable to prosecute suspect
f6475290f29b1b156ed8f44e840d4661440f4c2830cc40058c9ecf4c1896cadb,2026-07,North Wales Police,North Wales Police,-3.581110,53.289791,On or near Dundonald Avenue,W01000178,Conwy 010E,Unable to prosecute suspect
3914dc3e8fcb66d1f9e67ae2429709a3c2f8a7501bfbabd0230cdd6347b9af51,2026-07,North Wales Police,North Wales Police,-3.583919,53.287452,On or near Castle Place,W01000178,Conwy 010E,Unable to prosecute suspect
77810809fcd7fe8280e51a23dbbef995d25ccb65c1be0cf514a4b9aa73c4cbcd,2026-07,North Wales Police,North Wales Police,-3.841814,53.274748,On or near Cilfan,W01000131,Conwy 012D,Unable to prosecute suspect
52ca046cc5a788c217819d01a29cfad647ace7482f23102551882f496543d260,2026-07,North Wales Police,North Wales Police,-3.404480,53.326639,On or near Meliden Road,W01000212,Denbighshire 003A,Action to be taken by another organisation
901509233018306c814613b9bcc5adddf96944547af67637fea47a863945e43d,2026-07,North Wales Police,North Wales Police,-3.000751,53.001647,On or near Ffordd Sonlli,W01000419,Wrexham 016D,Suspect charged
73e3637936df44975077a15f562b93d08ed5d12c9d9f054727a52842c25720e7,2026-07,North Wales Police,North Wales Police,-3.822983,53.291462,On or near Park Road,W01000136,Conwy 006B,Unable to prosecute suspect
b4ea9d16dfc76d877fa2d511942ca0ce8d4c4804ac161ede5c30881945468286,2026-07,North Wales Police,North Wales Police,-4.095435,53.182096,On or near Sports/Recreation Area,W01000115,Gwynedd 003E,Unable to prosecute suspect
d335e43f8c53c86d3f203ef58bdeb23bfbcfae8ee0d48c03a5acbaff7380a3bd,2026-07,North Wales Police,North Wales Police,-3.729313,53.293631,On or near Rhodfar Riviere's,W01000183,Conwy 008E,Unable to prosecute suspect
6df5d7251395833e5f702e24fa65999c5484dbe3bbe2afcc6fbadd65be4ca1b1,2026-07,North Wales Police,North Wales Police,-3.074862,53.206139,On or near Cae Llys Close,W01000280,Flintshire 010B,Unable to prosecute suspect
d9faf9b44e98bd68204cd4848caffa1ef1553affbe8a2bea62e0ed00d8971e48,2026-07,North Wales Police,North Wales Police,-4.052414,52.545061,On or near Parc Yr Ysgol,W01001933,Gwynedd 017F,Unable to prosecute suspect
2097780ea26d81980287423470140aa1f051153cc6247699b955c80d61612e26,2026-07,North Wales Police,North Wales Police,-2.958467,53.093400,On or near Woodridge Avenue,W01001970,Wrexham 021C,Unable to prosecute suspect
16c0a057d1cde72496b1d4124f09e017aee683af92f6b3dad0cc886abbb226a6,2026-07,North Wales Police,North Wales Police,-3.478849,53.314000,On or near Maes Cefndy,W01000236,Denbighshire 006A,Unable to prosecute suspect
d516d3d1080d8cb5af39f21056de5d61d67986cf1f9d52017845b5aba48562c9,2026-07,North Wales Police,North Wales Police,-3.084624,53.166381,On or near Queens Drive,W01000263,Flintshire 017D,Unable to prosecute suspect
ab05586cc765e4ce6cfcd8fba3b40ef8c188112142c2674a3ad1704d85c71397,2026-07,North Wales Police,North Wales Police,-2.948661,53.181124,On or near Ewart Street,W01000329,Flintshire 015D,Unable to prosecute suspect
0f84fffde2701e09afe2bd6cc49ca10fb7991a6a0fd2c95c4863d70a42674e49,2026-07,North Wales Police,North Wales Police,-3.696575,53.279295,On or near Maes Madog,W01000138,Conwy 008A,Investigation complete; no suspect identified
c1ff34e9bb1df2c226cbb7bbc96166d1d5937bb1792a2e78485c953b08b607e4,2026-07,North Wales Police,North Wales Police,-4.052963,52.688741,On or near Penrhyn Drive South,W01000085,Gwynedd 017C,Unable to prosecute suspect
89e0e2c76c4ccbabe9424664a944bc71b413ce73a080ab88d882106957cc05e7,2026-07,North Wales Police,North Wales Police,-2.943224,53.110602,On or near The Smithy,W01000418,Wrexham 022A,Unable to prosecute suspect
95731f4f11e28dc8463fd8e623c62b719ddad3100c275fe9805e72a8cc91a0d4,2026-07,North Wales Police,North Wales Police,-2.981754,53.047706,On or near Ffordd Montgomery,W01001931,Wrexham 012G,Unable to prosecute suspect
1368873510d012248dcb55e857ec6a69a9fcaf6bc5871775fe376476f8250b1d,2026-07,North Wales Police,North Wales Police,-3.949766,52.992869,On or near Sports/Recreation Area,W01000056,Gwynedd 009A,Unable to prosecute suspect
e158a431381d3b19b1afaa5a072de9df97c6f7e48ef60137dd31b6ee7b3cd4c0,2026-07,North Wales Police,North Wales Police,-3.762788,53.294732,On or near Ffordd Euryn,W01000167,Conwy 011C,Unable to prosecute suspect
40420e992c38abe16b58dc2468b5c8cfa61064fe5c0ffba527dd82bee0fa8460,2026-07,North Wales Police,North Wales Police,-3.139340,53.164009,On or near Llys Alexandra,W01000315,Flintshire 016C,Action to be taken by another organisation
550e564012301d8c1c15674fb4d414b2befeee26fb08856ee6617a1a2c14a866,2026-07,North Wales Police,North Wales Police,-2.992009,53.043477,On or near Stryt Twtil,W01000402,Wrexham 011D,Investigation complete; no suspect identified
a2833f9d9d83d21cc3bfebab3abeef78ed7e5e7e5c1d157c4a4bd93112e39260,2026-07,North Wales Police,North Wales Police,-3.304262,53.325925,On or near Maes Emlyn,W01000287,Flintshire 001A,Investigation complete; no suspect identified
624bcf9ea752e801d00db769b3453178835f4a816c1cdcab4095d36ab161cf6c,2026-07,North Wales Police,North Wales Police,-2.994521,53.048283,On or near Parking Area,W01000372,Wrexham 008C,Unable to prosecute suspect
d4dd3e677ebc09740dcdbc65999ad54507db26559622a4058dd9d64c3e3f7efc,2026-07,North Wales Police,North Wales Police,-3.493653,53.320971,On or near Sussex Lane,W01000240,Denbighshire 004E,Suspect charged
1da054c06fa995b974b885f88e273a7b6101410778aa2182d56e19d0e460e096,2026-07,North Wales Police,North Wales Police,-3.066299,53.223044,On or near Bank Road,W01000275,Flintshire 007C,Unable to prosecute suspect
4de5546a81a67917a2b075a4338cd81d40666c4b6aeef83611b3195649a81658,2026-07,North Wales Police,North Wales Police,-4.630940,53.314715,On or near Maes-Y-Mor,W01000036,Isle of Anglesey 003F,Unable to prosecute suspect
5d8df996acac37938d3f3ece06990c605749621dbdd4b8780b49a3ad60e24151,2026-07,North Wales Police,North Wales Police,-3.004499,53.060371,On or near Colliery Road,W01000422,Wrexham 008F,Unable to prosecute suspect
5c77cb6667cb8b5238181b3759e7be95b1fc8f0104fb76e2f66c34ff6771b525,2026-07,North Wales Police,North Wales Police,-4.615775,53.278624,On or near Parking Area,W01000040,Isle of Anglesey 004D,Unable to prosecute suspect
bb85fef92fe77aa964fcd48b2a470464c65053ab2aeaaf0701b1cbdf334635ea,2026-07,North Wales Police,North Wales Police,-4.142334,53.218928,On or near Ainon Close,W01000075,Gwynedd 002C,Unable to prosecute suspect
972269cc68d6752cc81a40328eb4815de106932dbcd0ce2f40f8039a9f5bc532,2026-07,North Wales Police,North Wales Police,-3.068533,52.982754,On or near Coed Richard,W01000355,Wrexham 017B,Unable to prosecute suspect
af7f311ebd32dbb575b38050b2b22afe0471d8b9d63656a5e2005d324402b41f,2026-07,North Wales Police,North Wales Police,-3.304595,53.327486,On or near Maes Y Wennol,W01000287,Flintshire 001A,Investigation complete; no suspect identified
b20bd11b4b2adfaec6a8fbf584493322f2110932f7f99c53a304aee6a0b94c0b,2026-07,North Wales Police,North Wales Police,-3.489058,53.316623,On or near Clwyd Avenue,W01000236,Denbighshire 006A,Unable to prosecute suspect
8885fbdc22c9354c93b98f1465608138535a5f0f9de5233fc59ddff2605cddbe,2026-07,North Wales Police,North Wales Police,-4.636697,53.312151,On or near St Seiriol's Close,W01000037,Isle of Anglesey 003G,Suspect charged
8e549fc225089db91584d4e5985fc782a3960986a398bccc41c36d042ec54139,2026-07,North Wales Police,North Wales Police,-3.493293,53.313253,On or near Sudbury Close,W01000237,Denbighshire 006B,Unable to prosecute suspect
656512b8f77e44480a684037dae2373c798c32b926a22cd5274ec082ff496661,2026-07,North Wales Police,North Wales Police,-3.132703,53.163605,On or near Llys Derwen,W01000315,Flintshire 016C,Investigation complete; no suspect identified
59443392d218a3ee50a4361b5c472726c54fd7d48cdcb7af98ebdc44cf949afc,2026-07,North Wales Police,North Wales Police,-3.502745,53.315247,On or near Sydenham Avenue,W01000241,Denbighshire 004F,Investigation complete; no suspect identified
dec995cd49a587c72cf288e2ba11c7b6bb79b28d100e820e8e1ddbffadc7ea62,2026-07,North Wales Police,North Wales Police,-3.007997,53.045958,On or near Hospital,W01000349,Wrexham 011A,Unable to prosecute suspect
fff01199915939aa6e1e589eb8b90ef00f7d5b69d4e73f752f07d82d50734088,2026-07,North Wales Police,North Wales Police,-3.448103,53.255792,On or near Supermarket,W01000246,Denbighshire 010B,Investigation complete; no suspect identified
ee09cda840076ffefc74885fbd6ce3d806eec24fc8a154f9b31e9f44081d7806,2026-07,North Wales Police,North Wales Police,-3.537099,53.302098,On or near Llys Arthur,W01000184,Conwy 005E,Investigation complete; no suspect identified
5107298e0f5c08b316d8c6ba42199c69adc76adaf516d4c340ee197f2e062d62,2026-07,North Wales Police,North Wales Police,-4.502762,53.293387,On or near Chapel Street,W01000023,Isle of Anglesey 007D,Unable to prosecute suspect
290c04100bcfee6f9c70221cdf244aeaf56f1c350d35e49dfe66a2f19413473c,2026-07,North Wales Police,North Wales Police,-3.832557,53.324785,On or near Windsor Passage,W01000146,Conwy 001B,Investigation complete; no suspect identified
c53560cd3c7073d81247b6af26136f8a63e17cc7167db15c2524e0c0649e3f4c,2026-07,North Wales Police,North Wales Police,-3.680085,53.288320,On or near Pentraeth,W01000163,Conwy 009E,Unable to prosecute suspect
28eb95d6122640250ecc58e08dee2492b7c63c7570e5346b8f824b311aaff881,2026-07,North Wales Police,North Wales Police,-4.326962,53.258261,On or near B4422,W01000012,Isle of Anglesey 006B,Further action is not in the public interest
dbd2f7efd58d30f5872ddd731d2112113d28d25f24ba4da5facaf78e33acc769,2026-07,North Wales Police,North Wales Police,-3.007856,53.048207,On or near Bron-Y-Nant,W01000350,Wrexham 011B,Unable to prosecute suspect
76cf4ee98a4be0a369cee7136d859cca7432bc3981d0ee1681cc49ff1c3c5cee,2026-07,North Wales Police,North Wales Police,-4.640227,53.312181,On or near New Park Close,W01000034,Isle of Anglesey 004B,Investigation complete; no suspect identified
349ea66c26006627c5595c4d5af104cb0e96fd73956d3879d84989383d10cab9,2026-07,North Wales Police,North Wales Police,-3.719902,53.292445,On or near Lawson Road,W01000144,Conwy 007C,Investigation complete; no suspect identified
fc89fcc340705e502bf00c27675f43bb7aa1f344061334ac73ea74b4cc2ea162,2026-07,North Wales Police,North Wales Police,-3.042522,53.002349,On or near Ruabon Road,W01000386,Wrexham 015A,Local resolution
edb7e4412d02af4c01829743ae6841de46cd7492d7383f7ed100fa21586cca40,2026-07,North Wales Police,North Wales Police,-3.042165,53.001759,On or near Ruabon Road,W01000386,Wrexham 015A,Investigation complete; no suspect identified
89f945b7de470b8421cb62c62682aa7b22e4ce740149bb7a4f4c561efe919641,2026-07,North Wales Police,North Wales Police,-3.698873,53.289681,On or near Supermarket,W01000128,Conwy 009C,Suspect charged
51c74c613586f746cf03447a759ba8e3bf0bbf8d533d2d28fb227c77a50e6528,2026-07,North Wales Police,North Wales Police,-3.038777,52.987873,On or near High Street,W01000420,Wrexham 016E,Unable to prosecute suspect
31e78f854240c842d080f8aa372940102f144a5af486c5a60e54cdabf0acec29,2026-07,North Wales Police,North Wales Police,-4.262845,53.142238,On or near Glan Cadnant,W01000059,Gwynedd 006A,Investigation complete; no suspect identified
f42f6666544915bbcf84e12444beda63264d56305f45c3b8b1d876de04cfcca1,2026-07,North Wales Police,North Wales Police,-3.058340,53.010429,On or near Police Station,W01000411,Wrexham 015C,Unable to prosecute suspect
af061e2fa0da71b66fa12c344d99920fe70781f0c9cbc5e524181f7113a3c938,2026-07,North Wales Police,North Wales Police,-4.307599,53.256750,On or near Isgraig,W01000041,Isle of Anglesey 006D,Unable to prosecute suspect
de09e6fa5566ed6acccd0a39010b82b0e071dcf912eb2dc344efdbd347c09116,2026-07,North Wales Police,North Wales Police,-4.050838,53.179362,On or near Long Street,W01000071,Gwynedd 003B,Unable to prosecute suspect
ec7f6f1b88d169f0df924b3a81ac290470c4a3fa6558d57d4fc37f98e1f1f0b6,2026-07,North Wales Police,North Wales Police,-3.000819,53.044527,On or near Bellevue Road,W01000350,Wrexham 011B,Investigation complete; no suspect identified
ff090d21a3204c3a18f98b59ac1acbfb64bf5b2a1ca0f7c4bb8e622c64e64a0a,2026-07,North Wales Police,North Wales Police,-3.049861,53.214830,On or near Parking Area,W01000283,Flintshire 008E,Local resolution
e37dae423ca17d2adb8d2e0ea702fce9dfc211540579e6c2a38857b88297072c,2026-07,North Wales Police,North Wales Police,-3.395391,53.218314,On or near Parking Area,W01000247,Denbighshire 010C,Unable to prosecute suspect
c51d3934c3c16b5dab1a2d0d736c6a876d26fdb7f1ae49b115d79f898d3f6103,2026-07,North Wales Police,North Wales Police,-4.334316,53.373344,On or near Park/Open Space,W01000021,Isle of Anglesey 002C,Investigation complete; no suspect identified
29257a764bf1c3b4de4e74d1fd5bb0eeb2698ee6498b3f5c4175e643d020c771,2026-07,North Wales Police,North Wales Police,-3.700230,53.288979,On or near Llawr Pentre,W01000126,Conwy 009A,Suspect charged
29257a764bf1c3b4de4e74d1fd5bb0eeb2698ee6498b3f5c4175e643d020c771,2026-07,North Wales Police,North Wales Police,-3.700230,53.288979,On or near Llawr Pentre,W01000126,Conwy 009A,Suspect charged
f2dc4c0f7b2eb47bd36ca092142d3407b2f77fbe3ebc667f125da5458dce9914,2026-07,North Wales Police,North Wales Police,-2.988790,53.042299,On or near Cefn y Nant,W01001931,Wrexham 012G,Unable to prosecute suspect
2799e256901641446a586f37ee95337c23c1f647d68fa7c43246d2a6ade875d6,2026-07,North Wales Police,North Wales Police,-4.050838,53.179362,On or near Long Street,W01000071,Gwynedd 003B,Unable to prosecute suspect
b97b3a8f3c94b20ad8226d141ddb6ea1d30e71c30c9c26216acc41c447ac9580,2026-07,North Wales Police,North Wales Police,-3.700230,53.288979,On or near Llawr Pentre,W01000126,Conwy 009A,Suspect charged
487bebdf90003e897b4c014371fd3875fa2d290f094e959275b189746d534dbe,2026-07,North Wales Police,North Wales Police,-3.058145,53.185766,On or near Llys Brenig,W01000286,Flintshire 013E,Investigation complete; no suspect identified
bb4abfd7d2682ee8d4d0a9f72c7ec4d017b22acc16fa718ff9bea3354e919671,2026-07,North Wales Police,North Wales Police,-3.305007,53.327688,On or near Cwrt Y Glowyr,W01000287,Flintshire 001A,Unable to prosecute suspect
4e04c88c4740438e87f518d6330d91e64cd5cfdfefe682bcb26b73e4172cd557,2026-07,North Wales Police,North Wales Police,-4.303883,53.257901,On or near Bron-Y-Felin Road,W01000041,Isle of Anglesey 006D,Unable to prosecute suspect
14028113fffe89557cfcd1e9dedeb9294e8f557a693ef5305eb59e46ad1e5496,2026-07,North Wales Police,North Wales Police,-3.011121,53.215525,On or near Andrew Court,W01000333,Flintshire 009B,Unable to prosecute suspect
ff0fc7660bc556be8eeb682c3948555a44e6e6d5cffe5ddc757ef93f044907c5,2026-07,North Wales Police,North Wales Police,-4.256083,53.210013,On or near Tan-Y-Capel,W01000027,Isle of Anglesey 009C,Unable to prosecute suspect
5c834123ed9cd468210bedffc1a87a36d2f86eb30287826b1bf57b4f8537641a,2026-07,North Wales Police,North Wales Police,-2.979128,53.048366,On or near West Circle,W01000425,Wrexham 010E,Unable to prosecute suspect
d3e564ac1b7d257505fe12456f44eb8e0aa4e656a5126a88c14fb6f521d4b890,2026-07,North Wales Police,North Wales Police,-3.522562,53.306456,On or near Lon Olwen,W01000149,Conwy 005A,Unable to prosecute suspect
1119af1a3374ffb1eb42ba5ab5163e33cb3d8b19e3beebca3650e67f1529fa5b,2026-07,North Wales Police,North Wales Police,-3.764189,53.294145,On or near Ffordd Mynach,W01000167,Conwy 011C,Unable to prosecute suspect
ec72d9df00e483a0f07a75cc0715eb5f396f61aa24d81114529570e7899cf9cd,2026-07,North Wales Police,North Wales Police,-3.604606,53.217775,On or near Lon Elwy,W01000122,Conwy 014A,Investigation complete; no suspect identified
703cce8af97f1fae5f6fc8215924b9ba6975221b515d350ea4d4b6b8553de15d,2026-07,North Wales Police,North Wales Police,-3.039643,52.987991,On or near Maelor Place,W01000420,Wrexham 016E,Unable to prosecute suspect
e7e2290c73370fbe870a355a9a9d1ab9259735d520bfd0784489faa04ac3cdb3,2026-07,North Wales Police,North Wales Police,-3.601821,52.908894,On or near Police Station,W01000051,Gwynedd 015A,Investigation complete; no suspect identified
723dde94845800c574ec4d37bf547745eba791a581986172de69c4298dcd0f31,2026-07,North Wales Police,North Wales Police,-3.056671,53.008750,On or near B5097,W01000405,Wrexham 015B,Investigation complete; no suspect identified
38a90d3f24de583d61c4d702e8f472a531f422450ceb668c2d1e842b076add82,2026-07,North Wales Police,North Wales Police,-3.030342,53.056536,On or near Dale Road,W01000400,Wrexham 005C,Investigation complete; no suspect identified
2c55a04eba40b92fd5db8df935711d8a4d3fa6d063b2aaec6e784c663df26196,2026-07,North Wales Police,North Wales Police,-2.994052,53.044754,On or near Town Hill,W01000350,Wrexham 011B,Unable to prosecute suspect
f8c8eaed6816f0d6de6a803fdaf60b4eb30ec80ddb71c2348009461b8c84662c,2026-07,North Wales Police,North Wales Police,-3.041969,53.213596,On or near Ryeland Street,W01000337,Flintshire 009F,Unable to prosecute suspect
44e756223382479d2790535ec25fe0372934fd63aad93a280db647a5b5bfab53,2026-07,North Wales Police,North Wales Police,-3.829414,53.324663,On or near St George's Place,W01000169,Conwy 001D,Investigation complete; no suspect identified
ab03bfdecff95153089d06ab02829a61e2b8fda369d37f1c361da9dacccafd9e,2026-07,North Wales Police,North Wales Police,-2.983270,53.057959,On or near Ffordd Gwilym,W01000342,Wrexham 023E,Unable to prosecute suspect
6ffbb79daa5abf8cad7830d2299b3e1b5fab154977ef6592e2bab4d385fdac20,2026-07,North Wales Police,North Wales Police,-3.039951,52.948074,On or near Green Lane,W01000361,Wrexham 019E,Unable to prosecute suspect
3648cd8dbb13daee80d2e091f831c601a8fb44107458698b18e0edc17e19f736,2026-07,North Wales Police,North Wales Police,-3.062369,52.981614,On or near Tegid,W01000409,Wrexham 017E,Unable to prosecute suspect
56bea5ed64591279dc1188c01ca4bebc984c2c4d6594d1819a9f12d451babbcd,2026-07,North Wales Police,North Wales Police,-3.795800,53.263305,On or near Moel Eilio,W01001926,Conwy 011F,Unable to prosecute suspect
1873e59fc7952b755a09a5e3ea5448f362ac9eedc82242af1a22226a5883934e,2026-07,North Wales Police,North Wales Police,-3.066994,53.220881,On or near Hilbre Road,W01000278,Flintshire 007D,Investigation complete; no suspect identified
cdcac48d98087cd0f81c8cdb725c1e5e5e7b7671ea596fd8208b37e747ad1832,2026-07,North Wales Police,North Wales Police,-3.811966,53.320074,On or near Curzon Road,W01000132,Conwy 001A,Investigation complete; no suspect identified
9fe2ea91b7142aadf9bc1836d630bf924dccd413df46554167e8537e6a6a8d68,2026-07,North Wales Police,North Wales Police,-3.824309,53.317639,On or near Ffordd Penrhyn,W01000186,Conwy 001E,Investigation complete; no suspect identified
d1b7f1dc953c3b188378b1e5711ba77ed4d856f4e137722c5ee4f72b16a8e280,2026-07,North Wales Police,North Wales Police,-3.076437,52.981308,On or near Chapel Street,W01000354,Wrexham 017A,Investigation complete; no suspect identified
0e0eabe058c4e08219137b74743e93a180c23a86ac8cf3a53cb3b68786168729,2026-07,North Wales Police,North Wales Police,-2.993612,53.093678,On or near Eleventh Avenue,W01000392,Wrexham 003E,Unable to prosecute suspect
1099f26212c2434e73251134a6989913ab4533c1db22d741e1d48f20ebb936a0,2026-07,North Wales Police,North Wales Police,-4.056100,52.699449,On or near Alyn Road,W01000085,Gwynedd 017C,Investigation complete; no suspect identified
616226be90db6925b0639e151482a003fe3468cfb500800c2573f9b655eb3291,2026-07,North Wales Police,North Wales Police,-3.041662,53.191045,On or near Wirral View,W01000251,Flintshire 013A,Investigation complete; no suspect identified
e1146744bed347d1126fe3ffe5a59fa2a3e0cf2b06a3a0dba32bc64bf8dd7d1e,2026-07,North Wales Police,North Wales Police,-3.216945,53.271860,On or near Coleshill Street,W01000304,Flintshire 003E,Investigation complete; no suspect identified
81eaed6bf097f6ef0507e2b4f82e3372701062c307c8505f63e4c75561cb62c3,2026-07,North Wales Police,North Wales Police,-4.056813,52.723739,On or near King Edward's Street,W01002004,Gwynedd 016F,Investigation complete; no suspect identified
00ca09fb09df200023ca8885bb51b43fa114f07b94002affdfadd71fedea31f9,2026-07,North Wales Police,North Wales Police,-4.223762,52.920348,On or near Lon Merllyn,W01000061,Gwynedd 011B,Investigation complete; no suspect identified
01f22881ddf9e10cd3035e048e0f4a7e4369e1dfd7914428203bafd30ef42f21,2026-07,North Wales Police,North Wales Police,-4.107319,53.220902,On or near Ffordd Llandegai,W01000050,Gwynedd 003A,Investigation complete; no suspect identified
4e410664bf35b37c6c785daf2b21ea7ba276faa7bdfc0e296a581cdb552a2102,2026-07,North Wales Police,North Wales Police,-4.257349,53.139519,On or near Ffordd Pandy,W01000098,Gwynedd 006C,Action to be taken by another organisation
17ba7e6e55cc6458a0149210da2eb6bc25184d845c0a346a659cc402661fb3b1,2026-07,North Wales Police,North Wales Police,-3.807078,53.288603,On or near Marl Avenue,W01000166,Conwy 006D,Unable to prosecute suspect
28f04cb3ca251738e0582c1dfbd788819a0885838363e59c733292ac3634f31f,2026-07,North Wales Police,North Wales Police,-3.513441,53.304010,On or near Owain Glyndwr,W01000151,Conwy 005C,Unable to prosecute suspect
531f60651d0d9e4405c26ce6413c95875cee92da3896a176d1dd8e2fbd97e152,2026-07,North Wales Police,North Wales Police,-3.411645,53.339005,On or near Glan Mor,W01000218,Denbighshire 001A,Unable to prosecute suspect
92bbe0a7611f2cb9ebfa0bb768a04ba234052b55614de9bca77332e60199a83e,2026-07,North Wales Police,North Wales Police,-3.710462,53.288248,On or near Hospital,W01000139,Conwy 007A,Unable to prosecute suspect
662070014fc6b51bb10294e61a13ec4ce1f64ddeee856321cc6d794f5092bec7,2026-07,North Wales Police,North Wales Police,-4.139638,53.224373,On or near Hospital,W01000092,Gwynedd 001E,Unable to prosecute suspect
5e92e36a513665adb76b38ebe452a18932fabb4e865ccbeaa995a684da27fe65,2026-07,North Wales Police,North Wales Police,-2.941874,53.178023,On or near Kynaston Drive,W01000329,Flintshire 015D,Investigation complete; no suspect identified
c25d993519e92873723ed29366b985873b44076f510204804d268d3c1aea0164,2026-07,North Wales Police,North Wales Police,-3.836161,53.314310,On or near Llys Bryniau,W01000168,Conwy 002B,Local resolution
ab631ca58602a36fc2418879363c5888b1cff7d2742c193de9f6b63c0268bdd4,2026-07,North Wales Police,North Wales Police,-3.308625,53.114489,On or near Wynnstay Road,W01000243,Denbighshire 014B,Investigation complete; no suspect identified
ac61bf3eeb963babc509d4a6639b96115eced65e31005564dbd6abff10f2bf3e,2026-07,North Wales Police,North Wales Police,-4.255726,53.138785,On or near Ffordd Wern,W01000098,Gwynedd 006C,Investigation complete; no suspect identified
90b65aad2b998c3f4a8456522073017a82f88377bf87475952c17a8386349fc6,2026-07,North Wales Police,North Wales Police,-3.084624,53.166381,On or near Queens Drive,W01000263,Flintshire 017D,Unable to prosecute suspect
6dc2e1f6f5e7eb62d12aead7300d9dbd9d1001ecc9e136a8b7fe714af7579e93,2026-07,North Wales Police,North Wales Police,-3.716685,53.282567,On or near Ffordd Dawel,W01000145,Conwy 008B,Unable to prosecute suspect
4f07005b45a48bcd0ff25cf7a35665b5552d78383d95c981b4b021ee463027d3,2026-07,North Wales Police,North Wales Police,-4.414095,52.882194,On or near Churton Street,W01000109,Gwynedd 012E,Unable to prosecute suspect
d36cdca97a5be8f8bbd8c24fb33c5f4f69db526f32c11cda62c54ee1006e748c,2026-07,North Wales Police,North Wales Police,-4.133976,52.928622,On or near Police Station,W01000106,Gwynedd 010D,Further action is not in the public interest
3dc648ec7487c51e1b0c1dece86bd5084ecd5f8d590fd646ff6fa4c09716d290,2026-07,North Wales Police,North Wales Police,-4.052536,52.609904,On or near Dol Fathew,W01001933,Gwynedd 017F,Unable to prosecute suspect
66ad28b0590d5ec974a7a4d2816c668cfe750e6e6715136a203ddfc2558fc110,2026-07,North Wales Police,North Wales Police,-4.097036,52.588210,On or near Pen Morfa,W01000117,Gwynedd 017E,Suspect charged
59f6031d9ff54fccd7c0dfc0b31db1deb145cb042673257e3f719a9f0ccf1a2b,2026-07,North Wales Police,North Wales Police,-4.055829,52.609874,On or near A493,W01001933,Gwynedd 017F,Suspect charged
3f6c09315b75f4861c3ddbd9aa32885814c73f15f93040dc221d2ef695c653db,2026-07,North Wales Police,North Wales Police,-3.724952,53.291905,On or near Gladys Grove,W01000143,Conwy 007B,Suspect charged
11c713fbdcecb95940da9f2130ba5a8c43e66897c1d87167b8692ea88b8734e3,2026-07,North Wales Police,North Wales Police,-4.284761,53.356987,On or near Parking Area,W01002005,Isle of Anglesey 002E,Unable to prosecute suspect
b639d42e51fe16ee57e4fe5a268dcd0e14f3133a98acf35d6a43c921cbd603d2,2026-07,North Wales Police,North Wales Police,-3.030821,53.098495,On or near Cefn-y-Bedd,W01000310,Flintshire 020D,Unable to prosecute suspect
2ac35df3d838eb4bdab4dcb84c72729226f05b7ed848bd519f0002b6ec952bd1,2026-07,North Wales Police,North Wales Police,-2.884087,52.997304,On or near Green Lane,W01000345,Wrexham 018A,Unable to prosecute suspect
53b6602fb7acf6e39c26683de2ed61a19d820629e41f788119a3e88258b6dfb3,2026-07,North Wales Police,North Wales Police,-3.033985,53.120797,On or near Pen-Y-Bryn,W01000307,Flintshire 020B,Unable to prosecute suspect
addbbc6b051c919bfd989638f9afd2780bb94de6314b4efdf9962a1ac76e800a,2026-07,North Wales Police,North Wales Police,-3.883561,52.741040,On or near Penbrynglas,W01000068,Gwynedd 016E,Unable to prosecute suspect
93339f07afe3f42f593048db53bf7c8d91137c821485a803eecdb6da2de632a1,2026-07,North Wales Police,North Wales Police,-3.037412,52.988756,On or near Parking Area,W01000420,Wrexham 016E,Local resolution
d1278e968d20f1e746edb3c90824989fc0a440e12d58d43eb4ab1b37e667bcc8,2026-07,North Wales Police,North Wales Police,-2.933632,53.034681,On or near Bridgeway East,W01001971,Wrexham 022D,Action to be taken by another organisation
1534cb16f37ee30e33dc4f0e0b0b257390eae543187ea320c869969a6fc3b95f,2026-07,North Wales Police,North Wales Police,-4.141563,52.939446,On or near Market Square,W01000107,Gwynedd 010E,Unable to prosecute suspect
bc091923ac37431bec4ce79b76841929b987fd0c7ac4b76a7e23778bbb68fb99,2026-07,North Wales Police,North Wales Police,-4.140624,52.938213,On or near Church Street,W01000107,Gwynedd 010E,Unable to prosecute suspect
42f3afaed117f4f0b00d96ddae2e379dd5df73775f533beabba3dc334b4ec1c9,2026-07,North Wales Police,North Wales Police,-3.945610,52.936128,On or near Parking Area,W01000114,Gwynedd 009D,Unable to prosecute suspect
0dc41615c7ce297adf23a7baca0b7ede55830c0ce3b7b3d615a805e75821c0b4,2026-07,North Wales Police,North Wales Police,-3.401452,53.333210,On or near Church Walks,W01000216,Denbighshire 002D,Suspect charged
1705276f1a6a259179615bed9175f5b190553dcd593e0dcf16f2f1806c84d999,2026-07,North Wales Police,North Wales Police,-3.540019,53.303166,On or near Bryn Road,W01000184,Conwy 005E,Local resolution
98262cb42539ba3c2e97cec98248770e3b4bfd51c78afed37ed00bee8b00a870,2026-07,North Wales Police,North Wales Police,-4.560554,53.282032,On or near Shopping Area,W01002007,Isle of Anglesey 004G,Unable to prosecute suspect
8a848100e9fa4623d402b2dbf2fd1954850e283d43d2af066945d1624b58b4a2,2026-07,North Wales Police,North Wales Police,-3.005562,53.219860,On or near Rhodfa Donaldson,W01000332,Flintshire 009A,Unable to prosecute suspect
cc0ade980b4611c583ee5c4bf958817169711edae5fb062b8d8814778c860fca,2026-07,North Wales Police,North Wales Police,-3.489674,53.320086,On or near St Helens Place,W01000240,Denbighshire 004E,Further action is not in the public interest
9d035058a7f570c78615f3c99a3581a886bf426623b4a33311649cc83f3f19cd,2026-07,North Wales Police,North Wales Police,-2.994514,53.041737,On or near Supermarket,W01000365,Wrexham 011C,Further action is not in the public interest
7972ce40270603c4dcf6b3b9e9884c5b24c2a27d7c53e5d4d9da298085b82fd9,2026-07,North Wales Police,North Wales Police,-4.647495,53.310995,On or near Gwel-Y-Mynydd,W01000034,Isle of Anglesey 004B,Investigation complete; no suspect identified
4704440c1f94a3027eaeb3b283154f70ebd3de8d71fd5f63265ba52da86390a5,2026-07,North Wales Police,North Wales Police,-3.501068,53.268298,On or near Rhodfa Criccieth,W01000191,Denbighshire 009A,Further action is not in the public interest
08050c43962ab881720c1a40bb0407cd64fd6527e99e957923bc4c6757927442,2026-07,North Wales Police,North Wales Police,-4.308591,53.254008,On or near Supermarket,W01000012,Isle of Anglesey 006B,Investigation complete; no suspect identified
07b1bb656b5bed6b43ae453e44feea80bf6a80259f32848d7a0a1c7560583b58,2026-07,North Wales Police,North Wales Police,-4.229689,53.226046,On or near Bryn Fynnon,W01000025,Isle of Anglesey 009B,Unable to prosecute suspect
117e718a50a97ad6062860549bbd136d8a64589717863d677ba0f6140e723d4f,2026-07,North Wales Police,North Wales Police,-4.308591,53.254008,On or near Supermarket,W01000012,Isle of Anglesey 006B,Investigation complete; no suspect identified
e13f658ce70ce0dcd914a69b7a1a727469c2f178d4cff1949b860a05284eac3f,2026-07,North Wales Police,North Wales Police,-3.221818,53.273447,On or near Heol Fawr,W01000304,Flintshire 003E,Unable to prosecute suspect
e9d3f573215b3d6f1a697f32605304aa1de2135817883ecc19015d26016db819,2026-07,North Wales Police,North Wales Police,-2.911914,53.045062,On or near Bryn Lane,W01001971,Wrexham 022D,Investigation complete; no suspect identified
4161ed4623c5b03deab3d3cd802c63c70193c6c1c097f3f495292fde0975fc5e,2026-07,North Wales Police,North Wales Police,-4.503441,53.290109,On or near Llwyn Yr Eos,W01000023,Isle of Anglesey 007D,Unable to prosecute suspect
744571d2de94dee6fd8b99819b8fb1b77f3ec44e3adfdbb35a5b465ce74dd6ec,2026-07,North Wales Police,North Wales Police,-3.495101,53.270917,On or near Parking Area,W01000191,Denbighshire 009A,Unable to prosecute suspect
7eca6026dad9d5299713d43540274fc594c541bf0e6f2c4688c15e0d26b57d03,2026-07,North Wales Police,North Wales Police,-3.480359,53.253085,On or near Glascoed Road,W01000191,Denbighshire 009A,Local resolution
cb7812bf355195ada1540e80ce3a101f6a64c3f18659cbe0490645ff2c6da6d7,2026-07,North Wales Police,North Wales Police,-2.933632,53.034681,On or near Bridgeway East,W01001971,Wrexham 022D,Unable to prosecute suspect
603a409f9c72a5711bf4f7ef3789abe97d6db684ced648d9de7a4c8371fa53d8,2026-07,North Wales Police,North Wales Police,-2.979669,53.165502,On or near Messham Close,W01000257,Flintshire 015C,Unable to prosecute suspect
c4b0378a1065a74fe11981c837f204af32310dbc356435c4be178772c7b9e1c8,2026-07,North Wales Police,North Wales Police,-3.125104,53.207599,On or near Aber Crescent,W01000323,Flintshire 012C,Unable to prosecute suspect
aeaf672f2ed9cb837eb50bcf3e987a357ec91d58dad654311beaadde4daa05af,2026-07,North Wales Police,North Wales Police,-3.829049,53.151339,On or near Maes Y Pandy,W01000185,Conwy 015E,Unable to prosecute suspect
24e99b67e93ff101ae4cac88f554c5edfd89d0ceeb6b057ba97448ecbc046590,2026-07,North Wales Police,North Wales Police,-3.678056,53.287846,On or near Mor Awel,W01000163,Conwy 009E,Unable to prosecute suspect
ec6a76a8dd0d6c1e5cfb7a0bcf4d5b9d315db3f732f63a7510873ca134e5802b,2026-07,North Wales Police,North Wales Police,-3.591063,53.290755,On or near Mor Awel,W01000179,Conwy 010F,Unable to prosecute suspect
d3cde7e6d1570772c5537bcd2fc5d3a2b7cf6c0bdc0f26ad097aad0d04cef156,2026-07,North Wales Police,North Wales Police,-3.836161,53.314310,On or near Llys Bryniau,W01000168,Conwy 002B,Local resolution
14a7fe13ae156256590123fcac91d9c2f8663d3fc1f2bd1d80fb5cf7fc4ae538,2026-07,North Wales Police,North Wales Police,-3.192273,53.280874,On or near Pen Lon,W01000254,Flintshire 003B,Offender given a caution
a4b4b5c5cc94ff4547f4430070a7422da9ec9e6ac494beffb5fd6cb392b0557b,2026-07,North Wales Police,North Wales Police,-4.107319,53.220902,On or near Ffordd Llandegai,W01000050,Gwynedd 003A,Investigation complete; no suspect identified
ccb1ad7bdc10cef54552a69104b9b44bd54b8d8cffcc183b5c3d844f98f89e33,2026-07,North Wales Police,North Wales Police,-4.127200,53.225851,On or near Shopping Area,W01000062,Gwynedd 001A,Unable to prosecute suspect
daec1dd555cfaf68e6b4b77cbc5d52d64344217353ccfc328dc453e5c0e1d61f,2026-07,North Wales Police,North Wales Police,-4.107319,53.220902,On or near Ffordd Llandegai,W01000050,Gwynedd 003A,Investigation complete; no suspect identified
10a6857dd423f5f9e1dfca760669653f939a0a8fa9bb12105005c543f1619cf4,2026-07,North Wales Police,North Wales Police,-3.830605,53.320230,On or near Thorpe Street,W01000169,Conwy 001D,Unable to prosecute suspect
42b1174115b5c256be003395b7617a5390e2ac63e492d5c41b599ca49a508e04,2026-07,North Wales Police,North Wales Police,-4.228399,53.244196,On or near B5420,W01000025,Isle of Anglesey 009B,Investigation complete; no suspect identified
8b3bcc1cf057132cffa38087fadcccef4392bd4803634d7aa296cb13c17b0a4c,2026-07,North Wales Police,North Wales Police,-3.933558,53.267793,On or near St John's Park,W01000172,Conwy 013E,Local resolution
4d0c7b251fb851e506d665a70d0609455dcac92be199c99dfd6272d19bad3751,2026-07,North Wales Police,North Wales Police,-3.484097,53.316856,On or near Williams Street,W01000236,Denbighshire 006A,Unable to prosecute suspect
76e1d42f9ac043da5f2566624d1e25382424e901ec170edb73434e4b6be5a847,2026-07,North Wales Police,North Wales Police,-3.348799,53.123004,On or near Lady Bagot's Drive,W01000206,Denbighshire 013C,Action to be taken by another organisation
f440920180597512cbaab7264668ef2a406afb23886e13f3333948ab64f31a23,2026-07,North Wales Police,North Wales Police,-2.981488,53.163266,On or near Evans Court,W01000257,Flintshire 015C,Unable to prosecute suspect
de3fc29bf63d9058c57f4af57d8bd51a112dac3072a9eaefca81b7a600b8b88a,2026-07,North Wales Police,North Wales Police,-4.520145,52.935414,On or near Y Groes,W01000095,Gwynedd 012C,Local resolution
eade10c7d1446d4f69e9e00420892e8e30b797cc798067f89f3a5d21df3ffd7a,2026-07,North Wales Police,North Wales Police,-2.972357,53.041097,On or near Supermarket,W01000413,Wrexham 010C,Investigation complete; no suspect identified
ca31c477f8dbbc9362e39e680e5ac64e0470697e5210f6144ff559f28e6347e3,2026-07,North Wales Police,North Wales Police,-3.078948,53.205455,On or near Llys Connolly,W01000280,Flintshire 010B,Unable to prosecute suspect
25b71e4832dca80e5f78089438a28b95f011926a4c2e65f5729ca17c44a2a286,2026-07,North Wales Police,North Wales Police,-2.983285,53.046848,On or near Crescent Close,W01001931,Wrexham 012G,Unable to prosecute suspect
312474e68b87e9c70567c4f07bb011b9a04c99494e856f72b839d9bcbbb53460,2026-07,North Wales Police,North Wales Police,-3.057779,53.010161,On or near Supermarket,W01000411,Wrexham 015C,Investigation complete; no suspect identified
3ef6cff151f15cd146c3ac61b1fab576823dd526f6d0520add9f3afe2d55770e,2026-07,North Wales Police,North Wales Police,-3.136448,53.248672,On or near Parking Area,W01000290,Flintshire 004B,Unable to prosecute suspect
81b1f36e4675a4892b1eb7bff114370a3c38db830b5e8c3386d570016a28747f,2026-07,North Wales Police,North Wales Police,-3.004703,53.050544,On or near Primrose Way,W01000350,Wrexham 011B,Unable to prosecute suspect
40587319afbe43bf1a179710ab35bf1446634f006ed1ffa76ff7633a799e4467,2026-07,North Wales Police,North Wales Police,-2.978301,53.169792,On or near Supermarket,W01000255,Flintshire 015A,Local resolution
293cfafb35764bd2ff821e9cbf97c2b57820c2cadce27b3134da13d7f84db7f9,2026-07,North Wales Police,North Wales Police,-2.983285,53.046848,On or near Crescent Close,W01001931,Wrexham 012G,Unable to prosecute suspect
cc06ccbf519da6470d372bccd07111e19ce69d084c0ea3ced9e9ff0f89a241c6,2026-07,North Wales Police,North Wales Police,-3.633648,53.275985,On or near Tan-Y-Foel,W01000153,Conwy 009D,Suspect charged
609d8ed55e384d03c210db0b7d8cd80938000e7f1e07e01b93f2973e0fdeffe9,2026-07,North Wales Police,North Wales Police,-3.177330,53.207580,On or near Mountain View,W01000301,Flintshire 006E,Unable to prosecute suspect
6c7018df401ec42082cf023f9a331c173189335bc66652dd723e9e88d9d4865c,2026-07,North Wales Police,North Wales Police,-3.500613,53.316955,On or near North Avenue,W01000241,Denbighshire 004F,Unable to prosecute suspect
1896060203e5ce5d0b8c6d47f4502a8fcc721f7770dd12c8d90f82eecc8818ad,2026-07,North Wales Police,North Wales Police,-3.039439,53.109630,On or near Parking Area,W01000269,Flintshire 020A,Unable to prosecute suspect
de47db9b653e643f7386351cd30b3ba8d305f23eb772728e802b50c7d6f93d02,2026-07,North Wales Police,North Wales Police,-4.632964,53.311020,On or near Market Square,W01000016,Isle of Anglesey 003A,Suspect charged
f6acebf6d74da43f344a103be18f43cc66c61f62b5de8a7022b42b0f16167386,2026-07,North Wales Police,North Wales Police,-2.971252,53.059676,On or near Supermarket,W01000415,Wrexham 023F,Investigation complete; no suspect identified
0f949d12ef6df98ac034d2bc4b8cc29ac1024a370c4616d6444f9bc539fd328c,2026-07,North Wales Police,North Wales Police,-2.994514,53.041737,On or near Supermarket,W01000365,Wrexham 011C,Investigation complete; no suspect identified
12db5cb86000e70726832cdbaf426aa24d352f522efdb5391d6aa28c584ab170,2026-07,North Wales Police,North Wales Police,-3.311380,53.114180,On or near Upper Clwyd Street,W01000243,Denbighshire 014B,Unable to prosecute suspect
234de89c720cdab17a29b1dff802293433c143d51d3e58e70662537bb268829a,2026-07,North Wales Police,North Wales Police,-2.996436,53.047233,On or near Duke Street,W01000372,Wrexham 008C,Investigation complete; no suspect identified
b524251665e4a213f61f552be80d4c93c121ed9065cbc0bffa0b906c145a5777,2026-07,North Wales Police,North Wales Police,-3.935948,52.959365,On or near Parking Area,W01000113,Gwynedd 009C,Unable to prosecute suspect
ee88d10fcf27631a1cda6ac1804b777f6458b8e7c1e6467e31f04053d6cf14af,2026-07,North Wales Police,North Wales Police,-3.553136,53.299876,On or near Towyn Road,W01000184,Conwy 005E,Investigation complete; no suspect identified
b46a78a476a9990da1e0a598ce3135adb0fce1ace40c7f0add7997bbcd194df8,2026-07,North Wales Police,North Wales Police,-3.008250,53.043367,On or near Ruthin Road,W01000349,Wrexham 011A,Investigation complete; no suspect identified
ff8089a9087f813c444ed45d6b74401fbe3a929a9b4fc4c767b67d0bfdc000f1,2026-07,North Wales Police,North Wales Police,-3.692181,53.291440,On or near Clifton Road,W01000128,Conwy 009C,Unable to prosecute suspect
862da4a5acbd1dc353f30570209923201fc75e1eeab127e8aa87cfb138a4e364,2026-07,North Wales Police,North Wales Police,-4.271561,53.177325,On or near Tre Fenai,W01000027,Isle of Anglesey 009C,Suspect charged
ad7ffc7eb694c50f4e8f19aef5db159d53dbd88e5f7195166daee5bb88955138,2026-07,North Wales Police,North Wales Police,-3.698873,53.289681,On or near Supermarket,W01000128,Conwy 009C,Suspect charged
db2545b61034611f2725a11879117ecfa767581ea8080d59d62d41a26ac696dd,2026-07,North Wales Police,North Wales Police,-4.532672,53.369190,On or near Chapel Street,W01000022,Isle of Anglesey 004A,Unable to prosecute suspect
5e3313ec010ba9029c31b4df62c88aa9ab133d9560553451ed37ef94e4590670,2026-07,North Wales Police,North Wales Police,-2.993548,53.046161,On or near Stryt Y Syfwr,W01000372,Wrexham 008C,Investigation complete; no suspect identified
a2caea71daeb0c3d7f630b4ed2d6e71826c9b9b75d0854de730795ab6efd2e13,2026-07,North Wales Police,North Wales Police,-4.633814,53.300679,On or near Porthdafarch Road,W01000017,Isle of Anglesey 003B,Unable to prosecute suspect
3a7afc97307b6f4c2b7cdc48e5049bbfb74613ea103cb265da25cc71fbc3a3b4,2026-07,North Wales Police,North Wales Police,-3.426514,53.335852,On or near Rhodfa Cowlyd,W01000219,Denbighshire 001B,Unable to prosecute suspect
4558c93d0d422c75956e009936da91ac0302fb4b08e25126659c1fc03a1185d6,2026-07,North Wales Police,North Wales Police,-3.150856,53.170676,On or near Ivy Crescent,W01000318,Flintshire 016F,Unable to prosecute suspect
2737fe1f88196f3b2ee4232b17f2ffbb070cd6a234c02fdce8ecefe8a9df23d9,2026-07,North Wales Police,North Wales Police,-3.728271,53.295705,On or near Penrhyn Road,W01000182,Conwy 007D,Unable to prosecute suspect
8b2a353e47bb40e4a01c27662f190530f2285fdb95f9bd6464b6eed2562bb360,2026-07,North Wales Police,North Wales Police,-2.993548,53.046161,On or near Stryt Y Syfwr,W01000372,Wrexham 008C,Unable to prosecute suspect
91a69dd0f389325b68cb11c87b61f6b0dda649d5effa92ce6762c36c6aec6881,2026-07,North Wales Police,North Wales Police,-4.111822,52.860759,On or near Castell Morfa,W01000074,Gwynedd 013B,Investigation complete; no suspect identified
85c015abb153621be5236f8e6a9d7a1e1c98120e98872bc42adaf1fefa58b6c7,2026-07,North Wales Police,North Wales Police,-3.097072,53.204013,On or near Tudor Close,W01000325,Flintshire 010D,Unable to prosecute suspect
3b186bc4ca4a028ad92662bede3c38193f20d409e55a9afc8bf9aff742c6461c,2026-07,North Wales Police,North Wales Police,-4.065078,53.191982,On or near Llwyn Bedw,W01000050,Gwynedd 003A,Suspect charged
dcac508cd200768e68e7f1f76cace5cf2eed9a7978b3d664ab8eec38670fc34f,2026-07,North Wales Police,North Wales Police,-3.451428,53.289337,On or near B5429,W01000223,Denbighshire 009B,Unable to prosecute suspect
f70bfad87dbf12d1f1210ca2de2a49cd2c9ad345259c6d6b654dd866e1d4043e,2026-07,North Wales Police,North Wales Police,-3.495101,53.270917,On or near Parking Area,W01000191,Denbighshire 009A,Unable to prosecute suspect
731f2216d140ea8bbcb25f16314d34aa38c7ef62474874a5e7d3422364314e85,2026-07,North Wales Police,North Wales Police,-3.087891,53.200331,On or near Goodwood Grove,W01000325,Flintshire 010D,Unable to prosecute suspect
4ead630b8018e92fa437e4cb51e7fdc886ec7a3a9d162e1f75c306a34a23fd8a,2026-07,North Wales Police,North Wales Police,-3.750348,53.311214,On or near Church Road,W01000158,Conwy 004D,Unable to prosecute suspect
8c31bda44a251500a517d012394a7b7923973ed6fabf8e244624258ef655a668,2026-07,North Wales Police,North Wales Police,-4.110303,52.865587,On or near Glan Gors,W01000074,Gwynedd 013B,Unable to prosecute suspect
a6b5d8595ee47578691db5d145da33220b0702acc0f86b91f5c75f2cdc50d7b5,2026-07,North Wales Police,North Wales Police,-3.057418,53.076453,On or near Ffordd Owain,W01000348,Wrexham 006B,Unable to prosecute suspect
4fa04d399aff3b4b840e099d015ba08f7524c8acb2249ac888ea0ce16e4ca2fa,2026-07,North Wales Police,North Wales Police,-3.423076,53.334985,On or near Purbeck Avenue,W01000219,Denbighshire 001B,Unable to prosecute suspect
ef2418112f67af2fea37fd7faae88b88ed81bfa00227d26aec23c31b4448600f,2026-07,North Wales Police,North Wales Police,-3.331173,53.045232,On or near Sports/Recreation Area,W01000207,Denbighshire 015C,Investigation complete; no suspect identified
b656dacf9bd75a0b6d02b26148819b8a33be271e29856a850d046e8309af2bbe,2026-07,North Wales Police,North Wales Police,-4.142984,53.214556,On or near Bryn Heulog Terrace,W01000064,Gwynedd 002A,Unable to prosecute suspect
203a9d64b063092f2f26e23bafdfae9b51cd9e1da2417c0d4272812f6e611e52,2026-07,North Wales Police,North Wales Police,-4.264305,53.029805,On or near Ffordd Cors Y Llyn,W01000086,Gwynedd 008B,Unable to prosecute suspect
8fdeeec363cb0fd91431f31fd602a9f6204cf5d41835a45ee42a655fce478a43,2026-07,North Wales Police,North Wales Police,-3.494077,53.316767,On or near Ffynnongroew Road,W01000239,Denbighshire 004D,Unable to prosecute suspect
c22f6ed5c52831141e65d284e680158821089f4646ab2d20074f683f3aec522e,2026-07,North Wales Police,North Wales Police,-4.064018,52.726401,On or near Heol Meirion,W01002004,Gwynedd 016F,Investigation complete; no suspect identified
5af09ce125a6b96634495e3426063b3c97b5eb3602624af117722297c1df5b2d,2026-07,North Wales Police,North Wales Police,-2.992290,53.045362,On or near Shopping Area,W01000372,Wrexham 008C,Investigation complete; no suspect identified
f1c03546697e8acfa4ab51f2d51fa48c35fc8de089f09279d6e9cdb888e95664,2026-07,North Wales Police,North Wales Police,-2.993523,53.164326,On or near Wellington Road,W01000255,Flintshire 015A,Unable to prosecute suspect
e712a7819a980c5ded3c9bd42f13892f99e628db4888bba01c510d4d4025be6b,2026-07,North Wales Police,North Wales Police,-4.455139,53.394655,On or near Maes Bwcla,W01000031,Isle of Anglesey 001E,Unable to prosecute suspect
0daa45251bc8e6ea6bac7abec3b7e2c08f5aa69c030cc276030ab0c608157406,2026-07,North Wales Police,North Wales Police,-3.041741,53.151086,On or near Bilberry Close,W01000327,Flintshire 018C,Unable to prosecute suspect
52acb2253d08222354da6782d5eccd7ea190ffdc9df99e65732629a7f5091b79,2026-07,North Wales Police,North Wales Police,-3.096309,53.166463,On or near Langford Crescent,W01000261,Flintshire 014C,Unable to prosecute suspect
5e571a5e80bf27a6ae9be19e593163cfaef6931d543c88bc9b71c549eb60fafa,2026-07,North Wales Police,North Wales Police,-4.311175,53.256609,On or near Church Street,W01000014,Isle of Anglesey 006C,Unable to prosecute suspect
7489466458781e3a3c8d0a856aca5c7b7c753d715df9384cab796ee5791567ad,2026-07,North Wales Police,North Wales Police,-2.971005,53.166687,On or near Bretton Road,W01000255,Flintshire 015A,Unable to prosecute suspect
3803436cc760f447ea369987e39c3b9520c547fc85aec45008a74e1fff34f9fd,2026-07,North Wales Police,North Wales Police,-3.051665,53.065788,On or near Ingot Close,W01000347,Wrexham 006A,Unable to prosecute suspect
1831c3d646bad19f7556c9f3ace5fef993e5f36b893938c891fd96d8ab385d31,2026-07,North Wales Police,North Wales Police,-4.274688,53.140834,On or near Stryd Y Porth Mawr,W01000111,Gwynedd 007C,Unable to prosecute suspect
992193625b4f3835f0652c7026d743e5e78271c016058a0a58c8127b2fc0adda,2026-07,North Wales Police,North Wales Police,-3.150886,53.167871,On or near Beech Drive,W01000318,Flintshire 016F,Investigation complete; no suspect identified
9dc3c368b93371274b0372144ad20f1e559b9951ada0c4901e3493dd1e225de7,2026-07,North Wales Police,North Wales Police,-3.608001,53.218421,On or near School Lane,W01000122,Conwy 014A,Unable to prosecute suspect
bee576aeba07672bfcfc16fcb6b09d68d147cc079b4cd0884f0aaafd34f304ea,2026-07,North Wales Police,North Wales Police,-3.039418,52.989135,On or near John Street,W01000420,Wrexham 016E,Investigation complete; no suspect identified
f9993ce9db9a5a3c7d7fdf40a599f818418fc6df526b667fe9340d4357875506,2026-07,North Wales Police,North Wales Police,-4.126380,53.226766,On or near Stryd Waterloo,W01000062,Gwynedd 001A,Investigation complete; no suspect identified
92f9c73223745601fc01914a8a4d8399c03c607c0c5d26fd7b6024c244f8aea5,2026-07,North Wales Police,North Wales Police,-3.054280,53.193541,On or near Llys Y Castell,W01000251,Flintshire 013A,Unable to prosecute suspect
691f5aeae8c3e72f10bb8b2c16ce3abac3f41eee35ccb2661224b8275748de79,2026-07,North Wales Police,North Wales Police,-3.210707,53.275601,On or near Prince Of Wales Avenue,W01000305,Flintshire 003F,Unable to prosecute suspect
4e45ea6413d6739c0d7748dbfe12916b7523987199781b398a3fc0602684892a,2026-07,North Wales Police,North Wales Police,-3.732011,53.298392,On or near Princes Drive,W01000182,Conwy 007D,Unable to prosecute suspect
b07df9459e3b12befe4ca4fbee4cadcca194fd438fcceeb9843417a739bd67ba,2026-07,North Wales Police,North Wales Police,-3.003763,53.044753,On or near Llys David Lord,W01000350,Wrexham 011B,Investigation complete; no suspect identified
99d3dcef2bcf4cb013424d3fde8998a7d7496dcd17b8d3ac56feb5f9a93575c8,2026-07,North Wales Police,North Wales Police,-3.829414,53.324663,On or near St George's Place,W01000169,Conwy 001D,Unable to prosecute suspect
a9d16a0e01e356755bba8b7a667a25a9cd95f28dd6029aa3f875477429c6d8d3,2026-07,North Wales Police,North Wales Police,-3.825592,53.323085,On or near Bodafon Street,W01000169,Conwy 001D,Investigation complete; no suspect identified
cc63dc155f623d0ca3e09169d3d88cfe76af622312f2155f2d453ed1c2272d43,2026-07,North Wales Police,North Wales Police,-4.518087,53.267934,On or near Minffordd Road,W01000024,Isle of Anglesey 007E,Unable to prosecute suspect
afc65f71c9b90ca8bc215bd100b770d4abe252e73b7504b1bdcc0501ea1c25e7,2026-07,North Wales Police,North Wales Police,-3.217632,53.276015,On or near Strand Walk,W01000304,Flintshire 003E,Unable to prosecute suspect
e07f7623d07bad0e9ca35f18ee99a8cf5d6cb3ceb9e958e54f082865a8e9efdd,2026-07,North Wales Police,North Wales Police,-3.216487,53.286895,On or near Crosfield Road,W01000297,Flintshire 003D,Unable to prosecute suspect
dc87bdc619ff7d248a723e58f9514b71ffd82b309c4d6031ae4b320ad66fd32c,2026-07,North Wales Police,North Wales Police,-3.499838,53.318385,On or near Rhodfa Gorllewin,W01000239,Denbighshire 004D,Unable to prosecute suspect
8e40770e01fd2571ed829114d2e205e97cf1dd4aca4eb2e9201877673be89e90,2026-07,North Wales Police,North Wales Police,-3.092279,53.129122,On or near Ffordd Celyn,W01000309,Flintshire 019C,Unable to prosecute suspect
455ca0278ecfe003f18176d49cf70302a6ccd4ac602309ac5a2dd1fd354169c8,2026-07,North Wales Police,North Wales Police,-3.311779,53.245441,On or near Lon Syr Herbert,W01000271,Flintshire 006C,Unable to prosecute suspect
d16e7007190b13673ce428b205c7546b9b56dbb953fe200304170442c3c84687,2026-07,North Wales Police,North Wales Police,-3.373523,52.980619,On or near The Square,W01000193,Denbighshire 015A,Unable to prosecute suspect
c16be7fe00fe9f2214dfac1b4779d33a26303aaf1e5ef1fe0ad9f90f83ddb917,2026-07,North Wales Police,North Wales Police,-2.967764,53.048504,On or near Ernest Parry Road,W01001969,Wrexham 010F,Local resolution
a3d3f374aa211d930f1b0a92604425fd8f09df442a2dee13751a0cf3a7f50d92,2026-07,North Wales Police,North Wales Police,-3.070325,53.164029,On or near Lyme Grove,W01000259,Flintshire 017A,Unable to prosecute suspect
b7b9cefba5517b40a496414448307771d30f6686d1cefc5ce4da431bc8e17ddd,2026-07,North Wales Police,North Wales Police,-4.316034,53.386898,On or near Tyn Rhos,W01000021,Isle of Anglesey 002C,Unable to prosecute suspect
dcfaa4748a9cb5933e1d9287e973346b4233e6d2421fffa2e6a00debd2c5deba,2026-07,North Wales Police,North Wales Police,-3.039340,53.212028,On or near Charmleys Lane,W01000337,Flintshire 009F,Unable to prosecute suspect
fe7ddd601cd485a6cd36b8400c19b6039d6c9e1163794ebd7129171bf869c6f0,2026-07,North Wales Police,North Wales Police,-3.067426,53.166554,On or near Parking Area,W01000259,Flintshire 017A,Unable to prosecute suspect
c6eb20783fedb9ffd8909518ceb95ad93b4daf1d10cf8c468e8ea49a5206f7a6,2026-07,North Wales Police,North Wales Police,-2.986655,53.042218,On or near Rivulet Road,W01001931,Wrexham 012G,Unable to prosecute suspect
6fff140e5b7981acef9d7df1c84f65504403246410ccf0f9db21c920c26ed662,2026-07,North Wales Police,North Wales Police,-2.977998,53.168994,On or near Vickers' Way,W01000255,Flintshire 015A,Unable to prosecute suspect
d59c5c44277e62fa247ae306554a4fe26c45b067d9af8ddc1ce7e6a89ba20ee3,2026-07,North Wales Police,North Wales Police,-2.979794,53.049439,On or near Trevenna Way,W01000425,Wrexham 010E,Investigation complete; no suspect identified
e828f178401b9fd5900deabcd91f7fd75acfc141e0275f8e946fc30a528d50a0,2026-07,North Wales Police,North Wales Police,-3.057565,53.000211,On or near Coed-Y-Graig,W01000406,Wrexham 013C,Investigation complete; no suspect identified
94dcf093239a4120d64cf88f6138f7abfa2ebab1852ee3fcd9db1271a592f1bd,2026-07,North Wales Police,North Wales Police,-4.141545,53.288332,On or near Maes Gwyn,W01000035,Isle of Anglesey 005E,Unable to prosecute suspect
6e4fb9b51fb2165d842e6ad4d013e747760647e633477c0f154c3cae58257ae0,2026-07,North Wales Police,North Wales Police,-3.041707,53.214524,On or near Manley Court,W01000337,Flintshire 009F,Investigation complete; no suspect identified
6b3fc7044a67432373c07f4fa3330b56c578acc8522bef380ea59b328515cd8e,2026-07,North Wales Police,North Wales Police,-3.399911,53.337525,On or near Clos Bodnant,W01000216,Denbighshire 002D,Unable to prosecute suspect
37ea3a8577b0ab5b6f3b35c6ff464ac2c414beac20d317c3d35fe0a1a129ce3a,2026-07,North Wales Police,North Wales Police,-3.310947,53.245208,On or near Lon Yr Ysgol,W01000271,Flintshire 006C,Action to be taken by another organisation
7620c831ab47c3d949ff1295424385b7ab08d95b5536c868830911765fe64b72,2026-07,North Wales Police,North Wales Police,-4.310586,53.257079,On or near Petrol Station,W01000014,Isle of Anglesey 006C,Investigation complete; no suspect identified
38498bec860a495fc68fb7d099f11386f96962ee193ca7b12ee5c76f4d450191,2026-07,North Wales Police,North Wales Police,-3.067456,52.975905,On or near Parking Area,W01000355,Wrexham 017B,Investigation complete; no suspect identified
1d351b55ce0acf680ed83dc05fcaa6d36d61704a9e52dce1a7694075c1967706,2026-07,North Wales Police,North Wales Police,-4.332259,53.412152,On or near Llewelyn Street,W01000003,Isle of Anglesey 001A,Unable to prosecute suspect
9f4cffaf6140d516b74d84bf6f25a0f5e0ca03e363893e819b0478173ab9a971,2026-07,North Wales Police,North Wales Police,-3.037412,52.988756,On or near Parking Area,W01000420,Wrexham 016E,Unable to prosecute suspect
edb3eca199978ac396990c17e87d931d57dafe5803e3c476f17d2c1941c981f8,2026-07,North Wales Police,North Wales Police,-4.414617,52.889179,On or near Penmount Place,W01000108,Gwynedd 012D,Investigation complete; no suspect identified
9336e187269e81d05fd1114bb0c554544f505115167b9d23c2a4df79d9529a73,2026-07,North Wales Police,North Wales Police,-3.067729,52.975507,On or near Stryd Fawr,W01000355,Wrexham 017B,Unable to prosecute suspect
d6f0779adede6d989ab6f66514c57f9e5be7bfc70159971f01125965c418b59a,2026-07,North Wales Police,North Wales Police,-2.976514,53.059417,On or near Tapley Avenue,W01000341,Wrexham 023C,Unable to prosecute suspect
795e44b232476d05db2b6c97988a63a0b03105ad745b98ef45d04b21026952b0,2026-07,North Wales Police,North Wales Police,-4.532621,53.318521,On or near Parking Area,W01000022,Isle of Anglesey 004A,Unable to prosecute suspect
afb83300bdabd30f1aad98f03592b9d464230aca9e25e33330374716871b3223,2026-07,North Wales Police,North Wales Police,-3.834605,53.315125,On or near Alexandra Road,W01000168,Conwy 002B,Unable to prosecute suspect
97bb74c6664746935add6252fb315e79c4869b3e33036d4235d2528d1154b7fe,2026-07,North Wales Police,North Wales Police,-3.043930,53.212959,On or near Rowden Street,W01000337,Flintshire 009F,Unable to prosecute suspect
4f7338595b275af045379a1b18bfebf4b6d0defd8857035e4b9e1a871fc37f27,2026-07,North Wales Police,North Wales Police,-3.071312,53.167050,On or near Parking Area,W01000259,Flintshire 017A,Unable to prosecute suspect
87d2ffe78683754174c3712aa1dadbe2a90cfd5b5fa17b17b2b9f92e76319bdd,2026-07,North Wales Police,North Wales Police,-2.987475,53.046094,On or near Supermarket,W01001931,Wrexham 012G,Suspect charged
5e0f18ab73a6e8a822b6b1f1f38af7e2036a6be992d9edc34aecf7bf46145293,2026-07,North Wales Police,North Wales Police,-3.643232,53.293194,On or near Parking Area,W01000153,Conwy 009D,Unable to prosecute suspect
d8ec6ab2dbe985c97c9c0c4292d04d1cd8eeeafe5b4270e688ad3f0f13ce144c,2026-07,North Wales Police,North Wales Police,-3.023567,53.066582,On or near Fairway Gardens,W01000380,Wrexham 004D,Unable to prosecute suspect
61ae6d387ff2ae1ca59635d8e7eaa1a394a4614fef73438307561ed340d2e2b9,2026-07,North Wales Police,North Wales Police,-4.569281,52.925792,On or near Lon Rhos,W01000094,Gwynedd 012B,Unable to prosecute suspect
3034cd0fc88124ac65bfb09ba1024088abaf329c8bc1eee2bb776ddd7eac1231,2026-07,North Wales Police,North Wales Police,-3.884593,52.743326,On or near Heol Glyndwr,W01000067,Gwynedd 016D,Suspect charged
3223b68fe71538d2f2b682cc34f14f34f19d0c411e98df044ae56c77d87bd376,2026-07,North Wales Police,North Wales Police,-2.994052,53.044754,On or near Town Hill,W01000350,Wrexham 011B,Investigation complete; no suspect identified
dc74e68e75fd3755d87dcfdec86f6bd84ec1ae16361e66b60f81324414266368,2026-07,North Wales Police,North Wales Police,-3.811966,53.320074,On or near Curzon Road,W01000132,Conwy 001A,Unable to prosecute suspect
4e39960fc63727c00410d6d8f5769cd222eb0466f5df0e174efbec5076f6547a,2026-07,North Wales Police,North Wales Police,-3.522474,53.305234,On or near Llys Branwen,W01000149,Conwy 005A,Unable to prosecute suspect
406ec988bf220ba77df010ca74c8bfb6ec2b3bdbeb0e422a766c62e9e6928534,2026-07,North Wales Police,North Wales Police,-3.002147,53.047876,On or near Shopping Area,W01000350,Wrexham 011B,Unable to prosecute suspect
fc9b539075d328bc2c6c6d3deaf9ce0d65059d34b2267cac26bf0edb2791977f,2026-07,North Wales Police,North Wales Police,-3.092882,53.059816,On or near Church Road,W01000398,Wrexham 013A,Investigation complete; no suspect identified
a0d74eb0a19e6713992286f6f62f7bfe10d4711508dc83d755cf180c151d7dfb,2026-07,North Wales Police,North Wales Police,-3.307346,53.253419,On or near B5122,W01000271,Flintshire 006C,Unable to prosecute suspect
d07434f647fa38a6b78369e32d7810ed3bc04b22a2acf6ec754b471314103a8c,2026-07,North Wales Police,North Wales Police,-3.046931,53.148686,On or near Cromwell Close,W01000326,Flintshire 018B,Investigation complete; no suspect identified
2b58dead05a4c257ac7f7db7a5224689c8de64c51aeeb3795673251194a614c6,2026-07,North Wales Police,North Wales Police,-2.980483,53.047591,On or near St Giles Crescent,W01000425,Wrexham 010E,Unable to prosecute suspect
40add57e5741345ffaa817a81ac1f03466e5217eec1a7ad151f54353b0c23985,2026-07,North Wales Police,North Wales Police,-3.046931,53.148686,On or near Cromwell Close,W01000326,Flintshire 018B,Unable to prosecute suspect
376de6c0779964daeb397e7d0704b6282d9a2d626bac97aeff5d34337dc1a28b,2026-07,North Wales Police,North Wales Police,-3.046931,53.148686,On or near Cromwell Close,W01000326,Flintshire 018B,Investigation complete; no suspect identified
9e8c0e783a6d78bfdcd9db1b046fe0ed1e1976472472c6d2036618fe3b74ad2c,2026-07,North Wales Police,North Wales Police,-3.108385,53.164895,On or near Rose Lane,W01000250,Flintshire 014B,Unable to prosecute suspect
5427378a34334bd6dff8f93b46ef4464aee7287e2ed4416ac10273f5b0b0b891,2026-07,North Wales Police,North Wales Police,-3.007856,53.048207,On or near Bron-Y-Nant,W01000350,Wrexham 011B,Investigation complete; no suspect identified
9567d16ea468d46cc96c326c3d93643760cdc85d45cc896320773e8186a8e1ec,2026-07,North Wales Police,North Wales Police,-3.834605,53.315125,On or near Alexandra Road,W01000168,Conwy 002B,Local resolution
e373023035bde09b0add4259a038d1314aaa8a9aa6ed29a229ae980afdd4aaea,2026-07,North Wales Police,North Wales Police,-3.033396,53.063216,On or near Bakery Fields,W01000401,Wrexham 005D,Investigation complete; no suspect identified
da7c7b8120d7183a871868e4a56f2de4e6369ab0f6183bdb6a5b77befd650c3a,2026-07,North Wales Police,North Wales Police,-3.086494,53.161680,On or near Powell Road,W01000263,Flintshire 017D,Investigation complete; no suspect identified
a98424af6e6071620f4afc07b6fa50c28203c972f66b92765c8733f8a7cedd4c,2026-07,North Wales Police,North Wales Police,-3.024762,53.068522,On or near Wheat Close,W01000379,Wrexham 004C,Unable to prosecute suspect
1d357b5745c29a48fc7f0dbf550635c987a02d9c61c0fbd322c022873a9fef1e,2026-07,North Wales Police,North Wales Police,-3.053015,53.187709,On or near Maes Deri,W01000286,Flintshire 013E,Suspect charged
042c7e1dd2d84777c6db53bc57c03b258d97688ee36a2c2e3a0da09ed1a27546,2026-07,North Wales Police,North Wales Police,-3.013759,53.214334,On or near Farm Road,W01000333,Flintshire 009B,Unable to prosecute suspect
c3b18dbc7225917b8dcd6f151a6553ec562e7871f79685f700e14fb9c61865f6,2026-07,North Wales Police,North Wales Police,-3.022736,53.207722,On or near Parking Area,W01000328,Flintshire 011C,Unable to prosecute suspect
8024dd9d376136ae8f834543e76768fc36f818bcfb35c55704ffb277a22f86af,2026-07,North Wales Police,North Wales Police,-3.033180,53.112767,On or near Parking Area,W01000308,Flintshire 020C,Unable to prosecute suspect
b49a4fc5cfece9a92e72a6ce14147395b5ff3136e94761c3062c01ac10fe2969,2026-07,North Wales Police,North Wales Police,-3.493577,53.318365,On or near Princes Street,W01000240,Denbighshire 004E,Unable to prosecute suspect
b5ad81bdd2396879fd8cc837c298eeb4be3b5d2182e6febf5cbeb5e66fdc2bd4,2026-07,North Wales Police,North Wales Police,-2.977998,53.168994,On or near Vickers' Way,W01000255,Flintshire 015A,Investigation complete; no suspect identified
36ae8717c60552dc30eec7f9706aead6127f4f221cd10942278ce0f62604b00a,2026-07,North Wales Police,North Wales Police,-4.496555,52.859628,On or near Cysgod Y Bryn,W01000080,Gwynedd 014C,Further investigation is not in the public interest
38139fa55f351fd102bbe89f35e070771b0abe0440dd337fe68a12d8d282f671,2026-07,North Wales Police,North Wales Police,-3.181600,53.231629,On or near Pen Lan Lane,W01000301,Flintshire 006E,Unable to prosecute suspect
34b9a5576caee537dde8a6bbbc097e671782f71d32358d1be8ade758c89d6547,2026-07,North Wales Police,North Wales Police,-3.035716,52.990066,On or near Stanley Grove,W01000420,Wrexham 016E,Unable to prosecute suspect
37dea4dccf7b40c609c6248e669350a5a115ac870428c00bf8c0b6b88d1fb75b,2026-07,North Wales Police,North Wales Police,-3.030283,53.206308,On or near Sports/Recreation Area,W01000336,Flintshire 009E,Investigation complete; no suspect identified
d37f02140cebb3f5ccc326988560c6eff5cff1f65999233fab612f3e005a8d53,2026-07,North Wales Police,North Wales Police,-2.996428,53.044914,On or near Well Place,W01000350,Wrexham 011B,Investigation complete; no suspect identified
5d20ac41bac10a6d8b0f58de39b46b1a36af4f2803bd35511d4f46de93aee5f1,2026-07,North Wales Police,North Wales Police,-3.096815,53.182738,On or near Parking Area,W01000265,Flintshire 012B,Investigation complete; no suspect identified
3185a2fa32bdd76d0e78bbfa4d23abe68c0c50e34dc7cda8b34821c146f9c69f,2026-07,North Wales Police,North Wales Police,-3.507857,52.990723,On or near Petrol Station,W01000190,Conwy 014D,Investigation complete; no suspect identified
f67fa229b545cbd8c0f41026133d077d2bad7a0c0d8a9ca519e97d40dd704419,2026-07,North Wales Police,North Wales Police,-3.400552,53.339216,On or near Hafod Road,W01000214,Denbighshire 002B,Unable to prosecute suspect
51a56d9b4e9e6e245b5704fd5ad8f0b87ab196df68f83149a87f807565fb62ee,2026-07,North Wales Police,North Wales Police,-3.085742,53.200018,On or near Sebring Avenue,W01000325,Flintshire 010D,Unable to prosecute suspect
1344554634777fc552371dea6a76c6a856276bb8170a4a07c97f688677f8da25,2026-07,North Wales Police,North Wales Police,-3.085895,53.165776,On or near Hillary Grove,W01000263,Flintshire 017D,Unable to prosecute suspect
5188ad5ec9ac64aa167ce6d9c016a0659daf304346b5795c7ba742b03ffd15f9,2026-07,North Wales Police,North Wales Police,-3.487470,53.314558,On or near Ffordd Las,W01000236,Denbighshire 006A,Unable to prosecute suspect
4a65abe95b0a4b43fcfe09b6dd5dd53ec2ca9620742da368e2d56604f264dcb7,2026-07,North Wales Police,North Wales Police,-4.627880,53.305737,On or near Cecil Street,W01000029,Isle of Anglesey 003C,Unable to prosecute suspect
ae31b7b1f716a5115781d64e2ad690f27518d52e5bfe07dcf211cc127e54d24d,2026-07,North Wales Police,North Wales Police,-3.582357,53.284551,On or near Supermarket,W01000178,Conwy 010E,Unable to prosecute suspect
aa0bb0b4f8e1f12867b8be01b08cb3aa37479835bad7ed74370dc6f5f51a3a90,2026-07,North Wales Police,North Wales Police,-3.490721,53.320423,On or near Market Street,W01000240,Denbighshire 004E,Investigation complete; no suspect identified
db4361e2e09e8c454afc6dda2ec364b1fcdb408080dcb6291bb5280d2c33ec3a,2026-07,North Wales Police,North Wales Police,-4.167491,53.208089,On or near Cwrt yr Efail,W01000102,Gwynedd 002E,Unable to prosecute suspect
d4f1b15ef4f4c3438c29fbc9132852c194b62c0a3cc7b1d70d66514855803f8f,2026-07,North Wales Police,North Wales Police,-3.833904,53.315577,On or near Ffordd Dulyn,W01000168,Conwy 002B,Unable to prosecute suspect
9c2c7cce2e212dae65720c4932b6900e8ed3b4d32de0dec77fa790e79ef4ccb0,2026-07,North Wales Police,North Wales Police,-3.832545,53.323455,On or near James Street,W01000146,Conwy 001B,Unable to prosecute suspect
8afc47026677695fafe16645dc4e2637d726909cffd1bee6ed3870743a1ac741,2026-07,North Wales Police,North Wales Police,-3.519689,53.310897,On or near Parking Area,W01000149,Conwy 005A,Investigation complete; no suspect identified
38ba041388856a9344965b550d50cba33b4f8895ad99f33673a6908af85a941c,2026-07,North Wales Police,North Wales Police,-3.140724,53.166019,On or near Parking Area,W01000315,Flintshire 016C,Investigation complete; no suspect identified
2706433c24c52126818c0b686b2fe152e920516fc3176d8641b04d1846083766,2026-07,North Wales Police,North Wales Police,-4.270854,53.133607,On or near Supermarket,W01000111,Gwynedd 007C,Investigation complete; no suspect identified
a937eff1917b69a45244f9dec2c322b63bae5132f67225f5ba5d0fbc85a825ee,2026-07,North Wales Police,North Wales Police,-3.926813,53.266527,On or near David Street,W01000172,Conwy 013E,Investigation complete; no suspect identified
51f4b4b56470ba67af37aa8b57dfd5571884f3241db5c9db5cb449ba6cd3ebae,2026-07,North Wales Police,North Wales Police,-3.815604,53.290478,On or near Albert Drive,W01000165,Conwy 006C,Investigation complete; no suspect identified
e73a4426da2c333df2cced9ae0169a640671b8971e671eb32175beb1a4483d5d,2026-07,North Wales Police,North Wales Police,-3.979308,53.252810,On or near Aber Road,W01000123,Conwy 013A,Investigation complete; no suspect identified
40cb786f7d65cc4dc2c96664c49a5f266b8e3f1e9d5ca6e08f35e345516881cc,2026-07,North Wales Police,North Wales Police,-3.406418,53.336720,On or near Parking Area,W01000214,Denbighshire 002B,Unable to prosecute suspect
93263f2a921c18e4d07cca4a4e2ebe1831e8563315458cf78cac1a3c8ca5c366,2026-07,North Wales Police,North Wales Police,-3.153165,53.176992,On or near A541,W01000319,Flintshire 016G,Suspect charged
b543eefa47f9e847f9c6464120e657d3fc37b377449a2adc6bd9c9975de9e617,2026-07,North Wales Police,North Wales Police,-2.987475,53.046094,On or near Supermarket,W01001931,Wrexham 012G,Suspect charged
d346b37d581a62868b0e49daec06b03c1ab7fdf21c2fa06992949ab75b957106,2026-07,North Wales Police,North Wales Police,-3.044559,53.205555,On or near Highcroft,W01000334,Flintshire 009C,Suspect charged
01b2dc44b5ea07880cfed2c23f33c75fa8e1f2b4efcfd4b7b52c42c087d2e3d9,2026-07,North Wales Police,North Wales Police,-3.804561,53.278356,On or near Park/Open Space,W01000176,Conwy 011D,Investigation complete; no suspect identified
4758dc8d19c4272b7fa00f1a7f234025d55178d56fb0063706397f863784cfd2,2026-07,North Wales Police,North Wales Police,-3.649369,53.290107,On or near Brig-Y-Don,W01000153,Conwy 009D,Investigation complete; no suspect identified
65b322ef8dd8458e894031c3d79b1041b9692f4ffc78ef241f60af09446938e6,2026-07,North Wales Police,North Wales Police,-3.829414,53.324663,On or near St George's Place,W01000169,Conwy 001D,Investigation complete; no suspect identified
499f269c02399051bf83430beb2664152adbcfdb74a2f135141806cf71a6b0ac,2026-07,North Wales Police,North Wales Police,-4.055077,53.175981,On or near Llawr Y Nant,W01000096,Gwynedd 003C,Further action is not in the public interest
75df58eeea94da90a6defac00beaa8868d8a6f33986456758fe30fcd329fc4c4,2026-07,North Wales Police,North Wales Police,-4.647495,53.310995,On or near Gwel-Y-Mynydd,W01000034,Isle of Anglesey 004B,Suspect charged
4377017f9214beab4129292b6ee48be8540dbcc3f75c1695569ac3064c693154,2026-07,North Wales Police,North Wales Police,-4.647495,53.310995,On or near Gwel-Y-Mynydd,W01000034,Isle of Anglesey 004B,Suspect charged
12a3632bf03f5dc37365d9dc2735f329eb6150a60cb1b330b3382b23fc2e9e9b,2026-07,North Wales Police,North Wales Police,-3.136551,53.249731,On or near Earl Street,W01000290,Flintshire 004B,Unable to prosecute suspect
75c247eae3695a819d8b4234c817c22db6ff60828d5d3192758347f25c803d2a,2026-07,North Wales Police,North Wales Police,-4.630908,53.313951,On or near Cross Street,W01000036,Isle of Anglesey 003F,Suspect charged
7a1b11e78603728b2727152bbe0300097b77fa3defbe6d6cb354c44fe6e97be2,2026-07,North Wales Police,North Wales Police,-4.159825,53.209020,On or near Hospital,W01000102,Gwynedd 002E,Unable to prosecute suspect
32e3cbae7ccd71483e6915801ed2ca47c9e49d31af0646ed13bec92d1c54a19d,2026-07,North Wales Police,North Wales Police,-4.415673,52.891064,On or near North Street,W01000108,Gwynedd 012D,Investigation complete; no suspect identified
5df6ddbbab125a7f86a3fbb11a4256e0477ace951d78d6ca26acceeb0e9d61b4,2026-07,North Wales Police,North Wales Police,-4.121549,53.115360,On or near Dol Eilian,W01000081,Gwynedd 005B,Unable to prosecute suspect
fc79427249017429a69254c077db49968d2155d4fd0ad21f2db873c09946bab4,2026-07,North Wales Police,North Wales Police,-3.007573,53.214287,On or near B5441,W01000333,Flintshire 009B,Investigation complete; no suspect identified
268a9ea6749d7dfcbcae82ffda585e1901ea47ce315c1920bd75c7d3941d6b6f,2026-07,North Wales Police,North Wales Police,-3.978662,53.254403,On or near Plas Gwyn Road,W01000123,Conwy 013A,Unable to prosecute suspect
6ed6c1adbdec5a3dbe997fca9f10024de1127958da7d9bf3652f9b596506b9ed,2026-07,North Wales Police,North Wales Police,-3.014347,53.202499,On or near Lyons Yard,W01000328,Flintshire 011C,Unable to prosecute suspect
cfe93e25c0ce137fc0bc5397bbe4b909cd44c1708fbcbf5b03844174a5d7ec25,2026-07,North Wales Police,North Wales Police,-3.256242,53.307419,On or near Ygerddi,W01000320,Flintshire 002B,Local resolution
c3064010e9345d29f914d5b7f49744a678118117f32153cf3c1fbe0cab45fe27,2026-07,North Wales Police,North Wales Police,-4.257349,53.139519,On or near Ffordd Pandy,W01000098,Gwynedd 006C,Suspect charged
b8b00c25ec7e698ce55d46655f3499abbc3da660f4bd372cf2db0d50702ea32f,2026-07,North Wales Police,North Wales Police,-3.138544,53.244651,On or near Lon Odyn,W01000295,Flintshire 005D,Unable to prosecute suspect
9828129d6add71a0c0e8ecc9c6ed743e6768afdbc1d5d9cfa6fbffe5b88814e9,2026-07,North Wales Police,North Wales Police,-3.541891,53.299735,On or near Llys Nant,W01000184,Conwy 005E,Suspect charged
021814d97224862e3931f2a37bb2bf5db738d642fb27119509bb1b2b3aa0c299,2026-07,North Wales Police,North Wales Police,-3.502745,53.315247,On or near Sydenham Avenue,W01000241,Denbighshire 004F,Investigation complete; no suspect identified
e6f138842c1f62cc17523f1257dd230caaa70bdcab8eb89c32908299aacca4df,2026-07,North Wales Police,North Wales Police,-3.348799,53.123004,On or near Lady Bagot's Drive,W01000206,Denbighshire 013C,Unable to prosecute suspect
281e23d995cdf00b1012e4e014ff168a11bfa9ab8c31ab8da9f3b0ee28d6e974,2026-07,North Wales Police,North Wales Police,-4.129731,53.224567,On or near Parking Area,W01000062,Gwynedd 001A,Unable to prosecute suspect
905498805855980489038e235b400d1fc20ab0f3f7627be4c841a767864a9d8d,2026-07,North Wales Police,North Wales Police,-3.813981,53.319423,On or near Maes Clyd,W01000186,Conwy 001E,Unable to prosecute suspect
c458dd38d0686426cb6ffe1fe6d0b31f2d014f20028388658e0b11db24ed6657,2026-07,North Wales Police,North Wales Police,-4.628420,53.302066,On or near Penllech-Nest,W01000017,Isle of Anglesey 003B,Investigation complete; no suspect identified
72a1b096da18902a51d6e44ffe29fa4f58a8d858f53c278f6b83dcd8c4396add,2026-07,North Wales Police,North Wales Police,-3.052023,53.066397,On or near Chariot Drive,W01000347,Wrexham 006A,Unable to prosecute suspect
76178319d4502cb68068460290cf61f779f08456352b1b238df25866a6cd2d87,2026-07,North Wales Police,North Wales Police,-4.262478,53.284425,On or near Lôn Bwbach,W01002005,Isle of Anglesey 002E,Investigation complete; no suspect identified
94c88521e6c04c0e8d59be02c63516c1f8829c135a2e37bf67777acda4601ba3,2026-07,North Wales Police,North Wales Police,-3.827836,53.321486,On or near Augusta Street,W01000169,Conwy 001D,Unable to prosecute suspect
f9c6593059fa7008d0c0929560972627a6920ff796a407475ff69f543d054cb4,2026-07,North Wales Police,North Wales Police,-3.058697,53.206356,On or near Park/Open Space,W01000279,Flintshire 008C,Local resolution
40d54906961d8390e41bb316ac3843e3fa925d307dacf66f7c02c21f06741ee0,2026-07,North Wales Police,North Wales Police,-3.042212,53.212515,On or near Parking Area,W01000337,Flintshire 009F,Local resolution
24609ad159af988fcccc6ea331efd3379640b42951e2d0335d72785b0e60fa43,2026-07,North Wales Police,North Wales Police,-2.994514,53.041737,On or near Supermarket,W01000365,Wrexham 011C,Suspect charged
7edc200020f2bc854a3e427b076dcd850ac29994095b9938020f7a666abd6380,2026-07,North Wales Police,North Wales Police,-2.958712,53.090971,On or near Woodlands Road,W01001970,Wrexham 021C,Unable to prosecute suspect
791f6b83a74a4ef087802c0d20cf94328e7aa7c654b2ef8253c3ca66bc274197,2026-07,North Wales Police,North Wales Police,-4.126380,53.226766,On or near Stryd Waterloo,W01000062,Gwynedd 001A,Unable to prosecute suspect
ee623f8892614a5b0ca84e8725fb02eda7bc7513f0665c574018c628ace8ebd7,2026-07,North Wales Police,North Wales Police,-3.095807,53.200762,On or near Wared Drive,W01000325,Flintshire 010D,Investigation complete; no suspect identified
e2fc5782a383d2d60bb4566f0bd3b28b7797bc21fa32cbc2ab0058ee4941989d,2026-07,North Wales Police,North Wales Police,-3.815635,53.319848,On or near B5115,W01000186,Conwy 001E,Investigation complete; no suspect identified
570a62109ae2538795e5f48209cc3ebc34af861429a3b7bcb75ae33d979e1237,2026-07,North Wales Police,North Wales Police,-4.123906,53.227341,On or near Rhes Plas Llwyd,W01000062,Gwynedd 001A,Suspect charged
3fd91f84c27117ea19fce067b4089ed292df4a310c8284efa8f9df24a8866eff,2026-07,North Wales Police,North Wales Police,-3.308914,53.330270,On or near Glasdir,W01000287,Flintshire 001A,Unable to prosecute suspect
88faa061391cffe122dac919d5384382243a8ad8f0440acf1812ad82e87824e1,2026-07,North Wales Police,North Wales Police,-3.842915,53.291983,On or near Morlais,W01000129,Conwy 012B,Investigation complete; no suspect identified
3571d2854239ca0f1ca73284a1f59702824f209389da2fad2da7ad134da36755,2026-07,North Wales Police,North Wales Police,-3.761979,53.303886,On or near Derwen Avenue,W01000154,Conwy 003A,Unable to prosecute suspect
6f618f59fbbe849e074c4583a35e6edfa4bb6b11344dfd73d6bc20760339692f,2026-07,North Wales Police,North Wales Police,-2.995593,53.164103,On or near Supermarket,W01000255,Flintshire 015A,Investigation complete; no suspect identified
0aeb21af1792161fbd325f08b2ab4c6e590f3dc5626971cd4bd678905958db36,2026-07,North Wales Police,North Wales Police,-3.061367,53.078611,On or near Cheshire View,W01000348,Wrexham 006B,Investigation complete; no suspect identified
672824b732d87cf0b451e17da90f9e22685a7b4c54ee255971394eb7c32b3fe8,2026-07,North Wales Police,North Wales Police,-3.467833,53.291743,On or near Gwindy Street,W01000225,Denbighshire 009D,Unable to prosecute suspect
12616a28a3654199a23f07a5fc4fe87e52ea49e12c9f4b474c807f5ad796cac4,2026-07,North Wales Police,North Wales Police,-3.038205,53.060541,On or near Sports/Recreation Area,W01000373,Wrexham 005B,Unable to prosecute suspect
6f3195069d55b6f1ff5ca94983549a534c87783e30903f0d8e5e47ceece1d49b,2026-07,North Wales Police,North Wales Police,-3.036206,53.062140,On or near Darby Road,W01000373,Wrexham 005B,Unable to prosecute suspect
670c9b132d419521788230e0ba178842d0b4e79bb5e701a293e6a268eb7e6bbb,2026-07,North Wales Police,North Wales Police,-3.063277,53.172417,On or near Drury Lane,W01000267,Flintshire 017F,Unable to prosecute suspect
11fe1fb8f0d314c1166c88250d372165ce1f68c77ba9c6df8dafa6e1194c46b2,2026-07,North Wales Police,North Wales Police,-3.220446,53.272643,On or near B5121,W01000304,Flintshire 003E,Unable to prosecute suspect
ab90bf5989562d4c36d362d0346119110e36d94eb443f3c0a37e793114cb6bd8,2026-07,North Wales Police,North Wales Police,-4.302810,53.254118,On or near Tan Capel,W01000012,Isle of Anglesey 006B,Investigation complete; no suspect identified
c6d8229d5342129efe49ebf97a5b507e761953e35a5cf23ef969252d6697e683,2026-07,North Wales Police,North Wales Police,-3.365463,53.308061,On or near Rhodfa Gop,W01000338,Flintshire 001C,Unable to prosecute suspect
ae152f86e7cd49ecb63673bf0f6cb7e1a591a12da71bb5965c6bea6d42a251e2,2026-07,North Wales Police,North Wales Police,-4.633071,53.312024,On or near Stanley Street,W01000016,Isle of Anglesey 003A,Local resolution
b2243241671685d34451e5a89b5ddc39371431095804b0e826e1d1d254c18318,2026-07,North Wales Police,North Wales Police,-3.066299,53.223044,On or near Bank Road,W01000275,Flintshire 007C,Suspect charged
d01a72e444353cd77b90fc9de80f6d7b10db7e66f1eb4e60b0c7a278cdba2969,2026-07,North Wales Police,North Wales Police,-3.096309,53.166463,On or near Langford Crescent,W01000261,Flintshire 014C,Unable to prosecute suspect
3cace0ab7ccef5a9caeeade0e0cde7248adc4f339cc7f74739084f902ba7bf19,2026-07,North Wales Police,North Wales Police,-4.165521,52.910474,On or near Beach Road,W01000106,Gwynedd 010D,Investigation complete; no suspect identified
8102047859d493f7cef2214b0ce97edaf5902a48294507931f3863d3f3e98be6,2026-07,North Wales Police,North Wales Police,-3.133385,53.169239,On or near Sports/Recreation Area,W01000315,Flintshire 016C,Investigation complete; no suspect identified
17c5d1acc9d78ec1ffdc55158deed5fdac593a64e6f13db65af089b4daf50c22,2026-07,North Wales Police,North Wales Police,-3.305967,53.274074,On or near Petrol Station,W01000340,Flintshire 002C,Investigation complete; no suspect identified
177cd6d43ce6c395a9b8d0ebefd22aff287a5157979f01d684727a2d77e1cc48,2026-07,North Wales Police,North Wales Police,-3.444644,53.008211,On or near Bro Gwerfyl,W01000202,Denbighshire 015B,Unable to prosecute suspect
24f8037dfe2fabf15ec93378d80234244863cb07ff68b20b75cc53228bfa1b74,2026-07,North Wales Police,North Wales Police,-3.490923,53.320609,On or near Glanglasfor,W01000240,Denbighshire 004E,Unable to prosecute suspect
2a81200c6de0b4effa3f7b79bdaeb58aa9f94f252f3ea6ee46c3dbad07e9ef1a,2026-07,North Wales Police,North Wales Police,-3.050279,53.191517,On or near Old Chester Road,W01000251,Flintshire 013A,Action to be taken by another organisation
db71d4ba704147d7b951c4cd59c9a778a7e8011cfe12b2d8e5db828942763486,2026-07,North Wales Police,North Wales Police,-3.812072,53.321143,On or near Pleasant Street,W01000132,Conwy 001A,Unable to prosecute suspect
a65a58c0b298cd4745ad36b1c45b3e1ac19b06ce7cf31ad56c603d35142657a6,2026-07,North Wales Police,North Wales Police,-3.326004,53.309954,On or near Cwrt Gwyntog,W01000338,Flintshire 001C,Local resolution
927a98831d1bf1a852920c2ed9ae3b100124b2b675e53128735023772582777a,2026-07,North Wales Police,North Wales Police,-4.633691,53.310635,On or near Stryd Williams,W01000016,Isle of Anglesey 003A,Unable to prosecute suspect
d6380b2bf06cba367246de4b26a1c1f879e8d20258cd9667ac11c14c54699ea7,2026-07,North Wales Police,North Wales Police,-3.326004,53.309954,On or near Cwrt Gwyntog,W01000338,Flintshire 001C,Local resolution
7d9de9740e84bb4750c65cc248bf7b29051be90760204b9f0c0a1dc4536f2c10,2026-07,North Wales Police,North Wales Police,-3.043210,53.009247,On or near High Street,W01000385,Wrexham 014C,Action to be taken by another organisation
e637b84cbe20ff6c61c9f940114cce083b662b940a6e34221b931800167f5454,2026-07,North Wales Police,North Wales Police,-4.090922,53.192421,On or near Ffordd Tanrhiw,W01000115,Gwynedd 003E,Unable to prosecute suspect
03a3e283e7ba1daefc0c529fdaee336afd37a224f07ecd415bb644c6bc0ca390,2026-07,North Wales Police,North Wales Police,-3.485328,53.322909,On or near Brandon Court,W01000228,Denbighshire 004C,Unable to prosecute suspect
c825b5a6facd440043e5155adfe7c4dd661d2f02f887ec70efd97cbf4fe078a3,2026-07,North Wales Police,North Wales Police,-3.037336,53.061348,On or near Frondeg,W01000373,Wrexham 005B,Investigation complete; no suspect identified
b34f8760b7275b5098cbe4f997dda72d15015f079d4d1f3622fc224b69d748d3,2026-07,North Wales Police,North Wales Police,-3.517230,53.302946,On or near Lon Heulog,W01000151,Conwy 005C,Unable to prosecute suspect
673c89674b9cbf90eb50144249eef077063eabe72de0710f6b0ba7cb25a44681,2026-07,North Wales Police,North Wales Police,-3.040824,52.986299,On or near Duke Street,W01000407,Wrexham 016C,Unable to prosecute suspect
9071cbd5fa4d356cb62316afe6fd20b02a403ee282932accf616d03110913d7e,2026-07,North Wales Police,North Wales Police,-4.151004,53.215886,On or near Penrhos Avenue,W01000072,Gwynedd 002B,Investigation complete; no suspect identified
3640483f7a5342f75f3815ffcc106d87d062899c09da77adbb125ebba8b7ac38,2026-07,North Wales Police,North Wales Police,-3.828847,53.322649,On or near Stephen Street,W01000169,Conwy 001D,Suspect charged
85519f3af813b766b063caa2b50fb79c345d1eed0f3077a5f93d3071f5c1f66d,2026-07,North Wales Police,North Wales Police,-3.462769,53.321812,On or near Llys Helyg,W01000235,Denbighshire 017D,Unable to prosecute suspect
18216d17f414556a25a919ceb60256860b9672f55095f1dbdf5de67ea16d5570,2026-07,North Wales Police,North Wales Police,-3.479908,53.312944,On or near Meredith Crescent,W01000236,Denbighshire 006A,Unable to prosecute suspect
d015908e2c4af8f908fc73fa58527d1b71dd52bcf72ca7ab4ce2c40cdd6e3710,2026-07,North Wales Police,North Wales Police,-3.686718,53.191963,On or near Fedwen Arian,W01000159,Conwy 014B,Unable to prosecute suspect
f620611bf02c5c4e29bebe03776b4ee825fd9bcca079e50a2df29421fad81656,2026-07,North Wales Police,North Wales Police,-3.402197,53.338064,On or near Caradoc Road,W01000216,Denbighshire 002D,Unable to prosecute suspect
6a9e0512f938851bbe2cd6d81f3e9a2fb39e09a92a8d4d8981d442098fb19d69,2026-07,North Wales Police,North Wales Police,-4.635870,53.302638,On or near Treseifion Road,W01000030,Isle of Anglesey 003D,Unable to prosecute suspect
bfd9ccff2904c453aa7d01758905c10eb37ee06c642109d85730296f44938683,2026-07,North Wales Police,North Wales Police,-2.978883,53.058598,On or near Avon Close,W01000341,Wrexham 023C,Unable to prosecute suspect
b83c566596c987f7d4112114b133a6cc5a09f1c0f59564b767a96323bc495e22,2026-07,North Wales Police,North Wales Police,-3.836805,53.273719,On or near Maes-Y-Llan,W01000131,Conwy 012D,Unable to prosecute suspect
0946529de21ee9b0d561c6327133967d0bea6fb9d074cba0c54d16648014ad60,2026-07,North Wales Police,North Wales Police,-3.136551,53.249731,On or near Earl Street,W01000290,Flintshire 004B,Investigation complete; no suspect identified
48b249646f747c2e0288e13a28924287c3e9bedba4b403f83951d9335997a68f,2026-07,North Wales Police,North Wales Police,-3.458152,53.315864,On or near Llys Walsh,W01000234,Denbighshire 017G,Unable to prosecute suspect
62bcab35ee46bcafc832e8f18225e26ed9daaad3843188445b9483c2533a775b,2026-07,North Wales Police,North Wales Police,-4.632156,53.301309,On or near Stad Ardrum,W01000017,Isle of Anglesey 003B,Unable to prosecute suspect
ec63c07b59327c0c9ec5d4e82be94602435c8fad2b5909f6588817337cb8d206,2026-07,North Wales Police,North Wales Police,-3.535218,53.305727,On or near Peris Avenue,W01000184,Conwy 005E,Investigation complete; no suspect identified
863fd433842e90bc4b7675e95296b55a6a28a17126545be11ba9ca717602bca1,2026-07,North Wales Police,North Wales Police,-2.995254,53.044465,On or near Nightclub,W01000402,Wrexham 011D,Unable to prosecute suspect
e39438922c4f7a608b94bd4050c4c18283f5796d86a9f54fcbb473a8eda45615,2026-07,North Wales Police,North Wales Police,-4.121940,53.228788,On or near Nightclub,W01000062,Gwynedd 001A,Suspect charged
e39438922c4f7a608b94bd4050c4c18283f5796d86a9f54fcbb473a8eda45615,2026-07,North Wales Police,North Wales Police,-4.121940,53.228788,On or near Nightclub,W01000062,Gwynedd 001A,Suspect charged
9be1b9d842aa92ce46bc8c5db588dccb9221131c4b624000b97ede4eb7729364,2026-07,North Wales Police,North Wales Police,-3.039614,53.212808,On or near Parking Area,W01000337,Flintshire 009F,Local resolution
4b7fb45e762a87e2e31aec7928e29d89caf5a52fc4a492fefbaf7cd17cda31a5,2026-07,North Wales Police,North Wales Police,-4.121940,53.228788,On or near Nightclub,W01000062,Gwynedd 001A,Suspect charged
0c4f70da20ca783dd56ccb49af8e5a76039164ff39d845faf719a85b4915d797,2026-07,North Wales Police,North Wales Police,-4.121940,53.228788,On or near Nightclub,W01000062,Gwynedd 001A,Suspect charged
de87095181df6e1d728cd49870a7c483ff5028fe638805b6df60934caadb6b89,2026-07,North Wales Police,North Wales Police,-4.121940,53.228788,On or near Nightclub,W01000062,Gwynedd 001A,Suspect charged
84f44e35cb70af48f2c7a34f1835fee37271b1ec00649a5abeba0a386e9a14a7,2026-07,North Wales Police,North Wales Police,-4.545171,52.930762,On or near Lon Uchaf,W01000094,Gwynedd 012B,Investigation complete; no suspect identified
d4338e546c3949b96f96f067c14223a4764ffe34b54206954f9a9d979fadbb42,2026-07,North Wales Police,North Wales Police,-3.490166,53.318713,On or near Stryd Cinmael,W01000240,Denbighshire 004E,Unable to prosecute suspect
c97b451c814370b6a530ac07be0213ffa032c8cb7d533ccbd2b6129498aa6283,2026-07,North Wales Police,North Wales Police,-3.070124,53.170989,On or near Ffordd Belmont,W01000266,Flintshire 017E,Unable to prosecute suspect
7012503231905b47e162bb4bdc360ec04e94fa9be09eb8dda61fc3c0066eec70,2026-07,North Wales Police,North Wales Police,-3.400681,53.337183,On or near Maes Glas,W01000216,Denbighshire 002D,Unable to prosecute suspect
0701a5e719dc30300a13c10879034e042585ded8ea196a111ab7ee79307aa2f4,2026-07,North Wales Police,North Wales Police,-3.431843,53.331743,On or near Morris Avenue,W01000220,Denbighshire 001C,Unable to prosecute suspect
953566e3d0d35c9d9abe4f338ef77fc7baa5fbb223e75dfbfefcd2593f7c94e1,2026-07,North Wales Police,North Wales Police,-3.715867,53.284988,On or near Maes-Y-Glyn,W01000145,Conwy 008B,Unable to prosecute suspect
3aaff51f0d7531002fc85efa5df2c1f69739f787ebe01afa2b1881d0966fac23,2026-07,North Wales Police,North Wales Police,-4.102164,52.793407,On or near Glanwerydd,W01002003,Gwynedd 013E,Unable to prosecute suspect
d490eff43acfbf04772a9a85e4732492d9bf0c33fc9ead13287f020ad8f2d630,2026-07,North Wales Police,North Wales Police,-3.024334,53.073758,On or near Heol-Yr-Eglwys,W01000378,Wrexham 004B,Unable to prosecute suspect
1fa3a47b476933bb2d83ae338d0b8b013045dac96499a7403fc4b7a4bc9af3d7,2026-07,North Wales Police,North Wales Police,-3.472735,53.322588,On or near Oakwood Road,W01000231,Denbighshire 017A,Unable to prosecute suspect
068ba302b13b63838c5c2f287c191831675147bec59ad2234a1461af90f1d8c3,2026-07,North Wales Police,North Wales Police,-3.133562,53.247225,On or near Barons Close,W01000288,Flintshire 004A,Unable to prosecute suspect
658c8c45ea23fc54f5c8d445245226af29bf41f5081612c139355736e98d347c,2026-07,North Wales Police,North Wales Police,-3.000658,53.095516,On or near Third Avenue,W01000392,Wrexham 003E,Unable to prosecute suspect
063726a1c477e9eb380ced4293bacc1956d9e128ca2110f9296d458e5bdc29ba,2026-07,North Wales Police,North Wales Police,-4.422248,52.880481,On or near Awel-y-Mor,W01000109,Gwynedd 012E,Unable to prosecute suspect
81c22a5e80c23fb455406d94c3f5c2aec732e3bb5770d5cc02016a84d4552bf2,2026-07,North Wales Police,North Wales Police,-3.326004,53.309954,On or near Cwrt Gwyntog,W01000338,Flintshire 001C,Unable to prosecute suspect
2a2032dd671e700436aa9430dcf46182e248244f9d158c014b8c75755ada8740,2026-07,North Wales Police,North Wales Police,-2.999469,53.048053,On or near Stryt Y Rhaglaw,W01000372,Wrexham 008C,Unable to prosecute suspect
8ef2aec2873d2adabeb34d01368ee22e618c2db06a7c0dacb3d8321d331842e5,2026-07,North Wales Police,North Wales Police,-2.996436,53.047233,On or near Duke Street,W01000372,Wrexham 008C,Suspect charged
60d8eee05de84080c1be7131d3ca8c91d80c1679974cd63caa84ced2ebd6b024,2026-07,North Wales Police,North Wales Police,-3.492521,53.311339,On or near Rhydwen Close,W01000237,Denbighshire 006B,Unable to prosecute suspect
63f52bbf0d195e08026baec937c2cee321593e42621b24035ba4ddee53275a59,2026-07,North Wales Police,North Wales Police,-4.258961,53.154557,On or near Ffordd Bangor,W01000093,Gwynedd 006B,Investigation complete; no suspect identified
f4ed22fc056139ba44d58692c00cd4df97eb373f25acf5a8a7479c6ec1d43980,2026-07,North Wales Police,North Wales Police,-4.522159,52.933456,On or near Ffordd Gwenllian,W01000095,Gwynedd 012C,Unable to prosecute suspect
1b0ad669c9616d9210b3c975c58dfa8cd8522452f7f4299fe9ea62416e53c617,2026-07,North Wales Police,North Wales Police,-2.982101,53.064945,On or near Heol Dinas,W01000341,Wrexham 023C,Investigation complete; no suspect identified
bd02f9231b533675356bf89c90b0ad2fd1bac8d635263b85f062621231c8fb3b,2026-07,North Wales Police,North Wales Police,-3.525621,53.308053,On or near Sea View Court,W01000149,Conwy 005A,Unable to prosecute suspect
8af72be3a097e8e11202b030b49329dce287c7e6e5ffe59ef5d3ccf4d19b7394,2026-07,North Wales Police,North Wales Police,-3.239635,53.279178,On or near Holway Road,W01000306,Flintshire 002A,Unable to prosecute suspect
d27e220daafeb9d296da0617ff67076a0cdda33df12f8030a85ab41bc91f6f44,2026-07,North Wales Police,North Wales Police,-4.627907,53.306177,On or near Wian Street,W01000029,Isle of Anglesey 003C,Investigation complete; no suspect identified
32de50028e9c1312c8339f382a3b32dfb00d351c6053013408857ad52df6d850,2026-07,North Wales Police,North Wales Police,-3.830485,53.325150,On or near Ty Isa Road,W01000146,Conwy 001B,Suspect charged
4e4e07ec8e30e6b88953c6d3f0d41b30cc1478dff537ee1977a606c3e632beb1,2026-07,North Wales Police,North Wales Police,-3.131842,53.241119,On or near Coed Onn Road,W01000294,Flintshire 005C,Unable to prosecute suspect
2ac8ce49f4d608f6618b43480fb3b208c310e223254765cd70eab27a3f0d2739,2026-07,North Wales Police,North Wales Police,-3.470376,53.322959,On or near Tynewydd Court,W01000231,Denbighshire 017A,Unable to prosecute suspect
974227824467ef09ca55db62dc85dcb425f2aaa17615ce801f88eb4ec7a30aee,2026-07,North Wales Police,North Wales Police,-3.143016,53.168388,On or near Stryd Fawr,W01000314,Flintshire 016B,Investigation complete; no suspect identified
264c814b4ca529a9cf20aa120603cf2ef07db7091bd6196f67826bc431fbb651,2026-07,North Wales Police,North Wales Police,-3.062097,53.016056,On or near Maes-Y-Gornel,W01000411,Wrexham 015C,Unable to prosecute suspect
66f37ffe8696a1b36850bf6e528987841543c9ec999f839fa49158b648a2d138,2026-07,North Wales Police,North Wales Police,-3.062097,53.016056,On or near Maes-Y-Gornel,W01000411,Wrexham 015C,Unable to prosecute suspect
52c700bea178472347ec8ec4a0e0fb970db7a5420f799bd793da33749620ec5b,2026-07,North Wales Police,North Wales Police,-3.742597,53.304441,On or near Whitehall Road,W01000155,Conwy 004A,Suspect charged
b56395222d3eb8dabc529a650fec4bcad50da99e7651b1fc4a531a639e900ec1,2026-07,North Wales Police,North Wales Police,-3.461191,53.313867,On or near Bro Deg,W01000234,Denbighshire 017G,Unable to prosecute suspect
1ac18f8927ab14bfad1203b724cb2dd27596d37de2cdfc465128ae78396510ad,2026-07,North Wales Police,North Wales Police,-4.300913,53.257598,On or near Lon Talwrn,W01000041,Isle of Anglesey 006D,Unable to prosecute suspect
79346e7f6e55c43b48896fd17e31474c4ef22ebbdea65d3cee9e510250114d06,2026-07,North Wales Police,North Wales Police,-3.688892,53.290219,On or near Heather Close,W01000128,Conwy 009C,Unable to prosecute suspect
7e918214a1f83cc59fa7e64b5cab709ddc9676d18213334a588cb1182482c7ff,2026-07,North Wales Police,North Wales Police,-4.147964,53.243416,On or near Bro Llewelyn,W01000013,Isle of Anglesey 005B,Unable to prosecute suspect
15be92c8b7ecbd37541ecb6b2fa1facf846bf8f347de6d132f1c43ce7a10eae3,2026-07,North Wales Police,North Wales Police,-3.740409,53.311548,On or near Parking Area,W01000156,Conwy 004B,Suspect charged
8de17c4666b898c267c8d6a301272cdd2f6c755040ce5427a1ef9e942da90cec,2026-07,North Wales Police,North Wales Police,-3.382420,52.989164,On or near Bro Hafryn,W01000193,Denbighshire 015A,Unable to prosecute suspect
1fb42616ea431c38dff47a862157ffcadf43757a5e1079eca0231825da2ccb38,2026-07,North Wales Police,North Wales Police,-3.038244,53.212505,On or near Shotton,W01000334,Flintshire 009C,Investigation complete; no suspect identified
cab337677e50e4f0b82c0b37a43b174ddaddf79557ba00a802d2296584353f85,2026-07,North Wales Police,North Wales Police,-4.143288,53.221249,On or near Lon Ogwen,W01000072,Gwynedd 002B,Unable to prosecute suspect
ee09c8ab0d9ddd6da7a4547f634e282a91d8013add0b82e96b4308c2f826d727,2026-07,North Wales Police,North Wales Police,-3.495101,53.270917,On or near Parking Area,W01000191,Denbighshire 009A,Investigation complete; no suspect identified
f4229c5f6334095d27d6b7d0d570255cb086e29fb106182d1bd14f512e203d55,2026-07,North Wales Police,North Wales Police,-3.835023,53.326617,On or near Water Street,W01000146,Conwy 001B,Investigation complete; no suspect identified
da4543757fb57f8b8442f5f5c0f25f5b934a4373fab5949154a60b2d2f475df3,2026-07,North Wales Police,North Wales Police,-3.502745,53.315247,On or near Sydenham Avenue,W01000241,Denbighshire 004F,Unable to prosecute suspect
78f395cf76b3b159af6d0f7095f7ad40c5a12ac36c9945d3ab55277e169be7b0,2026-07,North Wales Police,North Wales Police,-2.884453,53.079294,On or near Frog Lane,W01000384,Wrexham 022C,Investigation complete; no suspect identified
150b84baa4ebf0acbd631c4059a8a9958f3f57fb534f50eb8457331cf6fabb4c,2026-07,North Wales Police,North Wales Police,-3.423134,53.183214,On or near Lenten Pool,W01000199,Denbighshire 011C,Investigation complete; no suspect identified
b1246e838dde89c5665d9cd63c693702f6302d1807e3b690a4a5fee84996d56c,2026-07,North Wales Police,North Wales Police,-2.968780,53.046563,On or near Wyndham Gardens,W01001969,Wrexham 010F,Investigation complete; no suspect identified
93270f2bbef023767a82c9d94d9c93fc4f741e00a7b434689136a6a7e8af1030,2026-07,North Wales Police,North Wales Police,-3.761850,53.308410,On or near Dinerth Close,W01000158,Conwy 004D,Unable to prosecute suspect
88377e0941bc94b21a977ef7b88ed97fb982d2cf8108b8d90b56302722281839,2026-07,North Wales Police,North Wales Police,-3.408873,53.331468,On or near Nursery Close,W01000213,Denbighshire 002A,Unable to prosecute suspect
c946d5148cad65d627f373eedff4b4df5f6d570081165948eb8da4cf81a521a1,2026-07,North Wales Police,North Wales Police,-3.012138,53.211642,On or near Bartlet Close,W01000332,Flintshire 009A,Local resolution
bcf1776d6499e003bbf74caaae40f17ff0b8d9d2c9352f15f1259044973f276c,2026-07,North Wales Police,North Wales Police,-3.023790,53.069672,On or near Hamlington Avenue,W01000379,Wrexham 004C,Investigation complete; no suspect identified
62939dac5b2bf663e792d99e92bc44ca3da5352840b2dbca16e96412cd814706,2026-07,North Wales Police,North Wales Police,-4.135669,53.291931,On or near Sports/Recreation Area,W01000035,Isle of Anglesey 005E,Suspect charged
10f468450077784e36e1303156dc2b1e6134ca53aa667af7133f93bf8c88f86c,2026-07,North Wales Police,North Wales Police,-4.163000,53.227734,On or near Parking Area,W01000011,Isle of Anglesey 008B,Unable to prosecute suspect
3ccd138648212edba5d3d0b39af448b2ec24b66c5df1141cb432d9b221eef5db,2026-07,North Wales Police,North Wales Police,-3.036996,53.211069,On or near B5129,W01000334,Flintshire 009C,Investigation complete; no suspect identified
31fbbe7b00bff056fd7d78962f74876411311561641730a5bb99c575feaf066e,2026-07,North Wales Police,North Wales Police,-3.244808,53.230114,On or near Bryn Tirion,W01000270,Flintshire 006B,Unable to prosecute suspect
6841d5f2d91c78d009db53a884f5e1d1c39df119854f8d1836260afbbc68c6a3,2026-07,North Wales Police,North Wales Police,-3.590435,53.283140,On or near Clifton Rise,W01000141,Conwy 010C,Unable to prosecute suspect
30d26bb92bc052dba7f84862edda3b9ab19879aa5ed75deb6f11b310c51af3d9,2026-07,North Wales Police,North Wales Police,-3.459404,53.313394,On or near Maes Gaer,W01000229,Denbighshire 017E,Suspect charged
05aa7178bc428d524b25190c483d16b251a94bd77ec0d778c05ff9a2489acd61,2026-07,North Wales Police,North Wales Police,-3.480177,53.320707,On or near Coventry Drive,W01000231,Denbighshire 017A,Unable to prosecute suspect
8759b30de1858d58e6d130239e41c02d9ba5a6f3fc71fc22ca4f2249ca20b1fc,2026-07,North Wales Police,North Wales Police,-3.272332,53.125580,On or near Lon Y Mynydd,W01000204,Denbighshire 013B,Action to be taken by another organisation
641685aab3cf2e5d7b680fc08ffcedc175f1fe2aa9144fd06e4ea57a25d2775c,2026-07,North Wales Police,North Wales Police,-4.106707,53.203246,On or near Llys-y-gwynt Service Area,W01000050,Gwynedd 003A,Unable to prosecute suspect
d1afa8e86aa0733b54a591469994cf1d38097a9d80ee38b07a1b141dd9347dc2,2026-07,North Wales Police,North Wales Police,-3.464003,53.318390,On or near Bron Haul,W01000232,Denbighshire 017B,Investigation complete; no suspect identified
09263424f383ee01641eb43f2b8a51062c9fe0377505d2e397c4efcd1632047f,2026-07,North Wales Police,North Wales Police,-3.580515,53.294797,On or near Ger Y Mor,W01001928,Conwy 010H,Unable to prosecute suspect
f625d8bd1db0a876b37d0210371aad56f47b7a19c78ab51a7fc6c2997ab565ce,2026-07,North Wales Police,North Wales Police,-3.012984,53.211356,On or near Cleveland Grove,W01000332,Flintshire 009A,Unable to prosecute suspect
3292e6eec323a2628472df77d6f422964a91326e7ed7489c919dbe424c86e618,2026-07,North Wales Police,North Wales Police,-4.366549,53.374974,On or near Stad Gwynfryn,W01000021,Isle of Anglesey 002C,Unable to prosecute suspect
bf4e820994825ec3f633453a4b2bc2f7c480f9ab955f6a82f6c2b0c0e2bd5bde,2026-07,North Wales Police,North Wales Police,-3.824409,53.322096,On or near Vaughan Street,W01000169,Conwy 001D,Unable to prosecute suspect
defc2ecc9f5f84cfe7bf67db9bd06dee3fd29ac64dce3fc8ea21cef89e7256d3,2026-07,North Wales Police,North Wales Police,-3.704086,53.288232,On or near Hillside Avenue,W01000138,Conwy 008A,Unable to prosecute suspect
a060d5caec58cff74f3e6c0c6d7e9b98833f28afc78675bfec0fbbb79a8af3b4,2026-07,North Wales Police,North Wales Police,-4.307213,53.260713,On or near B5110,W01000041,Isle of Anglesey 006D,Local resolution
f0c254251eec886f8df5cfaa3ade623f66dc1d6ce94c6cf5d718a79422cd0699,2026-07,North Wales Police,North Wales Police,-3.051665,53.065788,On or near Ingot Close,W01000347,Wrexham 006A,Unable to prosecute suspect
8a67c5e523320b6e9cae934835134ee3637521e21c4bf1e2b949ea0c8956ed4f,2026-07,North Wales Police,North Wales Police,-4.081943,52.588090,On or near Pendre Gardens,W01000116,Gwynedd 017D,Investigation complete; no suspect identified
c4bad3c929449c8a332bcb89a476327493b104ce2a9bd1825f3969241495c57c,2026-07,North Wales Police,North Wales Police,-3.824409,53.322096,On or near Vaughan Street,W01000169,Conwy 001D,Unable to prosecute suspect
756ea575e41d8ff9e17d2b004408f9e5e03f665f376a4eb3d3fdb35786e309c1,2026-07,North Wales Police,North Wales Police,-3.777827,53.313972,On or near Rhys Evans Close,W01000173,Conwy 003B,Suspect charged
3f0a2c7f7c3943f795ebfc50da24fc9f0b7675372632f6ae6f499a68bb30354c,2026-07,North Wales Police,North Wales Police,-3.777827,53.313972,On or near Rhys Evans Close,W01000173,Conwy 003B,Suspect charged
