Type,Date,Part of a policing operation,Policing operation,Latitude,Longitude,Gender,Age range,Self-defined ethnicity,Officer-defined ethnicity,Legislation,Object of search,Outcome,Outcome linked to object of search,Removal of more than just outer clothing
Person search,2026-06-30T23:07:00+00:00,False,,51.573356,0.461099,Male,,White - English/Welsh/Scottish/Northern Irish/British,White,Misuse of Drugs Act 1971 (section 23),,A no further action disposal,,
Person search,2026-06-30T23:07:00+00:00,False,,51.573356,0.461099,Male,,White - English/Welsh/Scottish/Northern Irish/British,White,Misuse of Drugs Act 1971 (section 23),,A no further action disposal,,
Vehicle search,2026-06-30T23:07:00+00:00,False,,51.573356,0.461099,,,,,Misuse of Drugs Act 1971 (section 23),,A no further action disposal,,
Person search,2026-06-30T23:07:00+00:00,False,,51.573356,0.461099,Male,,White - English/Welsh/Scottish/Northern Irish/British,White,Misuse of Drugs Act 1971 (section 23),,Arrest,,
Person search,2026-06-30T23:07:00+00:00,False,,51.573356,0.461099,Male,25-34,White - English/Welsh/Scottish/Northern Irish/British,White,Misuse of Drugs Act 1971 (section 23),,A no further action disposal,,
Person search,2026-07-01T02:07:00+00:00,False,,51.749568,0.134630,Male,over 34,Other ethnic group - Any other ethnic group,White,Police and Criminal Evidence Act 1984 (section 1),,A no further action disposal,,
Person search,2026-07-01T02:07:00+00:00,False,,51.749568,0.134630,Female,over 34,White - Any other White background,White,Police and Criminal Evidence Act 1984 (section 1),,A no further action disposal,,
Person search,2026-07-01T03:07:00+00:00,False,,,,Female,18-24,Other ethnic group - Any other ethnic group,White,Police and Criminal Evidence Act 1984 (section 1),,A no further action disposal,,
Person search,2026-07-01T03:07:00+00:00,False,,,,Female,over 34,Other ethnic group - Any other ethnic group,White,Police and Criminal Evidence Act 1984 (section 1),,A no further action disposal,,
Person search,2026-07-01T03:07:00+00:00,False,,,,Female,25-34,White - Any other White background,White,Police and Criminal Evidence Act 1984 (section 1),,A no further action disposal,,
Person search,2026-07-01T05:07:00+00:00,True,,51.757559,0.117880,Male,over 34,White - English/Welsh/Scottish/Northern Irish/British,White,Misuse of Drugs Act 1971 (section 23),,Arrest,,
Person search,2026-07-01T09:07:00+00:00,False,,51.802978,0.621171,Male,10-17,,White,Misuse of Drugs Act 1971 (section 23),,Arrest,,
Person search,2026-07-01T10:07:00+00:00,False,,51.895141,0.268499,Male,over 34,,White,Police and Criminal Evidence Act 1984 (section 1),,A no further action disposal,,
Person search,2026-07-01T11:07:00+00:00,False,,51.486555,0.283058,Female,over 34,White - Any other White background,White,Police and Criminal Evidence Act 1984 (section 1),,A no further action disposal,,
Person search,2026-07-01T11:07:00+00:00,False,,51.548943,0.713703,Male,25-34,White - English/Welsh/Scottish/Northern Irish/British,White,Police and Criminal Evidence Act 1984 (section 1),,A no further action disposal,,
Person search,2026-07-01T11:07:00+00:00,False,,51.486555,0.283058,Male,25-34,White - Any other White background,White,Police and Criminal Evidence Act 1984 (section 1),,A no further action disposal,,
Person search,2026-07-01T13:07:00+00:00,False,,51.522678,0.577517,Male,over 34,White - English/Welsh/Scottish/Northern Irish/British,White,Misuse of Drugs Act 1971 (section 23),,Caution (simple or conditional),,
Vehicle search,2026-07-01T13:07:00+00:00,False,,51.758643,0.111105,,,,,Police and Criminal Evidence Act 1984 (section 1),,A no further action disposal,,
Person search,2026-07-01T13:07:00+00:00,False,,51.617731,0.294559,Male,over 34,,White,Misuse of Drugs Act 1971 (section 23),,A no further action disposal,,
Vehicle search,2026-07-01T14:07:00+00:00,False,,51.522678,0.577517,,,,,Misuse of Drugs Act 1971 (section 23),,Caution (simple or conditional),,
Person search,2026-07-01T15:07:00+00:00,False,,51.562121,0.502047,Male,10-17,White - English/Welsh/Scottish/Northern Irish/British,White,Police and Criminal Evidence Act 1984 (section 1),,A no further action disposal,,
Person search,2026-07-01T16:07:00+00:00,False,,51.865261,0.336833,Male,18-24,White - English/Welsh/Scottish/Northern Irish/British,White,Misuse of Drugs Act 1971 (section 23),,Arrest,,
Person search,2026-07-01T16:07:00+00:00,False,,51.562121,0.502047,Male,10-17,White - English/Welsh/Scottish/Northern Irish/British,White,Police and Criminal Evidence Act 1984 (section 1),,A no further action disposal,,
Person and Vehicle search,2026-07-01T16:07:00+00:00,False,,51.786162,0.643194,Male,25-34,White - English/Welsh/Scottish/Northern Irish/British,White,Misuse of Drugs Act 1971 (section 23),,A no further action disposal,,
Person search,2026-07-01T16:07:00+00:00,False,,51.451479,0.363684,Male,10-17,Other ethnic group - Not stated,White,Police and Criminal Evidence Act 1984 (section 1),,A no further action disposal,,
Person search,2026-07-01T17:07:00+00:00,False,,51.571045,0.459805,Male,,Black/African/Caribbean/Black British - Any other Black/African/Caribbean background,Black,Misuse of Drugs Act 1971 (section 23),,A no further action disposal,,
Person search,2026-07-01T18:07:00+00:00,False,,51.646389,0.081891,Female,25-34,White - English/Welsh/Scottish/Northern Irish/British,White,Misuse of Drugs Act 1971 (section 23),,A no further action disposal,,
Person search,2026-07-01T18:07:00+00:00,False,,51.800053,0.641367,Male,18-24,White - English/Welsh/Scottish/Northern Irish/British,White,Misuse of Drugs Act 1971 (section 23),,Community resolution,,
Person search,2026-07-01T18:07:00+00:00,False,,51.571045,0.459805,Male,10-17,Mixed/Multiple ethnic groups - Any other Mixed/Multiple ethnic background,Mixed,Misuse of Drugs Act 1971 (section 23),,A no further action disposal,,
Person search,2026-07-01T19:07:00+00:00,False,,51.619167,0.045657,Male,10-17,Other ethnic group - Not stated,Black,Misuse of Drugs Act 1971 (section 23),,Community resolution,,
Person search,2026-07-01T22:07:00+00:00,False,,51.554546,0.446335,Male,18-24,White - English/Welsh/Scottish/Northern Irish/British,White,Misuse of Drugs Act 1971 (section 23),,Community resolution,,
Person search,2026-07-01T22:07:00+00:00,False,,51.554546,0.446335,Male,18-24,White - English/Welsh/Scottish/Northern Irish/British,White,Misuse of Drugs Act 1971 (section 23),,A no further action disposal,,
Person search,2026-07-01T22:07:00+00:00,False,,51.554546,0.446335,Male,18-24,White - English/Welsh/Scottish/Northern Irish/British,White,Misuse of Drugs Act 1971 (section 23),,A no further action disposal,,
Vehicle search,2026-07-01T22:07:00+00:00,False,,51.554546,0.446335,,,,,Misuse of Drugs Act 1971 (section 23),,Community resolution,,
Person search,2026-07-01T23:07:00+00:00,False,,51.584927,0.465131,Male,,Other ethnic group - Not stated,White,Misuse of Drugs Act 1971 (section 23),,A no further action disposal,,
Person search,2026-07-01T23:07:00+00:00,False,,51.568529,0.450246,Male,,,White,Police and Criminal Evidence Act 1984 (section 1),,Arrest,,
Vehicle search,2026-07-02T00:07:00+00:00,False,,51.522133,0.435140,,,,,Misuse of Drugs Act 1971 (section 23),,A no further action disposal,,
Person search,2026-07-02T00:07:00+00:00,False,,51.522133,0.435140,Male,18-24,White - English/Welsh/Scottish/Northern Irish/British,White,Misuse of Drugs Act 1971 (section 23),,A no further action disposal,,
Person search,2026-07-02T00:07:00+00:00,False,,51.522133,0.435140,Male,,Mixed/Multiple ethnic groups - Any other Mixed/Multiple ethnic background,Black,Misuse of Drugs Act 1971 (section 23),,A no further action disposal,,
Person search,2026-07-02T00:07:00+00:00,False,,51.522133,0.435140,Female,,White - English/Welsh/Scottish/Northern Irish/British,White,Misuse of Drugs Act 1971 (section 23),,A no further action disposal,,
Person search,2026-07-02T00:07:00+00:00,False,,51.522133,0.435140,Male,18-24,Black/African/Caribbean/Black British - Any other Black/African/Caribbean background,Black,Misuse of Drugs Act 1971 (section 23),,A no further action disposal,,
Person search,2026-07-02T00:07:00+00:00,False,,51.944986,1.078015,Female,18-24,White - English/Welsh/Scottish/Northern Irish/British,White,Police and Criminal Evidence Act 1984 (section 1),,A no further action disposal,,
Vehicle search,2026-07-02T01:07:00+00:00,False,,51.477481,0.305722,,,,,Misuse of Drugs Act 1971 (section 23),,A no further action disposal,,
Vehicle search,2026-07-02T01:07:00+00:00,False,,51.477481,0.305722,,,,,Misuse of Drugs Act 1971 (section 23),,A no further action disposal,,
Person search,2026-07-02T01:07:00+00:00,False,,51.477481,0.305722,Male,10-17,White - English/Welsh/Scottish/Northern Irish/British,White,Misuse of Drugs Act 1971 (section 23),,A no further action disposal,,
Person search,2026-07-02T01:07:00+00:00,False,,51.477823,0.307297,Male,25-34,Other ethnic group - Not stated,Black,Misuse of Drugs Act 1971 (section 23),,Community resolution,,
Person search,2026-07-02T01:07:00+00:00,False,,51.532265,0.727044,Male,over 34,,White,Police and Criminal Evidence Act 1984 (section 1),,A no further action disposal,,
Person search,2026-07-02T08:07:00+00:00,False,,51.492288,0.272267,Male,10-17,Black/African/Caribbean/Black British - African,Black,Police and Criminal Evidence Act 1984 (section 1),,A no further action disposal,,
Person search,2026-07-02T09:07:00+00:00,False,,51.734696,0.471233,Male,over 34,White - English/Welsh/Scottish/Northern Irish/British,White,Misuse of Drugs Act 1971 (section 23),,Community resolution,,
Person search,2026-07-02T10:07:00+00:00,False,,51.731159,0.473067,Male,18-24,Black/African/Caribbean/Black British - Any other Black/African/Caribbean background,Black,Misuse of Drugs Act 1971 (section 23),,A no further action disposal,,
Person search,2026-07-02T10:07:00+00:00,False,,51.731093,0.474512,Male,18-24,White - English/Welsh/Scottish/Northern Irish/British,White,Misuse of Drugs Act 1971 (section 23),,A no further action disposal,,
Person search,2026-07-02T12:07:00+00:00,False,,51.716908,0.582020,Male,25-34,White - English/Welsh/Scottish/Northern Irish/British,White,Misuse of Drugs Act 1971 (section 23),,Arrest,,
Person search,2026-07-02T12:07:00+00:00,False,,51.567667,0.438540,Male,18-24,White - English/Welsh/Scottish/Northern Irish/British,White,Misuse of Drugs Act 1971 (section 23),,A no further action disposal,,
Vehicle search,2026-07-02T12:07:00+00:00,False,,51.716908,0.582020,,,,,Misuse of Drugs Act 1971 (section 23),,Arrest,,
Person search,2026-07-02T12:07:00+00:00,False,,51.716908,0.582020,Female,over 34,White - English/Welsh/Scottish/Northern Irish/British,White,Misuse of Drugs Act 1971 (section 23),,Arrest,,
Vehicle search,2026-07-02T12:07:00+00:00,False,,51.572423,0.424276,,,,,Misuse of Drugs Act 1971 (section 23),,Arrest,,
Vehicle search,2026-07-02T13:07:00+00:00,False,,51.568753,0.455886,,,,,Misuse of Drugs Act 1971 (section 23),,A no further action disposal,,
Person search,2026-07-02T15:07:00+00:00,False,,51.569623,0.457942,Male,over 34,White - English/Welsh/Scottish/Northern Irish/British,White,Police and Criminal Evidence Act 1984 (section 1),,Community resolution,,
Person search,2026-07-02T16:07:00+00:00,False,,51.533578,0.715788,Male,25-34,White - English/Welsh/Scottish/Northern Irish/British,White,Misuse of Drugs Act 1971 (section 23),,Community resolution,,
Person search,2026-07-02T16:07:00+00:00,False,,51.568814,0.459410,Male,,,Mixed,Misuse of Drugs Act 1971 (section 23),,A no further action disposal,,
Person search,2026-07-02T16:07:00+00:00,False,,51.569134,0.458749,Male,,Mixed/Multiple ethnic groups - Any other Mixed/Multiple ethnic background,Black,Misuse of Drugs Act 1971 (section 23),,A no further action disposal,,
Person and Vehicle search,2026-07-02T18:07:00+00:00,False,,51.537127,0.741439,Male,18-24,White - English/Welsh/Scottish/Northern Irish/British,White,Misuse of Drugs Act 1971 (section 23),,A no further action disposal,,
Person search,2026-07-02T18:07:00+00:00,False,,51.713129,0.523766,Male,25-34,White - English/Welsh/Scottish/Northern Irish/British,White,Misuse of Drugs Act 1971 (section 23),,Community resolution,,
Person search,2026-07-02T18:07:00+00:00,False,,51.713129,0.523766,Female,25-34,,White,Misuse of Drugs Act 1971 (section 23),,Community resolution,,
Person search,2026-07-02T19:07:00+00:00,False,,51.942214,1.256788,Male,10-17,White - English/Welsh/Scottish/Northern Irish/British,White,Police and Criminal Evidence Act 1984 (section 1),,A no further action disposal,,
Person search,2026-07-02T19:07:00+00:00,False,,51.942214,1.256788,Female,18-24,White - English/Welsh/Scottish/Northern Irish/British,White,Police and Criminal Evidence Act 1984 (section 1),,A no further action disposal,,
Person search,2026-07-02T19:07:00+00:00,False,,51.809791,0.626993,Male,10-17,Other ethnic group - Any other ethnic group,White,Misuse of Drugs Act 1971 (section 23),,A no further action disposal,,
Person search,2026-07-02T19:07:00+00:00,False,,,,Male,18-24,White - English/Welsh/Scottish/Northern Irish/British,White,Misuse of Drugs Act 1971 (section 23),,A no further action disposal,,
Person search,2026-07-02T19:07:00+00:00,False,,51.808637,0.625939,Female,10-17,White - English/Welsh/Scottish/Northern Irish/British,White,Police and Criminal Evidence Act 1984 (section 1),,A no further action disposal,,
Person search,2026-07-02T19:07:00+00:00,False,,,,Other,over 34,White - Any other White background,Other,Police and Criminal Evidence Act 1984 (section 1),,A no further action disposal,,
Person search,2026-07-02T19:07:00+00:00,False,,51.616501,0.424587,Male,18-24,,White,Misuse of Drugs Act 1971 (section 23),,A no further action disposal,,
Person and Vehicle search,2026-07-02T19:07:00+00:00,False,,51.723582,0.478851,Male,18-24,White - English/Welsh/Scottish/Northern Irish/British,White,Misuse of Drugs Act 1971 (section 23),,A no further action disposal,,
Person search,2026-07-02T19:07:00+00:00,False,,51.880902,0.562914,Male,over 34,White - English/Welsh/Scottish/Northern Irish/British,White,Misuse of Drugs Act 1971 (section 23),,A no further action disposal,,
Vehicle search,2026-07-02T19:07:00+00:00,False,,51.880902,0.562914,,,,,Misuse of Drugs Act 1971 (section 23),,A no further action disposal,,
Person search,2026-07-02T19:07:00+00:00,False,,51.539368,0.703441,Male,25-34,White - English/Welsh/Scottish/Northern Irish/British,White,Police and Criminal Evidence Act 1984 (section 1),,A no further action disposal,,
Person and Vehicle search,2026-07-02T19:07:00+00:00,False,,51.564078,0.484868,Male,25-34,White - English/Welsh/Scottish/Northern Irish/British,White,Misuse of Drugs Act 1971 (section 23),,A no further action disposal,,
Person search,2026-07-02T19:07:00+00:00,False,,51.942214,1.256788,Male,10-17,White - English/Welsh/Scottish/Northern Irish/British,White,Police and Criminal Evidence Act 1984 (section 1),,A no further action disposal,,
Person search,2026-07-02T19:07:00+00:00,False,,51.942214,1.256788,Male,10-17,White - English/Welsh/Scottish/Northern Irish/British,White,Police and Criminal Evidence Act 1984 (section 1),,A no further action disposal,,
Person search,2026-07-02T19:07:00+00:00,False,,51.942214,1.256788,Male,10-17,White - English/Welsh/Scottish/Northern Irish/British,White,Police and Criminal Evidence Act 1984 (section 1),,A no further action disposal,,
Person search,2026-07-02T19:07:00+00:00,False,,51.718312,0.681093,Male,18-24,Other ethnic group - Not stated,Mixed,Misuse of Drugs Act 1971 (section 23),,A no further action disposal,,
Vehicle search,2026-07-02T20:07:00+00:00,False,,51.605676,0.484251,,,,,Misuse of Drugs Act 1971 (section 23),,A no further action disposal,,
Person search,2026-07-02T20:07:00+00:00,False,,51.895141,0.268499,Male,over 34,Other ethnic group - Not stated,White,Police and Criminal Evidence Act 1984 (section 1),,A no further action disposal,,
Person search,2026-07-02T20:07:00+00:00,False,,51.767276,0.096015,Male,25-34,,White,Police and Criminal Evidence Act 1984 (section 1),,Arrest,,
Person search,2026-07-02T20:07:00+00:00,False,,51.605676,0.484251,Female,25-34,White - English/Welsh/Scottish/Northern Irish/British,White,Misuse of Drugs Act 1971 (section 23),,A no further action disposal,,
Person search,2026-07-02T20:07:00+00:00,False,,51.605676,0.484251,Male,over 34,White - English/Welsh/Scottish/Northern Irish/British,White,Misuse of Drugs Act 1971 (section 23),,A no further action disposal,,
Vehicle search,2026-07-02T20:07:00+00:00,False,,51.538773,0.705425,,,,,Misuse of Drugs Act 1971 (section 23),,Arrest,,
Person search,2026-07-02T20:07:00+00:00,False,,51.538773,0.705425,Female,,,White,Misuse of Drugs Act 1971 (section 23),,A no further action disposal,,
Person search,2026-07-02T20:07:00+00:00,False,,51.575587,0.501040,Male,10-17,White - English/Welsh/Scottish/Northern Irish/British,White,Police and Criminal Evidence Act 1984 (section 1),,A no further action disposal,,
Vehicle search,2026-07-02T22:07:00+00:00,False,,51.540765,0.707966,,,,,Misuse of Drugs Act 1971 (section 23),,A no further action disposal,,
Person search,2026-07-02T22:07:00+00:00,False,,51.582385,0.486271,Male,18-24,White - English/Welsh/Scottish/Northern Irish/British,White,Misuse of Drugs Act 1971 (section 23),,Community resolution,,
Person search,2026-07-02T22:07:00+00:00,False,,51.582385,0.486271,Male,,White - English/Welsh/Scottish/Northern Irish/British,White,Misuse of Drugs Act 1971 (section 23),,Community resolution,,
Person search,2026-07-02T22:07:00+00:00,True,,51.582385,0.486271,Male,18-24,White - English/Welsh/Scottish/Northern Irish/British,White,Psychoactive Substances Act 2016 (s36(2)),,Community resolution,,
Person search,2026-07-02T22:07:00+00:00,False,,51.540765,0.707966,Male,over 34,Asian/Asian British - Any other Asian background,Asian,Misuse of Drugs Act 1971 (section 23),,A no further action disposal,,
Person search,2026-07-02T23:07:00+00:00,False,,51.583423,0.705984,Male,10-17,White - English/Welsh/Scottish/Northern Irish/British,White,Police and Criminal Evidence Act 1984 (section 1),,A no further action disposal,,
Person search,2026-07-02T23:07:00+00:00,False,,51.758608,0.496377,Male,,,White,Misuse of Drugs Act 1971 (section 23),,A no further action disposal,,
Person search,2026-07-02T23:07:00+00:00,False,,51.758608,0.496377,Male,,,White,Misuse of Drugs Act 1971 (section 23),,A no further action disposal,,
Person search,2026-07-02T23:07:00+00:00,False,,51.758608,0.496377,Male,10-17,White - English/Welsh/Scottish/Northern Irish/British,White,Misuse of Drugs Act 1971 (section 23),,A no further action disposal,,
Person search,2026-07-02T23:07:00+00:00,False,,51.758608,0.496377,Male,,White - English/Welsh/Scottish/Northern Irish/British,White,Misuse of Drugs Act 1971 (section 23),,A no further action disposal,,
Person search,2026-07-02T23:07:00+00:00,False,,51.758608,0.496377,Male,18-24,White - English/Welsh/Scottish/Northern Irish/British,White,Misuse of Drugs Act 1971 (section 23),,A no further action disposal,,
Person search,2026-07-02T23:07:00+00:00,False,,51.753740,0.077465,Male,18-24,White - Any other White background,White,Misuse of Drugs Act 1971 (section 23),,Arrest,,
Vehicle search,2026-07-02T23:07:00+00:00,False,,51.753740,0.077465,,,,,Misuse of Drugs Act 1971 (section 23),,Arrest,,
Vehicle search,2026-07-02T23:07:00+00:00,False,,51.753740,0.077465,,,,,Misuse of Drugs Act 1971 (section 23),,Arrest,,
Person search,2026-07-02T23:07:00+00:00,False,,51.583423,0.705984,Male,10-17,White - English/Welsh/Scottish/Northern Irish/British,White,Police and Criminal Evidence Act 1984 (section 1),,A no further action disposal,,
Person search,2026-07-03T00:07:00+00:00,False,,51.877062,0.897240,Male,10-17,White - Any other White background,White,Police and Criminal Evidence Act 1984 (section 1),,A no further action disposal,,
Person search,2026-07-03T00:07:00+00:00,False,,51.584927,0.465131,Male,18-24,White - Any other White background,White,Misuse of Drugs Act 1971 (section 23),,Community resolution,,
Person search,2026-07-03T01:07:00+00:00,False,,51.777709,0.116011,Male,,,White,Misuse of Drugs Act 1971 (section 23),,A no further action disposal,,
Person search,2026-07-03T01:07:00+00:00,False,,51.777709,0.116011,Male,,White - English/Welsh/Scottish/Northern Irish/British,White,Misuse of Drugs Act 1971 (section 23),,A no further action disposal,,
Person search,2026-07-03T01:07:00+00:00,False,,51.777709,0.116011,Male,,,Mixed,Misuse of Drugs Act 1971 (section 23),,A no further action disposal,,
Person search,2026-07-03T01:07:00+00:00,False,,51.777709,0.116011,Male,,,White,Misuse of Drugs Act 1971 (section 23),,A no further action disposal,,
Person and Vehicle search,2026-07-03T01:07:00+00:00,False,,51.536080,0.704458,Male,over 34,,Other,Misuse of Drugs Act 1971 (section 23),,Arrest,,
Person search,2026-07-03T02:07:00+00:00,False,,51.712635,0.152404,Male,over 34,White - English/Welsh/Scottish/Northern Irish/British,White,Police and Criminal Evidence Act 1984 (section 1),,Arrest,,
Person search,2026-07-03T02:07:00+00:00,False,,51.734026,0.472731,Male,over 34,White - English/Welsh/Scottish/Northern Irish/British,White,Misuse of Drugs Act 1971 (section 23),,A no further action disposal,,
Person search,2026-07-03T10:07:00+00:00,False,,51.682794,-0.000025,Male,10-17,White - English/Welsh/Scottish/Northern Irish/British,White,Police and Criminal Evidence Act 1984 (section 1),,A no further action disposal,,
Vehicle search,2026-07-03T10:07:00+00:00,False,,51.665581,0.002673,,,,,Misuse of Drugs Act 1971 (section 23),,A no further action disposal,,
Person search,2026-07-03T10:07:00+00:00,False,,51.665581,0.002673,Male,over 34,Other ethnic group - Not stated,Black,Misuse of Drugs Act 1971 (section 23),,A no further action disposal,,
Person search,2026-07-03T12:07:00+00:00,False,,51.540707,0.695256,Female,over 34,White - English/Welsh/Scottish/Northern Irish/British,White,Police and Criminal Evidence Act 1984 (section 1),,A no further action disposal,,
Person search,2026-07-03T12:07:00+00:00,False,,51.665581,0.002673,Male,18-24,White - English/Welsh/Scottish/Northern Irish/British,White,Misuse of Drugs Act 1971 (section 23),,Arrest,,
Person and Vehicle search,2026-07-03T12:07:00+00:00,False,,51.876057,0.556202,Male,18-24,White - English/Welsh/Scottish/Northern Irish/British,White,Misuse of Drugs Act 1971 (section 23),,Arrest,,
Person search,2026-07-03T12:07:00+00:00,False,,51.540707,0.695256,Male,,White - English/Welsh/Scottish/Northern Irish/British,White,Police and Criminal Evidence Act 1984 (section 1),,A no further action disposal,,
Person search,2026-07-03T12:07:00+00:00,False,,51.876280,0.554631,Male,10-17,Mixed/Multiple ethnic groups - Any other Mixed/Multiple ethnic background,Mixed,Misuse of Drugs Act 1971 (section 23),,A no further action disposal,,
Person search,2026-07-03T12:07:00+00:00,False,,51.540707,0.695256,Female,,,White,Police and Criminal Evidence Act 1984 (section 1),,A no further action disposal,,
Person search,2026-07-03T13:07:00+00:00,False,,51.709038,0.513666,Female,25-34,Other ethnic group - Not stated,White,Misuse of Drugs Act 1971 (section 23),,A no further action disposal,,
Person search,2026-07-03T13:07:00+00:00,False,,51.632206,0.814863,Male,18-24,White - English/Welsh/Scottish/Northern Irish/British,White,Misuse of Drugs Act 1971 (section 23),,A no further action disposal,,
Vehicle search,2026-07-03T13:07:00+00:00,False,,51.632206,0.814863,,,,,Misuse of Drugs Act 1971 (section 23),,A no further action disposal,,
Person search,2026-07-03T13:07:00+00:00,False,,51.498668,0.254475,Male,25-34,,White,Police and Criminal Evidence Act 1984 (section 1),,Arrest,,
Person and Vehicle search,2026-07-03T13:07:00+00:00,False,,51.662651,0.829028,Male,18-24,White - English/Welsh/Scottish/Northern Irish/British,White,Misuse of Drugs Act 1971 (section 23),,A no further action disposal,,
Person search,2026-07-03T13:07:00+00:00,False,,51.709038,0.513666,Male,over 34,Mixed/Multiple ethnic groups - White and Asian,Other,Misuse of Drugs Act 1971 (section 23),,A no further action disposal,,
Person search,2026-07-03T13:07:00+00:00,False,,51.709038,0.513666,Female,,,White,Misuse of Drugs Act 1971 (section 23),,A no further action disposal,,
Person search,2026-07-03T15:07:00+00:00,False,,51.571643,0.451034,Male,18-24,White - English/Welsh/Scottish/Northern Irish/British,White,Police and Criminal Evidence Act 1984 (section 1),,A no further action disposal,,
Person search,2026-07-03T15:07:00+00:00,False,,51.571643,0.451034,Male,,White - English/Welsh/Scottish/Northern Irish/British,White,Police and Criminal Evidence Act 1984 (section 1),,A no further action disposal,,
Person search,2026-07-03T15:07:00+00:00,False,,51.571643,0.451034,Male,18-24,Asian/Asian British - Any other Asian background,Asian,Police and Criminal Evidence Act 1984 (section 1),,Caution (simple or conditional),,
Person and Vehicle search,2026-07-03T17:07:00+00:00,False,,,,Male,25-34,White - Any other White background,White,Misuse of Drugs Act 1971 (section 23),,Arrest,,
Vehicle search,2026-07-03T17:07:00+00:00,False,,51.536098,0.718837,,,,,Police and Criminal Evidence Act 1984 (section 1),,Summons / charged by post,,
Person search,2026-07-03T17:07:00+00:00,False,,51.536358,0.718463,Male,over 34,Black/African/Caribbean/Black British - Any other Black/African/Caribbean background,White,Police and Criminal Evidence Act 1984 (section 1),,A no further action disposal,,
Person search,2026-07-03T17:07:00+00:00,False,,51.534198,0.714024,Male,25-34,Mixed/Multiple ethnic groups - Any other Mixed/Multiple ethnic background,Other,Police and Criminal Evidence Act 1984 (section 1),,Community resolution,,
Person search,2026-07-03T17:07:00+00:00,False,,51.534198,0.714024,Male,25-34,Mixed/Multiple ethnic groups - Any other Mixed/Multiple ethnic background,Other,Police and Criminal Evidence Act 1984 (section 1),,A no further action disposal,,
Person and Vehicle search,2026-07-03T18:07:00+00:00,False,,51.773674,0.095311,Male,over 34,Other ethnic group - Not stated,White,Misuse of Drugs Act 1971 (section 23),,A no further action disposal,,
Person search,2026-07-03T18:07:00+00:00,False,,51.773674,0.095311,Male,,,White,Misuse of Drugs Act 1971 (section 23),,A no further action disposal,,
Vehicle search,2026-07-03T18:07:00+00:00,False,,51.773674,0.095311,,,,,Misuse of Drugs Act 1971 (section 23),,A no further action disposal,,
Person search,2026-07-03T18:07:00+00:00,False,,51.463864,0.372962,Male,10-17,White - English/Welsh/Scottish/Northern Irish/British,White,Police and Criminal Evidence Act 1984 (section 1),,A no further action disposal,,
Person search,2026-07-03T18:07:00+00:00,False,,51.463864,0.372962,Male,10-17,White - English/Welsh/Scottish/Northern Irish/British,White,Police and Criminal Evidence Act 1984 (section 1),,A no further action disposal,,
Person search,2026-07-03T18:07:00+00:00,False,,51.463864,0.372962,Male,10-17,White - English/Welsh/Scottish/Northern Irish/British,White,Police and Criminal Evidence Act 1984 (section 1),,A no further action disposal,,
Person search,2026-07-03T18:07:00+00:00,False,,51.881568,0.806719,Male,25-34,White - English/Welsh/Scottish/Northern Irish/British,White,Police and Criminal Evidence Act 1984 (section 1),,Arrest,,
Person and Vehicle search,2026-07-03T19:07:00+00:00,False,,51.591252,0.478849,Male,25-34,Other ethnic group - Any other ethnic group,White,Police and Criminal Evidence Act 1984 (section 1),,A no further action disposal,,
Person search,2026-07-03T19:07:00+00:00,False,,51.547369,0.402836,Male,,Other ethnic group - Not stated,White,Police and Criminal Evidence Act 1984 (section 1),,A no further action disposal,,
Person search,2026-07-03T20:07:00+00:00,False,,51.591252,0.478849,Male,25-34,White - Any other White background,White,Police and Criminal Evidence Act 1984 (section 1),,A no further action disposal,,
Person search,2026-07-03T20:07:00+00:00,False,,51.685900,-0.027346,Male,18-24,White - English/Welsh/Scottish/Northern Irish/British,White,Police and Criminal Evidence Act 1984 (section 1),,A no further action disposal,,
Vehicle search,2026-07-03T20:07:00+00:00,False,,51.591252,0.478849,,,,,Police and Criminal Evidence Act 1984 (section 1),,A no further action disposal,,
Vehicle search,2026-07-03T20:07:00+00:00,False,,51.685900,-0.027346,,,,,Police and Criminal Evidence Act 1984 (section 1),,A no further action disposal,,
Person search,2026-07-03T20:07:00+00:00,True,,51.532950,0.720783,Male,,,White,Misuse of Drugs Act 1971 (section 23),,A no further action disposal,,
Person search,2026-07-03T20:07:00+00:00,True,,51.532950,0.720783,Male,,,White,Misuse of Drugs Act 1971 (section 23),,A no further action disposal,,
Person search,2026-07-03T20:07:00+00:00,True,,51.532950,0.720783,Male,,,Black,Misuse of Drugs Act 1971 (section 23),,A no further action disposal,,
Person search,2026-07-03T20:07:00+00:00,True,,51.532950,0.720783,Male,18-24,Other ethnic group - Not stated,White,Misuse of Drugs Act 1971 (section 23),,A no further action disposal,,
Person search,2026-07-03T20:07:00+00:00,False,,51.729720,0.482489,Male,18-24,Mixed/Multiple ethnic groups - Any other Mixed/Multiple ethnic background,Mixed,Misuse of Drugs Act 1971 (section 23),,Arrest,,
Person and Vehicle search,2026-07-03T22:07:00+00:00,False,,51.905629,0.968872,Female,over 34,White - English/Welsh/Scottish/Northern Irish/British,White,Misuse of Drugs Act 1971 (section 23),,A no further action disposal,,
Person search,2026-07-03T22:07:00+00:00,False,,51.905629,0.968872,Male,over 34,White - Any other White background,White,Misuse of Drugs Act 1971 (section 23),,Arrest,,
Person and Vehicle search,2026-07-03T22:07:00+00:00,False,,51.730790,0.449499,Male,25-34,Other ethnic group - Not stated,White,Misuse of Drugs Act 1971 (section 23),,A no further action disposal,,
Person search,2026-07-03T23:07:00+00:00,False,,51.734252,0.475249,Male,18-24,Other ethnic group - Any other ethnic group,White,Misuse of Drugs Act 1971 (section 23),,Community resolution,,
Person search,2026-07-03T23:07:00+00:00,False,,51.737938,0.464196,Male,18-24,White - English/Welsh/Scottish/Northern Irish/British,White,Misuse of Drugs Act 1971 (section 23),,Community resolution,,
Person search,2026-07-03T23:07:00+00:00,False,,51.584927,0.465131,Male,18-24,White - English/Welsh/Scottish/Northern Irish/British,White,Misuse of Drugs Act 1971 (section 23),,Community resolution,,
Person search,2026-07-03T23:07:00+00:00,False,,51.584927,0.465131,Male,18-24,White - English/Welsh/Scottish/Northern Irish/British,White,Misuse of Drugs Act 1971 (section 23),,A no further action disposal,,
Person search,2026-07-03T23:07:00+00:00,True,,51.731093,0.474512,Male,18-24,Black/African/Caribbean/Black British - Any other Black/African/Caribbean background,Black,Misuse of Drugs Act 1971 (section 23),,Community resolution,,
Person search,2026-07-03T23:07:00+00:00,False,,51.584927,0.465131,Male,18-24,White - English/Welsh/Scottish/Northern Irish/British,White,Misuse of Drugs Act 1971 (section 23),,A no further action disposal,,
Person search,2026-07-04T00:07:00+00:00,False,,51.530321,0.736343,Female,18-24,White - English/Welsh/Scottish/Northern Irish/British,White,Misuse of Drugs Act 1971 (section 23),,A no further action disposal,,
Person search,2026-07-04T00:07:00+00:00,False,,51.530321,0.736343,Male,25-34,White - English/Welsh/Scottish/Northern Irish/British,White,Misuse of Drugs Act 1971 (section 23),,A no further action disposal,,
Vehicle search,2026-07-04T00:07:00+00:00,False,,51.595278,0.691065,,,,,Police and Criminal Evidence Act 1984 (section 1),,A no further action disposal,,
Person search,2026-07-04T00:07:00+00:00,False,,51.595278,0.691065,Male,10-17,White - English/Welsh/Scottish/Northern Irish/British,White,Police and Criminal Evidence Act 1984 (section 1),,A no further action disposal,,
Vehicle search,2026-07-04T00:07:00+00:00,False,,51.595614,0.689727,,,,,Police and Criminal Evidence Act 1984 (section 1),,A no further action disposal,,
Vehicle search,2026-07-04T00:07:00+00:00,False,,51.571643,0.451034,,,,,Misuse of Drugs Act 1971 (section 23),,A no further action disposal,,
Person search,2026-07-04T00:07:00+00:00,False,,51.571643,0.451034,Female,,,Black,Misuse of Drugs Act 1971 (section 23),,A no further action disposal,,
Person search,2026-07-04T00:07:00+00:00,False,,51.571643,0.451034,Male,25-34,Black/African/Caribbean/Black British - Any other Black/African/Caribbean background,Black,Misuse of Drugs Act 1971 (section 23),,A no further action disposal,,
Vehicle search,2026-07-04T00:07:00+00:00,False,,51.530321,0.736343,,,,,Misuse of Drugs Act 1971 (section 23),,A no further action disposal,,
Person search,2026-07-04T00:07:00+00:00,False,,51.530321,0.736343,Male,25-34,White - English/Welsh/Scottish/Northern Irish/British,White,Misuse of Drugs Act 1971 (section 23),,A no further action disposal,,
Person search,2026-07-04T02:07:00+00:00,False,,51.731093,0.474512,Female,18-24,White - English/Welsh/Scottish/Northern Irish/British,White,Police and Criminal Evidence Act 1984 (section 1),,A no further action disposal,,
Person search,2026-07-04T02:07:00+00:00,False,,51.731093,0.474512,Male,18-24,White - English/Welsh/Scottish/Northern Irish/British,White,Police and Criminal Evidence Act 1984 (section 1),,A no further action disposal,,
Person search,2026-07-04T04:07:00+00:00,False,,51.882602,0.258873,Female,18-24,Other ethnic group - Any other ethnic group,White,Misuse of Drugs Act 1971 (section 23),,Community resolution,,
Person search,2026-07-04T10:07:00+00:00,False,,51.730630,0.477296,Male,25-34,Asian/Asian British - Pakistani,Asian,Misuse of Drugs Act 1971 (section 23),,A no further action disposal,,
Person search,2026-07-04T13:07:00+00:00,False,,51.734300,0.471675,Male,18-24,White - Any other White background,Other,Police and Criminal Evidence Act 1984 (section 1),,Arrest,,
Person and Vehicle search,2026-07-04T14:07:00+00:00,False,,51.547136,0.702777,Male,25-34,White - Any other White background,White,Police and Criminal Evidence Act 1984 (section 1),,Arrest,,
Person and Vehicle search,2026-07-04T14:07:00+00:00,True,,51.547136,0.702777,Male,25-34,White - Any other White background,White,Misuse of Drugs Act 1971 (section 23),,A no further action disposal,,
Person search,2026-07-04T16:07:00+00:00,False,,51.638983,0.297242,Male,10-17,White - English/Welsh/Scottish/Northern Irish/British,White,Police and Criminal Evidence Act 1984 (section 1),,A no further action disposal,,
Person search,2026-07-04T16:07:00+00:00,False,,51.487393,0.273869,Female,10-17,Other ethnic group - Not stated,White,Police and Criminal Evidence Act 1984 (section 1),,A no further action disposal,,
Person search,2026-07-04T16:07:00+00:00,False,,51.638983,0.297242,Male,10-17,White - English/Welsh/Scottish/Northern Irish/British,White,Police and Criminal Evidence Act 1984 (section 1),,A no further action disposal,,
Person search,2026-07-04T17:07:00+00:00,False,,51.571177,0.457806,Male,25-34,Mixed/Multiple ethnic groups - Any other Mixed/Multiple ethnic background,White,Misuse of Drugs Act 1971 (section 23),,Community resolution,,
Person search,2026-07-04T17:07:00+00:00,False,,51.481154,0.236832,Male,25-34,,White,Police and Criminal Evidence Act 1984 (section 1),,A no further action disposal,,
Person search,2026-07-04T17:07:00+00:00,False,,51.634103,0.300384,Male,10-17,White - English/Welsh/Scottish/Northern Irish/British,White,Police and Criminal Evidence Act 1984 (section 1),,A no further action disposal,,
Person and Vehicle search,2026-07-04T17:07:00+00:00,True,,51.548621,0.708967,Male,10-17,White - Any other White background,White,Misuse of Drugs Act 1971 (section 23),,Arrest,,
Person search,2026-07-04T18:07:00+00:00,True,,51.548621,0.708967,Male,18-24,White - English/Welsh/Scottish/Northern Irish/British,White,Misuse of Drugs Act 1971 (section 23),,Community resolution,,
Person search,2026-07-04T18:07:00+00:00,False,,51.548621,0.708967,Male,25-34,White - English/Welsh/Scottish/Northern Irish/British,White,Misuse of Drugs Act 1971 (section 23),,Community resolution,,
Person search,2026-07-04T19:07:00+00:00,False,,51.580682,0.421944,Male,18-24,White - English/Welsh/Scottish/Northern Irish/British,White,Misuse of Drugs Act 1971 (section 23),,Community resolution,,
Person search,2026-07-04T19:07:00+00:00,False,,51.760755,0.534262,Male,over 34,Asian/Asian British - Bangladeshi,Asian,Police and Criminal Evidence Act 1984 (section 1),,Arrest,,
Person search,2026-07-04T19:07:00+00:00,False,,51.771441,0.604093,Male,10-17,White - English/Welsh/Scottish/Northern Irish/British,White,Police and Criminal Evidence Act 1984 (section 1),,A no further action disposal,,
Person search,2026-07-04T19:07:00+00:00,False,,51.773469,0.603876,Male,10-17,White - English/Welsh/Scottish/Northern Irish/British,White,Police and Criminal Evidence Act 1984 (section 1),,A no further action disposal,,
Person search,2026-07-04T19:07:00+00:00,False,,51.616605,0.293743,Male,25-34,White - Any other White background,White,Misuse of Drugs Act 1971 (section 23),,Community resolution,,
Person search,2026-07-04T19:07:00+00:00,False,,51.771441,0.604093,Male,10-17,White - English/Welsh/Scottish/Northern Irish/British,White,Police and Criminal Evidence Act 1984 (section 1),,A no further action disposal,,
Person search,2026-07-04T19:07:00+00:00,False,,51.588651,0.445756,Male,25-34,White - English/Welsh/Scottish/Northern Irish/British,White,Police and Criminal Evidence Act 1984 (section 1),,A no further action disposal,,
Person search,2026-07-04T20:07:00+00:00,False,,51.520193,0.555897,Male,18-24,White - Any other White background,White,Firearms Act 1968 (section 47),,A no further action disposal,,
Person search,2026-07-04T20:07:00+00:00,True,,51.734026,0.472731,Male,18-24,White - English/Welsh/Scottish/Northern Irish/British,White,Misuse of Drugs Act 1971 (section 23),,A no further action disposal,,
Person search,2026-07-04T20:07:00+00:00,False,,51.806712,0.630353,Female,,Mixed/Multiple ethnic groups - White and Black Caribbean,White,Misuse of Drugs Act 1971 (section 23),,A no further action disposal,,
Person and Vehicle search,2026-07-04T20:07:00+00:00,False,,51.845480,0.719762,Male,18-24,White - English/Welsh/Scottish/Northern Irish/British,White,Police and Criminal Evidence Act 1984 (section 1),,A no further action disposal,,
Person search,2026-07-04T20:07:00+00:00,False,,51.728829,0.469291,Male,25-34,White - English/Welsh/Scottish/Northern Irish/British,White,Misuse of Drugs Act 1971 (section 23),,A no further action disposal,,
Person and Vehicle search,2026-07-04T20:07:00+00:00,False,,51.610407,0.515434,Male,25-34,,Mixed,Police and Criminal Evidence Act 1984 (section 1),,Arrest,,
Person search,2026-07-04T20:07:00+00:00,False,,51.520193,0.555897,Male,10-17,White - Any other White background,White,Firearms Act 1968 (section 47),,A no further action disposal,,
Person search,2026-07-04T20:07:00+00:00,True,,51.727565,0.480904,Male,over 34,White - English/Welsh/Scottish/Northern Irish/British,White,Misuse of Drugs Act 1971 (section 23),,A no further action disposal,,
Person search,2026-07-04T20:07:00+00:00,False,,51.698429,0.110617,Female,over 34,White - English/Welsh/Scottish/Northern Irish/British,White,Misuse of Drugs Act 1971 (section 23),,A no further action disposal,,
Person and Vehicle search,2026-07-04T20:07:00+00:00,False,,51.697095,0.109325,Male,over 34,Asian/Asian British - Pakistani,Asian,Misuse of Drugs Act 1971 (section 23),,Community resolution,,
Person search,2026-07-04T21:07:00+00:00,False,,51.804664,0.632657,Female,,,Black,Misuse of Drugs Act 1971 (section 23),,A no further action disposal,,
Person and Vehicle search,2026-07-04T22:07:00+00:00,False,,51.740498,0.689030,Male,over 34,White - English/Welsh/Scottish/Northern Irish/British,White,Misuse of Drugs Act 1971 (section 23),,A no further action disposal,,
Person search,2026-07-04T22:07:00+00:00,False,,51.564913,0.407758,Male,18-24,White - English/Welsh/Scottish/Northern Irish/British,White,Misuse of Drugs Act 1971 (section 23),,A no further action disposal,,
Person and Vehicle search,2026-07-04T22:07:00+00:00,False,,51.711625,0.487173,Male,25-34,Mixed/Multiple ethnic groups - Any other Mixed/Multiple ethnic background,White,Misuse of Drugs Act 1971 (section 23),,Arrest,,
Person search,2026-07-04T22:07:00+00:00,True,,51.733188,0.469847,Male,10-17,Black/African/Caribbean/Black British - Any other Black/African/Caribbean background,Black,Misuse of Drugs Act 1971 (section 23),,Community resolution,,
Person search,2026-07-04T23:07:00+00:00,True,,51.734026,0.472731,Male,18-24,White - English/Welsh/Scottish/Northern Irish/British,White,Police and Criminal Evidence Act 1984 (section 1),,A no further action disposal,,
Person search,2026-07-05T00:07:00+00:00,False,,51.724416,0.487469,Male,over 34,Other ethnic group - Not stated,White,Police and Criminal Evidence Act 1984 (section 1),,Arrest,,
Person search,2026-07-05T00:07:00+00:00,False,,51.734026,0.472731,Male,18-24,White - English/Welsh/Scottish/Northern Irish/British,White,Police and Criminal Evidence Act 1984 (section 1),,A no further action disposal,,
Person and Vehicle search,2026-07-05T00:07:00+00:00,False,,51.653609,0.662307,Male,18-24,White - English/Welsh/Scottish/Northern Irish/British,White,Police and Criminal Evidence Act 1984 (section 1),,A no further action disposal,,
Person search,2026-07-05T00:07:00+00:00,False,,51.732838,0.476374,Male,,White - English/Welsh/Scottish/Northern Irish/British,White,Police and Criminal Evidence Act 1984 (section 1),,A no further action disposal,,
Person search,2026-07-05T01:07:00+00:00,False,,51.647069,0.435036,Male,,,White,Misuse of Drugs Act 1971 (section 23),,A no further action disposal,,
Person search,2026-07-05T01:07:00+00:00,False,,51.647069,0.435036,Male,,,White,Misuse of Drugs Act 1971 (section 23),,A no further action disposal,,
Vehicle search,2026-07-05T01:07:00+00:00,False,,51.647069,0.435036,,,,,Misuse of Drugs Act 1971 (section 23),,A no further action disposal,,
Person search,2026-07-05T01:07:00+00:00,False,,51.647069,0.435036,Male,25-34,Other ethnic group - Any other ethnic group,Black,Misuse of Drugs Act 1971 (section 23),,Community resolution,,
Person search,2026-07-05T01:07:00+00:00,False,,51.647069,0.435036,Female,,Other ethnic group - Any other ethnic group,White,Misuse of Drugs Act 1971 (section 23),,Community resolution,,
Person search,2026-07-05T01:07:00+00:00,False,,51.733729,0.480435,Male,,Mixed/Multiple ethnic groups - White and Black Caribbean,Mixed,Police and Criminal Evidence Act 1984 (section 1),,A no further action disposal,,
Person search,2026-07-05T01:07:00+00:00,False,,51.645227,0.428014,Female,,White - English/Welsh/Scottish/Northern Irish/British,White,Misuse of Drugs Act 1971 (section 23),,A no further action disposal,,
Person search,2026-07-05T01:07:00+00:00,False,,51.645250,0.431210,Male,18-24,White - English/Welsh/Scottish/Northern Irish/British,White,Misuse of Drugs Act 1971 (section 23),,A no further action disposal,,
Person search,2026-07-05T01:07:00+00:00,False,,51.645250,0.431210,Female,25-34,White - English/Welsh/Scottish/Northern Irish/British,White,Misuse of Drugs Act 1971 (section 23),,A no further action disposal,,
Person search,2026-07-05T01:07:00+00:00,False,,51.645250,0.431210,Male,,White - English/Welsh/Scottish/Northern Irish/British,White,Misuse of Drugs Act 1971 (section 23),,Community resolution,,
Person search,2026-07-05T01:07:00+00:00,False,,51.645250,0.431210,Male,,White - English/Welsh/Scottish/Northern Irish/British,White,Misuse of Drugs Act 1971 (section 23),,Community resolution,,
Person search,2026-07-05T01:07:00+00:00,False,,51.645227,0.428014,Male,,,White,Misuse of Drugs Act 1971 (section 23),,Community resolution,,
Person search,2026-07-05T01:07:00+00:00,False,,51.645227,0.428014,Male,over 34,,Mixed,Misuse of Drugs Act 1971 (section 23),,Community resolution,,
Person search,2026-07-05T01:07:00+00:00,False,,51.645227,0.428014,Female,,White - English/Welsh/Scottish/Northern Irish/British,White,Misuse of Drugs Act 1971 (section 23),,Community resolution,,
Person search,2026-07-05T01:07:00+00:00,False,,51.645227,0.428014,Female,,White - English/Welsh/Scottish/Northern Irish/British,White,Misuse of Drugs Act 1971 (section 23),,A no further action disposal,,
Person search,2026-07-05T01:07:00+00:00,False,,51.645227,0.428014,Female,,White - English/Welsh/Scottish/Northern Irish/British,White,Misuse of Drugs Act 1971 (section 23),,A no further action disposal,,
Person search,2026-07-05T02:07:00+00:00,False,,51.645250,0.431210,Male,,,White,Misuse of Drugs Act 1971 (section 23),,Community resolution,,
Person search,2026-07-05T02:07:00+00:00,False,,51.645250,0.431210,Male,,,White,Misuse of Drugs Act 1971 (section 23),,Community resolution,,
Person search,2026-07-05T02:07:00+00:00,False,,51.693483,0.467293,Male,25-34,White - Any other White background,White,Police and Criminal Evidence Act 1984 (section 1),,A no further action disposal,,
Person search,2026-07-05T03:07:00+00:00,False,,51.586261,0.427005,Male,18-24,,White,Misuse of Drugs Act 1971 (section 23),,Arrest,,
Vehicle search,2026-07-05T03:07:00+00:00,False,,51.586261,0.427005,,,,,Misuse of Drugs Act 1971 (section 23),,Arrest,,
Person search,2026-07-05T04:07:00+00:00,False,,51.563286,0.500149,Male,,White - English/Welsh/Scottish/Northern Irish/British,White,Misuse of Drugs Act 1971 (section 23),,A no further action disposal,,
Person and Vehicle search,2026-07-05T04:07:00+00:00,False,,51.563286,0.500149,Male,25-34,White - English/Welsh/Scottish/Northern Irish/British,White,Misuse of Drugs Act 1971 (section 23),,Arrest,,
Person search,2026-07-05T04:07:00+00:00,False,,51.563286,0.500149,Male,,White - English/Welsh/Scottish/Northern Irish/British,White,Misuse of Drugs Act 1971 (section 23),,A no further action disposal,,
Person search,2026-07-05T12:07:00+00:00,False,,51.895141,0.268499,Male,over 34,,Other,Police and Criminal Evidence Act 1984 (section 1),,A no further action disposal,,
Person search,2026-07-05T12:07:00+00:00,False,,51.665581,0.002673,Male,18-24,White - English/Welsh/Scottish/Northern Irish/British,White,Misuse of Drugs Act 1971 (section 23),,Community resolution,,
Person search,2026-07-05T12:07:00+00:00,False,,51.734196,0.470641,Female,25-34,White - English/Welsh/Scottish/Northern Irish/British,White,Police and Criminal Evidence Act 1984 (section 1),,Summons / charged by post,,
Person search,2026-07-05T12:07:00+00:00,False,,51.734196,0.470641,Female,10-17,White - English/Welsh/Scottish/Northern Irish/British,White,Police and Criminal Evidence Act 1984 (section 1),,Summons / charged by post,,
Person search,2026-07-05T12:07:00+00:00,False,,51.771102,0.094772,Male,25-34,,Other,Misuse of Drugs Act 1971 (section 23),,A no further action disposal,,
Person search,2026-07-05T13:07:00+00:00,False,,51.895141,0.268499,Male,over 34,White - English/Welsh/Scottish/Northern Irish/British,White,Police and Criminal Evidence Act 1984 (section 1),,A no further action disposal,,
Person search,2026-07-05T13:07:00+00:00,False,,51.885540,0.250069,Male,over 34,Black/African/Caribbean/Black British - African,White,Police and Criminal Evidence Act 1984 (section 1),,A no further action disposal,,
Person search,2026-07-05T13:07:00+00:00,False,,51.696426,0.112506,Male,,Black/African/Caribbean/Black British - African,Black,Police and Criminal Evidence Act 1984 (section 1),,A no further action disposal,,
Person search,2026-07-05T14:07:00+00:00,False,,51.738325,0.718549,Male,25-34,White - English/Welsh/Scottish/Northern Irish/British,White,Police and Criminal Evidence Act 1984 (section 1),,Arrest,,
Vehicle search,2026-07-05T14:07:00+00:00,False,,51.570349,0.500839,,,,,Misuse of Drugs Act 1971 (section 23),,Arrest,,
Person search,2026-07-05T14:07:00+00:00,False,,51.571167,0.498315,Male,over 34,White - English/Welsh/Scottish/Northern Irish/British,White,Misuse of Drugs Act 1971 (section 23),,Arrest,,
Person search,2026-07-05T14:07:00+00:00,False,,51.883916,0.252691,Male,over 34,,Other,Police and Criminal Evidence Act 1984 (section 1),,A no further action disposal,,
Person search,2026-07-05T14:07:00+00:00,False,,51.895141,0.268499,Male,over 34,White - English/Welsh/Scottish/Northern Irish/British,Other,Police and Criminal Evidence Act 1984 (section 1),,A no further action disposal,,
Vehicle search,2026-07-05T14:07:00+00:00,False,,51.738325,0.718549,,,,,Police and Criminal Evidence Act 1984 (section 1),,Arrest,,
Person search,2026-07-05T14:07:00+00:00,False,,51.885540,0.250069,Male,over 34,Other ethnic group - Arab,Other,Police and Criminal Evidence Act 1984 (section 1),,A no further action disposal,,
Person search,2026-07-05T14:07:00+00:00,False,,51.885540,0.250069,Male,over 34,Other ethnic group - Arab,Other,Police and Criminal Evidence Act 1984 (section 1),,A no further action disposal,,
Person search,2026-07-05T15:07:00+00:00,False,,51.591252,0.569540,Male,25-34,White - English/Welsh/Scottish/Northern Irish/British,White,Police and Criminal Evidence Act 1984 (section 1),,A no further action disposal,,
Person search,2026-07-05T15:07:00+00:00,False,,51.895141,0.268499,Male,18-24,Other ethnic group - Arab,Other,Police and Criminal Evidence Act 1984 (section 1),,A no further action disposal,,
Person search,2026-07-05T15:07:00+00:00,False,,51.895141,0.268499,Male,,Other ethnic group - Arab,Other,Police and Criminal Evidence Act 1984 (section 1),,A no further action disposal,,
Person search,2026-07-05T15:07:00+00:00,False,,51.538273,0.714250,Male,over 34,White - English/Welsh/Scottish/Northern Irish/British,White,Misuse of Drugs Act 1971 (section 23),,A no further action disposal,,
Person search,2026-07-05T17:07:00+00:00,False,,51.532331,0.723803,Male,,White - Any other White background,White,Misuse of Drugs Act 1971 (section 23),,A no further action disposal,,
Vehicle search,2026-07-05T17:07:00+00:00,False,,51.730822,0.679516,,,,,Police and Criminal Evidence Act 1984 (section 1),,Arrest,,
Person search,2026-07-05T17:07:00+00:00,False,,51.730822,0.679516,Male,18-24,White - English/Welsh/Scottish/Northern Irish/British,White,Police and Criminal Evidence Act 1984 (section 1),,Arrest,,
Person search,2026-07-05T18:07:00+00:00,True,,51.532331,0.723803,Male,25-34,White - Any other White background,White,Misuse of Drugs Act 1971 (section 23),,A no further action disposal,,
Person search,2026-07-05T19:07:00+00:00,False,,51.571156,0.485254,Male,18-24,Other ethnic group - Not stated,White,Police and Criminal Evidence Act 1984 (section 1),,Arrest,,
Person search,2026-07-05T19:07:00+00:00,False,,51.601598,0.295903,Male,25-34,White - English/Welsh/Scottish/Northern Irish/British,White,Misuse of Drugs Act 1971 (section 23),,A no further action disposal,,
Person search,2026-07-05T20:07:00+00:00,False,,51.770902,0.090863,Male,25-34,White - English/Welsh/Scottish/Northern Irish/British,White,Police and Criminal Evidence Act 1984 (section 1),,A no further action disposal,,
Person search,2026-07-05T20:07:00+00:00,False,,51.571643,0.451034,Male,10-17,White - English/Welsh/Scottish/Northern Irish/British,White,Police and Criminal Evidence Act 1984 (section 1),,Arrest,,
Person and Vehicle search,2026-07-05T21:07:00+00:00,False,,51.944414,0.633239,Male,25-34,White - English/Welsh/Scottish/Northern Irish/British,White,Misuse of Drugs Act 1971 (section 23),,A no further action disposal,,
Person search,2026-07-05T21:07:00+00:00,False,,51.789598,1.154263,Female,10-17,White - English/Welsh/Scottish/Northern Irish/British,White,Police and Criminal Evidence Act 1984 (section 1),,A no further action disposal,,
Vehicle search,2026-07-05T22:07:00+00:00,True,,51.489984,0.340581,,,,,Misuse of Drugs Act 1971 (section 23),,A no further action disposal,,
Person search,2026-07-05T22:07:00+00:00,True,,51.736582,0.466252,Male,18-24,Black/African/Caribbean/Black British - African,Black,Misuse of Drugs Act 1971 (section 23),,Arrest,,
Person search,2026-07-05T22:07:00+00:00,True,,51.489984,0.340581,Male,,Mixed/Multiple ethnic groups - White and Asian,Asian,Misuse of Drugs Act 1971 (section 23),,A no further action disposal,,
Person search,2026-07-05T22:07:00+00:00,True,,51.489984,0.340581,Male,25-34,White - English/Welsh/Scottish/Northern Irish/British,White,Misuse of Drugs Act 1971 (section 23),,Caution (simple or conditional),,
Person search,2026-07-05T23:07:00+00:00,True,,51.627183,0.422065,Male,,White - English/Welsh/Scottish/Northern Irish/British,White,Misuse of Drugs Act 1971 (section 23),,A no further action disposal,,
Person search,2026-07-05T23:07:00+00:00,False,,51.762941,0.116132,Male,25-34,White - English/Welsh/Scottish/Northern Irish/British,White,Misuse of Drugs Act 1971 (section 23),,A no further action disposal,,
Person search,2026-07-05T23:07:00+00:00,True,,51.626704,0.420464,Male,18-24,White - English/Welsh/Scottish/Northern Irish/British,White,Misuse of Drugs Act 1971 (section 23),,A no further action disposal,,
Person search,2026-07-05T23:07:00+00:00,True,,51.626704,0.420464,Male,18-24,White - English/Welsh/Scottish/Northern Irish/British,White,Misuse of Drugs Act 1971 (section 23),,A no further action disposal,,
Vehicle search,2026-07-06T02:07:00+00:00,True,,51.693483,0.467293,,,,,Police and Criminal Evidence Act 1984 (section 1),,A no further action disposal,,
Person and Vehicle search,2026-07-06T02:07:00+00:00,False,,51.690338,-0.198328,Male,over 34,Other ethnic group - Any other ethnic group,Asian,Police and Criminal Evidence Act 1984 (section 1),,A no further action disposal,,
Person search,2026-07-06T03:07:00+00:00,False,,51.731093,0.474512,Male,25-34,Other ethnic group - Not stated,Black,Police and Criminal Evidence Act 1984 (section 1),,Arrest,,
Person search,2026-07-06T03:07:00+00:00,False,,51.619527,0.297921,Male,18-24,Mixed/Multiple ethnic groups - White and Black Caribbean,Mixed,Misuse of Drugs Act 1971 (section 23),,Community resolution,,
Person search,2026-07-06T03:07:00+00:00,False,,51.619527,0.297921,Male,18-24,,Mixed,Misuse of Drugs Act 1971 (section 23),,Community resolution,,
Person search,2026-07-06T10:07:00+00:00,False,,51.571643,0.451034,Male,18-24,White - English/Welsh/Scottish/Northern Irish/British,White,Misuse of Drugs Act 1971 (section 23),,A no further action disposal,,
Person search,2026-07-06T11:07:00+00:00,False,,51.571045,0.459805,Female,10-17,White - English/Welsh/Scottish/Northern Irish/British,White,Police and Criminal Evidence Act 1984 (section 1),,A no further action disposal,,
Person search,2026-07-06T11:07:00+00:00,False,,51.571045,0.459805,Female,10-17,White - English/Welsh/Scottish/Northern Irish/British,White,Police and Criminal Evidence Act 1984 (section 1),,A no further action disposal,,
Person search,2026-07-06T12:07:00+00:00,False,,51.689619,-0.004238,Male,18-24,Other ethnic group - Not stated,White,Police and Criminal Evidence Act 1984 (section 1),,A no further action disposal,,
Person search,2026-07-06T12:07:00+00:00,False,,51.690084,-0.002510,Male,10-17,,White,Police and Criminal Evidence Act 1984 (section 1),,A no further action disposal,,
Person search,2026-07-06T12:07:00+00:00,True,,51.891157,0.936288,Male,over 34,Mixed/Multiple ethnic groups - White and Black Caribbean,Black,Police and Criminal Evidence Act 1984 (section 1),,Arrest,,
Person search,2026-07-06T13:07:00+00:00,False,,51.538200,0.688517,Other,over 34,White - English/Welsh/Scottish/Northern Irish/British,White,Police and Criminal Evidence Act 1984 (section 1),,Arrest,,
Person search,2026-07-06T15:07:00+00:00,True,,51.532950,0.720783,Male,10-17,Other ethnic group - Not stated,Black,Misuse of Drugs Act 1971 (section 23),,Community resolution,,
Person search,2026-07-06T17:07:00+00:00,False,,51.539040,0.731949,Male,25-34,White - Any other White background,Mixed,Misuse of Drugs Act 1971 (section 23),,A no further action disposal,,
Person search,2026-07-06T17:07:00+00:00,False,,51.882404,0.828541,Male,10-17,White - English/Welsh/Scottish/Northern Irish/British,White,Police and Criminal Evidence Act 1984 (section 1),,Arrest,,
Person search,2026-07-06T18:07:00+00:00,False,,51.543305,0.695338,Male,25-34,,Mixed,Misuse of Drugs Act 1971 (section 23),,Community resolution,,
Person search,2026-07-06T18:07:00+00:00,False,,51.543825,0.693642,Male,18-24,Other ethnic group - Arab,Other,Misuse of Drugs Act 1971 (section 23),,Community resolution,,
Person search,2026-07-06T18:07:00+00:00,False,,51.532331,0.723803,Male,,White - English/Welsh/Scottish/Northern Irish/British,White,Misuse of Drugs Act 1971 (section 23),,A no further action disposal,,
Person search,2026-07-06T19:07:00+00:00,False,,51.478024,0.418056,Male,18-24,White - English/Welsh/Scottish/Northern Irish/British,White,Misuse of Drugs Act 1971 (section 23),,Community resolution,,
Person search,2026-07-06T19:07:00+00:00,False,,51.943330,0.991590,Male,18-24,White - English/Welsh/Scottish/Northern Irish/British,White,Misuse of Drugs Act 1971 (section 23),,Arrest,,
Person search,2026-07-06T19:07:00+00:00,False,,51.943330,0.991590,Male,18-24,White - English/Welsh/Scottish/Northern Irish/British,White,Misuse of Drugs Act 1971 (section 23),,Arrest,,
Person search,2026-07-06T19:07:00+00:00,False,,51.943330,0.991590,Male,18-24,White - English/Welsh/Scottish/Northern Irish/British,White,Misuse of Drugs Act 1971 (section 23),,Arrest,,
Vehicle search,2026-07-06T19:07:00+00:00,False,,51.943330,0.991590,,,,,Misuse of Drugs Act 1971 (section 23),,Arrest,,
Person search,2026-07-06T19:07:00+00:00,False,,51.569744,0.474195,Male,18-24,Other ethnic group - Not stated,White,Misuse of Drugs Act 1971 (section 23),,Community resolution,,
Person search,2026-07-06T20:07:00+00:00,False,,51.569889,0.431573,Male,,,White,Police and Criminal Evidence Act 1984 (section 1),,A no further action disposal,,
Person search,2026-07-06T20:07:00+00:00,False,,51.569889,0.431573,Male,10-17,White - English/Welsh/Scottish/Northern Irish/British,White,Police and Criminal Evidence Act 1984 (section 1),,A no further action disposal,,
Person search,2026-07-06T20:07:00+00:00,False,,51.568637,0.431232,Male,,,White,Police and Criminal Evidence Act 1984 (section 1),,A no further action disposal,,
Person search,2026-07-06T20:07:00+00:00,False,,51.568637,0.431232,Male,,,White,Police and Criminal Evidence Act 1984 (section 1),,A no further action disposal,,
Person search,2026-07-06T21:07:00+00:00,False,,51.568978,0.478122,Male,10-17,Black/African/Caribbean/Black British - Any other Black/African/Caribbean background,Black,Misuse of Drugs Act 1971 (section 23),,Arrest,,
Person search,2026-07-06T21:07:00+00:00,False,,51.568978,0.478122,Male,10-17,White - English/Welsh/Scottish/Northern Irish/British,White,Misuse of Drugs Act 1971 (section 23),,A no further action disposal,,
Person search,2026-07-06T23:07:00+00:00,False,,51.639822,0.060114,Male,10-17,White - English/Welsh/Scottish/Northern Irish/British,White,Police and Criminal Evidence Act 1984 (section 1),,A no further action disposal,,
Vehicle search,2026-07-06T23:07:00+00:00,False,,51.570308,0.704902,,,,,Misuse of Drugs Act 1971 (section 23),,A no further action disposal,,
Person and Vehicle search,2026-07-07T00:07:00+00:00,False,,51.882602,0.258873,Male,over 34,White - Any other White background,White,Police and Criminal Evidence Act 1984 (section 1),,A no further action disposal,,
Person search,2026-07-07T00:07:00+00:00,False,,51.882829,0.252651,Male,25-34,Mixed/Multiple ethnic groups - Any other Mixed/Multiple ethnic background,White,Police and Criminal Evidence Act 1984 (section 1),,A no further action disposal,,
Person search,2026-07-07T00:07:00+00:00,False,,51.882602,0.258873,Male,18-24,White - Any other White background,White,Police and Criminal Evidence Act 1984 (section 1),,A no further action disposal,,
Person and Vehicle search,2026-07-07T00:07:00+00:00,False,,51.853292,0.592538,Female,25-34,White - Any other White background,White,Misuse of Drugs Act 1971 (section 23),,A no further action disposal,,
Person search,2026-07-07T00:07:00+00:00,False,,51.585538,0.607016,Male,10-17,White - English/Welsh/Scottish/Northern Irish/British,White,Misuse of Drugs Act 1971 (section 23),,A no further action disposal,,
Person search,2026-07-07T00:07:00+00:00,False,,51.585538,0.607016,Male,10-17,White - English/Welsh/Scottish/Northern Irish/British,White,Misuse of Drugs Act 1971 (section 23),,A no further action disposal,,
Person search,2026-07-07T00:07:00+00:00,False,,51.585538,0.607016,Male,18-24,White - English/Welsh/Scottish/Northern Irish/British,White,Misuse of Drugs Act 1971 (section 23),,A no further action disposal,,
Person search,2026-07-07T00:07:00+00:00,False,,51.882602,0.258873,Male,over 34,White - Any other White background,White,Police and Criminal Evidence Act 1984 (section 1),,A no further action disposal,,
Person search,2026-07-07T09:07:00+00:00,False,,51.648115,0.036827,Female,over 34,White - English/Welsh/Scottish/Northern Irish/British,White,Misuse of Drugs Act 1971 (section 23),,A no further action disposal,,
Person search,2026-07-07T09:07:00+00:00,False,,51.613856,0.521547,Male,over 34,Other ethnic group - Not stated,White,Police and Criminal Evidence Act 1984 (section 1),,A no further action disposal,,
Person and Vehicle search,2026-07-07T10:07:00+00:00,False,,51.691061,0.525360,Male,over 34,White - English/Welsh/Scottish/Northern Irish/British,White,Misuse of Drugs Act 1971 (section 23),,A no further action disposal,,
Person and Vehicle search,2026-07-07T10:07:00+00:00,False,,51.652514,0.603702,Male,over 34,White - English/Welsh/Scottish/Northern Irish/British,White,Misuse of Drugs Act 1971 (section 23),,A no further action disposal,,
Person and Vehicle search,2026-07-07T11:07:00+00:00,False,,51.864998,0.368397,Male,18-24,White - English/Welsh/Scottish/Northern Irish/British,White,Misuse of Drugs Act 1971 (section 23),,A no further action disposal,,
Person search,2026-07-07T11:07:00+00:00,False,,51.771371,0.092291,Male,25-34,Black/African/Caribbean/Black British - Any other Black/African/Caribbean background,Black,Misuse of Drugs Act 1971 (section 23),,A no further action disposal,,
Person search,2026-07-07T12:07:00+00:00,False,,51.649187,0.602456,Male,18-24,White - English/Welsh/Scottish/Northern Irish/British,White,Misuse of Drugs Act 1971 (section 23),,A no further action disposal,,
Person search,2026-07-07T12:07:00+00:00,False,,51.864998,0.368397,Male,25-34,White - English/Welsh/Scottish/Northern Irish/British,White,Misuse of Drugs Act 1971 (section 23),,A no further action disposal,,
Person search,2026-07-07T13:07:00+00:00,False,,51.734998,0.476101,Male,over 34,White - English/Welsh/Scottish/Northern Irish/British,White,Police and Criminal Evidence Act 1984 (section 1),,Community resolution,,
Person search,2026-07-07T13:07:00+00:00,False,,51.886459,0.941098,Male,over 34,White - English/Welsh/Scottish/Northern Irish/British,White,Police and Criminal Evidence Act 1984 (section 1),,Arrest,,
Person search,2026-07-07T14:07:00+00:00,False,,51.619876,0.300293,Male,,Other ethnic group - Not stated,Mixed,Police and Criminal Evidence Act 1984 (section 1),,A no further action disposal,,
Person search,2026-07-07T14:07:00+00:00,False,,51.583925,0.442947,Male,25-34,Black/African/Caribbean/Black British - Any other Black/African/Caribbean background,Black,Misuse of Drugs Act 1971 (section 23),,Community resolution,,
Person search,2026-07-07T14:07:00+00:00,False,,51.619876,0.300293,Male,10-17,Other ethnic group - Not stated,White,Police and Criminal Evidence Act 1984 (section 1),,A no further action disposal,,
Person search,2026-07-07T14:07:00+00:00,False,,51.618681,0.301605,Male,10-17,White - English/Welsh/Scottish/Northern Irish/British,White,Police and Criminal Evidence Act 1984 (section 1),,A no further action disposal,,
Person search,2026-07-07T14:07:00+00:00,False,,51.619876,0.300293,Male,,Other ethnic group - Not stated,White,Police and Criminal Evidence Act 1984 (section 1),,A no further action disposal,,
Person search,2026-07-07T14:07:00+00:00,False,,51.619876,0.300293,Male,,Other ethnic group - Not stated,White,Police and Criminal Evidence Act 1984 (section 1),,A no further action disposal,,
Person search,2026-07-07T14:07:00+00:00,False,,51.619876,0.300293,Male,10-17,Asian/Asian British - Pakistani,Asian,Police and Criminal Evidence Act 1984 (section 1),,A no further action disposal,,
Person search,2026-07-07T16:07:00+00:00,False,,51.574695,0.489315,Male,over 34,White - English/Welsh/Scottish/Northern Irish/British,White,Misuse of Drugs Act 1971 (section 23),,A no further action disposal,,
Person search,2026-07-07T18:07:00+00:00,False,,51.930140,1.263092,Male,10-17,Black/African/Caribbean/Black British - Any other Black/African/Caribbean background,Black,Misuse of Drugs Act 1971 (section 23),,Community resolution,,
Person search,2026-07-07T18:07:00+00:00,False,,51.535759,0.690234,Male,10-17,Black/African/Caribbean/Black British - Any other Black/African/Caribbean background,White,Police and Criminal Evidence Act 1984 (section 1),,Arrest,,
Person search,2026-07-07T18:07:00+00:00,False,,51.930140,1.263092,Male,10-17,Black/African/Caribbean/Black British - Any other Black/African/Caribbean background,Black,Misuse of Drugs Act 1971 (section 23),,Community resolution,,
Person search,2026-07-07T18:07:00+00:00,False,,51.930140,1.263092,Male,10-17,White - English/Welsh/Scottish/Northern Irish/British,White,Misuse of Drugs Act 1971 (section 23),,A no further action disposal,,
Person search,2026-07-07T18:07:00+00:00,False,,51.930140,1.263092,Male,10-17,White - English/Welsh/Scottish/Northern Irish/British,White,Misuse of Drugs Act 1971 (section 23),,Community resolution,,
Person search,2026-07-07T18:07:00+00:00,False,,51.788869,1.151935,Male,,,Mixed,Police and Criminal Evidence Act 1984 (section 1),,A no further action disposal,,
Person search,2026-07-07T18:07:00+00:00,False,,51.930140,1.263092,Female,10-17,White - English/Welsh/Scottish/Northern Irish/British,White,Misuse of Drugs Act 1971 (section 23),,Community resolution,,
Person search,2026-07-07T19:07:00+00:00,False,,51.487198,0.279751,Male,,,White,Police and Criminal Evidence Act 1984 (section 1),,A no further action disposal,,
Person search,2026-07-07T19:07:00+00:00,False,,51.479839,0.329302,Male,,Black/African/Caribbean/Black British - Any other Black/African/Caribbean background,Black,Misuse of Drugs Act 1971 (section 23),,A no further action disposal,,
Person search,2026-07-07T20:07:00+00:00,False,,51.537458,0.440313,Male,25-34,Mixed/Multiple ethnic groups - Any other Mixed/Multiple ethnic background,Black,Police and Criminal Evidence Act 1984 (section 1),,Community resolution,,
Vehicle search,2026-07-07T21:07:00+00:00,False,,51.491779,0.341638,,,,,Misuse of Drugs Act 1971 (section 23),,Community resolution,,
Person search,2026-07-07T21:07:00+00:00,False,,51.463997,0.374763,Male,18-24,Black/African/Caribbean/Black British - African,Black,Misuse of Drugs Act 1971 (section 23),,Community resolution,,
Person search,2026-07-07T22:07:00+00:00,False,,51.634686,0.059664,Male,18-24,White - English/Welsh/Scottish/Northern Irish/British,White,Misuse of Drugs Act 1971 (section 23),,Community resolution,,
Vehicle search,2026-07-07T23:07:00+00:00,False,,51.634686,0.059664,,,,,Misuse of Drugs Act 1971 (section 23),,A no further action disposal,,
Person search,2026-07-07T23:07:00+00:00,False,,51.634686,0.059664,Male,18-24,Mixed/Multiple ethnic groups - Any other Mixed/Multiple ethnic background,Mixed,Misuse of Drugs Act 1971 (section 23),,A no further action disposal,,
Person search,2026-07-07T23:07:00+00:00,False,,51.634686,0.059664,Male,10-17,White - English/Welsh/Scottish/Northern Irish/British,White,Misuse of Drugs Act 1971 (section 23),,A no further action disposal,,
Person search,2026-07-07T23:07:00+00:00,False,,51.634686,0.059664,Female,10-17,White - English/Welsh/Scottish/Northern Irish/British,White,Misuse of Drugs Act 1971 (section 23),,A no further action disposal,,
Person search,2026-07-07T23:07:00+00:00,False,,51.634686,0.059664,Female,10-17,White - English/Welsh/Scottish/Northern Irish/British,White,Misuse of Drugs Act 1971 (section 23),,Community resolution,,
Person search,2026-07-07T23:07:00+00:00,False,,51.773304,0.466500,Other,over 34,White - English/Welsh/Scottish/Northern Irish/British,White,Misuse of Drugs Act 1971 (section 23),,A no further action disposal,,
Person and Vehicle search,2026-07-08T00:07:00+00:00,False,,51.870907,0.224163,Male,over 34,Black/African/Caribbean/Black British - Any other Black/African/Caribbean background,Black,Misuse of Drugs Act 1971 (section 23),,A no further action disposal,,
Person search,2026-07-08T00:07:00+00:00,False,,51.769325,0.089051,Male,25-34,Mixed/Multiple ethnic groups - Any other Mixed/Multiple ethnic background,Other,Misuse of Drugs Act 1971 (section 23),,Summons / charged by post,,
Person search,2026-07-08T01:07:00+00:00,False,,51.611593,0.314954,Male,18-24,White - English/Welsh/Scottish/Northern Irish/British,White,Misuse of Drugs Act 1971 (section 23),,Community resolution,,
Person search,2026-07-08T01:07:00+00:00,False,,51.611593,0.314954,Male,18-24,White - English/Welsh/Scottish/Northern Irish/British,White,Misuse of Drugs Act 1971 (section 23),,A no further action disposal,,
Person search,2026-07-08T06:07:00+00:00,False,,51.731290,0.477550,Male,over 34,White - Gypsy or Irish Traveller,White,Police and Criminal Evidence Act 1984 (section 1),,A no further action disposal,,
Person search,2026-07-08T11:07:00+00:00,False,,51.486555,0.283058,Male,25-34,White - Any other White background,White,Police and Criminal Evidence Act 1984 (section 1),,A no further action disposal,,
Person search,2026-07-08T11:07:00+00:00,False,,51.486555,0.283058,Male,25-34,Other ethnic group - Any other ethnic group,Other,Police and Criminal Evidence Act 1984 (section 1),,A no further action disposal,,
Vehicle search,2026-07-08T13:07:00+00:00,True,,51.475566,0.278580,,,,,Misuse of Drugs Act 1971 (section 23),,A no further action disposal,,
Person search,2026-07-08T13:07:00+00:00,True,,51.475566,0.278580,Male,,White - English/Welsh/Scottish/Northern Irish/British,White,Misuse of Drugs Act 1971 (section 23),,A no further action disposal,,
Person search,2026-07-08T14:07:00+00:00,False,,51.737097,0.467381,Female,over 34,White - English/Welsh/Scottish/Northern Irish/British,White,Misuse of Drugs Act 1971 (section 23),,A no further action disposal,,
Person search,2026-07-08T14:07:00+00:00,False,,,,Female,over 34,White - English/Welsh/Scottish/Northern Irish/British,White,Police and Criminal Evidence Act 1984 (section 1),,A no further action disposal,,
Person search,2026-07-08T14:07:00+00:00,False,,51.737097,0.467381,Male,over 34,,White,Misuse of Drugs Act 1971 (section 23),,A no further action disposal,,
Vehicle search,2026-07-08T14:07:00+00:00,False,,51.574977,0.309207,,,,,Misuse of Drugs Act 1971 (section 23),,A no further action disposal,,
Person search,2026-07-08T14:07:00+00:00,False,,51.574977,0.309207,Male,over 34,White - English/Welsh/Scottish/Northern Irish/British,White,Misuse of Drugs Act 1971 (section 23),,A no further action disposal,,
Person search,2026-07-08T14:07:00+00:00,False,,51.574977,0.309207,Female,,White - English/Welsh/Scottish/Northern Irish/British,White,Misuse of Drugs Act 1971 (section 23),,A no further action disposal,,
Person search,2026-07-08T14:07:00+00:00,False,,51.807240,1.130235,Male,18-24,White - English/Welsh/Scottish/Northern Irish/British,White,Police and Criminal Evidence Act 1984 (section 1),,A no further action disposal,,
Person search,2026-07-08T15:07:00+00:00,False,,51.528719,0.797398,Female,25-34,White - English/Welsh/Scottish/Northern Irish/British,White,Police and Criminal Evidence Act 1984 (section 1),,Arrest,,
Person search,2026-07-08T16:07:00+00:00,False,,51.911786,0.900508,Female,18-24,White - English/Welsh/Scottish/Northern Irish/British,White,Police and Criminal Evidence Act 1984 (section 1),,A no further action disposal,,
Person search,2026-07-08T17:07:00+00:00,False,,51.575202,0.409009,Male,18-24,White - English/Welsh/Scottish/Northern Irish/British,White,Misuse of Drugs Act 1971 (section 23),,Community resolution,,
Person search,2026-07-08T17:07:00+00:00,False,,51.575202,0.409009,Male,,White - English/Welsh/Scottish/Northern Irish/British,White,Misuse of Drugs Act 1971 (section 23),,A no further action disposal,,
Person search,2026-07-08T17:07:00+00:00,False,,51.575202,0.409009,Male,18-24,White - English/Welsh/Scottish/Northern Irish/British,White,Misuse of Drugs Act 1971 (section 23),,A no further action disposal,,
Person search,2026-07-08T17:07:00+00:00,False,,51.575202,0.409009,Male,18-24,White - English/Welsh/Scottish/Northern Irish/British,White,Misuse of Drugs Act 1971 (section 23),,A no further action disposal,,
Person search,2026-07-08T22:07:00+00:00,False,,51.559841,0.483209,Male,18-24,Asian/Asian British - Pakistani,Asian,Misuse of Drugs Act 1971 (section 23),,A no further action disposal,,
Person search,2026-07-08T23:07:00+00:00,False,,51.556140,0.483858,Male,over 34,White - English/Welsh/Scottish/Northern Irish/British,White,Police and Criminal Evidence Act 1984 (section 1),,A no further action disposal,,
Person search,2026-07-09T00:07:00+00:00,False,,51.876062,0.249116,Male,over 34,White - Any other White background,Other,Police and Criminal Evidence Act 1984 (section 1),,A no further action disposal,,
Vehicle search,2026-07-09T00:07:00+00:00,False,,51.876062,0.249116,,,,,Police and Criminal Evidence Act 1984 (section 1),,A no further action disposal,,
Person search,2026-07-09T00:07:00+00:00,False,,51.875575,0.247784,Male,25-34,White - Any other White background,White,Police and Criminal Evidence Act 1984 (section 1),,A no further action disposal,,
Person search,2026-07-09T00:07:00+00:00,False,,51.875575,0.247784,Male,over 34,White - Any other White background,White,Police and Criminal Evidence Act 1984 (section 1),,A no further action disposal,,
Person search,2026-07-09T00:07:00+00:00,False,,51.876062,0.249116,Male,18-24,White - Any other White background,Other,Police and Criminal Evidence Act 1984 (section 1),,A no further action disposal,,
Person search,2026-07-09T00:07:00+00:00,False,,51.876062,0.249116,Male,25-34,White - Any other White background,Other,Police and Criminal Evidence Act 1984 (section 1),,A no further action disposal,,
Vehicle search,2026-07-09T02:07:00+00:00,False,,51.534223,0.710837,,,,,Misuse of Drugs Act 1971 (section 23),,Arrest,,
Person search,2026-07-09T02:07:00+00:00,False,,51.882602,0.258873,Male,18-24,Asian/Asian British - Bangladeshi,Asian,Misuse of Drugs Act 1971 (section 23),,A no further action disposal,,
Person search,2026-07-09T03:07:00+00:00,False,,51.553450,0.463010,Male,,Other ethnic group - Not stated,White,Police and Criminal Evidence Act 1984 (section 1),,A no further action disposal,,
Person search,2026-07-09T05:07:00+00:00,False,,51.774598,0.075640,Male,18-24,White - English/Welsh/Scottish/Northern Irish/British,White,Police and Criminal Evidence Act 1984 (section 1),,Arrest,,
Person search,2026-07-09T05:07:00+00:00,False,,51.772655,0.077203,Male,10-17,,White,Police and Criminal Evidence Act 1984 (section 1),,Arrest,,
Person search,2026-07-09T08:07:00+00:00,False,,51.544453,0.691165,Male,25-34,Asian/Asian British - Any other Asian background,Other,Misuse of Drugs Act 1971 (section 23),,A no further action disposal,,
Person search,2026-07-09T08:07:00+00:00,False,,51.895141,0.268499,Male,over 34,Asian/Asian British - Pakistani,Asian,Police and Criminal Evidence Act 1984 (section 1),,A no further action disposal,,
Person search,2026-07-09T12:07:00+00:00,False,,51.734696,0.471233,Male,10-17,White - English/Welsh/Scottish/Northern Irish/British,White,Misuse of Drugs Act 1971 (section 23),,A no further action disposal,,
Person and Vehicle search,2026-07-09T12:07:00+00:00,True,,51.874560,0.546862,Male,25-34,White - Any other White background,Other,Misuse of Drugs Act 1971 (section 23),,Arrest,,
Person search,2026-07-09T13:07:00+00:00,False,,51.557682,0.450559,Male,25-34,White - English/Welsh/Scottish/Northern Irish/British,White,Misuse of Drugs Act 1971 (section 23),,A no further action disposal,,
Person search,2026-07-09T13:07:00+00:00,False,,51.736479,0.466841,Male,10-17,Black/African/Caribbean/Black British - Any other Black/African/Caribbean background,Black,Misuse of Drugs Act 1971 (section 23),,A no further action disposal,,
Person search,2026-07-09T14:07:00+00:00,True,,51.771371,0.092291,Male,over 34,Other ethnic group - Not stated,White,Misuse of Drugs Act 1971 (section 23),,A no further action disposal,,
Person search,2026-07-09T14:07:00+00:00,True,,51.771371,0.092291,Male,25-34,White - English/Welsh/Scottish/Northern Irish/British,White,Misuse of Drugs Act 1971 (section 23),,Arrest,,
Person search,2026-07-09T15:07:00+00:00,False,,51.734696,0.471233,Male,10-17,White - English/Welsh/Scottish/Northern Irish/British,White,Misuse of Drugs Act 1971 (section 23),,A no further action disposal,,
Person search,2026-07-09T15:07:00+00:00,False,,51.532950,0.720783,Male,10-17,White - Irish,White,Misuse of Drugs Act 1971 (section 23),,Community resolution,,
Person search,2026-07-09T16:07:00+00:00,False,,,,Male,,Black/African/Caribbean/Black British - Any other Black/African/Caribbean background,Black,Misuse of Drugs Act 1971 (section 23),,A no further action disposal,,
Person search,2026-07-09T16:07:00+00:00,False,,51.567044,0.643752,Male,over 34,White - English/Welsh/Scottish/Northern Irish/British,White,Police and Criminal Evidence Act 1984 (section 1),,A no further action disposal,,
Person search,2026-07-09T16:07:00+00:00,False,,51.567044,0.643752,Female,over 34,Mixed/Multiple ethnic groups - White and Black Caribbean,Mixed,Police and Criminal Evidence Act 1984 (section 1),,A no further action disposal,,
Person and Vehicle search,2026-07-09T17:07:00+00:00,False,,,,Male,18-24,Black/African/Caribbean/Black British - Any other Black/African/Caribbean background,Black,Misuse of Drugs Act 1971 (section 23),,A no further action disposal,,
Person search,2026-07-09T18:07:00+00:00,True,,51.532331,0.723803,Female,18-24,,White,Misuse of Drugs Act 1971 (section 23),,A no further action disposal,,
Person and Vehicle search,2026-07-09T19:07:00+00:00,False,,51.605025,0.268521,Male,18-24,Black/African/Caribbean/Black British - Any other Black/African/Caribbean background,Black,Misuse of Drugs Act 1971 (section 23),,Summons / charged by post,,
Person search,2026-07-09T19:07:00+00:00,False,,51.496836,0.322533,Male,18-24,White - Any other White background,White,Misuse of Drugs Act 1971 (section 23),,A no further action disposal,,
Person and Vehicle search,2026-07-09T19:07:00+00:00,False,,51.605025,0.268521,Male,18-24,White - English/Welsh/Scottish/Northern Irish/British,White,Misuse of Drugs Act 1971 (section 23),,A no further action disposal,,
Person and Vehicle search,2026-07-09T19:07:00+00:00,False,,51.776216,0.094458,Male,18-24,Mixed/Multiple ethnic groups - Any other Mixed/Multiple ethnic background,Mixed,Misuse of Drugs Act 1971 (section 23),,A no further action disposal,,
Person search,2026-07-09T21:07:00+00:00,False,,51.748410,0.452828,Male,over 34,,White,Police and Criminal Evidence Act 1984 (section 1),,Arrest,,
Person and Vehicle search,2026-07-09T21:07:00+00:00,False,,51.560728,0.484209,Male,25-34,Asian/Asian British - Pakistani,Asian,Misuse of Drugs Act 1971 (section 23),,Community resolution,,
Person search,2026-07-09T22:07:00+00:00,False,,51.584927,0.465131,Male,,,White,Police and Criminal Evidence Act 1984 (section 1),,A no further action disposal,,
Person search,2026-07-10T02:07:00+00:00,False,,51.698763,0.111052,Male,25-34,White - English/Welsh/Scottish/Northern Irish/British,White,Police and Criminal Evidence Act 1984 (section 1),,A no further action disposal,,
Person search,2026-07-10T02:07:00+00:00,False,,51.892405,0.924101,Male,over 34,White - English/Welsh/Scottish/Northern Irish/British,White,Police and Criminal Evidence Act 1984 (section 1),,Arrest,,
Person and Vehicle search,2026-07-10T14:07:00+00:00,False,,51.644815,0.082441,Male,18-24,Other ethnic group - Any other ethnic group,Asian,Misuse of Drugs Act 1971 (section 23),,Arrest,,
Person search,2026-07-10T14:07:00+00:00,False,,51.661772,0.114277,Male,over 34,,Black,Police and Criminal Evidence Act 1984 (section 1),,Arrest,,
Person and Vehicle search,2026-07-10T16:07:00+00:00,False,,51.568431,0.418161,Male,over 34,White - English/Welsh/Scottish/Northern Irish/British,White,Police and Criminal Evidence Act 1984 (section 1),,A no further action disposal,,
Person and Vehicle search,2026-07-10T16:07:00+00:00,False,,51.925378,0.898228,Male,18-24,White - English/Welsh/Scottish/Northern Irish/British,White,Misuse of Drugs Act 1971 (section 23),,A no further action disposal,,
Person search,2026-07-10T16:07:00+00:00,False,,51.532950,0.720783,Male,25-34,Mixed/Multiple ethnic groups - White and Black Caribbean,Mixed,Misuse of Drugs Act 1971 (section 23),,A no further action disposal,,
Vehicle search,2026-07-10T16:07:00+00:00,False,,51.567044,0.643752,,,,,Police and Criminal Evidence Act 1984 (section 1),,A no further action disposal,,
Person search,2026-07-10T17:07:00+00:00,False,,51.477806,0.326621,Male,over 34,White - English/Welsh/Scottish/Northern Irish/British,White,Misuse of Drugs Act 1971 (section 23),,A no further action disposal,,
Person search,2026-07-10T17:07:00+00:00,False,,51.477806,0.326621,Female,over 34,White - English/Welsh/Scottish/Northern Irish/British,White,Misuse of Drugs Act 1971 (section 23),,A no further action disposal,,
Person search,2026-07-10T17:07:00+00:00,False,,51.897682,0.906432,Male,10-17,Mixed/Multiple ethnic groups - Any other Mixed/Multiple ethnic background,White,Police and Criminal Evidence Act 1984 (section 1),,A no further action disposal,,
Person and Vehicle search,2026-07-10T17:07:00+00:00,False,,51.925378,0.898228,Male,25-34,White - English/Welsh/Scottish/Northern Irish/British,White,Misuse of Drugs Act 1971 (section 23),,Community resolution,,
Person and Vehicle search,2026-07-10T17:07:00+00:00,False,,51.925378,0.898228,Male,18-24,White - Any other White background,White,Misuse of Drugs Act 1971 (section 23),,A no further action disposal,,
Person search,2026-07-10T18:07:00+00:00,False,,51.768121,0.096083,Male,over 34,White - Irish,White,Misuse of Drugs Act 1971 (section 23),,A no further action disposal,,
Person search,2026-07-10T19:07:00+00:00,False,,51.732881,0.471163,Male,18-24,White - English/Welsh/Scottish/Northern Irish/British,White,Misuse of Drugs Act 1971 (section 23),,A no further action disposal,,
Person search,2026-07-10T19:07:00+00:00,True,,51.732881,0.471163,Male,10-17,White - English/Welsh/Scottish/Northern Irish/British,Asian,Misuse of Drugs Act 1971 (section 23),,A no further action disposal,,
Person search,2026-07-10T19:07:00+00:00,False,,51.732881,0.471163,Male,18-24,White - English/Welsh/Scottish/Northern Irish/British,White,Misuse of Drugs Act 1971 (section 23),,A no further action disposal,,
Person search,2026-07-10T19:07:00+00:00,False,,51.732881,0.471163,Male,10-17,Asian/Asian British - Any other Asian background,Asian,Misuse of Drugs Act 1971 (section 23),,A no further action disposal,,
Person search,2026-07-10T19:07:00+00:00,False,,51.770902,0.090863,Male,over 34,White - English/Welsh/Scottish/Northern Irish/British,White,Misuse of Drugs Act 1971 (section 23),,A no further action disposal,,
Person search,2026-07-10T19:07:00+00:00,True,,51.735422,0.465363,Male,25-34,White - English/Welsh/Scottish/Northern Irish/British,White,Misuse of Drugs Act 1971 (section 23),,A no further action disposal,,
Person search,2026-07-10T19:07:00+00:00,False,,51.732881,0.471163,Female,18-24,White - English/Welsh/Scottish/Northern Irish/British,White,Misuse of Drugs Act 1971 (section 23),,A no further action disposal,,
Person search,2026-07-10T19:07:00+00:00,False,,51.732881,0.471163,Male,,White - English/Welsh/Scottish/Northern Irish/British,White,Misuse of Drugs Act 1971 (section 23),,A no further action disposal,,
Person search,2026-07-10T21:07:00+00:00,False,,51.476259,0.325289,Male,10-17,White - English/Welsh/Scottish/Northern Irish/British,White,Police and Criminal Evidence Act 1984 (section 1),,A no further action disposal,,
Person search,2026-07-10T21:07:00+00:00,False,,51.889397,0.905418,Male,,Mixed/Multiple ethnic groups - White and Black Caribbean,Black,Misuse of Drugs Act 1971 (section 23),,A no further action disposal,,
Person search,2026-07-10T21:07:00+00:00,False,,51.775939,0.103418,Male,,Other ethnic group - Not stated,Asian,Police and Criminal Evidence Act 1984 (section 1),,A no further action disposal,,
Person search,2026-07-10T21:07:00+00:00,False,,51.889397,0.905418,Female,18-24,White - Any other White background,White,Misuse of Drugs Act 1971 (section 23),,A no further action disposal,,
Person search,2026-07-10T21:07:00+00:00,False,,51.889397,0.905418,Female,18-24,White - Any other White background,White,Misuse of Drugs Act 1971 (section 23),,A no further action disposal,,
Person search,2026-07-10T21:07:00+00:00,False,,51.889397,0.905418,Male,18-24,White - Any other White background,White,Misuse of Drugs Act 1971 (section 23),,A no further action disposal,,
Person search,2026-07-10T21:07:00+00:00,False,,51.889397,0.905418,Male,18-24,White - English/Welsh/Scottish/Northern Irish/British,White,Misuse of Drugs Act 1971 (section 23),,A no further action disposal,,
Vehicle search,2026-07-10T21:07:00+00:00,False,,51.564972,0.492305,,,,,Misuse of Drugs Act 1971 (section 23),,A no further action disposal,,
Person search,2026-07-10T21:07:00+00:00,False,,51.476259,0.325289,Male,10-17,White - English/Welsh/Scottish/Northern Irish/British,White,Police and Criminal Evidence Act 1984 (section 1),,A no further action disposal,,
Person search,2026-07-10T21:07:00+00:00,False,,51.476259,0.325289,Male,10-17,White - English/Welsh/Scottish/Northern Irish/British,White,Police and Criminal Evidence Act 1984 (section 1),,A no further action disposal,,
Person search,2026-07-10T22:07:00+00:00,True,,51.731093,0.474512,Male,18-24,White - English/Welsh/Scottish/Northern Irish/British,White,Misuse of Drugs Act 1971 (section 23),,Summons / charged by post,,
Person search,2026-07-10T23:07:00+00:00,False,,51.582385,0.486271,Male,25-34,Black/African/Caribbean/Black British - Any other Black/African/Caribbean background,Black,Misuse of Drugs Act 1971 (section 23),,A no further action disposal,,
Vehicle search,2026-07-10T23:07:00+00:00,False,,51.582385,0.486271,,,,,Misuse of Drugs Act 1971 (section 23),,A no further action disposal,,
Person search,2026-07-10T23:07:00+00:00,False,,51.563037,0.482632,Male,over 34,Black/African/Caribbean/Black British - Any other Black/African/Caribbean background,Black,Misuse of Drugs Act 1971 (section 23),,A no further action disposal,,
Vehicle search,2026-07-10T23:07:00+00:00,False,,51.563037,0.482632,,,,,Misuse of Drugs Act 1971 (section 23),,A no further action disposal,,
Person search,2026-07-10T23:07:00+00:00,False,,51.563037,0.482632,Male,over 34,Black/African/Caribbean/Black British - Any other Black/African/Caribbean background,Black,Misuse of Drugs Act 1971 (section 23),,A no further action disposal,,
Person search,2026-07-11T00:07:00+00:00,False,,51.564917,0.486429,Female,25-34,Black/African/Caribbean/Black British - African,Black,Misuse of Drugs Act 1971 (section 23),,A no further action disposal,,
Person search,2026-07-11T01:07:00+00:00,False,,51.736368,0.466993,Male,10-17,White - English/Welsh/Scottish/Northern Irish/British,White,Police and Criminal Evidence Act 1984 (section 1),,A no further action disposal,,
Person search,2026-07-11T01:07:00+00:00,False,,51.736368,0.466993,Male,18-24,White - English/Welsh/Scottish/Northern Irish/British,White,Police and Criminal Evidence Act 1984 (section 1),,Summons / charged by post,,
Person search,2026-07-11T01:07:00+00:00,True,,51.734300,0.471675,Male,18-24,White - English/Welsh/Scottish/Northern Irish/British,White,Police and Criminal Evidence Act 1984 (section 1),,A no further action disposal,,
Person search,2026-07-11T02:07:00+00:00,False,,51.887709,0.903099,Male,18-24,White - English/Welsh/Scottish/Northern Irish/British,White,Police and Criminal Evidence Act 1984 (section 1),,A no further action disposal,,
Person and Vehicle search,2026-07-11T07:07:00+00:00,False,,51.565597,0.671071,Male,over 34,White - English/Welsh/Scottish/Northern Irish/British,White,Misuse of Drugs Act 1971 (section 23),,Arrest,,
Person search,2026-07-11T10:07:00+00:00,False,,51.572078,0.474841,Female,over 34,White - English/Welsh/Scottish/Northern Irish/British,White,Police and Criminal Evidence Act 1984 (section 1),,A no further action disposal,,
Person search,2026-07-11T10:07:00+00:00,False,,51.574695,0.489315,Male,18-24,,Black,Police and Criminal Evidence Act 1984 (section 1),,Arrest,,
Person search,2026-07-11T13:07:00+00:00,False,,51.878742,0.782233,Female,25-34,White - English/Welsh/Scottish/Northern Irish/British,White,Police and Criminal Evidence Act 1984 (section 1),,A no further action disposal,,
Person search,2026-07-11T14:07:00+00:00,False,,51.534025,0.712440,Male,25-34,White - Any other White background,White,Misuse of Drugs Act 1971 (section 23),,Community resolution,,
Person search,2026-07-11T15:07:00+00:00,False,,51.734196,0.470641,Male,10-17,White - English/Welsh/Scottish/Northern Irish/British,White,Police and Criminal Evidence Act 1984 (section 1),,A no further action disposal,,
Person search,2026-07-11T15:07:00+00:00,False,,51.735422,0.465363,Male,10-17,Asian/Asian British - Pakistani,Mixed,Misuse of Drugs Act 1971 (section 23),,A no further action disposal,,
Person search,2026-07-11T15:07:00+00:00,False,,51.736346,0.465457,Male,10-17,White - Any other White background,White,Police and Criminal Evidence Act 1984 (section 1),,A no further action disposal,,
Person and Vehicle search,2026-07-11T17:07:00+00:00,False,,51.889835,0.902234,Male,25-34,Mixed/Multiple ethnic groups - Any other Mixed/Multiple ethnic background,Black,Misuse of Drugs Act 1971 (section 23),,A no further action disposal,,
Person search,2026-07-11T18:07:00+00:00,False,,51.536713,0.779314,Male,10-17,White - English/Welsh/Scottish/Northern Irish/British,White,Police and Criminal Evidence Act 1984 (section 1),,A no further action disposal,,
Person search,2026-07-11T18:07:00+00:00,False,,51.536713,0.779314,Male,10-17,White - English/Welsh/Scottish/Northern Irish/British,White,Police and Criminal Evidence Act 1984 (section 1),,A no further action disposal,,
Person search,2026-07-11T19:07:00+00:00,False,,51.771529,0.085457,Male,10-17,White - English/Welsh/Scottish/Northern Irish/British,White,Misuse of Drugs Act 1971 (section 23),,A no further action disposal,,
Person and Vehicle search,2026-07-11T19:07:00+00:00,False,,51.777871,0.102493,Male,25-34,White - Any other White background,White,Misuse of Drugs Act 1971 (section 23),,Community resolution,,
Person and Vehicle search,2026-07-11T20:07:00+00:00,False,,51.573182,0.313665,Male,25-34,Other ethnic group - Not stated,White,Misuse of Drugs Act 1971 (section 23),,Arrest,,
Person search,2026-07-11T20:07:00+00:00,False,,51.769671,0.095343,Male,18-24,Other ethnic group - Any other ethnic group,Other,Police and Criminal Evidence Act 1984 (section 1),,A no further action disposal,,
Person search,2026-07-11T20:07:00+00:00,False,,51.769671,0.095343,Male,18-24,Other ethnic group - Any other ethnic group,Other,Police and Criminal Evidence Act 1984 (section 1),,A no further action disposal,,
Person search,2026-07-11T20:07:00+00:00,True,,51.769671,0.095343,Male,18-24,,Other,Police and Criminal Evidence Act 1984 (section 1),,A no further action disposal,,
Person and Vehicle search,2026-07-11T20:07:00+00:00,False,,51.475186,0.306773,Male,,White - English/Welsh/Scottish/Northern Irish/British,White,Misuse of Drugs Act 1971 (section 23),,A no further action disposal,,
Person search,2026-07-11T21:07:00+00:00,True,,51.646306,0.053412,Male,,,Black,Misuse of Drugs Act 1971 (section 23),,A no further action disposal,,
Person search,2026-07-11T22:07:00+00:00,False,,51.803365,1.182398,Male,25-34,Other ethnic group - Not stated,Mixed,Police and Criminal Evidence Act 1984 (section 1),,Arrest,,
Person search,2026-07-11T22:07:00+00:00,True,,51.476339,0.337966,Female,over 34,White - English/Welsh/Scottish/Northern Irish/British,White,Misuse of Drugs Act 1971 (section 23),,Community resolution,,
Person search,2026-07-11T23:07:00+00:00,False,,51.631383,0.407665,Male,,,White,Police and Criminal Evidence Act 1984 (section 1),,A no further action disposal,,
Person search,2026-07-11T23:07:00+00:00,True,,51.618107,0.300131,Male,18-24,White - English/Welsh/Scottish/Northern Irish/British,White,Misuse of Drugs Act 1971 (section 23),,A no further action disposal,,
Person search,2026-07-11T23:07:00+00:00,False,,51.729617,0.683847,Male,25-34,White - English/Welsh/Scottish/Northern Irish/British,White,Police and Criminal Evidence Act 1984 (section 1),,A no further action disposal,,
Person search,2026-07-12T01:07:00+00:00,False,,51.579520,0.476747,Male,18-24,Other ethnic group - Not stated,White,Police and Criminal Evidence Act 1984 (section 1),,Arrest,,
Person search,2026-07-12T01:07:00+00:00,False,,51.663996,0.255299,Male,10-17,White - English/Welsh/Scottish/Northern Irish/British,White,Misuse of Drugs Act 1971 (section 23),,Arrest,,
Person search,2026-07-12T01:07:00+00:00,True,,51.578887,0.499807,Female,18-24,White - English/Welsh/Scottish/Northern Irish/British,White,Misuse of Drugs Act 1971 (section 23),,A no further action disposal,,
Vehicle search,2026-07-12T01:07:00+00:00,False,,51.580108,0.501202,,,,,Misuse of Drugs Act 1971 (section 23),,Community resolution,,
Person search,2026-07-12T01:07:00+00:00,False,,51.578887,0.499807,Male,18-24,Black/African/Caribbean/Black British - Any other Black/African/Caribbean background,Black,Misuse of Drugs Act 1971 (section 23),,Community resolution,,
Person search,2026-07-12T02:07:00+00:00,False,,51.573220,0.486661,Male,25-34,Other ethnic group - Not stated,Black,,,Arrest,,
Person search,2026-07-12T07:07:00+00:00,False,,51.576152,0.599175,Male,18-24,White - Gypsy or Irish Traveller,White,Police and Criminal Evidence Act 1984 (section 1),,A no further action disposal,,
Person search,2026-07-12T11:07:00+00:00,False,,51.540069,0.712785,Male,over 34,White - English/Welsh/Scottish/Northern Irish/British,White,Police and Criminal Evidence Act 1984 (section 1),,Arrest,,
Person search,2026-07-12T11:07:00+00:00,False,,51.474066,0.328360,Male,25-34,White - English/Welsh/Scottish/Northern Irish/British,White,Police and Criminal Evidence Act 1984 (section 1),,A no further action disposal,,
Person search,2026-07-12T14:07:00+00:00,False,,51.494860,0.347213,Male,10-17,,White,Police and Criminal Evidence Act 1984 (section 1),,A no further action disposal,,
Person search,2026-07-12T15:07:00+00:00,False,,51.566944,0.453378,Female,over 34,White - English/Welsh/Scottish/Northern Irish/British,White,Police and Criminal Evidence Act 1984 (section 1),,A no further action disposal,,
Person search,2026-07-12T15:07:00+00:00,False,,51.568637,0.431232,Male,10-17,White - English/Welsh/Scottish/Northern Irish/British,White,Police and Criminal Evidence Act 1984 (section 1),,A no further action disposal,,
Person search,2026-07-12T15:07:00+00:00,False,,51.568637,0.431232,Male,10-17,White - English/Welsh/Scottish/Northern Irish/British,White,Police and Criminal Evidence Act 1984 (section 1),,A no further action disposal,,
Person search,2026-07-12T16:07:00+00:00,False,,51.569050,0.461054,Male,,White - English/Welsh/Scottish/Northern Irish/British,White,Misuse of Drugs Act 1971 (section 23),,A no further action disposal,,
Person search,2026-07-12T16:07:00+00:00,False,,51.569050,0.461054,Male,,White - English/Welsh/Scottish/Northern Irish/British,White,Misuse of Drugs Act 1971 (section 23),,A no further action disposal,,
Person search,2026-07-12T16:07:00+00:00,False,,51.569050,0.461054,Male,,White - English/Welsh/Scottish/Northern Irish/British,White,Misuse of Drugs Act 1971 (section 23),,A no further action disposal,,
Person search,2026-07-12T16:07:00+00:00,False,,51.569050,0.461054,Male,,White - English/Welsh/Scottish/Northern Irish/British,White,Misuse of Drugs Act 1971 (section 23),,A no further action disposal,,
Person search,2026-07-12T16:07:00+00:00,False,,51.568637,0.431232,Male,,White - English/Welsh/Scottish/Northern Irish/British,White,Police and Criminal Evidence Act 1984 (section 1),,A no further action disposal,,
Person search,2026-07-12T16:07:00+00:00,False,,51.570180,0.431011,Male,10-17,White - English/Welsh/Scottish/Northern Irish/British,White,Police and Criminal Evidence Act 1984 (section 1),,A no further action disposal,,
Person search,2026-07-12T16:07:00+00:00,False,,51.569050,0.461054,Male,10-17,White - English/Welsh/Scottish/Northern Irish/British,White,Misuse of Drugs Act 1971 (section 23),,A no further action disposal,,
Person search,2026-07-12T17:07:00+00:00,False,,51.561405,0.642126,Male,18-24,Asian/Asian British - Any other Asian background,Asian,Misuse of Drugs Act 1971 (section 23),,Arrest,,
Person search,2026-07-12T17:07:00+00:00,False,,51.523990,0.584525,Male,18-24,White - Any other White background,White,Police and Criminal Evidence Act 1984 (section 1),,Arrest,,
Person search,2026-07-12T17:07:00+00:00,False,,51.523990,0.584525,Male,18-24,Asian/Asian British - Any other Asian background,Mixed,Police and Criminal Evidence Act 1984 (section 1),,Arrest,,
Person search,2026-07-12T18:07:00+00:00,False,,51.478481,0.326569,Male,10-17,White - English/Welsh/Scottish/Northern Irish/British,White,Police and Criminal Evidence Act 1984 (section 1),,A no further action disposal,,
Person search,2026-07-12T18:07:00+00:00,False,,51.477430,0.322929,Male,10-17,White - English/Welsh/Scottish/Northern Irish/British,White,Police and Criminal Evidence Act 1984 (section 1),,A no further action disposal,,
Person search,2026-07-12T18:07:00+00:00,False,,51.727588,0.414787,Male,18-24,White - English/Welsh/Scottish/Northern Irish/British,White,Police and Criminal Evidence Act 1984 (section 1),,Arrest,,
Person search,2026-07-12T18:07:00+00:00,False,,51.584792,0.495324,Male,over 34,White - English/Welsh/Scottish/Northern Irish/British,White,Police and Criminal Evidence Act 1984 (section 1),,A no further action disposal,,
Vehicle search,2026-07-12T19:07:00+00:00,False,,51.584927,0.465131,,,,,Misuse of Drugs Act 1971 (section 23),,A no further action disposal,,
Person search,2026-07-12T19:07:00+00:00,False,,51.896646,0.931878,Female,over 34,White - English/Welsh/Scottish/Northern Irish/British,White,Police and Criminal Evidence Act 1984 (section 1),,Arrest,,
Person search,2026-07-12T19:07:00+00:00,False,,51.896646,0.931878,Female,over 34,White - English/Welsh/Scottish/Northern Irish/British,White,Police and Criminal Evidence Act 1984 (section 1),,Arrest,,
Person search,2026-07-12T19:07:00+00:00,False,,51.584927,0.465131,Female,over 34,White - English/Welsh/Scottish/Northern Irish/British,White,Misuse of Drugs Act 1971 (section 23),,A no further action disposal,,
Person search,2026-07-12T19:07:00+00:00,False,,52.299449,-0.443044,Male,,White - Any other White background,White,Police and Criminal Evidence Act 1984 (section 1),,A no further action disposal,,
Person search,2026-07-12T19:07:00+00:00,False,,51.504452,0.270208,Male,,,White,Police and Criminal Evidence Act 1984 (section 1),,A no further action disposal,,
Person search,2026-07-12T19:07:00+00:00,False,,51.504452,0.270208,Male,,,White,Police and Criminal Evidence Act 1984 (section 1),,A no further action disposal,,
Person search,2026-07-12T19:07:00+00:00,False,,52.299449,-0.443044,Male,,White - Any other White background,White,Police and Criminal Evidence Act 1984 (section 1),,A no further action disposal,,
Person and Vehicle search,2026-07-12T20:07:00+00:00,False,,51.732964,0.477467,Male,25-34,Other ethnic group - Not stated,White,Misuse of Drugs Act 1971 (section 23),,A no further action disposal,,
Person and Vehicle search,2026-07-12T21:07:00+00:00,False,,51.532950,0.720783,Male,10-17,Black/African/Caribbean/Black British - Any other Black/African/Caribbean background,Black,Firearms Act 1968 (section 47),,A no further action disposal,,
Person and Vehicle search,2026-07-12T22:07:00+00:00,False,,51.891073,0.948652,Male,18-24,White - English/Welsh/Scottish/Northern Irish/British,White,Misuse of Drugs Act 1971 (section 23),,Arrest,,
Person search,2026-07-13T00:07:00+00:00,False,,51.873099,0.912023,Male,18-24,Mixed/Multiple ethnic groups - Any other Mixed/Multiple ethnic background,Mixed,Misuse of Drugs Act 1971 (section 23),,Arrest,,
Person search,2026-07-13T03:07:00+00:00,False,,51.622056,0.070144,Female,10-17,,White,Police and Criminal Evidence Act 1984 (section 1),,A no further action disposal,,
Person search,2026-07-13T08:07:00+00:00,False,,51.877169,0.908203,Male,over 34,Other ethnic group - Not stated,White,Police and Criminal Evidence Act 1984 (section 1),,A no further action disposal,,
Person search,2026-07-13T11:07:00+00:00,False,,51.539394,0.713596,Male,over 34,Black/African/Caribbean/Black British - Any other Black/African/Caribbean background,Black,Misuse of Drugs Act 1971 (section 23),,A no further action disposal,,
Person search,2026-07-13T11:07:00+00:00,False,,51.734696,0.471233,Male,over 34,White - English/Welsh/Scottish/Northern Irish/British,White,Police and Criminal Evidence Act 1984 (section 1),,Arrest,,
Person search,2026-07-13T11:07:00+00:00,False,,51.539394,0.713596,Male,over 34,White - English/Welsh/Scottish/Northern Irish/British,White,Misuse of Drugs Act 1971 (section 23),,Arrest,,
Person search,2026-07-13T11:07:00+00:00,False,,51.734696,0.471233,Female,25-34,White - English/Welsh/Scottish/Northern Irish/British,White,Police and Criminal Evidence Act 1984 (section 1),,Arrest,,
Person search,2026-07-13T13:07:00+00:00,False,,51.534223,0.710837,Male,,White - English/Welsh/Scottish/Northern Irish/British,White,Misuse of Drugs Act 1971 (section 23),,A no further action disposal,,
Person search,2026-07-13T13:07:00+00:00,False,,51.837472,0.681592,Other,10-17,,White,Police and Criminal Evidence Act 1984 (section 1),,A no further action disposal,,
Person search,2026-07-13T13:07:00+00:00,False,,51.534223,0.710837,Male,,Asian/Asian British - Any other Asian background,Mixed,Misuse of Drugs Act 1971 (section 23),,A no further action disposal,,
Person search,2026-07-13T13:07:00+00:00,False,,51.534223,0.710837,Male,,Black/African/Caribbean/Black British - Any other Black/African/Caribbean background,Black,Misuse of Drugs Act 1971 (section 23),,A no further action disposal,,
Person and Vehicle search,2026-07-13T16:07:00+00:00,False,,51.744676,0.696606,Male,25-34,White - English/Welsh/Scottish/Northern Irish/British,White,Misuse of Drugs Act 1971 (section 23),,Arrest,,
Person and Vehicle search,2026-07-13T16:07:00+00:00,False,,51.623512,0.416509,Male,25-34,Other ethnic group - Not stated,Black,Misuse of Drugs Act 1971 (section 23),,A no further action disposal,,
Person search,2026-07-13T17:07:00+00:00,False,,51.482680,0.368423,Male,25-34,Other ethnic group - Any other ethnic group,Black,Misuse of Drugs Act 1971 (section 23),,Community resolution,,
Person search,2026-07-13T17:07:00+00:00,False,,51.562851,0.696350,Male,over 34,Black/African/Caribbean/Black British - African,Black,Misuse of Drugs Act 1971 (section 23),,A no further action disposal,,
Person search,2026-07-13T17:07:00+00:00,False,,51.561405,0.642126,Male,18-24,Asian/Asian British - Any other Asian background,Asian,Misuse of Drugs Act 1971 (section 23),,A no further action disposal,,
Vehicle search,2026-07-13T17:07:00+00:00,False,,51.561405,0.642126,,,,,Misuse of Drugs Act 1971 (section 23),,Arrest,,
Person search,2026-07-13T17:07:00+00:00,False,,51.565038,0.697850,Male,over 34,,Black,Misuse of Drugs Act 1971 (section 23),,A no further action disposal,,
Person and Vehicle search,2026-07-13T17:07:00+00:00,False,,51.563947,0.697973,Male,25-34,Other ethnic group - Not stated,Black,Misuse of Drugs Act 1971 (section 23),,A no further action disposal,,
Person search,2026-07-13T17:07:00+00:00,False,,51.561405,0.642126,Male,18-24,Asian/Asian British - Any other Asian background,Asian,Misuse of Drugs Act 1971 (section 23),,A no further action disposal,,
Person and Vehicle search,2026-07-13T17:07:00+00:00,False,,51.562851,0.696350,Male,25-34,Mixed/Multiple ethnic groups - Any other Mixed/Multiple ethnic background,Other,Misuse of Drugs Act 1971 (section 23),,A no further action disposal,,
Vehicle search,2026-07-13T17:07:00+00:00,False,,51.482680,0.368423,,,,,Misuse of Drugs Act 1971 (section 23),,Arrest,,
Person search,2026-07-13T18:07:00+00:00,False,,51.460422,0.363513,Male,10-17,White - English/Welsh/Scottish/Northern Irish/British,White,Misuse of Drugs Act 1971 (section 23),,A no further action disposal,,
Person search,2026-07-13T18:07:00+00:00,False,,51.544009,0.688168,Male,over 34,Other ethnic group - Not stated,White,Police and Criminal Evidence Act 1984 (section 1),,Arrest,,
Person and Vehicle search,2026-07-13T18:07:00+00:00,False,,51.885271,0.904236,Male,25-34,White - Any other White background,White,Misuse of Drugs Act 1971 (section 23),,Arrest,,
Person and Vehicle search,2026-07-13T19:07:00+00:00,False,,51.762616,0.504526,Male,18-24,White - Any other White background,White,Misuse of Drugs Act 1971 (section 23),,A no further action disposal,,
Person search,2026-07-13T19:07:00+00:00,False,,51.735981,0.468290,Female,10-17,Black/African/Caribbean/Black British - Any other Black/African/Caribbean background,Mixed,Police and Criminal Evidence Act 1984 (section 1),,A no further action disposal,,
Person search,2026-07-13T20:07:00+00:00,False,,51.735981,0.468290,Female,10-17,White - Any other White background,White,Police and Criminal Evidence Act 1984 (section 1),,Community resolution,,
Person search,2026-07-13T20:07:00+00:00,False,,51.735981,0.468290,Female,10-17,Black/African/Caribbean/Black British - Any other Black/African/Caribbean background,Black,Police and Criminal Evidence Act 1984 (section 1),,Community resolution,,
Person and Vehicle search,2026-07-14T02:07:00+00:00,False,,51.709038,0.513666,Female,25-34,White - Any other White background,White,Misuse of Drugs Act 1971 (section 23),,A no further action disposal,,
Person search,2026-07-14T07:07:00+00:00,False,,51.733429,0.472047,Male,over 34,White - English/Welsh/Scottish/Northern Irish/British,White,Police and Criminal Evidence Act 1984 (section 1),,A no further action disposal,,
Person search,2026-07-14T10:07:00+00:00,False,,51.888785,0.832081,Male,25-34,White - English/Welsh/Scottish/Northern Irish/British,White,Misuse of Drugs Act 1971 (section 23),,A no further action disposal,,
Person search,2026-07-14T11:07:00+00:00,False,,51.538418,0.717663,Male,25-34,,White,Misuse of Drugs Act 1971 (section 23),,A no further action disposal,,
Person search,2026-07-14T13:07:00+00:00,False,,51.753341,0.463441,Male,18-24,Other ethnic group - Not stated,Black,Misuse of Drugs Act 1971 (section 23),,Arrest,,
Person search,2026-07-14T14:07:00+00:00,True,,51.532086,0.724668,Female,10-17,,White,Misuse of Drugs Act 1971 (section 23),,A no further action disposal,,
Person search,2026-07-14T15:07:00+00:00,False,,51.494725,0.331012,Male,over 34,Asian/Asian British - Any other Asian background,Asian,Misuse of Drugs Act 1971 (section 23),,A no further action disposal,,
Person search,2026-07-14T16:07:00+00:00,False,,51.724416,0.487469,Male,25-34,White - Any other White background,White,Police and Criminal Evidence Act 1984 (section 1),,A no further action disposal,,
Person search,2026-07-14T16:07:00+00:00,False,,51.724692,0.488889,Male,,White - Any other White background,White,Police and Criminal Evidence Act 1984 (section 1),,A no further action disposal,,
Person and Vehicle search,2026-07-14T19:07:00+00:00,False,,51.734081,0.480816,Male,25-34,White - English/Welsh/Scottish/Northern Irish/British,White,Misuse of Drugs Act 1971 (section 23),,A no further action disposal,,
Person search,2026-07-14T19:07:00+00:00,False,,51.734081,0.480816,Male,25-34,White - Any other White background,White,Misuse of Drugs Act 1971 (section 23),,A no further action disposal,,
Person search,2026-07-14T20:07:00+00:00,False,,51.584927,0.465131,Male,18-24,White - English/Welsh/Scottish/Northern Irish/British,White,Misuse of Drugs Act 1971 (section 23),,Community resolution,,
Person search,2026-07-14T20:07:00+00:00,False,,51.495620,0.233290,Male,over 34,White - Any other White background,Other,Police and Criminal Evidence Act 1984 (section 1),,A no further action disposal,,
Person search,2026-07-14T20:07:00+00:00,False,,51.495620,0.233290,Male,over 34,White - Any other White background,Other,Police and Criminal Evidence Act 1984 (section 1),,A no further action disposal,,
Person search,2026-07-14T20:07:00+00:00,False,,51.968401,-0.586561,Male,25-34,White - Any other White background,White,Police and Criminal Evidence Act 1984 (section 1),,A no further action disposal,,
Vehicle search,2026-07-14T20:07:00+00:00,False,,51.584927,0.465131,,,,,Misuse of Drugs Act 1971 (section 23),,A no further action disposal,,
Person search,2026-07-14T20:07:00+00:00,False,,51.584927,0.465131,Male,18-24,Other ethnic group - Not stated,White,Misuse of Drugs Act 1971 (section 23),,A no further action disposal,,
Person search,2026-07-14T20:07:00+00:00,False,,51.584927,0.465131,Male,over 34,Other ethnic group - Not stated,White,Misuse of Drugs Act 1971 (section 23),,A no further action disposal,,
Person search,2026-07-14T20:07:00+00:00,False,,51.536503,0.720764,Male,over 34,Other ethnic group - Not stated,Black,Misuse of Drugs Act 1971 (section 23),,A no further action disposal,,
Person search,2026-07-14T20:07:00+00:00,False,,51.536503,0.720764,Male,over 34,Other ethnic group - Not stated,White,Misuse of Drugs Act 1971 (section 23),,A no further action disposal,,
Person and Vehicle search,2026-07-14T21:07:00+00:00,False,,51.711932,0.619507,Male,over 34,Mixed/Multiple ethnic groups - Any other Mixed/Multiple ethnic background,Asian,Misuse of Drugs Act 1971 (section 23),,A no further action disposal,,
Person and Vehicle search,2026-07-14T23:07:00+00:00,False,,51.642903,0.094899,Male,18-24,Asian/Asian British - Bangladeshi,Asian,Misuse of Drugs Act 1971 (section 23),,Community resolution,,
Person search,2026-07-14T23:07:00+00:00,False,,51.642903,0.094899,Male,18-24,Asian/Asian British - Bangladeshi,Asian,Misuse of Drugs Act 1971 (section 23),,A no further action disposal,,
Person and Vehicle search,2026-07-15T00:07:00+00:00,False,,51.752282,0.454733,Male,18-24,White - Any other White background,White,Misuse of Drugs Act 1971 (section 23),,A no further action disposal,,
Person search,2026-07-15T01:07:00+00:00,False,,51.663371,0.038624,Male,25-34,Other ethnic group - Any other ethnic group,Asian,Misuse of Drugs Act 1971 (section 23),,Community resolution,,
Vehicle search,2026-07-15T01:07:00+00:00,False,,51.643949,0.809346,,,,,Misuse of Drugs Act 1971 (section 23),,A no further action disposal,,
Person and Vehicle search,2026-07-15T01:07:00+00:00,False,,51.663371,0.038624,Male,25-34,Other ethnic group - Any other ethnic group,Asian,Misuse of Drugs Act 1971 (section 23),,Community resolution,,
Person search,2026-07-15T09:07:00+00:00,False,,51.860731,0.897149,Male,,White - English/Welsh/Scottish/Northern Irish/British,White,Misuse of Drugs Act 1971 (section 23),,A no further action disposal,,
Person search,2026-07-15T11:07:00+00:00,False,,51.498615,0.332035,Male,18-24,White - English/Welsh/Scottish/Northern Irish/British,White,Police and Criminal Evidence Act 1984 (section 1),,Caution (simple or conditional),,
Person search,2026-07-15T11:07:00+00:00,False,,51.769671,0.095343,Female,10-17,White - English/Welsh/Scottish/Northern Irish/British,White,Police and Criminal Evidence Act 1984 (section 1),,A no further action disposal,,
Person search,2026-07-15T11:07:00+00:00,False,,51.769671,0.095343,Female,10-17,White - English/Welsh/Scottish/Northern Irish/British,White,Police and Criminal Evidence Act 1984 (section 1),,A no further action disposal,,
Person search,2026-07-15T12:07:00+00:00,False,,51.893013,0.901028,Male,over 34,White - English/Welsh/Scottish/Northern Irish/British,White,Police and Criminal Evidence Act 1984 (section 1),,A no further action disposal,,
Vehicle search,2026-07-15T13:07:00+00:00,False,,,,,,,,Misuse of Drugs Act 1971 (section 23),,Community resolution,,
Person search,2026-07-15T17:07:00+00:00,False,,51.736346,0.465457,Male,over 34,Asian/Asian British - Indian,Other,Misuse of Drugs Act 1971 (section 23),,A no further action disposal,,
Person search,2026-07-15T17:07:00+00:00,False,,51.541835,0.711102,Male,over 34,White - English/Welsh/Scottish/Northern Irish/British,White,Police and Criminal Evidence Act 1984 (section 1),,A no further action disposal,,
Person and Vehicle search,2026-07-15T18:07:00+00:00,False,,51.790099,0.158643,Female,25-34,White - English/Welsh/Scottish/Northern Irish/British,White,Misuse of Drugs Act 1971 (section 23),,A no further action disposal,,
Person search,2026-07-15T18:07:00+00:00,True,,51.629226,0.413721,Male,18-24,White - English/Welsh/Scottish/Northern Irish/British,White,Misuse of Drugs Act 1971 (section 23),,Community resolution,,
Person search,2026-07-15T18:07:00+00:00,True,,51.629226,0.413721,Male,18-24,White - English/Welsh/Scottish/Northern Irish/British,White,Misuse of Drugs Act 1971 (section 23),,Community resolution,,
Person search,2026-07-15T18:07:00+00:00,True,,51.629226,0.413721,Male,18-24,White - English/Welsh/Scottish/Northern Irish/British,White,Misuse of Drugs Act 1971 (section 23),,Community resolution,,
Person search,2026-07-15T18:07:00+00:00,False,,51.771371,0.092291,Male,over 34,White - English/Welsh/Scottish/Northern Irish/British,White,Misuse of Drugs Act 1971 (section 23),,A no further action disposal,,
Person search,2026-07-15T19:07:00+00:00,True,,51.568753,0.455886,Male,18-24,White - English/Welsh/Scottish/Northern Irish/British,White,Misuse of Drugs Act 1971 (section 23),,A no further action disposal,,
Person search,2026-07-15T20:07:00+00:00,True,,51.888931,0.895126,Male,over 34,Other ethnic group - Not stated,Other,Misuse of Drugs Act 1971 (section 23),,A no further action disposal,,
Person search,2026-07-15T20:07:00+00:00,False,,51.482794,0.369869,Male,over 34,White - Any other White background,White,Police and Criminal Evidence Act 1984 (section 1),,Arrest,,
Vehicle search,2026-07-15T20:07:00+00:00,False,,51.567368,0.612427,,,,,Misuse of Drugs Act 1971 (section 23),,Summons / charged by post,,
Person search,2026-07-15T21:07:00+00:00,True,,51.798833,0.642035,Male,25-34,,Other,Misuse of Drugs Act 1971 (section 23),,Community resolution,,
Person search,2026-07-15T21:07:00+00:00,False,,51.911786,0.900508,Female,18-24,White - English/Welsh/Scottish/Northern Irish/British,White,Police and Criminal Evidence Act 1984 (section 1),,A no further action disposal,,
Person search,2026-07-15T21:07:00+00:00,False,,51.787097,1.154291,Male,25-34,Other ethnic group - Any other ethnic group,Mixed,Police and Criminal Evidence Act 1984 (section 1),,A no further action disposal,,
Vehicle search,2026-07-15T22:07:00+00:00,False,,51.658981,0.782786,,,,,Misuse of Drugs Act 1971 (section 23),,A no further action disposal,,
Person search,2026-07-16T00:07:00+00:00,False,,,,Male,18-24,White - English/Welsh/Scottish/Northern Irish/British,White,Misuse of Drugs Act 1971 (section 23),,A no further action disposal,,
Person search,2026-07-16T00:07:00+00:00,False,,51.748072,0.749518,Male,18-24,White - English/Welsh/Scottish/Northern Irish/British,White,Misuse of Drugs Act 1971 (section 23),,A no further action disposal,,
Person search,2026-07-16T01:07:00+00:00,False,,51.472129,0.325814,Male,18-24,Other ethnic group - Any other ethnic group,White,Misuse of Drugs Act 1971 (section 23),,A no further action disposal,,
Person search,2026-07-16T01:07:00+00:00,False,,51.472129,0.325814,Male,10-17,White - Any other White background,White,Misuse of Drugs Act 1971 (section 23),,A no further action disposal,,
Person search,2026-07-16T01:07:00+00:00,False,,51.472129,0.325814,Male,18-24,Mixed/Multiple ethnic groups - Any other Mixed/Multiple ethnic background,White,Misuse of Drugs Act 1971 (section 23),,A no further action disposal,,
Person search,2026-07-16T01:07:00+00:00,False,,51.472129,0.325814,Male,18-24,White - Any other White background,White,Misuse of Drugs Act 1971 (section 23),,A no further action disposal,,
Person search,2026-07-16T09:07:00+00:00,False,,51.562648,0.673409,Male,over 34,Other ethnic group - Not stated,White,Misuse of Drugs Act 1971 (section 23),,A no further action disposal,,
Person search,2026-07-16T09:07:00+00:00,False,,51.929375,1.262760,Male,10-17,White - English/Welsh/Scottish/Northern Irish/British,White,Misuse of Drugs Act 1971 (section 23),,A no further action disposal,,
Person search,2026-07-16T10:07:00+00:00,False,,51.911786,0.900508,Other,18-24,White - English/Welsh/Scottish/Northern Irish/British,White,Police and Criminal Evidence Act 1984 (section 1),,A no further action disposal,,
Person search,2026-07-16T13:07:00+00:00,False,,51.884717,0.933063,Male,25-34,,Black,Misuse of Drugs Act 1971 (section 23),,Arrest,,
Person search,2026-07-16T13:07:00+00:00,False,,51.884717,0.933063,Male,over 34,Other ethnic group - Not stated,White,Misuse of Drugs Act 1971 (section 23),,A no further action disposal,,
Person search,2026-07-16T14:07:00+00:00,False,,51.931755,1.259324,Other,10-17,Black/African/Caribbean/Black British - Any other Black/African/Caribbean background,Black,Misuse of Drugs Act 1971 (section 23),,A no further action disposal,,
Person search,2026-07-16T14:07:00+00:00,False,,51.569738,0.451783,Male,,Mixed/Multiple ethnic groups - White and Black Caribbean,Mixed,Misuse of Drugs Act 1971 (section 23),,A no further action disposal,,
Person search,2026-07-16T14:07:00+00:00,False,,51.931755,1.259324,Male,10-17,White - English/Welsh/Scottish/Northern Irish/British,White,Misuse of Drugs Act 1971 (section 23),,A no further action disposal,,
Person search,2026-07-16T14:07:00+00:00,False,,51.931755,1.259324,Male,10-17,Mixed/Multiple ethnic groups - White and Black Caribbean,Mixed,Misuse of Drugs Act 1971 (section 23),,A no further action disposal,,
Person search,2026-07-16T14:07:00+00:00,True,,51.877500,0.553930,Male,18-24,White - English/Welsh/Scottish/Northern Irish/British,White,Misuse of Drugs Act 1971 (section 23),,Community resolution,,
Person search,2026-07-16T15:07:00+00:00,False,,51.571177,0.457806,Male,25-34,White - English/Welsh/Scottish/Northern Irish/British,White,Misuse of Drugs Act 1971 (section 23),,Community resolution,,
Person search,2026-07-16T15:07:00+00:00,False,,51.571177,0.457806,Male,25-34,White - English/Welsh/Scottish/Northern Irish/British,White,Misuse of Drugs Act 1971 (section 23),,Community resolution,,
Person search,2026-07-16T16:07:00+00:00,True,,51.532950,0.720783,Male,25-34,,Black,Misuse of Drugs Act 1971 (section 23),,Community resolution,,
Person and Vehicle search,2026-07-16T17:07:00+00:00,False,,51.751645,0.134598,Male,18-24,White - English/Welsh/Scottish/Northern Irish/British,White,Misuse of Drugs Act 1971 (section 23),,Arrest,,
Person search,2026-07-16T17:07:00+00:00,True,,51.626942,0.295810,Male,over 34,White - English/Welsh/Scottish/Northern Irish/British,White,Police and Criminal Evidence Act 1984 (section 1),,Arrest,,
Person search,2026-07-16T21:07:00+00:00,False,,51.571155,0.478962,Male,over 34,White - English/Welsh/Scottish/Northern Irish/British,White,Misuse of Drugs Act 1971 (section 23),,A no further action disposal,,
Person search,2026-07-16T22:07:00+00:00,False,,52.024286,0.245364,Male,,White - English/Welsh/Scottish/Northern Irish/British,White,Misuse of Drugs Act 1971 (section 23),,A no further action disposal,,
Person search,2026-07-16T22:07:00+00:00,False,,51.745778,0.083749,Female,10-17,White - Any other White background,White,Misuse of Drugs Act 1971 (section 23),,A no further action disposal,,
Person search,2026-07-16T22:07:00+00:00,False,,51.734595,0.469228,Female,10-17,White - English/Welsh/Scottish/Northern Irish/British,White,Police and Criminal Evidence Act 1984 (section 1),,A no further action disposal,,
Vehicle search,2026-07-16T23:07:00+00:00,False,,51.480842,0.333156,,,,,Misuse of Drugs Act 1971 (section 23),,A no further action disposal,,
Person and Vehicle search,2026-07-16T23:07:00+00:00,False,,51.584927,0.465131,Male,18-24,White - English/Welsh/Scottish/Northern Irish/British,White,Misuse of Drugs Act 1971 (section 23),,A no further action disposal,,
Person search,2026-07-16T23:07:00+00:00,False,,51.480842,0.333156,Female,25-34,Asian/Asian British - Bangladeshi,Asian,Misuse of Drugs Act 1971 (section 23),,A no further action disposal,,
Person search,2026-07-16T23:07:00+00:00,False,,51.480842,0.333156,Female,25-34,White - English/Welsh/Scottish/Northern Irish/British,White,Misuse of Drugs Act 1971 (section 23),,A no further action disposal,,
Person search,2026-07-17T00:07:00+00:00,False,,51.888424,0.939874,Male,10-17,White - English/Welsh/Scottish/Northern Irish/British,White,Police and Criminal Evidence Act 1984 (section 1),,A no further action disposal,,
Person search,2026-07-17T00:07:00+00:00,False,,51.465170,0.359928,Male,18-24,Mixed/Multiple ethnic groups - Any other Mixed/Multiple ethnic background,White,Misuse of Drugs Act 1971 (section 23),,Arrest,,
Person search,2026-07-17T00:07:00+00:00,False,,,,Male,10-17,White - English/Welsh/Scottish/Northern Irish/British,White,Police and Criminal Evidence Act 1984 (section 1),,A no further action disposal,,
Person search,2026-07-17T01:07:00+00:00,False,,51.570403,0.464720,Male,over 34,White - English/Welsh/Scottish/Northern Irish/British,White,Misuse of Drugs Act 1971 (section 23),,Arrest,,
Person search,2026-07-17T02:07:00+00:00,False,,51.540772,0.699875,Male,,White - English/Welsh/Scottish/Northern Irish/British,White,Misuse of Drugs Act 1971 (section 23),,A no further action disposal,,
Vehicle search,2026-07-17T09:07:00+00:00,False,,51.803648,1.125982,,,,,Police and Criminal Evidence Act 1984 (section 1),,A no further action disposal,,
Person and Vehicle search,2026-07-17T10:07:00+00:00,True,,51.882372,1.039217,Male,25-34,White - English/Welsh/Scottish/Northern Irish/British,White,Misuse of Drugs Act 1971 (section 23),,Arrest,,
Person and Vehicle search,2026-07-17T11:07:00+00:00,False,,51.732829,0.454794,Male,over 34,White - Any other White background,White,Police and Criminal Evidence Act 1984 (section 1),,Arrest,,
Person and Vehicle search,2026-07-17T11:07:00+00:00,False,,51.584876,0.414833,Female,,,White,Police and Criminal Evidence Act 1984 (section 1),,Arrest,,
Person and Vehicle search,2026-07-17T11:07:00+00:00,False,,51.583160,0.422581,Male,over 34,White - English/Welsh/Scottish/Northern Irish/British,White,Police and Criminal Evidence Act 1984 (section 1),,Arrest,,
Person and Vehicle search,2026-07-17T12:07:00+00:00,True,,51.803648,1.125982,Female,25-34,White - English/Welsh/Scottish/Northern Irish/British,White,Misuse of Drugs Act 1971 (section 23),,Arrest,,
Person search,2026-07-17T15:07:00+00:00,False,,51.787989,1.145536,Female,25-34,Other ethnic group - Not stated,White,Misuse of Drugs Act 1971 (section 23),,Arrest,,
Person and Vehicle search,2026-07-17T15:07:00+00:00,False,,51.787896,1.147995,Male,over 34,White - English/Welsh/Scottish/Northern Irish/British,White,Misuse of Drugs Act 1971 (section 23),,Arrest,,
Person search,2026-07-17T15:07:00+00:00,True,,51.486555,0.283058,Male,,,White,Misuse of Drugs Act 1971 (section 23),,A no further action disposal,,
Person search,2026-07-17T15:07:00+00:00,True,,51.486379,0.283498,Male,,,White,Misuse of Drugs Act 1971 (section 23),,A no further action disposal,,
Person and Vehicle search,2026-07-17T15:07:00+00:00,True,,51.787989,1.145536,Male,over 34,White - English/Welsh/Scottish/Northern Irish/British,White,Misuse of Drugs Act 1971 (section 23),,A no further action disposal,,
Person search,2026-07-17T16:07:00+00:00,True,,51.484852,0.285222,Male,,,White,Misuse of Drugs Act 1971 (section 23),,A no further action disposal,,
Person search,2026-07-17T16:07:00+00:00,True,,51.484852,0.285222,Male,,,White,Misuse of Drugs Act 1971 (section 23),,A no further action disposal,,
Person search,2026-07-17T16:07:00+00:00,True,,51.484852,0.285222,Male,,,White,Misuse of Drugs Act 1971 (section 23),,A no further action disposal,,
Vehicle search,2026-07-17T16:07:00+00:00,False,,53.793120,-0.141223,,,,,Misuse of Drugs Act 1971 (section 23),,A no further action disposal,,
Person search,2026-07-17T17:07:00+00:00,True,,51.533578,0.715788,Male,over 34,White - English/Welsh/Scottish/Northern Irish/British,White,Misuse of Drugs Act 1971 (section 23),,A no further action disposal,,
Person search,2026-07-17T17:07:00+00:00,True,,51.533578,0.715788,Male,over 34,Black/African/Caribbean/Black British - Caribbean,Mixed,Misuse of Drugs Act 1971 (section 23),,A no further action disposal,,
Person search,2026-07-17T17:07:00+00:00,False,,51.533578,0.715788,Male,over 34,White - English/Welsh/Scottish/Northern Irish/British,White,Misuse of Drugs Act 1971 (section 23),,A no further action disposal,,
Person search,2026-07-17T17:07:00+00:00,False,,51.487315,0.292678,Male,,White - English/Welsh/Scottish/Northern Irish/British,White,Police and Criminal Evidence Act 1984 (section 1),,A no further action disposal,,
Person search,2026-07-17T17:07:00+00:00,False,,51.533578,0.715788,Female,over 34,Other ethnic group - Not stated,White,Misuse of Drugs Act 1971 (section 23),,A no further action disposal,,
Person search,2026-07-17T17:07:00+00:00,False,,51.579677,0.504094,Male,over 34,White - English/Welsh/Scottish/Northern Irish/British,White,Police and Criminal Evidence Act 1984 (section 1),,Arrest,,
Person and Vehicle search,2026-07-17T17:07:00+00:00,True,,51.865009,0.404174,Male,over 34,White - English/Welsh/Scottish/Northern Irish/British,White,Misuse of Drugs Act 1971 (section 23),,Arrest,,
Person search,2026-07-17T17:07:00+00:00,True,,51.533578,0.715788,Male,over 34,White - English/Welsh/Scottish/Northern Irish/British,White,Misuse of Drugs Act 1971 (section 23),,A no further action disposal,,
Person search,2026-07-17T18:07:00+00:00,False,,51.479839,0.329302,Male,10-17,Mixed/Multiple ethnic groups - Any other Mixed/Multiple ethnic background,Mixed,Police and Criminal Evidence Act 1984 (section 1),,A no further action disposal,,
Person search,2026-07-17T18:07:00+00:00,False,,51.479839,0.329302,Male,10-17,Other ethnic group - Not stated,Black,Police and Criminal Evidence Act 1984 (section 1),,A no further action disposal,,
Person and Vehicle search,2026-07-17T18:07:00+00:00,False,,51.622408,0.415497,Male,over 34,White - Any other White background,White,Misuse of Drugs Act 1971 (section 23),,A no further action disposal,,
Person search,2026-07-17T18:07:00+00:00,False,,52.852380,-0.818412,Female,10-17,Mixed/Multiple ethnic groups - Any other Mixed/Multiple ethnic background,Mixed,Police and Criminal Evidence Act 1984 (section 1),,A no further action disposal,,
Person search,2026-07-17T18:07:00+00:00,False,,52.852380,-0.818412,Male,,Black/African/Caribbean/Black British - Caribbean,Black,Police and Criminal Evidence Act 1984 (section 1),,A no further action disposal,,
Person search,2026-07-17T19:07:00+00:00,False,,51.776346,1.085657,Male,10-17,White - English/Welsh/Scottish/Northern Irish/British,White,Police and Criminal Evidence Act 1984 (section 1),,A no further action disposal,,
Person search,2026-07-17T19:07:00+00:00,False,,51.787573,0.636461,Male,10-17,White - English/Welsh/Scottish/Northern Irish/British,White,Police and Criminal Evidence Act 1984 (section 1),,A no further action disposal,,
Person and Vehicle search,2026-07-17T19:07:00+00:00,False,,51.711932,0.619507,Male,over 34,White - Any other White background,White,Misuse of Drugs Act 1971 (section 23),,A no further action disposal,,
Person search,2026-07-17T19:07:00+00:00,False,,51.776753,1.086598,Male,10-17,White - English/Welsh/Scottish/Northern Irish/British,White,Police and Criminal Evidence Act 1984 (section 1),,A no further action disposal,,
Vehicle search,2026-07-17T19:07:00+00:00,False,,51.776346,1.085657,,,,,Police and Criminal Evidence Act 1984 (section 1),,A no further action disposal,,
Person search,2026-07-17T22:07:00+00:00,False,,51.554064,0.799257,Male,25-34,Other ethnic group - Not stated,White,Police and Criminal Evidence Act 1984 (section 1),,Arrest,,
Person search,2026-07-17T22:07:00+00:00,False,,51.774701,0.080022,Male,over 34,White - English/Welsh/Scottish/Northern Irish/British,White,Police and Criminal Evidence Act 1984 (section 1),,Arrest,,
Person search,2026-07-17T22:07:00+00:00,False,,51.571449,0.709631,Male,18-24,White - English/Welsh/Scottish/Northern Irish/British,White,Misuse of Drugs Act 1971 (section 23),,Arrest,,
Person search,2026-07-18T01:07:00+00:00,False,,51.732214,0.161663,Male,over 34,,White,Police and Criminal Evidence Act 1984 (section 1),,A no further action disposal,,
Person and Vehicle search,2026-07-18T03:07:00+00:00,False,,51.662574,0.034294,Male,,Black/African/Caribbean/Black British - Caribbean,Mixed,Misuse of Drugs Act 1971 (section 23),,A no further action disposal,,
Person search,2026-07-18T11:07:00+00:00,False,,51.611308,0.537916,Female,over 34,White - English/Welsh/Scottish/Northern Irish/British,White,Misuse of Drugs Act 1971 (section 23),,A no further action disposal,,
Vehicle search,2026-07-18T11:07:00+00:00,False,,51.611308,0.537916,,,,,Misuse of Drugs Act 1971 (section 23),,A no further action disposal,,
Person search,2026-07-18T14:07:00+00:00,False,,51.714353,0.159710,Male,10-17,White - English/Welsh/Scottish/Northern Irish/British,White,Police and Criminal Evidence Act 1984 (section 1),,A no further action disposal,,
Person search,2026-07-18T15:07:00+00:00,False,,51.611229,0.520333,Male,18-24,White - English/Welsh/Scottish/Northern Irish/British,White,Misuse of Drugs Act 1971 (section 23),,Community resolution,,
Person and Vehicle search,2026-07-18T15:07:00+00:00,True,,51.721181,0.535292,Male,25-34,White - English/Welsh/Scottish/Northern Irish/British,White,Misuse of Drugs Act 1971 (section 23),,A no further action disposal,,
Vehicle search,2026-07-18T15:07:00+00:00,False,,51.611229,0.520333,,,,,Misuse of Drugs Act 1971 (section 23),,Community resolution,,
Person search,2026-07-18T15:07:00+00:00,False,,51.734026,0.472731,Female,over 34,White - English/Welsh/Scottish/Northern Irish/British,White,Police and Criminal Evidence Act 1984 (section 1),,Community resolution,,
Vehicle search,2026-07-18T15:07:00+00:00,False,,51.610345,0.524227,,,,,Misuse of Drugs Act 1971 (section 23),,Community resolution,,
Person search,2026-07-18T15:07:00+00:00,False,,51.610345,0.524227,Female,18-24,White - English/Welsh/Scottish/Northern Irish/British,White,Misuse of Drugs Act 1971 (section 23),,Community resolution,,
Vehicle search,2026-07-18T15:07:00+00:00,False,,51.611603,0.522145,,,,,Misuse of Drugs Act 1971 (section 23),,Community resolution,,
Person search,2026-07-18T15:07:00+00:00,False,,51.734026,0.472731,Male,over 34,White - English/Welsh/Scottish/Northern Irish/British,White,Police and Criminal Evidence Act 1984 (section 1),,Community resolution,,
Person search,2026-07-18T15:07:00+00:00,False,,51.477430,0.322929,Male,10-17,Other ethnic group - Not stated,Asian,Police and Criminal Evidence Act 1984 (section 1),,A no further action disposal,,
Person search,2026-07-18T15:07:00+00:00,False,,51.532331,0.723803,Female,25-34,Black/African/Caribbean/Black British - African,Black,Misuse of Drugs Act 1971 (section 23),,Community resolution,,
Person search,2026-07-18T15:07:00+00:00,False,,51.611603,0.522145,Male,25-34,White - Gypsy or Irish Traveller,White,Misuse of Drugs Act 1971 (section 23),,Community resolution,,
Person search,2026-07-18T15:07:00+00:00,False,,51.611229,0.520333,Male,18-24,White - Gypsy or Irish Traveller,White,Misuse of Drugs Act 1971 (section 23),,Community resolution,,
Person search,2026-07-18T15:07:00+00:00,False,,51.477430,0.322929,Male,10-17,White - English/Welsh/Scottish/Northern Irish/British,White,Police and Criminal Evidence Act 1984 (section 1),,A no further action disposal,,
Person search,2026-07-18T15:07:00+00:00,False,,51.477430,0.322929,Male,10-17,White - English/Welsh/Scottish/Northern Irish/British,White,Police and Criminal Evidence Act 1984 (section 1),,A no further action disposal,,
Person search,2026-07-18T16:07:00+00:00,False,,51.569623,0.457942,Male,over 34,Mixed/Multiple ethnic groups - White and Black African,Black,Misuse of Drugs Act 1971 (section 23),,Community resolution,,
Person search,2026-07-18T16:07:00+00:00,False,,51.958996,0.993055,Male,10-17,Mixed/Multiple ethnic groups - Any other Mixed/Multiple ethnic background,Mixed,Police and Criminal Evidence Act 1984 (section 1),,A no further action disposal,,
Person search,2026-07-18T16:07:00+00:00,False,,51.714353,0.159710,Male,10-17,White - English/Welsh/Scottish/Northern Irish/British,White,Police and Criminal Evidence Act 1984 (section 1),,A no further action disposal,,
Person search,2026-07-18T16:07:00+00:00,False,,51.477430,0.322929,Male,10-17,Other ethnic group - Not stated,White,Police and Criminal Evidence Act 1984 (section 1),,A no further action disposal,,
Person search,2026-07-18T16:07:00+00:00,False,,51.477430,0.322929,Male,10-17,Other ethnic group - Not stated,Asian,Police and Criminal Evidence Act 1984 (section 1),,A no further action disposal,,
Person search,2026-07-18T18:07:00+00:00,False,,51.581099,0.441742,Male,18-24,White - English/Welsh/Scottish/Northern Irish/British,White,Misuse of Drugs Act 1971 (section 23),,Arrest,,
Person search,2026-07-18T18:07:00+00:00,False,,51.581077,0.441091,Male,,,White,Misuse of Drugs Act 1971 (section 23),,A no further action disposal,,
Person search,2026-07-18T18:07:00+00:00,False,,51.581099,0.441742,Male,10-17,White - English/Welsh/Scottish/Northern Irish/British,White,Misuse of Drugs Act 1971 (section 23),,A no further action disposal,,
Person search,2026-07-18T18:07:00+00:00,False,,51.895141,0.268499,Male,over 34,White - English/Welsh/Scottish/Northern Irish/British,White,Police and Criminal Evidence Act 1984 (section 1),,A no further action disposal,,
Person search,2026-07-18T20:07:00+00:00,False,,51.889074,0.897722,Male,over 34,White - English/Welsh/Scottish/Northern Irish/British,White,Police and Criminal Evidence Act 1984 (section 1),,Arrest,,
Vehicle search,2026-07-18T20:07:00+00:00,False,,51.619842,0.295134,,,,,Misuse of Drugs Act 1971 (section 23),,A no further action disposal,,
Person search,2026-07-18T20:07:00+00:00,False,,51.550603,0.691600,Male,10-17,Other ethnic group - Not stated,White,Police and Criminal Evidence Act 1984 (section 1),,A no further action disposal,,
Person search,2026-07-18T20:07:00+00:00,False,,51.550848,0.689581,Male,10-17,Other ethnic group - Not stated,White,Police and Criminal Evidence Act 1984 (section 1),,A no further action disposal,,
Person search,2026-07-18T20:07:00+00:00,False,,51.550603,0.691600,Male,10-17,Other ethnic group - Not stated,White,Police and Criminal Evidence Act 1984 (section 1),,A no further action disposal,,
Person and Vehicle search,2026-07-18T20:07:00+00:00,False,,51.715708,0.522592,Male,25-34,White - English/Welsh/Scottish/Northern Irish/British,White,Misuse of Drugs Act 1971 (section 23),,Arrest,,
Person and Vehicle search,2026-07-18T20:07:00+00:00,False,,51.734595,0.469228,Male,25-34,White - English/Welsh/Scottish/Northern Irish/British,White,Misuse of Drugs Act 1971 (section 23),,A no further action disposal,,
Person search,2026-07-18T21:07:00+00:00,False,,51.872882,0.499753,Male,over 34,White - English/Welsh/Scottish/Northern Irish/British,White,Misuse of Drugs Act 1971 (section 23),,Community resolution,,
Person and Vehicle search,2026-07-18T21:07:00+00:00,False,,51.496836,0.322533,Male,over 34,Other ethnic group - Not stated,Asian,Misuse of Drugs Act 1971 (section 23),,Community resolution,,
Person search,2026-07-18T21:07:00+00:00,False,,51.496836,0.322533,Male,over 34,Other ethnic group - Not stated,Asian,Misuse of Drugs Act 1971 (section 23),,A no further action disposal,,
Person search,2026-07-18T21:07:00+00:00,False,,51.497083,0.324101,Male,over 34,Asian/Asian British - Any other Asian background,Asian,Misuse of Drugs Act 1971 (section 23),,Community resolution,,
Person and Vehicle search,2026-07-18T21:07:00+00:00,False,,51.728829,0.469291,Male,25-34,White - English/Welsh/Scottish/Northern Irish/British,White,Misuse of Drugs Act 1971 (section 23),,A no further action disposal,,
Person search,2026-07-18T21:07:00+00:00,True,,51.728830,0.469667,Male,18-24,White - English/Welsh/Scottish/Northern Irish/British,White,Misuse of Drugs Act 1971 (section 23),,A no further action disposal,,
Person search,2026-07-18T21:07:00+00:00,True,,51.728830,0.469667,Male,18-24,White - English/Welsh/Scottish/Northern Irish/British,White,Misuse of Drugs Act 1971 (section 23),,A no further action disposal,,
Person search,2026-07-18T21:07:00+00:00,True,,51.728830,0.469667,Male,25-34,White - English/Welsh/Scottish/Northern Irish/British,White,Misuse of Drugs Act 1971 (section 23),,A no further action disposal,,
Person search,2026-07-18T21:07:00+00:00,True,,51.728830,0.469667,Male,25-34,White - English/Welsh/Scottish/Northern Irish/British,White,Misuse of Drugs Act 1971 (section 23),,A no further action disposal,,
Person search,2026-07-18T21:07:00+00:00,False,,51.660490,0.835098,Male,10-17,White - English/Welsh/Scottish/Northern Irish/British,White,Police and Criminal Evidence Act 1984 (section 1),,A no further action disposal,,
Person search,2026-07-18T22:07:00+00:00,False,,51.641654,0.554398,Female,over 34,,White,Police and Criminal Evidence Act 1984 (section 1),,A no further action disposal,,
Person search,2026-07-18T22:07:00+00:00,False,,51.769353,0.080878,Male,25-34,Black/African/Caribbean/Black British - Any other Black/African/Caribbean background,Black,Misuse of Drugs Act 1971 (section 23),,A no further action disposal,,
Person search,2026-07-18T22:07:00+00:00,False,,51.769353,0.080878,Male,25-34,Asian/Asian British - Pakistani,Asian,Misuse of Drugs Act 1971 (section 23),,A no further action disposal,,
Vehicle search,2026-07-18T22:07:00+00:00,False,,51.576581,0.424150,,,,,Misuse of Drugs Act 1971 (section 23),,A no further action disposal,,
Person search,2026-07-18T22:07:00+00:00,False,,51.576581,0.424150,Male,over 34,White - Any other White background,White,Misuse of Drugs Act 1971 (section 23),,A no further action disposal,,
Person search,2026-07-18T23:07:00+00:00,False,,51.582608,0.481260,Female,25-34,White - English/Welsh/Scottish/Northern Irish/British,White,Misuse of Drugs Act 1971 (section 23),,A no further action disposal,,
Person search,2026-07-18T23:07:00+00:00,False,,51.613689,0.523445,Male,,White - English/Welsh/Scottish/Northern Irish/British,White,Misuse of Drugs Act 1971 (section 23),,A no further action disposal,,
Person search,2026-07-18T23:07:00+00:00,False,,51.613689,0.523445,Male,18-24,White - English/Welsh/Scottish/Northern Irish/British,White,Misuse of Drugs Act 1971 (section 23),,Community resolution,,
Person search,2026-07-19T00:07:00+00:00,False,,51.731093,0.474512,Male,,Black/African/Caribbean/Black British - Any other Black/African/Caribbean background,Black,Misuse of Drugs Act 1971 (section 23),,A no further action disposal,,
Person search,2026-07-19T00:07:00+00:00,False,,51.584927,0.465131,Male,18-24,White - English/Welsh/Scottish/Northern Irish/British,White,Misuse of Drugs Act 1971 (section 23),,Community resolution,,
Person and Vehicle search,2026-07-19T00:07:00+00:00,False,,51.724567,0.348640,Male,over 34,,White,Police and Criminal Evidence Act 1984 (section 1),,A no further action disposal,,
Person search,2026-07-19T00:07:00+00:00,False,,51.731093,0.474512,Male,over 34,Black/African/Caribbean/Black British - African,Black,Police and Criminal Evidence Act 1984 (section 1),,A no further action disposal,,
Vehicle search,2026-07-19T03:07:00+00:00,False,,51.789375,0.117876,,,,,Misuse of Drugs Act 1971 (section 23),,A no further action disposal,,
Person search,2026-07-19T03:07:00+00:00,False,,51.788033,0.124440,Female,18-24,Other ethnic group - Not stated,White,Misuse of Drugs Act 1971 (section 23),,A no further action disposal,,
Person search,2026-07-19T03:07:00+00:00,False,,51.789375,0.117876,Male,25-34,Black/African/Caribbean/Black British - Any other Black/African/Caribbean background,Black,Misuse of Drugs Act 1971 (section 23),,A no further action disposal,,
Person search,2026-07-19T05:07:00+00:00,False,,51.562648,0.673409,Male,18-24,White - English/Welsh/Scottish/Northern Irish/British,White,Police and Criminal Evidence Act 1984 (section 1),,A no further action disposal,,
Person search,2026-07-19T09:07:00+00:00,False,,51.819255,1.151473,Male,18-24,Other ethnic group - Not stated,White,Police and Criminal Evidence Act 1984 (section 1),,Arrest,,
Person search,2026-07-19T11:07:00+00:00,False,,51.572289,0.471663,Male,18-24,Black/African/Caribbean/Black British - African,Black,Misuse of Drugs Act 1971 (section 23),,A no further action disposal,,
Person search,2026-07-19T12:07:00+00:00,False,,51.800575,1.153100,Female,over 34,,White,Police and Criminal Evidence Act 1984 (section 1),,Arrest,,
Person search,2026-07-19T12:07:00+00:00,False,,51.859885,0.910647,Male,10-17,White - English/Welsh/Scottish/Northern Irish/British,White,Police and Criminal Evidence Act 1984 (section 1),,A no further action disposal,,
Person search,2026-07-19T12:07:00+00:00,False,,51.534025,0.712440,Female,25-34,Other ethnic group - Not stated,Mixed,Misuse of Drugs Act 1971 (section 23),,Community resolution,,
Person search,2026-07-19T12:07:00+00:00,True,,51.534025,0.712440,Male,25-34,Mixed/Multiple ethnic groups - Any other Mixed/Multiple ethnic background,Mixed,Misuse of Drugs Act 1971 (section 23),,Community resolution,,
Person search,2026-07-19T13:07:00+00:00,False,,51.477782,0.282978,Male,,White - English/Welsh/Scottish/Northern Irish/British,White,Police and Criminal Evidence Act 1984 (section 1),,A no further action disposal,,
Person search,2026-07-19T13:07:00+00:00,False,,51.477782,0.282978,Male,10-17,White - English/Welsh/Scottish/Northern Irish/British,White,Police and Criminal Evidence Act 1984 (section 1),,A no further action disposal,,
Person search,2026-07-19T13:07:00+00:00,False,,51.477782,0.282978,Male,10-17,White - English/Welsh/Scottish/Northern Irish/British,White,Police and Criminal Evidence Act 1984 (section 1),,A no further action disposal,,
Person search,2026-07-19T14:07:00+00:00,False,,51.534966,0.717615,Female,,White - English/Welsh/Scottish/Northern Irish/British,White,Misuse of Drugs Act 1971 (section 23),,A no further action disposal,,
Person search,2026-07-19T14:07:00+00:00,False,,51.534966,0.717615,Female,,White - English/Welsh/Scottish/Northern Irish/British,White,Misuse of Drugs Act 1971 (section 23),,A no further action disposal,,
Person search,2026-07-19T14:07:00+00:00,False,,51.534966,0.717615,Male,,White - English/Welsh/Scottish/Northern Irish/British,Other,Misuse of Drugs Act 1971 (section 23),,A no further action disposal,,
Person search,2026-07-19T15:07:00+00:00,False,,51.534966,0.717615,Male,18-24,White - Any other White background,White,Misuse of Drugs Act 1971 (section 23),,Community resolution,,
Person search,2026-07-19T15:07:00+00:00,False,,51.538989,0.710514,Male,10-17,,Mixed,Misuse of Drugs Act 1971 (section 23),,A no further action disposal,,
Person search,2026-07-19T15:07:00+00:00,False,,51.771371,0.092291,Female,18-24,White - English/Welsh/Scottish/Northern Irish/British,White,Police and Criminal Evidence Act 1984 (section 1),,Community resolution,,
Person search,2026-07-19T16:07:00+00:00,False,,51.519708,0.288553,Female,18-24,Black/African/Caribbean/Black British - Any other Black/African/Caribbean background,Black,Misuse of Drugs Act 1971 (section 23),,Community resolution,,
Person search,2026-07-19T16:07:00+00:00,False,,51.519708,0.288553,Female,,Black/African/Caribbean/Black British - Any other Black/African/Caribbean background,Black,Misuse of Drugs Act 1971 (section 23),,Community resolution,,
Person and Vehicle search,2026-07-19T16:07:00+00:00,False,,51.514733,0.289067,Male,25-34,Asian/Asian British - Pakistani,Asian,Misuse of Drugs Act 1971 (section 23),,Community resolution,,
Person and Vehicle search,2026-07-19T17:07:00+00:00,False,,51.760604,0.114095,Male,over 34,Asian/Asian British - Any other Asian background,Asian,Misuse of Drugs Act 1971 (section 23),,A no further action disposal,,
Person search,2026-07-19T17:07:00+00:00,False,,51.877975,0.553608,Male,25-34,White - Any other White background,White,Misuse of Drugs Act 1971 (section 23),,A no further action disposal,,
Person search,2026-07-19T17:07:00+00:00,False,,51.536008,0.684494,Male,over 34,White - English/Welsh/Scottish/Northern Irish/British,White,Police and Criminal Evidence Act 1984 (section 1),,A no further action disposal,,
Person and Vehicle search,2026-07-19T18:07:00+00:00,False,,51.725242,0.681271,Male,18-24,White - English/Welsh/Scottish/Northern Irish/British,White,Misuse of Drugs Act 1971 (section 23),,A no further action disposal,,
Person and Vehicle search,2026-07-19T18:07:00+00:00,False,,51.703907,0.138225,Male,over 34,White - English/Welsh/Scottish/Northern Irish/British,White,Misuse of Drugs Act 1971 (section 23),,Arrest,,
Person and Vehicle search,2026-07-19T18:07:00+00:00,False,,51.725242,0.681271,Male,10-17,White - English/Welsh/Scottish/Northern Irish/British,White,Misuse of Drugs Act 1971 (section 23),,A no further action disposal,,
Person search,2026-07-19T19:07:00+00:00,False,,51.767115,0.094590,Male,10-17,White - Any other White background,White,Misuse of Drugs Act 1971 (section 23),,A no further action disposal,,
Vehicle search,2026-07-19T19:07:00+00:00,False,,51.565641,0.462774,,,,,Misuse of Drugs Act 1971 (section 23),,Arrest,,
Person search,2026-07-19T19:07:00+00:00,False,,51.566676,0.463177,Male,over 34,White - English/Welsh/Scottish/Northern Irish/British,White,Misuse of Drugs Act 1971 (section 23),,Arrest,,
Person search,2026-07-19T19:07:00+00:00,False,,51.767115,0.094590,Male,10-17,Black/African/Caribbean/Black British - Any other Black/African/Caribbean background,Black,Misuse of Drugs Act 1971 (section 23),,A no further action disposal,,
Person search,2026-07-19T20:07:00+00:00,False,,51.538708,0.715646,Female,18-24,White - Any other White background,White,Police and Criminal Evidence Act 1984 (section 1),,A no further action disposal,,
Person search,2026-07-19T20:07:00+00:00,False,,51.561699,0.424051,Male,10-17,Other ethnic group - Not stated,White,Police and Criminal Evidence Act 1984 (section 1),,A no further action disposal,,
Person search,2026-07-19T20:07:00+00:00,False,,51.539112,0.715281,Male,10-17,Mixed/Multiple ethnic groups - Any other Mixed/Multiple ethnic background,Black,Police and Criminal Evidence Act 1984 (section 1),,A no further action disposal,,
Person search,2026-07-19T21:07:00+00:00,False,,51.491779,0.341638,Male,25-34,Asian/Asian British - Any other Asian background,Asian,Misuse of Drugs Act 1971 (section 23),,Arrest,,
Vehicle search,2026-07-19T21:07:00+00:00,False,,51.489984,0.340581,,,,,Misuse of Drugs Act 1971 (section 23),,Arrest,,
Person search,2026-07-19T23:07:00+00:00,False,,51.533601,0.726057,Male,10-17,Black/African/Caribbean/Black British - Any other Black/African/Caribbean background,Black,Police and Criminal Evidence Act 1984 (section 1),,A no further action disposal,,
Person search,2026-07-19T23:07:00+00:00,False,,51.557682,0.450559,Male,25-34,White - English/Welsh/Scottish/Northern Irish/British,White,Police and Criminal Evidence Act 1984 (section 1),,A no further action disposal,,
Person search,2026-07-19T23:07:00+00:00,False,,51.887636,0.906074,Male,18-24,White - English/Welsh/Scottish/Northern Irish/British,White,Police and Criminal Evidence Act 1984 (section 1),,Arrest,,
Person search,2026-07-19T23:07:00+00:00,False,,51.533601,0.726057,Male,10-17,White - English/Welsh/Scottish/Northern Irish/British,White,Police and Criminal Evidence Act 1984 (section 1),,A no further action disposal,,
Person search,2026-07-19T23:07:00+00:00,False,,51.484542,0.284083,Female,18-24,White - English/Welsh/Scottish/Northern Irish/British,White,Misuse of Drugs Act 1971 (section 23),,A no further action disposal,,
Person search,2026-07-20T08:07:00+00:00,False,,51.584849,0.604450,Female,over 34,White - Gypsy or Irish Traveller,White,Police and Criminal Evidence Act 1984 (section 1),,Community resolution,,
Person search,2026-07-20T09:07:00+00:00,False,,51.882602,0.258873,Female,over 34,White - Any other White background,White,Police and Criminal Evidence Act 1984 (section 1),,Community resolution,,
Person search,2026-07-20T11:07:00+00:00,False,,51.895141,0.268499,Female,18-24,White - English/Welsh/Scottish/Northern Irish/British,White,Police and Criminal Evidence Act 1984 (section 1),,Community resolution,,
Person search,2026-07-20T11:07:00+00:00,False,,51.886924,0.840597,Male,25-34,Other ethnic group - Not stated,White,Police and Criminal Evidence Act 1984 (section 1),,A no further action disposal,,
Person and Vehicle search,2026-07-20T11:07:00+00:00,False,,51.539112,0.715281,Male,18-24,White - English/Welsh/Scottish/Northern Irish/British,White,Misuse of Drugs Act 1971 (section 23),,A no further action disposal,,
Person search,2026-07-20T14:07:00+00:00,False,,51.569623,0.457942,Male,18-24,White - English/Welsh/Scottish/Northern Irish/British,White,Police and Criminal Evidence Act 1984 (section 1),,Community resolution,,
Person search,2026-07-20T14:07:00+00:00,False,,51.882602,0.258873,Male,25-34,White - Any other White background,White,Police and Criminal Evidence Act 1984 (section 1),,Community resolution,,
Person search,2026-07-20T15:07:00+00:00,False,,51.789262,0.132067,Female,over 34,White - Any other White background,White,Police and Criminal Evidence Act 1984 (section 1),,Arrest,,
Person search,2026-07-20T15:07:00+00:00,False,,51.895154,0.917724,Male,,,Black,Misuse of Drugs Act 1971 (section 23),,A no further action disposal,,
Person search,2026-07-20T15:07:00+00:00,True,,51.532331,0.723803,Male,,Asian/Asian British - Pakistani,Asian,Misuse of Drugs Act 1971 (section 23),,Community resolution,,
Person search,2026-07-20T15:07:00+00:00,False,,51.789262,0.132067,Male,over 34,White - English/Welsh/Scottish/Northern Irish/British,White,Police and Criminal Evidence Act 1984 (section 1),,Arrest,,
Person search,2026-07-20T15:07:00+00:00,False,,51.895141,0.268499,Male,25-34,White - English/Welsh/Scottish/Northern Irish/British,White,Police and Criminal Evidence Act 1984 (section 1),,Community resolution,,
Person search,2026-07-20T16:07:00+00:00,False,,51.734864,0.464116,Male,over 34,White - Any other White background,White,Misuse of Drugs Act 1971 (section 23),,Community resolution,,
Person search,2026-07-20T16:07:00+00:00,False,,51.895154,0.917724,Male,,,White,Misuse of Drugs Act 1971 (section 23),,A no further action disposal,,
Person search,2026-07-20T16:07:00+00:00,False,,51.895154,0.917724,Male,,,White,Misuse of Drugs Act 1971 (section 23),,A no further action disposal,,
Person search,2026-07-20T16:07:00+00:00,True,,51.532331,0.723803,Male,25-34,Asian/Asian British - Indian,Asian,Misuse of Drugs Act 1971 (section 23),,A no further action disposal,,
Person search,2026-07-20T16:07:00+00:00,True,,51.532331,0.723803,Male,18-24,Asian/Asian British - Indian,Asian,Misuse of Drugs Act 1971 (section 23),,Community resolution,,
Person search,2026-07-20T16:07:00+00:00,False,,51.721301,0.493582,Male,10-17,White - English/Welsh/Scottish/Northern Irish/British,White,Police and Criminal Evidence Act 1984 (section 1),,A no further action disposal,,
Person search,2026-07-20T16:07:00+00:00,False,,51.734864,0.464116,Male,18-24,Black/African/Caribbean/Black British - African,Black,Misuse of Drugs Act 1971 (section 23),,Community resolution,,
Person search,2026-07-20T16:07:00+00:00,False,,51.734864,0.464116,Male,over 34,Black/African/Caribbean/Black British - African,Black,Misuse of Drugs Act 1971 (section 23),,Community resolution,,
Person search,2026-07-20T16:07:00+00:00,False,,51.734864,0.464116,Male,over 34,Black/African/Caribbean/Black British - African,Black,Misuse of Drugs Act 1971 (section 23),,Community resolution,,
Person search,2026-07-20T16:07:00+00:00,False,,51.734864,0.464116,Male,18-24,Black/African/Caribbean/Black British - Caribbean,Black,Misuse of Drugs Act 1971 (section 23),,Community resolution,,
Person search,2026-07-20T17:07:00+00:00,True,,51.534025,0.712440,Male,25-34,White - English/Welsh/Scottish/Northern Irish/British,White,Misuse of Drugs Act 1971 (section 23),,Community resolution,,
Vehicle search,2026-07-20T17:07:00+00:00,False,,51.525699,0.567725,,,,,Misuse of Drugs Act 1971 (section 23),,A no further action disposal,,
Person search,2026-07-20T18:07:00+00:00,True,,51.533578,0.715788,Male,25-34,Black/African/Caribbean/Black British - Any other Black/African/Caribbean background,Black,Misuse of Drugs Act 1971 (section 23),,A no further action disposal,,
Person and Vehicle search,2026-07-20T18:07:00+00:00,False,,51.486730,0.291798,Male,18-24,White - English/Welsh/Scottish/Northern Irish/British,White,Misuse of Drugs Act 1971 (section 23),,A no further action disposal,,
Person search,2026-07-20T18:07:00+00:00,False,,51.878902,0.886402,Male,25-34,White - English/Welsh/Scottish/Northern Irish/British,White,Police and Criminal Evidence Act 1984 (section 1),,A no further action disposal,,
Person search,2026-07-20T18:07:00+00:00,False,,51.878902,0.886402,Male,over 34,White - English/Welsh/Scottish/Northern Irish/British,White,Police and Criminal Evidence Act 1984 (section 1),,A no further action disposal,,
Person and Vehicle search,2026-07-20T18:07:00+00:00,True,,51.534817,0.700720,Male,25-34,Mixed/Multiple ethnic groups - White and Asian,Asian,Police and Criminal Evidence Act 1984 (section 1),,Community resolution,,
Person search,2026-07-20T18:07:00+00:00,False,,51.896639,0.844989,Male,10-17,White - English/Welsh/Scottish/Northern Irish/British,White,Police and Criminal Evidence Act 1984 (section 1),,A no further action disposal,,
Person search,2026-07-20T19:07:00+00:00,False,,51.738062,0.468128,Male,10-17,Other ethnic group - Not stated,Asian,Misuse of Drugs Act 1971 (section 23),,A no further action disposal,,
Person search,2026-07-20T19:07:00+00:00,False,,51.736368,0.466993,Male,,,Black,Misuse of Drugs Act 1971 (section 23),,A no further action disposal,,
Person search,2026-07-20T20:07:00+00:00,False,,51.737735,0.466575,Male,10-17,Mixed/Multiple ethnic groups - White and Black Caribbean,Mixed,Misuse of Drugs Act 1971 (section 23),,A no further action disposal,,
Person search,2026-07-20T21:07:00+00:00,False,,51.713894,0.464858,Male,10-17,White - English/Welsh/Scottish/Northern Irish/British,White,Police and Criminal Evidence Act 1984 (section 1),,A no further action disposal,,
Person search,2026-07-20T21:07:00+00:00,False,,51.936995,1.278563,Female,10-17,White - English/Welsh/Scottish/Northern Irish/British,White,Police and Criminal Evidence Act 1984 (section 1),,A no further action disposal,,
Person search,2026-07-20T22:07:00+00:00,False,,51.715155,0.463493,Male,10-17,White - English/Welsh/Scottish/Northern Irish/British,White,Police and Criminal Evidence Act 1984 (section 1),,A no further action disposal,,
Person search,2026-07-20T23:07:00+00:00,False,,51.640060,0.072135,Male,18-24,Other ethnic group - Any other ethnic group,Mixed,Misuse of Drugs Act 1971 (section 23),,Arrest,,
Vehicle search,2026-07-20T23:07:00+00:00,False,,51.640060,0.072135,,,,,Misuse of Drugs Act 1971 (section 23),,Arrest,,
Person and Vehicle search,2026-07-20T23:07:00+00:00,False,,51.671140,0.121439,Male,25-34,White - Any other White background,White,Misuse of Drugs Act 1971 (section 23),,Arrest,,
Person search,2026-07-20T23:07:00+00:00,False,,51.573182,0.313665,Male,over 34,Black/African/Caribbean/Black British - African,Black,Misuse of Drugs Act 1971 (section 23),,Arrest,,
Person search,2026-07-20T23:07:00+00:00,False,,51.740922,0.476672,Male,18-24,Mixed/Multiple ethnic groups - White and Black African,Black,Misuse of Drugs Act 1971 (section 23),,Community resolution,,
Person search,2026-07-20T23:07:00+00:00,False,,51.740922,0.476672,Male,18-24,Mixed/Multiple ethnic groups - White and Black African,Black,Misuse of Drugs Act 1971 (section 23),,A no further action disposal,,
Person search,2026-07-21T06:07:00+00:00,False,,51.539323,0.718596,Female,25-34,White - English/Welsh/Scottish/Northern Irish/British,White,Misuse of Drugs Act 1971 (section 23),,A no further action disposal,,
Person search,2026-07-21T10:07:00+00:00,False,,51.896644,0.901858,Male,10-17,White - English/Welsh/Scottish/Northern Irish/British,White,Misuse of Drugs Act 1971 (section 23),,A no further action disposal,,
Person search,2026-07-21T11:07:00+00:00,False,,51.895141,0.268499,Male,over 34,Other ethnic group - Not stated,White,Police and Criminal Evidence Act 1984 (section 1),,Community resolution,,
Person and Vehicle search,2026-07-21T11:07:00+00:00,False,,51.898600,0.909895,Male,18-24,White - English/Welsh/Scottish/Northern Irish/British,White,Misuse of Drugs Act 1971 (section 23),,A no further action disposal,,
Person search,2026-07-21T11:07:00+00:00,True,,51.535394,0.713891,Female,10-17,Other ethnic group - Not stated,Asian,Police and Criminal Evidence Act 1984 (section 1),,A no further action disposal,,
Person search,2026-07-21T12:07:00+00:00,False,,51.547709,0.702104,Male,,,White,Police and Criminal Evidence Act 1984 (section 1),,A no further action disposal,,
Person and Vehicle search,2026-07-21T13:07:00+00:00,False,,51.572052,0.461548,Male,over 34,White - English/Welsh/Scottish/Northern Irish/British,White,Misuse of Drugs Act 1971 (section 23),,Arrest,,
Person search,2026-07-21T15:07:00+00:00,False,,51.616708,0.302704,Male,over 34,White - English/Welsh/Scottish/Northern Irish/British,White,Police and Criminal Evidence Act 1984 (section 1),,Community resolution,,
Person search,2026-07-21T16:07:00+00:00,True,,51.790719,1.150382,Male,18-24,White - English/Welsh/Scottish/Northern Irish/British,White,Police and Criminal Evidence Act 1984 (section 1),,Arrest,,
Person search,2026-07-21T16:07:00+00:00,False,,51.622088,0.049385,Male,18-24,Other ethnic group - Not stated,White,Misuse of Drugs Act 1971 (section 23),,A no further action disposal,,
Person search,2026-07-21T18:07:00+00:00,False,,51.789375,0.117876,Male,over 34,White - English/Welsh/Scottish/Northern Irish/British,White,Police and Criminal Evidence Act 1984 (section 1),,A no further action disposal,,
Person search,2026-07-21T19:07:00+00:00,False,,51.891086,0.931574,Male,18-24,White - English/Welsh/Scottish/Northern Irish/British,White,Misuse of Drugs Act 1971 (section 23),,A no further action disposal,,
Person search,2026-07-21T19:07:00+00:00,True,,51.534025,0.712440,Male,,Other ethnic group - Not stated,Asian,Misuse of Drugs Act 1971 (section 23),,A no further action disposal,,
Person and Vehicle search,2026-07-21T21:07:00+00:00,False,,51.570965,0.453754,Male,25-34,Black/African/Caribbean/Black British - Any other Black/African/Caribbean background,Asian,Misuse of Drugs Act 1971 (section 23),,A no further action disposal,,
Person search,2026-07-21T22:07:00+00:00,False,,51.571278,0.431820,Male,18-24,Mixed/Multiple ethnic groups - Any other Mixed/Multiple ethnic background,Mixed,Misuse of Drugs Act 1971 (section 23),,A no further action disposal,,
Person search,2026-07-21T22:07:00+00:00,False,,51.571278,0.431820,Male,10-17,Mixed/Multiple ethnic groups - Any other Mixed/Multiple ethnic background,Mixed,Misuse of Drugs Act 1971 (section 23),,A no further action disposal,,
Person search,2026-07-21T22:07:00+00:00,False,,51.571278,0.431820,Male,18-24,White - English/Welsh/Scottish/Northern Irish/British,White,Misuse of Drugs Act 1971 (section 23),,Community resolution,,
Person search,2026-07-21T22:07:00+00:00,False,,51.571278,0.431820,Other,18-24,White - English/Welsh/Scottish/Northern Irish/British,White,Misuse of Drugs Act 1971 (section 23),,A no further action disposal,,
Person and Vehicle search,2026-07-21T23:07:00+00:00,False,,51.865626,0.587800,Male,,White - English/Welsh/Scottish/Northern Irish/British,White,Misuse of Drugs Act 1971 (section 23),,A no further action disposal,,
Vehicle search,2026-07-22T00:07:00+00:00,False,,51.550696,0.702021,,,,,Misuse of Drugs Act 1971 (section 23),,A no further action disposal,,
Person search,2026-07-22T01:07:00+00:00,False,,51.550696,0.702021,Male,25-34,Mixed/Multiple ethnic groups - Any other Mixed/Multiple ethnic background,Mixed,Misuse of Drugs Act 1971 (section 23),,A no further action disposal,,
Person search,2026-07-22T01:07:00+00:00,False,,51.550696,0.702021,Male,,White - English/Welsh/Scottish/Northern Irish/British,White,Misuse of Drugs Act 1971 (section 23),,A no further action disposal,,
Person search,2026-07-22T05:07:00+00:00,False,,51.629213,0.418257,Male,over 34,Mixed/Multiple ethnic groups - Any other Mixed/Multiple ethnic background,White,Police and Criminal Evidence Act 1984 (section 1),,A no further action disposal,,
Person search,2026-07-22T08:07:00+00:00,False,,51.888312,0.554645,Male,over 34,White - English/Welsh/Scottish/Northern Irish/British,White,Police and Criminal Evidence Act 1984 (section 1),,A no further action disposal,,
Vehicle search,2026-07-22T08:07:00+00:00,False,,51.492288,0.272267,,,,,Police and Criminal Evidence Act 1984 (section 1),,A no further action disposal,,
Person search,2026-07-22T08:07:00+00:00,False,,51.536503,0.720764,Male,over 34,White - English/Welsh/Scottish/Northern Irish/British,White,Police and Criminal Evidence Act 1984 (section 1),,Arrest,,
Person search,2026-07-22T09:07:00+00:00,False,,51.535359,0.721994,Male,,White - English/Welsh/Scottish/Northern Irish/British,White,Misuse of Drugs Act 1971 (section 23),,Arrest,,
Person search,2026-07-22T09:07:00+00:00,False,,51.534966,0.717615,Male,over 34,White - English/Welsh/Scottish/Northern Irish/British,White,Misuse of Drugs Act 1971 (section 23),,Arrest,,
Person search,2026-07-22T11:07:00+00:00,False,,51.878552,0.551476,Male,18-24,White - English/Welsh/Scottish/Northern Irish/British,White,Misuse of Drugs Act 1971 (section 23),,Arrest,,
Person search,2026-07-22T11:07:00+00:00,False,,51.525576,0.440384,Male,18-24,Black/African/Caribbean/Black British - Any other Black/African/Caribbean background,Black,Police and Criminal Evidence Act 1984 (section 1),,Arrest,,
Person search,2026-07-22T12:07:00+00:00,False,,51.736204,0.679342,Male,25-34,White - English/Welsh/Scottish/Northern Irish/British,White,Misuse of Drugs Act 1971 (section 23),,A no further action disposal,,
Person search,2026-07-22T12:07:00+00:00,True,,51.532265,0.727044,Male,over 34,,White,Police and Criminal Evidence Act 1984 (section 1),,A no further action disposal,,
Vehicle search,2026-07-22T12:07:00+00:00,False,,51.736204,0.679342,,,,,Misuse of Drugs Act 1971 (section 23),,A no further action disposal,,
Person search,2026-07-22T13:07:00+00:00,False,,51.882602,0.258873,Male,18-24,Other ethnic group - Not stated,Black,Misuse of Drugs Act 1971 (section 23),,Community resolution,,
Person search,2026-07-22T13:07:00+00:00,True,,51.767115,0.094590,Female,10-17,,White,Police and Criminal Evidence Act 1984 (section 1),,A no further action disposal,,
Person search,2026-07-22T14:07:00+00:00,False,,51.477430,0.322929,Male,10-17,White - English/Welsh/Scottish/Northern Irish/British,White,Police and Criminal Evidence Act 1984 (section 1),,A no further action disposal,,
Person search,2026-07-22T15:07:00+00:00,False,,51.619963,0.304574,Male,10-17,,White,Police and Criminal Evidence Act 1984 (section 1),,A no further action disposal,,
Person search,2026-07-22T15:07:00+00:00,False,,51.619963,0.304574,Male,,,White,Police and Criminal Evidence Act 1984 (section 1),,A no further action disposal,,
Person search,2026-07-22T15:07:00+00:00,False,,51.619963,0.304574,Male,,,White,Police and Criminal Evidence Act 1984 (section 1),,A no further action disposal,,
Person search,2026-07-22T15:07:00+00:00,True,,51.534025,0.712440,Male,18-24,Other ethnic group - Not stated,Black,Misuse of Drugs Act 1971 (section 23),,Community resolution,,
Person search,2026-07-22T15:07:00+00:00,True,,51.534025,0.712440,Male,,,Black,Misuse of Drugs Act 1971 (section 23),,A no further action disposal,,
Person search,2026-07-22T15:07:00+00:00,False,,51.567249,0.552460,Male,10-17,White - English/Welsh/Scottish/Northern Irish/British,White,Misuse of Drugs Act 1971 (section 23),,A no further action disposal,,
Person search,2026-07-22T15:07:00+00:00,False,,51.567249,0.552460,Male,10-17,White - English/Welsh/Scottish/Northern Irish/British,White,Misuse of Drugs Act 1971 (section 23),,A no further action disposal,,
Person search,2026-07-22T15:07:00+00:00,False,,51.567249,0.552460,Male,10-17,Mixed/Multiple ethnic groups - Any other Mixed/Multiple ethnic background,Asian,Misuse of Drugs Act 1971 (section 23),,A no further action disposal,,
Person search,2026-07-22T15:07:00+00:00,False,,51.566806,0.486864,Female,10-17,White - English/Welsh/Scottish/Northern Irish/British,White,Police and Criminal Evidence Act 1984 (section 1),,A no further action disposal,,
Person search,2026-07-22T15:07:00+00:00,False,,51.619963,0.304574,Male,10-17,,White,Police and Criminal Evidence Act 1984 (section 1),,A no further action disposal,,
Person search,2026-07-22T15:07:00+00:00,False,,51.619963,0.304574,Male,10-17,,Mixed,Police and Criminal Evidence Act 1984 (section 1),,A no further action disposal,,
Person search,2026-07-22T15:07:00+00:00,False,,51.619963,0.304574,Male,10-17,,Mixed,Police and Criminal Evidence Act 1984 (section 1),,A no further action disposal,,
Person search,2026-07-22T15:07:00+00:00,False,,51.566806,0.486864,Female,18-24,Other ethnic group - Not stated,White,Police and Criminal Evidence Act 1984 (section 1),,A no further action disposal,,
Person search,2026-07-22T15:07:00+00:00,False,,51.566806,0.486864,Female,10-17,Other ethnic group - Not stated,Black,Police and Criminal Evidence Act 1984 (section 1),,A no further action disposal,,
Person search,2026-07-22T15:07:00+00:00,False,,51.770902,0.090863,Female,,,White,Police and Criminal Evidence Act 1984 (section 1),,A no further action disposal,,
Person search,2026-07-22T16:07:00+00:00,False,,51.468298,0.363574,Male,over 34,White - English/Welsh/Scottish/Northern Irish/British,White,Police and Criminal Evidence Act 1984 (section 1),,Arrest,,
Person search,2026-07-22T16:07:00+00:00,True,,51.534025,0.712440,Male,25-34,Black/African/Caribbean/Black British - African,Asian,Misuse of Drugs Act 1971 (section 23),,Arrest,,
Person search,2026-07-22T16:07:00+00:00,False,,51.882602,0.258873,Male,over 34,White - Any other White background,White,Police and Criminal Evidence Act 1984 (section 1),,A no further action disposal,,
Person search,2026-07-22T16:07:00+00:00,False,,51.771214,0.091008,Female,over 34,White - Gypsy or Irish Traveller,White,Police and Criminal Evidence Act 1984 (section 1),,A no further action disposal,,
Vehicle search,2026-07-22T17:07:00+00:00,False,,51.580064,0.509557,,,,,Police and Criminal Evidence Act 1984 (section 1),,Arrest,,
Person search,2026-07-22T17:07:00+00:00,False,,51.580064,0.509557,Female,over 34,White - English/Welsh/Scottish/Northern Irish/British,White,Police and Criminal Evidence Act 1984 (section 1),,Arrest,,
Person and Vehicle search,2026-07-22T17:07:00+00:00,False,,51.714330,0.502102,Male,25-34,Other ethnic group - Any other ethnic group,White,Misuse of Drugs Act 1971 (section 23),,A no further action disposal,,
Vehicle search,2026-07-22T17:07:00+00:00,False,,51.646389,0.081891,,,,,Misuse of Drugs Act 1971 (section 23),,Summons / charged by post,,
Person search,2026-07-22T17:07:00+00:00,False,,51.882602,0.258873,Female,over 34,White - Any other White background,White,Police and Criminal Evidence Act 1984 (section 1),,Community resolution,,
Person search,2026-07-22T17:07:00+00:00,False,,51.580064,0.509557,Male,over 34,White - English/Welsh/Scottish/Northern Irish/British,White,Police and Criminal Evidence Act 1984 (section 1),,A no further action disposal,,
Person search,2026-07-22T17:07:00+00:00,False,,51.580064,0.509557,Male,over 34,White - English/Welsh/Scottish/Northern Irish/British,White,Police and Criminal Evidence Act 1984 (section 1),,Arrest,,
Person search,2026-07-22T17:07:00+00:00,False,,51.580064,0.509557,Female,25-34,White - English/Welsh/Scottish/Northern Irish/British,White,Police and Criminal Evidence Act 1984 (section 1),,Arrest,,
Person and Vehicle search,2026-07-22T18:07:00+00:00,False,,51.723426,0.489959,Male,18-24,White - Any other White background,White,Misuse of Drugs Act 1971 (section 23),,A no further action disposal,,
Person search,2026-07-22T18:07:00+00:00,False,,51.591676,0.664458,Male,10-17,White - English/Welsh/Scottish/Northern Irish/British,White,Police and Criminal Evidence Act 1984 (section 1),,A no further action disposal,,
Person search,2026-07-22T18:07:00+00:00,False,,51.591676,0.664458,Male,10-17,White - English/Welsh/Scottish/Northern Irish/British,White,Police and Criminal Evidence Act 1984 (section 1),,A no further action disposal,,
Person search,2026-07-22T18:07:00+00:00,False,,51.591676,0.664458,Male,10-17,White - English/Welsh/Scottish/Northern Irish/British,White,Police and Criminal Evidence Act 1984 (section 1),,A no further action disposal,,
Person search,2026-07-22T18:07:00+00:00,False,,51.591676,0.664458,Male,10-17,White - English/Welsh/Scottish/Northern Irish/British,White,Police and Criminal Evidence Act 1984 (section 1),,A no further action disposal,,
Person search,2026-07-22T19:07:00+00:00,False,,51.889225,0.902165,Male,over 34,Asian/Asian British - Any other Asian background,Asian,Police and Criminal Evidence Act 1984 (section 1),,A no further action disposal,,
Person search,2026-07-22T20:07:00+00:00,False,,51.942952,0.637883,Male,10-17,White - English/Welsh/Scottish/Northern Irish/British,White,Misuse of Drugs Act 1971 (section 23),,A no further action disposal,,
Person search,2026-07-22T21:07:00+00:00,False,,51.549521,0.717473,Female,over 34,Black/African/Caribbean/Black British - African,Black,Police and Criminal Evidence Act 1984 (section 1),,Community resolution,,
Person search,2026-07-22T22:07:00+00:00,False,,51.599950,0.695573,Male,18-24,White - English/Welsh/Scottish/Northern Irish/British,White,Misuse of Drugs Act 1971 (section 23),,Community resolution,,
Person search,2026-07-23T00:07:00+00:00,False,,51.885541,0.888165,Male,18-24,White - English/Welsh/Scottish/Northern Irish/British,White,Police and Criminal Evidence Act 1984 (section 1),,A no further action disposal,,
Person search,2026-07-23T01:07:00+00:00,False,,51.544453,0.691165,Male,18-24,White - Any other White background,White,Misuse of Drugs Act 1971 (section 23),,A no further action disposal,,
Vehicle search,2026-07-23T03:07:00+00:00,False,,51.804092,1.131932,,,,,Misuse of Drugs Act 1971 (section 23),,A no further action disposal,,
Person search,2026-07-23T04:07:00+00:00,False,,51.538174,0.695914,Male,,White - English/Welsh/Scottish/Northern Irish/British,White,Police and Criminal Evidence Act 1984 (section 1),,A no further action disposal,,
Person search,2026-07-23T04:07:00+00:00,False,,51.538174,0.695914,Male,25-34,Other ethnic group - Not stated,Mixed,Police and Criminal Evidence Act 1984 (section 1),,Arrest,,
Person search,2026-07-23T06:07:00+00:00,False,,51.510757,0.474225,Male,25-34,White - English/Welsh/Scottish/Northern Irish/British,White,Misuse of Drugs Act 1971 (section 23),,Arrest,,
Person and Vehicle search,2026-07-23T06:07:00+00:00,False,,51.568585,0.453611,Male,over 34,White - English/Welsh/Scottish/Northern Irish/British,White,Misuse of Drugs Act 1971 (section 23),,A no further action disposal,,
Person and Vehicle search,2026-07-23T06:07:00+00:00,False,,51.566327,0.544400,Male,18-24,White - English/Welsh/Scottish/Northern Irish/British,White,Misuse of Drugs Act 1971 (section 23),,A no further action disposal,,
Person search,2026-07-23T06:07:00+00:00,False,,51.566327,0.544400,Male,over 34,White - English/Welsh/Scottish/Northern Irish/British,White,Misuse of Drugs Act 1971 (section 23),,Community resolution,,
Person and Vehicle search,2026-07-23T09:07:00+00:00,False,,51.796215,1.150678,Male,over 34,White - English/Welsh/Scottish/Northern Irish/British,White,Police and Criminal Evidence Act 1984 (section 1),,Arrest,,
Person and Vehicle search,2026-07-23T09:07:00+00:00,False,,51.796215,1.150678,Female,over 34,White - English/Welsh/Scottish/Northern Irish/British,White,Police and Criminal Evidence Act 1984 (section 1),,Arrest,,
Person search,2026-07-23T09:07:00+00:00,False,,51.731057,0.463822,Male,,,White,Misuse of Drugs Act 1971 (section 23),,A no further action disposal,,
Person search,2026-07-23T09:07:00+00:00,False,,51.474066,0.328360,Male,25-34,White - English/Welsh/Scottish/Northern Irish/British,White,Police and Criminal Evidence Act 1984 (section 1),,A no further action disposal,,
Person and Vehicle search,2026-07-23T09:07:00+00:00,False,,51.796215,1.150678,Male,over 34,White - English/Welsh/Scottish/Northern Irish/British,White,Police and Criminal Evidence Act 1984 (section 1),,Arrest,,
Person search,2026-07-23T10:07:00+00:00,False,,51.539368,0.703441,Female,over 34,White - English/Welsh/Scottish/Northern Irish/British,White,Misuse of Drugs Act 1971 (section 23),,A no further action disposal,,
Person search,2026-07-23T12:07:00+00:00,False,,51.732881,0.471163,Male,18-24,Black/African/Caribbean/Black British - Caribbean,Black,Misuse of Drugs Act 1971 (section 23),,Community resolution,,
Person search,2026-07-23T12:07:00+00:00,True,,51.534025,0.712440,Male,18-24,Other ethnic group - Not stated,Black,Misuse of Drugs Act 1971 (section 23),,Community resolution,,
Person search,2026-07-23T13:07:00+00:00,False,,51.739207,0.461571,Male,over 34,White - English/Welsh/Scottish/Northern Irish/British,White,Misuse of Drugs Act 1971 (section 23),,A no further action disposal,,
Person search,2026-07-23T13:07:00+00:00,False,,,,Female,over 34,White - English/Welsh/Scottish/Northern Irish/British,White,Misuse of Drugs Act 1971 (section 23),,A no further action disposal,,
Person search,2026-07-23T13:07:00+00:00,False,,51.637066,0.492528,Male,25-34,White - English/Welsh/Scottish/Northern Irish/British,White,Police and Criminal Evidence Act 1984 (section 1),,Arrest,,
Person search,2026-07-23T13:07:00+00:00,False,,51.739742,0.458761,Male,over 34,White - English/Welsh/Scottish/Northern Irish/British,White,Misuse of Drugs Act 1971 (section 23),,Arrest,,
Person search,2026-07-23T14:07:00+00:00,True,,51.534223,0.710837,Male,18-24,White - English/Welsh/Scottish/Northern Irish/British,White,Misuse of Drugs Act 1971 (section 23),,Community resolution,,
Person and Vehicle search,2026-07-23T14:07:00+00:00,False,,51.839685,1.042438,Male,over 34,White - English/Welsh/Scottish/Northern Irish/British,White,Misuse of Drugs Act 1971 (section 23),,Arrest,,
Person search,2026-07-23T15:07:00+00:00,False,,51.571177,0.457806,Male,,White - English/Welsh/Scottish/Northern Irish/British,White,Police and Criminal Evidence Act 1984 (section 1),,A no further action disposal,,
Person search,2026-07-23T15:07:00+00:00,False,,51.571177,0.457806,Male,,White - English/Welsh/Scottish/Northern Irish/British,White,Police and Criminal Evidence Act 1984 (section 1),,A no further action disposal,,
Person search,2026-07-23T15:07:00+00:00,False,,51.571177,0.457806,Male,,White - English/Welsh/Scottish/Northern Irish/British,White,Police and Criminal Evidence Act 1984 (section 1),,A no further action disposal,,
Person search,2026-07-23T15:07:00+00:00,False,,51.571177,0.457806,Male,,White - English/Welsh/Scottish/Northern Irish/British,White,Police and Criminal Evidence Act 1984 (section 1),,A no further action disposal,,
Person search,2026-07-23T15:07:00+00:00,False,,51.571177,0.457806,Male,,White - English/Welsh/Scottish/Northern Irish/British,White,Police and Criminal Evidence Act 1984 (section 1),,A no further action disposal,,
Person search,2026-07-23T15:07:00+00:00,False,,51.730218,0.484428,Male,18-24,Mixed/Multiple ethnic groups - White and Black African,Mixed,Police and Criminal Evidence Act 1984 (section 1),,Arrest,,
Person search,2026-07-23T15:07:00+00:00,False,,51.571177,0.457806,Male,,White - English/Welsh/Scottish/Northern Irish/British,White,Police and Criminal Evidence Act 1984 (section 1),,A no further action disposal,,
Person search,2026-07-23T16:07:00+00:00,False,,51.568753,0.455886,Male,over 34,White - English/Welsh/Scottish/Northern Irish/British,White,Police and Criminal Evidence Act 1984 (section 1),,Community resolution,,
Person search,2026-07-23T16:07:00+00:00,False,,51.889288,0.903274,Female,over 34,Other ethnic group - Not stated,White,Police and Criminal Evidence Act 1984 (section 1),,A no further action disposal,,
Person search,2026-07-23T16:07:00+00:00,False,,51.571045,0.459805,Male,over 34,White - English/Welsh/Scottish/Northern Irish/British,White,Misuse of Drugs Act 1971 (section 23),,Arrest,,
Person search,2026-07-23T16:07:00+00:00,False,,51.569623,0.457942,Male,over 34,White - English/Welsh/Scottish/Northern Irish/British,White,Police and Criminal Evidence Act 1984 (section 1),,Arrest,,
Person search,2026-07-23T16:07:00+00:00,False,,51.734026,0.472731,Female,25-34,White - English/Welsh/Scottish/Northern Irish/British,Other,Police and Criminal Evidence Act 1984 (section 1),,Summons / charged by post,,
Person search,2026-07-23T16:07:00+00:00,False,,51.734026,0.472731,Female,25-34,White - English/Welsh/Scottish/Northern Irish/British,Other,Police and Criminal Evidence Act 1984 (section 1),,Summons / charged by post,,
Person search,2026-07-23T16:07:00+00:00,False,,51.734026,0.472731,Female,over 34,White - English/Welsh/Scottish/Northern Irish/British,Other,Police and Criminal Evidence Act 1984 (section 1),,Summons / charged by post,,
Person search,2026-07-23T16:07:00+00:00,False,,51.734026,0.472731,Female,over 34,White - English/Welsh/Scottish/Northern Irish/British,Other,Police and Criminal Evidence Act 1984 (section 1),,Summons / charged by post,,
Person search,2026-07-23T16:07:00+00:00,False,,51.875575,0.247784,Male,18-24,White - Any other White background,White,Misuse of Drugs Act 1971 (section 23),,Arrest,,
Person search,2026-07-23T16:07:00+00:00,False,,51.890226,0.901329,Male,over 34,White - English/Welsh/Scottish/Northern Irish/British,White,Police and Criminal Evidence Act 1984 (section 1),,Arrest,,
Person search,2026-07-23T17:07:00+00:00,False,,51.539394,0.713596,Male,10-17,,Mixed,Police and Criminal Evidence Act 1984 (section 1),,A no further action disposal,,
Person search,2026-07-23T17:07:00+00:00,False,,51.494860,0.347213,Male,10-17,White - English/Welsh/Scottish/Northern Irish/British,White,Police and Criminal Evidence Act 1984 (section 1),,A no further action disposal,,
Vehicle search,2026-07-23T17:07:00+00:00,True,,51.553452,0.692475,,,,,Police and Criminal Evidence Act 1984 (section 1),,A no further action disposal,,
Person search,2026-07-23T17:07:00+00:00,False,,51.733699,0.477609,Female,10-17,White - English/Welsh/Scottish/Northern Irish/British,White,Police and Criminal Evidence Act 1984 (section 1),,A no further action disposal,,
Person search,2026-07-23T18:07:00+00:00,True,,51.541700,0.686503,Male,over 34,White - English/Welsh/Scottish/Northern Irish/British,White,Misuse of Drugs Act 1971 (section 23),,Community resolution,,
Person search,2026-07-23T19:07:00+00:00,False,,51.567192,0.659057,Male,18-24,White - Any other White background,White,Misuse of Drugs Act 1971 (section 23),,A no further action disposal,,
Person search,2026-07-23T19:07:00+00:00,False,,51.567192,0.659057,Male,18-24,White - Any other White background,White,Misuse of Drugs Act 1971 (section 23),,A no further action disposal,,
Person search,2026-07-23T19:07:00+00:00,False,,51.911786,0.900508,Male,18-24,White - English/Welsh/Scottish/Northern Irish/British,White,Police and Criminal Evidence Act 1984 (section 1),,A no further action disposal,,
Person and Vehicle search,2026-07-23T20:07:00+00:00,False,,51.567192,0.659057,Male,25-34,White - Any other White background,White,Misuse of Drugs Act 1971 (section 23),,A no further action disposal,,
Person search,2026-07-23T20:07:00+00:00,False,,51.626704,0.420464,Male,18-24,,Mixed,Misuse of Drugs Act 1971 (section 23),,Community resolution,,
Person search,2026-07-23T20:07:00+00:00,False,,51.579284,0.490446,Male,25-34,White - English/Welsh/Scottish/Northern Irish/British,White,Police and Criminal Evidence Act 1984 (section 1),,A no further action disposal,,
Vehicle search,2026-07-23T20:07:00+00:00,False,,51.579284,0.490446,,,,,Police and Criminal Evidence Act 1984 (section 1),,A no further action disposal,,
Person and Vehicle search,2026-07-23T20:07:00+00:00,False,,51.626704,0.420464,Male,18-24,White - English/Welsh/Scottish/Northern Irish/British,White,Misuse of Drugs Act 1971 (section 23),,Community resolution,,
Person and Vehicle search,2026-07-23T21:07:00+00:00,False,,51.893893,0.875821,Female,over 34,White - English/Welsh/Scottish/Northern Irish/British,White,Misuse of Drugs Act 1971 (section 23),,Arrest,,
Person search,2026-07-23T22:07:00+00:00,False,,51.917904,0.901165,Male,10-17,White - English/Welsh/Scottish/Northern Irish/British,White,Police and Criminal Evidence Act 1984 (section 1),,A no further action disposal,,
Person search,2026-07-23T22:07:00+00:00,False,,51.917904,0.901165,Male,10-17,White - English/Welsh/Scottish/Northern Irish/British,White,Police and Criminal Evidence Act 1984 (section 1),,A no further action disposal,,
Person search,2026-07-23T22:07:00+00:00,False,,51.568109,0.457453,Male,10-17,Other ethnic group - Not stated,White,Police and Criminal Evidence Act 1984 (section 1),,A no further action disposal,,
Person search,2026-07-23T22:07:00+00:00,False,,51.568109,0.457453,Male,10-17,White - English/Welsh/Scottish/Northern Irish/British,White,Police and Criminal Evidence Act 1984 (section 1),,A no further action disposal,,
Person search,2026-07-23T23:07:00+00:00,False,,51.876995,0.549847,Female,25-34,White - English/Welsh/Scottish/Northern Irish/British,White,Misuse of Drugs Act 1971 (section 23),,Community resolution,,
Vehicle search,2026-07-24T00:07:00+00:00,False,,51.540396,0.760457,,,,,Misuse of Drugs Act 1971 (section 23),,Community resolution,,
Person search,2026-07-24T00:07:00+00:00,False,,51.573934,0.466152,Male,10-17,Other ethnic group - Not stated,White,Misuse of Drugs Act 1971 (section 23),,A no further action disposal,,
Person search,2026-07-24T00:07:00+00:00,False,,51.540396,0.760457,Male,over 34,White - Any other White background,Other,Misuse of Drugs Act 1971 (section 23),,Community resolution,,
Vehicle search,2026-07-24T00:07:00+00:00,False,,51.540436,0.758729,,,,,Misuse of Drugs Act 1971 (section 23),,Community resolution,,
Person search,2026-07-24T00:07:00+00:00,False,,51.540436,0.758729,Male,25-34,White - Any other White background,Mixed,Misuse of Drugs Act 1971 (section 23),,Community resolution,,
Person search,2026-07-24T01:07:00+00:00,False,,51.482680,0.368423,Male,18-24,Black/African/Caribbean/Black British - Any other Black/African/Caribbean background,Black,Misuse of Drugs Act 1971 (section 23),,Community resolution,,
Person and Vehicle search,2026-07-24T01:07:00+00:00,False,,51.482680,0.368423,Male,18-24,Black/African/Caribbean/Black British - Any other Black/African/Caribbean background,Black,Misuse of Drugs Act 1971 (section 23),,A no further action disposal,,
Person search,2026-07-24T01:07:00+00:00,False,,51.482680,0.368423,Male,18-24,Black/African/Caribbean/Black British - Any other Black/African/Caribbean background,Black,Misuse of Drugs Act 1971 (section 23),,A no further action disposal,,
Person and Vehicle search,2026-07-24T01:07:00+00:00,False,,51.901253,0.897814,Male,18-24,White - Any other White background,White,Misuse of Drugs Act 1971 (section 23),,Arrest,,
Person search,2026-07-24T01:07:00+00:00,False,,51.482680,0.368423,Female,18-24,Black/African/Caribbean/Black British - Any other Black/African/Caribbean background,Black,Misuse of Drugs Act 1971 (section 23),,A no further action disposal,,
Person search,2026-07-24T02:07:00+00:00,False,,51.461116,0.361187,Male,10-17,White - Any other White background,White,Misuse of Drugs Act 1971 (section 23),,A no further action disposal,,
Person search,2026-07-24T07:07:00+00:00,False,,51.536235,0.722623,Male,over 34,White - English/Welsh/Scottish/Northern Irish/British,White,Police and Criminal Evidence Act 1984 (section 1),,A no further action disposal,,
Person and Vehicle search,2026-07-24T08:07:00+00:00,False,,51.561926,0.702961,Male,25-34,White - English/Welsh/Scottish/Northern Irish/British,White,Misuse of Drugs Act 1971 (section 23),,Arrest,,
Person search,2026-07-24T08:07:00+00:00,False,,51.561926,0.702961,Male,25-34,White - English/Welsh/Scottish/Northern Irish/British,White,Misuse of Drugs Act 1971 (section 23),,Arrest,,
Person search,2026-07-24T10:07:00+00:00,False,,51.890235,0.899890,Female,25-34,White - Gypsy or Irish Traveller,White,Police and Criminal Evidence Act 1984 (section 1),,A no further action disposal,,
Person search,2026-07-24T10:07:00+00:00,False,,51.895141,0.268499,Male,over 34,White - Any other White background,White,Police and Criminal Evidence Act 1984 (section 1),,A no further action disposal,,
Person search,2026-07-24T14:07:00+00:00,False,,51.568245,0.463420,Female,10-17,Mixed/Multiple ethnic groups - White and Black African,Black,Police and Criminal Evidence Act 1984 (section 1),,A no further action disposal,,
Person search,2026-07-24T14:07:00+00:00,False,,51.568245,0.463420,Male,25-34,Mixed/Multiple ethnic groups - White and Black African,Black,Police and Criminal Evidence Act 1984 (section 1),,A no further action disposal,,
Person search,2026-07-24T14:07:00+00:00,False,,51.536358,0.718463,Female,over 34,White - English/Welsh/Scottish/Northern Irish/British,White,Police and Criminal Evidence Act 1984 (section 1),,A no further action disposal,,
Person search,2026-07-24T14:07:00+00:00,False,,51.568245,0.463420,Male,over 34,Black/African/Caribbean/Black British - Any other Black/African/Caribbean background,Black,Police and Criminal Evidence Act 1984 (section 1),,Summons / charged by post,,
Person search,2026-07-24T15:07:00+00:00,False,,51.890156,0.245854,Male,over 34,Other ethnic group - Not stated,White,Police and Criminal Evidence Act 1984 (section 1),,A no further action disposal,,
Person search,2026-07-24T15:07:00+00:00,False,,51.573386,0.456670,Male,10-17,,Black,Police and Criminal Evidence Act 1984 (section 1),,A no further action disposal,,
Person and Vehicle search,2026-07-24T15:07:00+00:00,False,,51.628072,0.417763,Female,18-24,White - English/Welsh/Scottish/Northern Irish/British,White,Misuse of Drugs Act 1971 (section 23),,A no further action disposal,,
Person search,2026-07-24T15:07:00+00:00,False,,51.477430,0.322929,Male,25-34,White - English/Welsh/Scottish/Northern Irish/British,White,Police and Criminal Evidence Act 1984 (section 1),,A no further action disposal,,
Person search,2026-07-24T15:07:00+00:00,True,,51.532950,0.720783,Male,25-34,White - Any other White background,White,Misuse of Drugs Act 1971 (section 23),,A no further action disposal,,
Person search,2026-07-24T15:07:00+00:00,False,,51.569050,0.461054,Male,25-34,White - English/Welsh/Scottish/Northern Irish/British,White,Police and Criminal Evidence Act 1984 (section 1),,Summons / charged by post,,
Vehicle search,2026-07-24T15:07:00+00:00,True,,51.522927,0.601289,,,,,Misuse of Drugs Act 1971 (section 23),,Arrest,,
Person search,2026-07-24T16:07:00+00:00,False,,51.584608,0.429991,Male,18-24,White - English/Welsh/Scottish/Northern Irish/British,White,Misuse of Drugs Act 1971 (section 23),,A no further action disposal,,
Person search,2026-07-24T16:07:00+00:00,False,,51.584608,0.429991,Female,18-24,Mixed/Multiple ethnic groups - Any other Mixed/Multiple ethnic background,Mixed,Misuse of Drugs Act 1971 (section 23),,A no further action disposal,,
Person and Vehicle search,2026-07-24T16:07:00+00:00,False,,,,Male,18-24,Other ethnic group - Any other ethnic group,Black,Misuse of Drugs Act 1971 (section 23),,Community resolution,,
Person search,2026-07-24T16:07:00+00:00,False,,51.756805,0.114338,Female,over 34,Other ethnic group - Not stated,White,Misuse of Drugs Act 1971 (section 23),,A no further action disposal,,
Person and Vehicle search,2026-07-24T16:07:00+00:00,False,,51.754702,0.111240,Male,25-34,White - English/Welsh/Scottish/Northern Irish/British,White,Misuse of Drugs Act 1971 (section 23),,Arrest,,
Person and Vehicle search,2026-07-24T17:07:00+00:00,False,,51.684294,0.000591,Male,10-17,White - English/Welsh/Scottish/Northern Irish/British,White,Misuse of Drugs Act 1971 (section 23),,Community resolution,,
Person search,2026-07-24T17:07:00+00:00,False,,51.758978,0.114526,Female,10-17,White - English/Welsh/Scottish/Northern Irish/British,White,Misuse of Drugs Act 1971 (section 23),,A no further action disposal,,
Person and Vehicle search,2026-07-24T17:07:00+00:00,False,,51.684294,0.000591,Male,18-24,White - English/Welsh/Scottish/Northern Irish/British,White,Misuse of Drugs Act 1971 (section 23),,Community resolution,,
Person search,2026-07-24T18:07:00+00:00,False,,51.758978,0.114526,Male,,White - English/Welsh/Scottish/Northern Irish/British,White,Misuse of Drugs Act 1971 (section 23),,A no further action disposal,,
Person search,2026-07-24T18:07:00+00:00,False,,51.585538,0.607016,Male,10-17,White - English/Welsh/Scottish/Northern Irish/British,White,Police and Criminal Evidence Act 1984 (section 1),,A no further action disposal,,
Person search,2026-07-24T18:07:00+00:00,False,,51.758978,0.114526,Female,,White - English/Welsh/Scottish/Northern Irish/British,White,Misuse of Drugs Act 1971 (section 23),,A no further action disposal,,
Person search,2026-07-24T18:07:00+00:00,False,,51.758978,0.114526,Female,18-24,White - English/Welsh/Scottish/Northern Irish/British,White,Misuse of Drugs Act 1971 (section 23),,A no further action disposal,,
Person search,2026-07-24T20:07:00+00:00,False,,51.868240,0.578958,Male,18-24,White - English/Welsh/Scottish/Northern Irish/British,White,Police and Criminal Evidence Act 1984 (section 1),,A no further action disposal,,
Person search,2026-07-24T20:07:00+00:00,True,,51.808245,0.625756,Female,over 34,White - Any other White background,White,Misuse of Drugs Act 1971 (section 23),,A no further action disposal,,
Vehicle search,2026-07-24T20:07:00+00:00,True,,51.808245,0.625756,,,,,Misuse of Drugs Act 1971 (section 23),,A no further action disposal,,
Person search,2026-07-24T21:07:00+00:00,False,,51.479986,0.324629,Male,,Black/African/Caribbean/Black British - Any other Black/African/Caribbean background,Black,Misuse of Drugs Act 1971 (section 23),,A no further action disposal,,
Person search,2026-07-24T21:07:00+00:00,False,,51.539780,0.709739,Male,,Other ethnic group - Any other ethnic group,Mixed,Police and Criminal Evidence Act 1984 (section 1),,A no further action disposal,,
Person search,2026-07-24T21:07:00+00:00,True,,51.734033,0.470251,Male,18-24,Black/African/Caribbean/Black British - African,Black,Misuse of Drugs Act 1971 (section 23),,Community resolution,,
Person search,2026-07-24T21:07:00+00:00,False,,51.557690,0.611237,Male,25-34,Mixed/Multiple ethnic groups - White and Asian,Asian,Psychoactive Substances Act 2016 (s36(2)),,A no further action disposal,,
Vehicle search,2026-07-24T21:07:00+00:00,False,,51.557690,0.611237,,,,,Psychoactive Substances Act 2016 (s36(2)),,A no further action disposal,,
Person search,2026-07-24T21:07:00+00:00,False,,51.479986,0.324629,Male,18-24,Black/African/Caribbean/Black British - Any other Black/African/Caribbean background,Black,Misuse of Drugs Act 1971 (section 23),,A no further action disposal,,
Person search,2026-07-24T21:07:00+00:00,False,,51.479986,0.324629,Male,18-24,Black/African/Caribbean/Black British - African,Black,Misuse of Drugs Act 1971 (section 23),,A no further action disposal,,
Person search,2026-07-24T21:07:00+00:00,False,,51.575507,0.420860,Male,10-17,Other ethnic group - Not stated,White,Police and Criminal Evidence Act 1984 (section 1),,A no further action disposal,,
Person search,2026-07-24T22:07:00+00:00,False,,51.976973,0.592947,Male,25-34,White - Any other White background,Other,Misuse of Drugs Act 1971 (section 23),,A no further action disposal,,
Person search,2026-07-24T22:07:00+00:00,False,,51.976973,0.592947,Male,18-24,White - Any other White background,White,Misuse of Drugs Act 1971 (section 23),,A no further action disposal,,
Person search,2026-07-24T22:07:00+00:00,False,,51.605934,0.298577,Male,18-24,White - English/Welsh/Scottish/Northern Irish/British,White,Misuse of Drugs Act 1971 (section 23),,A no further action disposal,,
Person and Vehicle search,2026-07-24T22:07:00+00:00,False,,51.605934,0.298577,Male,18-24,White - English/Welsh/Scottish/Northern Irish/British,White,Misuse of Drugs Act 1971 (section 23),,A no further action disposal,,
Person search,2026-07-24T22:07:00+00:00,False,,51.480428,0.325933,Male,,,Black,Misuse of Drugs Act 1971 (section 23),,A no further action disposal,,
Person search,2026-07-24T22:07:00+00:00,False,,51.479986,0.324629,Male,18-24,Black/African/Caribbean/Black British - Any other Black/African/Caribbean background,Black,Misuse of Drugs Act 1971 (section 23),,A no further action disposal,,
Person and Vehicle search,2026-07-24T22:07:00+00:00,False,,51.480428,0.325933,Female,,,Black,Misuse of Drugs Act 1971 (section 23),,A no further action disposal,,
Person search,2026-07-24T22:07:00+00:00,False,,51.976973,0.592947,Male,over 34,White - Any other White background,White,Misuse of Drugs Act 1971 (section 23),,A no further action disposal,,
Vehicle search,2026-07-24T22:07:00+00:00,False,,51.976973,0.592947,,,,,Misuse of Drugs Act 1971 (section 23),,A no further action disposal,,
Person search,2026-07-24T22:07:00+00:00,False,,51.754209,0.453302,Male,18-24,White - English/Welsh/Scottish/Northern Irish/British,White,Police and Criminal Evidence Act 1984 (section 1),,A no further action disposal,,
Person search,2026-07-24T23:07:00+00:00,False,,51.734521,0.472701,Male,10-17,White - Any other White background,White,Misuse of Drugs Act 1971 (section 23),,A no further action disposal,,
Person search,2026-07-24T23:07:00+00:00,False,,51.734521,0.472701,Male,10-17,White - English/Welsh/Scottish/Northern Irish/British,White,Misuse of Drugs Act 1971 (section 23),,A no further action disposal,,
Person search,2026-07-24T23:07:00+00:00,True,,51.734521,0.472701,Male,18-24,White - English/Welsh/Scottish/Northern Irish/British,White,Police and Criminal Evidence Act 1984 (section 1),,Community resolution,,
Person search,2026-07-24T23:07:00+00:00,False,,51.584927,0.465131,Male,10-17,White - English/Welsh/Scottish/Northern Irish/British,White,Police and Criminal Evidence Act 1984 (section 1),,A no further action disposal,,
Person and Vehicle search,2026-07-25T00:07:00+00:00,False,,51.745418,0.678352,Male,18-24,Black/African/Caribbean/Black British - Any other Black/African/Caribbean background,Mixed,Misuse of Drugs Act 1971 (section 23),,Arrest,,
Person and Vehicle search,2026-07-25T00:07:00+00:00,False,,51.568529,0.450246,Male,18-24,White - Any other White background,White,Misuse of Drugs Act 1971 (section 23),,A no further action disposal,,
Person search,2026-07-25T00:07:00+00:00,False,,51.478574,0.324168,Female,18-24,,Black,Misuse of Drugs Act 1971 (section 23),,Community resolution,,
Person search,2026-07-25T01:07:00+00:00,False,,51.807272,0.640701,Male,18-24,White - English/Welsh/Scottish/Northern Irish/British,White,Misuse of Drugs Act 1971 (section 23),,A no further action disposal,,
Person search,2026-07-25T01:07:00+00:00,False,,51.478574,0.324168,Male,,,Black,Misuse of Drugs Act 1971 (section 23),,A no further action disposal,,
Person search,2026-07-25T01:07:00+00:00,False,,51.478574,0.324168,Male,18-24,Black/African/Caribbean/Black British - Any other Black/African/Caribbean background,Black,Misuse of Drugs Act 1971 (section 23),,A no further action disposal,,
Person search,2026-07-25T02:07:00+00:00,False,,51.577213,0.494389,Male,over 34,White - English/Welsh/Scottish/Northern Irish/British,White,Police and Criminal Evidence Act 1984 (section 1),,A no further action disposal,,
Person search,2026-07-25T04:07:00+00:00,False,,51.737810,0.468984,Male,18-24,White - English/Welsh/Scottish/Northern Irish/British,White,Police and Criminal Evidence Act 1984 (section 1),,A no further action disposal,,
Person search,2026-07-25T04:07:00+00:00,False,,51.735981,0.468290,Male,18-24,White - English/Welsh/Scottish/Northern Irish/British,White,Police and Criminal Evidence Act 1984 (section 1),,Arrest,,
Person search,2026-07-25T07:07:00+00:00,False,,51.882602,0.258873,Male,over 34,Other ethnic group - Not stated,White,Police and Criminal Evidence Act 1984 (section 1),,Arrest,,
Person search,2026-07-25T11:07:00+00:00,False,,51.570468,0.463309,Male,18-24,Other ethnic group - Not stated,White,Police and Criminal Evidence Act 1984 (section 1),,Arrest,,
Person search,2026-07-25T12:07:00+00:00,False,,51.539394,0.713596,Male,10-17,Other ethnic group - Not stated,White,Police and Criminal Evidence Act 1984 (section 1),,A no further action disposal,,
Person and Vehicle search,2026-07-25T15:07:00+00:00,False,,51.742856,0.459524,Male,over 34,White - Any other White background,White,Misuse of Drugs Act 1971 (section 23),,A no further action disposal,,
Person search,2026-07-25T16:07:00+00:00,False,,51.537971,0.709790,Male,10-17,White - English/Welsh/Scottish/Northern Irish/British,White,Police and Criminal Evidence Act 1984 (section 1),,A no further action disposal,,
Person search,2026-07-25T16:07:00+00:00,False,,51.486555,0.283058,Male,over 34,White - English/Welsh/Scottish/Northern Irish/British,Asian,Police and Criminal Evidence Act 1984 (section 1),,A no further action disposal,,
Person search,2026-07-25T18:07:00+00:00,False,,51.479241,0.390295,Male,over 34,White - English/Welsh/Scottish/Northern Irish/British,White,Police and Criminal Evidence Act 1984 (section 1),,Arrest,,
Person search,2026-07-25T20:07:00+00:00,False,,51.927870,0.902186,Male,25-34,White - English/Welsh/Scottish/Northern Irish/British,White,Police and Criminal Evidence Act 1984 (section 1),,A no further action disposal,,
Vehicle search,2026-07-25T20:07:00+00:00,False,,51.927870,0.902186,,,,,Police and Criminal Evidence Act 1984 (section 1),,A no further action disposal,,
Person search,2026-07-25T20:07:00+00:00,False,,51.927870,0.902186,Male,25-34,White - English/Welsh/Scottish/Northern Irish/British,White,Police and Criminal Evidence Act 1984 (section 1),,Arrest,,
Vehicle search,2026-07-25T20:07:00+00:00,False,,51.574573,0.486552,,,,,Misuse of Drugs Act 1971 (section 23),,Arrest,,
Person search,2026-07-25T21:07:00+00:00,False,,51.891569,0.934207,Female,over 34,White - English/Welsh/Scottish/Northern Irish/British,White,Police and Criminal Evidence Act 1984 (section 1),,A no further action disposal,,
Person search,2026-07-25T21:07:00+00:00,False,,51.568585,0.453611,Male,25-34,,White,Police and Criminal Evidence Act 1984 (section 1),,Arrest,,
Person search,2026-07-25T22:07:00+00:00,True,,51.735422,0.465363,Male,25-34,White - English/Welsh/Scottish/Northern Irish/British,White,Misuse of Drugs Act 1971 (section 23),,Community resolution,,
Person search,2026-07-25T23:07:00+00:00,False,,51.891157,0.936288,Male,10-17,White - English/Welsh/Scottish/Northern Irish/British,White,Police and Criminal Evidence Act 1984 (section 1),,A no further action disposal,,
Person search,2026-07-25T23:07:00+00:00,False,,51.482618,0.366590,Male,,,White,Police and Criminal Evidence Act 1984 (section 1),,A no further action disposal,,
Vehicle search,2026-07-25T23:07:00+00:00,False,,51.810919,0.641291,,,,,Police and Criminal Evidence Act 1984 (section 1),,Arrest,,
Person and Vehicle search,2026-07-25T23:07:00+00:00,False,,51.810919,0.641291,Female,over 34,White - English/Welsh/Scottish/Northern Irish/British,White,Misuse of Drugs Act 1971 (section 23),,Arrest,,
Vehicle search,2026-07-25T23:07:00+00:00,False,,51.810919,0.641291,,,,,Misuse of Drugs Act 1971 (section 23),,Arrest,,
Person search,2026-07-25T23:07:00+00:00,False,,51.602103,0.604225,Male,18-24,Mixed/Multiple ethnic groups - Any other Mixed/Multiple ethnic background,Mixed,Misuse of Drugs Act 1971 (section 23),,A no further action disposal,,
Person search,2026-07-25T23:07:00+00:00,False,,51.891157,0.936288,Male,10-17,White - English/Welsh/Scottish/Northern Irish/British,White,Police and Criminal Evidence Act 1984 (section 1),,A no further action disposal,,
Vehicle search,2026-07-25T23:07:00+00:00,False,,51.811392,0.639824,,,,,Police and Criminal Evidence Act 1984 (section 1),,Arrest,,
Person search,2026-07-26T01:07:00+00:00,False,,51.475503,0.282264,Male,25-34,Mixed/Multiple ethnic groups - Any other Mixed/Multiple ethnic background,Black,Misuse of Drugs Act 1971 (section 23),,Community resolution,,
Person search,2026-07-26T01:07:00+00:00,True,,51.731093,0.474512,Male,25-34,White - English/Welsh/Scottish/Northern Irish/British,White,Misuse of Drugs Act 1971 (section 23),,Community resolution,,
Person and Vehicle search,2026-07-26T03:07:00+00:00,False,,51.725055,0.463119,Male,25-34,Black/African/Caribbean/Black British - Any other Black/African/Caribbean background,Black,Misuse of Drugs Act 1971 (section 23),,Arrest,,
Person search,2026-07-26T03:07:00+00:00,False,,51.725055,0.463119,Male,25-34,White - English/Welsh/Scottish/Northern Irish/British,Black,Misuse of Drugs Act 1971 (section 23),,Community resolution,,
Person search,2026-07-26T04:07:00+00:00,False,,51.539394,0.713596,Male,,,White,Police and Criminal Evidence Act 1984 (section 1),,Arrest,,
Person search,2026-07-26T06:07:00+00:00,False,,51.532331,0.723803,Male,25-34,Other ethnic group - Not stated,White,Police and Criminal Evidence Act 1984 (section 1),,Arrest,,
Person search,2026-07-26T06:07:00+00:00,False,,51.533836,0.722119,Male,25-34,White - English/Welsh/Scottish/Northern Irish/British,White,Police and Criminal Evidence Act 1984 (section 1),,A no further action disposal,,
Person search,2026-07-26T12:07:00+00:00,False,,51.569050,0.461054,Female,over 34,White - English/Welsh/Scottish/Northern Irish/British,White,Police and Criminal Evidence Act 1984 (section 1),,Community resolution,,
Person search,2026-07-26T12:07:00+00:00,False,,51.680395,0.774797,Male,over 34,White - Any other White background,Other,Police and Criminal Evidence Act 1984 (section 1),,A no further action disposal,,
Person search,2026-07-26T12:07:00+00:00,False,,51.680395,0.774797,Male,over 34,White - Any other White background,Other,Police and Criminal Evidence Act 1984 (section 1),,A no further action disposal,,
Person search,2026-07-26T13:07:00+00:00,False,,51.486555,0.283058,Female,,,White,Police and Criminal Evidence Act 1984 (section 1),,A no further action disposal,,
Vehicle search,2026-07-26T13:07:00+00:00,False,,51.680395,0.774797,,,,,Police and Criminal Evidence Act 1984 (section 1),,Arrest,,
Vehicle search,2026-07-26T13:07:00+00:00,False,,51.680395,0.774797,,,,,Police and Criminal Evidence Act 1984 (section 1),,Arrest,,
Person search,2026-07-26T14:07:00+00:00,True,,51.534025,0.712440,Male,over 34,White - English/Welsh/Scottish/Northern Irish/British,White,Police and Criminal Evidence Act 1984 (section 1),,Community resolution,,
Person search,2026-07-26T15:07:00+00:00,False,,51.533578,0.715788,Male,18-24,White - English/Welsh/Scottish/Northern Irish/British,White,Misuse of Drugs Act 1971 (section 23),,Community resolution,,
Person search,2026-07-26T15:07:00+00:00,False,,51.694176,0.112098,Male,over 34,White - English/Welsh/Scottish/Northern Irish/British,White,Misuse of Drugs Act 1971 (section 23),,Community resolution,,
Person search,2026-07-26T15:07:00+00:00,True,,51.460962,0.359884,Male,25-34,White - English/Welsh/Scottish/Northern Irish/British,White,Misuse of Drugs Act 1971 (section 23),,A no further action disposal,,
Vehicle search,2026-07-26T15:07:00+00:00,True,,51.460962,0.359884,,,,,Misuse of Drugs Act 1971 (section 23),,A no further action disposal,,
Person search,2026-07-26T16:07:00+00:00,False,,51.850298,0.723756,Female,18-24,Black/African/Caribbean/Black British - Any other Black/African/Caribbean background,Black,Police and Criminal Evidence Act 1984 (section 1),,A no further action disposal,,
Person search,2026-07-26T16:07:00+00:00,False,,51.648129,0.074064,Male,25-34,Mixed/Multiple ethnic groups - Any other Mixed/Multiple ethnic background,Mixed,Misuse of Drugs Act 1971 (section 23),,Community resolution,,
Person search,2026-07-26T17:07:00+00:00,False,,51.563597,0.504523,Male,over 34,Other ethnic group - Not stated,White,Misuse of Drugs Act 1971 (section 23),,Community resolution,,
Person search,2026-07-26T19:07:00+00:00,False,,51.881868,0.916369,Male,over 34,White - English/Welsh/Scottish/Northern Irish/British,White,Police and Criminal Evidence Act 1984 (section 1),,Arrest,,
Person search,2026-07-27T00:07:00+00:00,False,,51.537859,0.711918,Male,25-34,White - Any other White background,White,Misuse of Drugs Act 1971 (section 23),,A no further action disposal,,
Person and Vehicle search,2026-07-27T06:07:00+00:00,False,,51.605025,0.268521,Male,over 34,White - English/Welsh/Scottish/Northern Irish/British,White,Misuse of Drugs Act 1971 (section 23),,Arrest,,
Vehicle search,2026-07-27T07:07:00+00:00,False,,51.688658,0.112926,,,,,Misuse of Drugs Act 1971 (section 23),,Arrest,,
Person search,2026-07-27T07:07:00+00:00,False,,51.688658,0.112926,Male,25-34,White - English/Welsh/Scottish/Northern Irish/British,White,Misuse of Drugs Act 1971 (section 23),,Arrest,,
Person search,2026-07-27T08:07:00+00:00,False,,51.880113,0.939521,Male,10-17,White - English/Welsh/Scottish/Northern Irish/British,White,Police and Criminal Evidence Act 1984 (section 1),,A no further action disposal,,
Person search,2026-07-27T08:07:00+00:00,False,,51.880113,0.939521,Male,25-34,White - English/Welsh/Scottish/Northern Irish/British,White,Police and Criminal Evidence Act 1984 (section 1),,A no further action disposal,,
Person search,2026-07-27T09:07:00+00:00,False,,51.542860,0.702134,Male,,,Black,Misuse of Drugs Act 1971 (section 23),,A no further action disposal,,
Person search,2026-07-27T09:07:00+00:00,False,,51.895141,0.268499,Female,18-24,White - Any other White background,Mixed,Police and Criminal Evidence Act 1984 (section 1),,A no further action disposal,,
Person search,2026-07-27T09:07:00+00:00,False,,51.895141,0.268499,Female,over 34,Black/African/Caribbean/Black British - African,Asian,Police and Criminal Evidence Act 1984 (section 1),,A no further action disposal,,
Person search,2026-07-27T09:07:00+00:00,False,,51.542860,0.702134,Male,,,White,Misuse of Drugs Act 1971 (section 23),,A no further action disposal,,
Person search,2026-07-27T09:07:00+00:00,False,,51.542860,0.702134,Female,,,White,Misuse of Drugs Act 1971 (section 23),,A no further action disposal,,
Person search,2026-07-27T10:07:00+00:00,False,,51.590876,0.520361,Female,25-34,White - English/Welsh/Scottish/Northern Irish/British,White,Police and Criminal Evidence Act 1984 (section 1),,A no further action disposal,,
Vehicle search,2026-07-27T10:07:00+00:00,False,,51.590876,0.520361,,,,,Police and Criminal Evidence Act 1984 (section 1),,A no further action disposal,,
Person search,2026-07-27T12:07:00+00:00,False,,51.541835,0.711102,Female,18-24,White - Any other White background,White,Police and Criminal Evidence Act 1984 (section 1),,A no further action disposal,,
Person search,2026-07-27T12:07:00+00:00,False,,51.541835,0.711102,Female,18-24,White - Any other White background,White,Police and Criminal Evidence Act 1984 (section 1),,A no further action disposal,,
Person search,2026-07-27T12:07:00+00:00,False,,51.781543,1.135981,Male,over 34,Mixed/Multiple ethnic groups - White and Black Caribbean,Mixed,Misuse of Drugs Act 1971 (section 23),,Summons / charged by post,,
Person search,2026-07-27T13:07:00+00:00,False,,51.613579,0.299917,Male,10-17,White - English/Welsh/Scottish/Northern Irish/British,White,Misuse of Drugs Act 1971 (section 23),,A no further action disposal,,
Person and Vehicle search,2026-07-27T13:07:00+00:00,False,,51.475186,0.306773,Male,over 34,,Mixed,Misuse of Drugs Act 1971 (section 23),,Community resolution,,
Person search,2026-07-27T13:07:00+00:00,True,,51.534025,0.712440,Male,over 34,Mixed/Multiple ethnic groups - Any other Mixed/Multiple ethnic background,Mixed,Misuse of Drugs Act 1971 (section 23),,Community resolution,,
Person search,2026-07-27T13:07:00+00:00,False,,51.613579,0.299917,Male,10-17,White - English/Welsh/Scottish/Northern Irish/British,White,Misuse of Drugs Act 1971 (section 23),,A no further action disposal,,
Person search,2026-07-27T14:07:00+00:00,False,,51.570403,0.464720,Male,18-24,White - English/Welsh/Scottish/Northern Irish/British,White,Misuse of Drugs Act 1971 (section 23),,Community resolution,,
Person search,2026-07-27T14:07:00+00:00,True,,51.534025,0.712440,Male,over 34,White - English/Welsh/Scottish/Northern Irish/British,White,Misuse of Drugs Act 1971 (section 23),,A no further action disposal,,
Person search,2026-07-27T16:07:00+00:00,False,,51.771875,0.086734,Male,over 34,White - Gypsy or Irish Traveller,White,Police and Criminal Evidence Act 1984 (section 1),,Arrest,,
Person search,2026-07-27T17:07:00+00:00,False,,51.486555,0.283058,Male,,,White,Misuse of Drugs Act 1971 (section 23),,A no further action disposal,,
Person search,2026-07-27T17:07:00+00:00,False,,51.486555,0.283058,Male,,,Mixed,Misuse of Drugs Act 1971 (section 23),,A no further action disposal,,
Person search,2026-07-27T17:07:00+00:00,False,,,,Male,25-34,,White,Misuse of Drugs Act 1971 (section 23),,A no further action disposal,,
Person search,2026-07-27T18:07:00+00:00,False,,51.670657,0.071897,Male,10-17,Black/African/Caribbean/Black British - Any other Black/African/Caribbean background,Black,Police and Criminal Evidence Act 1984 (section 1),,A no further action disposal,,
Person search,2026-07-27T18:07:00+00:00,False,,51.595478,0.672074,Male,10-17,Other ethnic group - Not stated,White,Police and Criminal Evidence Act 1984 (section 1),,A no further action disposal,,
Person search,2026-07-27T19:07:00+00:00,False,,51.595478,0.672074,Male,10-17,Other ethnic group - Not stated,White,Police and Criminal Evidence Act 1984 (section 1),,A no further action disposal,,
Person search,2026-07-27T23:07:00+00:00,False,,51.790719,1.150382,Female,25-34,White - English/Welsh/Scottish/Northern Irish/British,White,Police and Criminal Evidence Act 1984 (section 1),,A no further action disposal,,
Person search,2026-07-28T01:07:00+00:00,False,,51.628548,0.318895,Male,over 34,White - English/Welsh/Scottish/Northern Irish/British,White,Misuse of Drugs Act 1971 (section 23),,A no further action disposal,,
Person search,2026-07-28T09:07:00+00:00,False,,51.952254,0.594853,Male,18-24,White - Any other White background,White,Misuse of Drugs Act 1971 (section 23),,Arrest,,
Person search,2026-07-28T10:07:00+00:00,False,,51.895141,0.268499,Female,25-34,White - Any other White background,White,Police and Criminal Evidence Act 1984 (section 1),,Community resolution,,
Person search,2026-07-28T10:07:00+00:00,False,,51.750564,0.466767,Male,10-17,White - English/Welsh/Scottish/Northern Irish/British,White,Misuse of Drugs Act 1971 (section 23),,Arrest,,
Vehicle search,2026-07-28T10:07:00+00:00,False,,51.950692,0.367337,,,,,,,A no further action disposal,,
Person search,2026-07-28T11:07:00+00:00,False,,51.540548,0.715035,Male,25-34,Mixed/Multiple ethnic groups - White and Black Caribbean,Mixed,Misuse of Drugs Act 1971 (section 23),,Arrest,,
Person search,2026-07-28T12:07:00+00:00,False,,51.799042,1.138487,Male,18-24,White - English/Welsh/Scottish/Northern Irish/British,White,Misuse of Drugs Act 1971 (section 23),,A no further action disposal,,
Person search,2026-07-28T12:07:00+00:00,True,,51.533578,0.715788,Female,18-24,White - English/Welsh/Scottish/Northern Irish/British,White,Police and Criminal Evidence Act 1984 (section 1),,Community resolution,,
Person search,2026-07-28T13:07:00+00:00,False,,51.791969,1.129162,Male,25-34,,Mixed,Misuse of Drugs Act 1971 (section 23),,A no further action disposal,,
Person search,2026-07-28T14:07:00+00:00,False,,51.478574,0.324168,Male,25-34,Black/African/Caribbean/Black British - Any other Black/African/Caribbean background,Black,Misuse of Drugs Act 1971 (section 23),,Community resolution,,
Vehicle search,2026-07-28T14:07:00+00:00,False,,51.639712,0.088234,,,,,Misuse of Drugs Act 1971 (section 23),,Arrest,,
Person search,2026-07-28T14:07:00+00:00,False,,51.622056,0.070144,Male,25-34,Mixed/Multiple ethnic groups - White and Black Caribbean,Black,Misuse of Drugs Act 1971 (section 23),,Arrest,,
Person search,2026-07-28T15:07:00+00:00,False,,51.533836,0.722119,Male,18-24,White - English/Welsh/Scottish/Northern Irish/British,White,Misuse of Drugs Act 1971 (section 23),,A no further action disposal,,
Person search,2026-07-28T16:07:00+00:00,False,,51.830580,1.140013,Male,over 34,White - English/Welsh/Scottish/Northern Irish/British,White,Misuse of Drugs Act 1971 (section 23),,A no further action disposal,,
Person search,2026-07-28T17:07:00+00:00,False,,51.476081,0.322011,Female,10-17,White - English/Welsh/Scottish/Northern Irish/British,White,Police and Criminal Evidence Act 1984 (section 1),,A no further action disposal,,
Person search,2026-07-28T17:07:00+00:00,False,,51.476081,0.322011,Female,10-17,White - English/Welsh/Scottish/Northern Irish/British,White,Police and Criminal Evidence Act 1984 (section 1),,A no further action disposal,,
Person search,2026-07-28T18:07:00+00:00,False,,51.884234,0.833582,Male,25-34,White - Any other White background,White,Misuse of Drugs Act 1971 (section 23),,A no further action disposal,,
Person search,2026-07-28T18:07:00+00:00,False,,51.531195,0.728941,Male,10-17,White - English/Welsh/Scottish/Northern Irish/British,White,Misuse of Drugs Act 1971 (section 23),,A no further action disposal,,
Person search,2026-07-28T18:07:00+00:00,False,,51.774569,0.090482,Male,10-17,Mixed/Multiple ethnic groups - Any other Mixed/Multiple ethnic background,Black,Misuse of Drugs Act 1971 (section 23),,Community resolution,,
Person search,2026-07-28T18:07:00+00:00,False,,51.624566,0.822149,Male,10-17,Mixed/Multiple ethnic groups - Any other Mixed/Multiple ethnic background,Mixed,Misuse of Drugs Act 1971 (section 23),,A no further action disposal,,
Person search,2026-07-28T18:07:00+00:00,False,,51.624566,0.822149,Male,10-17,White - English/Welsh/Scottish/Northern Irish/British,White,Misuse of Drugs Act 1971 (section 23),,A no further action disposal,,
Person and Vehicle search,2026-07-28T18:07:00+00:00,False,,51.884234,0.833582,Male,25-34,White - Any other White background,White,Misuse of Drugs Act 1971 (section 23),,Arrest,,
Person search,2026-07-28T18:07:00+00:00,False,,51.532950,0.720783,Female,25-34,White - English/Welsh/Scottish/Northern Irish/British,White,Misuse of Drugs Act 1971 (section 23),,A no further action disposal,,
Person search,2026-07-28T18:07:00+00:00,False,,51.774569,0.090482,Male,10-17,White - English/Welsh/Scottish/Northern Irish/British,White,Misuse of Drugs Act 1971 (section 23),,A no further action disposal,,
Person search,2026-07-28T19:07:00+00:00,True,,51.533578,0.715788,Male,18-24,Black/African/Caribbean/Black British - Caribbean,Mixed,Misuse of Drugs Act 1971 (section 23),,A no further action disposal,,
Person search,2026-07-28T19:07:00+00:00,False,,51.533512,0.717471,Male,18-24,White - English/Welsh/Scottish/Northern Irish/British,White,Misuse of Drugs Act 1971 (section 23),,Community resolution,,
Person search,2026-07-28T20:07:00+00:00,False,,51.531195,0.728941,Male,over 34,White - English/Welsh/Scottish/Northern Irish/British,White,Misuse of Drugs Act 1971 (section 23),,A no further action disposal,,
Person search,2026-07-28T20:07:00+00:00,False,,51.565496,0.498538,Male,,,White,Misuse of Drugs Act 1971 (section 23),,A no further action disposal,,
Person search,2026-07-28T20:07:00+00:00,False,,51.531195,0.728941,Female,25-34,White - English/Welsh/Scottish/Northern Irish/British,White,Misuse of Drugs Act 1971 (section 23),,A no further action disposal,,
Person search,2026-07-29T00:07:00+00:00,False,,51.577001,0.493367,Male,,,White,Misuse of Drugs Act 1971 (section 23),,A no further action disposal,,
Person search,2026-07-29T00:07:00+00:00,False,,51.483441,0.373014,Male,18-24,White - English/Welsh/Scottish/Northern Irish/British,White,Police and Criminal Evidence Act 1984 (section 1),,A no further action disposal,,
Person search,2026-07-29T00:07:00+00:00,False,,51.578132,0.493443,Male,,,White,Misuse of Drugs Act 1971 (section 23),,A no further action disposal,,
Vehicle search,2026-07-29T00:07:00+00:00,False,,51.536867,0.716301,,,,,Misuse of Drugs Act 1971 (section 23),,A no further action disposal,,
Person search,2026-07-29T03:07:00+00:00,False,,51.732666,0.455712,Male,18-24,White - Gypsy or Irish Traveller,White,Police and Criminal Evidence Act 1984 (section 1),,Arrest,,
Person search,2026-07-29T10:07:00+00:00,False,,51.484727,0.256423,Male,18-24,Black/African/Caribbean/Black British - African,Asian,Police and Criminal Evidence Act 1984 (section 1),,A no further action disposal,,
Person search,2026-07-29T10:07:00+00:00,False,,51.484727,0.256423,Male,25-34,Other ethnic group - Not stated,Other,Police and Criminal Evidence Act 1984 (section 1),,A no further action disposal,,
Person search,2026-07-29T11:07:00+00:00,False,,,,Male,18-24,White - English/Welsh/Scottish/Northern Irish/British,White,Misuse of Drugs Act 1971 (section 23),,A no further action disposal,,
Person search,2026-07-29T11:07:00+00:00,False,,51.730798,0.487197,Male,,,White,Misuse of Drugs Act 1971 (section 23),,A no further action disposal,,
Person search,2026-07-29T13:07:00+00:00,False,,51.532331,0.723803,Male,10-17,White - English/Welsh/Scottish/Northern Irish/British,White,Misuse of Drugs Act 1971 (section 23),,A no further action disposal,,
Person and Vehicle search,2026-07-29T14:07:00+00:00,False,,51.661772,0.114277,Male,18-24,Other ethnic group - Not stated,Black,Misuse of Drugs Act 1971 (section 23),,A no further action disposal,,
Person and Vehicle search,2026-07-29T14:07:00+00:00,False,,51.661772,0.114277,Female,25-34,White - English/Welsh/Scottish/Northern Irish/British,White,Misuse of Drugs Act 1971 (section 23),,Community resolution,,
Person and Vehicle search,2026-07-29T14:07:00+00:00,False,,51.661772,0.114277,Male,18-24,Other ethnic group - Not stated,Black,Misuse of Drugs Act 1971 (section 23),,A no further action disposal,,
Person and Vehicle search,2026-07-29T14:07:00+00:00,False,,51.661772,0.114277,Male,25-34,Other ethnic group - Not stated,Other,Misuse of Drugs Act 1971 (section 23),,A no further action disposal,,
Person search,2026-07-29T14:07:00+00:00,False,,51.746057,0.461248,Other,25-34,,White,Police and Criminal Evidence Act 1984 (section 1),,A no further action disposal,,
Person search,2026-07-29T15:07:00+00:00,False,,51.513215,0.595979,Male,10-17,White - English/Welsh/Scottish/Northern Irish/British,White,Police and Criminal Evidence Act 1984 (section 1),,A no further action disposal,,
Person search,2026-07-29T16:07:00+00:00,False,,51.531319,0.123554,Male,over 34,White - Any other White background,White,Police and Criminal Evidence Act 1984 (section 1),,A no further action disposal,,
Person search,2026-07-29T16:07:00+00:00,False,,51.524859,0.787992,Female,over 34,White - English/Welsh/Scottish/Northern Irish/British,White,Police and Criminal Evidence Act 1984 (section 1),,A no further action disposal,,
Person search,2026-07-29T16:07:00+00:00,True,,51.532950,0.720783,Male,over 34,White - English/Welsh/Scottish/Northern Irish/British,White,Misuse of Drugs Act 1971 (section 23),,Community resolution,,
Vehicle search,2026-07-29T16:07:00+00:00,False,,51.531319,0.123554,,,,,Police and Criminal Evidence Act 1984 (section 1),,A no further action disposal,,
Person search,2026-07-29T16:07:00+00:00,False,,51.531319,0.123554,Male,over 34,Other ethnic group - Any other ethnic group,Asian,Police and Criminal Evidence Act 1984 (section 1),,A no further action disposal,,
Person and Vehicle search,2026-07-29T19:07:00+00:00,False,,51.579131,0.502736,Male,over 34,White - Any other White background,White,Misuse of Drugs Act 1971 (section 23),,A no further action disposal,,
Person search,2026-07-29T20:07:00+00:00,False,,51.620976,0.300594,Male,18-24,White - English/Welsh/Scottish/Northern Irish/British,White,Misuse of Drugs Act 1971 (section 23),,A no further action disposal,,
Vehicle search,2026-07-29T20:07:00+00:00,False,,51.620976,0.300594,,,,,Misuse of Drugs Act 1971 (section 23),,A no further action disposal,,
Person and Vehicle search,2026-07-29T21:07:00+00:00,False,,51.539039,0.720007,Male,18-24,Black/African/Caribbean/Black British - Caribbean,Black,Misuse of Drugs Act 1971 (section 23),,Arrest,,
Person and Vehicle search,2026-07-30T09:07:00+00:00,False,,51.731449,0.480658,Male,25-34,White - Any other White background,White,Misuse of Drugs Act 1971 (section 23),,Arrest,,
Vehicle search,2026-07-30T11:07:00+00:00,False,,51.697377,0.456579,,,,,Misuse of Drugs Act 1971 (section 23),,A no further action disposal,,
Person search,2026-07-30T11:07:00+00:00,False,,51.697377,0.456579,Male,over 34,Mixed/Multiple ethnic groups - Any other Mixed/Multiple ethnic background,Asian,Misuse of Drugs Act 1971 (section 23),,A no further action disposal,,
Person search,2026-07-30T12:07:00+00:00,False,,51.566545,0.700753,Male,18-24,White - English/Welsh/Scottish/Northern Irish/British,White,Police and Criminal Evidence Act 1984 (section 1),,A no further action disposal,,
Person search,2026-07-30T12:07:00+00:00,False,,51.566545,0.700753,Male,,Other ethnic group - Not stated,White,Police and Criminal Evidence Act 1984 (section 1),,A no further action disposal,,
Person and Vehicle search,2026-07-30T12:07:00+00:00,False,,51.588504,0.698981,Male,over 34,Mixed/Multiple ethnic groups - White and Black Caribbean,Mixed,Misuse of Drugs Act 1971 (section 23),,Arrest,,
Person search,2026-07-30T13:07:00+00:00,True,,51.801449,1.124800,Male,10-17,Other ethnic group - Not stated,White,Misuse of Drugs Act 1971 (section 23),,A no further action disposal,,
Person search,2026-07-30T13:07:00+00:00,False,,51.630899,0.328743,Male,over 34,White - English/Welsh/Scottish/Northern Irish/British,White,Police and Criminal Evidence Act 1984 (section 1),,A no further action disposal,,
Person search,2026-07-30T13:07:00+00:00,True,,51.801449,1.124800,Male,18-24,Other ethnic group - Not stated,Mixed,Misuse of Drugs Act 1971 (section 23),,Community resolution,,
Person search,2026-07-30T14:07:00+00:00,False,,51.882602,0.258873,Female,over 34,White - Any other White background,White,Police and Criminal Evidence Act 1984 (section 1),,Community resolution,,
Person and Vehicle search,2026-07-30T15:07:00+00:00,False,,51.622056,0.070144,Male,18-24,White - English/Welsh/Scottish/Northern Irish/British,White,Misuse of Drugs Act 1971 (section 23),,Arrest,,
Person search,2026-07-30T16:07:00+00:00,False,,51.674353,0.391284,Male,18-24,White - English/Welsh/Scottish/Northern Irish/British,White,Misuse of Drugs Act 1971 (section 23),,Arrest,,
Person search,2026-07-30T17:07:00+00:00,False,,51.747529,0.072211,Male,,Other ethnic group - Not stated,White,Police and Criminal Evidence Act 1984 (section 1),,A no further action disposal,,
Person search,2026-07-30T17:07:00+00:00,False,,51.747529,0.072211,Male,10-17,White - English/Welsh/Scottish/Northern Irish/British,White,Police and Criminal Evidence Act 1984 (section 1),,A no further action disposal,,
Person search,2026-07-30T19:07:00+00:00,False,,51.554604,0.714314,Male,over 34,White - English/Welsh/Scottish/Northern Irish/British,White,Police and Criminal Evidence Act 1984 (section 1),,A no further action disposal,,
Person search,2026-07-30T19:07:00+00:00,False,,51.728468,0.471067,Male,25-34,Asian/Asian British - Any other Asian background,Asian,Police and Criminal Evidence Act 1984 (section 1),,A no further action disposal,,
Person and Vehicle search,2026-07-30T20:07:00+00:00,False,,51.474257,0.343174,Male,over 34,White - English/Welsh/Scottish/Northern Irish/British,White,Misuse of Drugs Act 1971 (section 23),,Community resolution,,
Person search,2026-07-30T21:07:00+00:00,False,,51.877931,0.896976,Male,,Other ethnic group - Not stated,White,Police and Criminal Evidence Act 1984 (section 1),,Arrest,,
Person search,2026-07-30T22:07:00+00:00,False,,51.547654,0.684502,Male,over 34,White - English/Welsh/Scottish/Northern Irish/British,White,Police and Criminal Evidence Act 1984 (section 1),,A no further action disposal,,
