Type,Date,Part of a policing operation,Policing operation,Latitude,Longitude,Gender,Age range,Self-defined ethnicity,Officer-defined ethnicity,Legislation,Object of search,Outcome,Outcome linked to object of search,Removal of more than just outer clothing
Person search,2026-07-01T00:40:00+00:00,False,,53.777471,-1.779767,Male,10-17,,,Misuse of Drugs Act 1971 (section 23),Controlled drugs,A no further action disposal,True,
Person and Vehicle search,2026-07-01T00:50:00+00:00,False,,53.777471,-1.779767,Male,10-17,,,Misuse of Drugs Act 1971 (section 23),Controlled drugs,A no further action disposal,True,
Person search,2026-07-01T00:50:00+00:00,False,,53.789112,-1.766213,Male,10-17,White - English/Welsh/Scottish/Northern Irish/British,,Misuse of Drugs Act 1971 (section 23),Controlled drugs,A no further action disposal,True,
Person and Vehicle search,2026-07-01T03:05:00+00:00,False,,53.816454,-1.712704,Male,25-34,White - English/Welsh/Scottish/Northern Irish/British,,Misuse of Drugs Act 1971 (section 23),Controlled drugs,A no further action disposal,True,
Person search,2026-07-01T03:05:00+00:00,False,,53.816454,-1.712704,,,White - English/Welsh/Scottish/Northern Irish/British,,Misuse of Drugs Act 1971 (section 23),Controlled drugs,A no further action disposal,True,
Person search,2026-07-01T03:10:00+00:00,False,,53.821478,-1.712700,Male,18-24,White - English/Welsh/Scottish/Northern Irish/British,,Misuse of Drugs Act 1971 (section 23),Controlled drugs,A no further action disposal,True,
Person search,2026-07-01T04:30:00+00:00,False,,53.782481,-1.767160,Male,over 34,,,Misuse of Drugs Act 1971 (section 23),Controlled drugs,Summons / charged by post,True,
Person search,2026-07-01T08:18:00+00:00,False,,53.801423,-1.769864,Female,over 34,White - English/Welsh/Scottish/Northern Irish/British,,Misuse of Drugs Act 1971 (section 23),Controlled drugs,A no further action disposal,True,
Person search,2026-07-01T08:18:00+00:00,False,,53.801423,-1.769864,Male,over 34,White - English/Welsh/Scottish/Northern Irish/British,,Misuse of Drugs Act 1971 (section 23),Controlled drugs,Arrest,True,
Person search,2026-07-01T08:20:00+00:00,False,,53.801423,-1.769864,Male,25-34,White - Any other White background,,Misuse of Drugs Act 1971 (section 23),Controlled drugs,A no further action disposal,True,
Person search,2026-07-01T08:30:00+00:00,False,,53.801260,-1.769227,Male,over 34,White - English/Welsh/Scottish/Northern Irish/British,,Misuse of Drugs Act 1971 (section 23),Controlled drugs,A no further action disposal,True,
Person search,2026-07-01T08:30:00+00:00,False,,53.801260,-1.769227,Female,over 34,White - English/Welsh/Scottish/Northern Irish/British,,Misuse of Drugs Act 1971 (section 23),Controlled drugs,A no further action disposal,True,
Person and Vehicle search,2026-07-01T09:06:00+00:00,False,,53.727171,-1.350255,Male,25-34,,,Misuse of Drugs Act 1971 (section 23),Controlled drugs,A no further action disposal,True,
Person search,2026-07-01T09:10:00+00:00,True,,53.727171,-1.350255,Male,18-24,,,Misuse of Drugs Act 1971 (section 23),Controlled drugs,A no further action disposal,True,
Person and Vehicle search,2026-07-01T10:40:00+00:00,False,,53.688335,-1.529550,Male,18-24,,,Misuse of Drugs Act 1971 (section 23),Controlled drugs,A no further action disposal,True,
Person search,2026-07-01T10:45:00+00:00,False,,,,Male,25-34,,,Misuse of Drugs Act 1971 (section 23),Controlled drugs,A no further action disposal,True,
Person search,2026-07-01T10:50:00+00:00,False,,53.687752,-1.526457,Male,18-24,,,Misuse of Drugs Act 1971 (section 23),Controlled drugs,A no further action disposal,True,
Vehicle search,2026-07-01T12:00:00+00:00,False,,53.717907,-1.345943,,,,,Misuse of Drugs Act 1971 (section 23),Controlled drugs,A no further action disposal,True,
Person and Vehicle search,2026-07-01T12:30:00+00:00,False,,53.813627,-1.614657,Female,18-24,White - English/Welsh/Scottish/Northern Irish/British,,Police and Criminal Evidence Act 1984 (section 1),Stolen goods,A no further action disposal,True,
Person and Vehicle search,2026-07-01T13:58:00+00:00,False,,53.794549,-1.756771,Male,18-24,,,Misuse of Drugs Act 1971 (section 23),Controlled drugs,A no further action disposal,True,
Person search,2026-07-01T13:58:00+00:00,False,,53.794549,-1.756771,Male,25-34,,,Misuse of Drugs Act 1971 (section 23),Controlled drugs,Community resolution,True,
Person search,2026-07-01T15:10:00+00:00,False,,53.781882,-1.783720,Male,25-34,White - Any other White background,,Misuse of Drugs Act 1971 (section 23),Controlled drugs,A no further action disposal,True,
Person and Vehicle search,2026-07-01T16:00:00+00:00,True,,53.679935,-1.661175,Female,18-24,White - English/Welsh/Scottish/Northern Irish/British,,Misuse of Drugs Act 1971 (section 23),Controlled drugs,A no further action disposal,True,
Person and Vehicle search,2026-07-01T16:00:00+00:00,True,,53.679935,-1.661175,Female,18-24,White - English/Welsh/Scottish/Northern Irish/British,,Misuse of Drugs Act 1971 (section 23),Controlled drugs,A no further action disposal,True,
Person and Vehicle search,2026-07-01T17:10:00+00:00,False,,53.826841,-1.751464,Male,18-24,White - English/Welsh/Scottish/Northern Irish/British,,Police and Criminal Evidence Act 1984 (section 1),,Arrest,True,
Person and Vehicle search,2026-07-01T18:30:00+00:00,False,,53.774940,-1.802237,Male,25-34,Asian/Asian British - Any other Asian background,,Misuse of Drugs Act 1971 (section 23),Controlled drugs,Community resolution,True,
Person and Vehicle search,2026-07-01T18:55:00+00:00,False,,53.775859,-1.540636,Male,over 34,White - Any other White background,,Police and Criminal Evidence Act 1984 (section 1),Stolen goods,Community resolution,False,
Person search,2026-07-01T19:00:00+00:00,False,,53.808772,-1.517437,Male,25-34,White - English/Welsh/Scottish/Northern Irish/British,,Misuse of Drugs Act 1971 (section 23),Controlled drugs,A no further action disposal,True,
Person and Vehicle search,2026-07-01T19:10:00+00:00,True,,53.769318,-1.529677,Male,25-34,,,Misuse of Drugs Act 1971 (section 23),Controlled drugs,Community resolution,True,
Person search,2026-07-01T19:29:00+00:00,False,,53.796697,-1.546359,Male,over 34,,,Misuse of Drugs Act 1971 (section 23),Controlled drugs,Summons / charged by post,True,
Person search,2026-07-01T19:30:00+00:00,False,,53.796697,-1.546359,Male,25-34,White - English/Welsh/Scottish/Northern Irish/British,,Misuse of Drugs Act 1971 (section 23),Controlled drugs,Community resolution,True,
Vehicle search,2026-07-01T19:45:00+00:00,False,,53.787451,-1.403207,,,,,Police and Criminal Evidence Act 1984 (section 1),Offensive weapons,A no further action disposal,True,
Person search,2026-07-01T20:45:00+00:00,False,,53.795843,-1.388302,Male,10-17,White - English/Welsh/Scottish/Northern Irish/British,,Police and Criminal Evidence Act 1984 (section 1),Offensive weapons,A no further action disposal,True,
Person search,2026-07-01T21:15:00+00:00,False,,53.671087,-1.490818,Male,18-24,White - English/Welsh/Scottish/Northern Irish/British,,Police and Criminal Evidence Act 1984 (section 1),Controlled drugs,Community resolution,True,
Person search,2026-07-01T21:19:00+00:00,False,,53.672008,-1.489014,Male,18-24,White - English/Welsh/Scottish/Northern Irish/British,,Police and Criminal Evidence Act 1984 (section 1),Offensive weapons,A no further action disposal,True,
Person search,2026-07-01T21:30:00+00:00,False,,53.722850,-1.881271,Male,25-34,Asian/Asian British - Any other Asian background,,Misuse of Drugs Act 1971 (section 23),Controlled drugs,A no further action disposal,True,
Person and Vehicle search,2026-07-01T23:05:00+00:00,False,,53.801281,-1.775361,Male,over 34,,,Misuse of Drugs Act 1971 (section 23),Controlled drugs,A no further action disposal,True,
Person search,2026-07-01T23:18:00+00:00,False,,53.823952,-1.668081,Male,18-24,,,Police and Criminal Evidence Act 1984 (section 1),Article for use in theft,A no further action disposal,True,
Person and Vehicle search,2026-07-01T23:30:00+00:00,False,,53.769568,-1.755170,Male,over 34,,,Misuse of Drugs Act 1971 (section 23),Controlled drugs,A no further action disposal,True,
Person search,2026-07-01T23:30:00+00:00,False,,53.768417,-1.754889,,,,,Misuse of Drugs Act 1971 (section 23),Controlled drugs,A no further action disposal,True,
Person and Vehicle search,2026-07-02T00:28:00+00:00,False,,53.817323,-1.513648,Male,over 34,,,Misuse of Drugs Act 1971 (section 23),Controlled drugs,A no further action disposal,True,
Person and Vehicle search,2026-07-02T01:25:00+00:00,False,,53.783487,-1.776777,Male,25-34,Other ethnic group - Not stated,,Misuse of Drugs Act 1971 (section 23),Controlled drugs,A no further action disposal,True,
Person search,2026-07-02T01:42:00+00:00,False,,53.785726,-2.233083,Male,10-17,White - English/Welsh/Scottish/Northern Irish/British,,Police and Criminal Evidence Act 1984 (section 1),Article for use in theft,A no further action disposal,True,
Person search,2026-07-02T08:25:00+00:00,False,,53.771518,-1.714300,Male,over 34,White - English/Welsh/Scottish/Northern Irish/British,,Misuse of Drugs Act 1971 (section 23),Controlled drugs,A no further action disposal,True,
Person and Vehicle search,2026-07-02T10:10:00+00:00,False,,53.644248,-1.822513,Male,18-24,,,Misuse of Drugs Act 1971 (section 23),Controlled drugs,A no further action disposal,True,
Person search,2026-07-02T10:57:00+00:00,False,,53.801260,-1.769227,Male,over 34,Other ethnic group - Not stated,,Misuse of Drugs Act 1971 (section 23),Controlled drugs,A no further action disposal,True,
Person and Vehicle search,2026-07-02T11:00:00+00:00,False,,53.645467,-1.838875,Male,25-34,Black/African/Caribbean/Black British - Any other Black/African/Caribbean background,,Misuse of Drugs Act 1971 (section 23),Controlled drugs,Arrest,True,
Person and Vehicle search,2026-07-02T11:09:00+00:00,False,,53.648800,-1.844415,Male,25-34,White - English/Welsh/Scottish/Northern Irish/British,,Misuse of Drugs Act 1971 (section 23),Controlled drugs,Arrest,True,
Person search,2026-07-02T11:30:00+00:00,False,,53.808616,-1.766104,Male,10-17,,,Misuse of Drugs Act 1971 (section 23),Controlled drugs,A no further action disposal,True,
Person search,2026-07-02T11:40:00+00:00,False,,53.799588,-1.540619,Male,over 34,White - English/Welsh/Scottish/Northern Irish/British,,Misuse of Drugs Act 1971 (section 23),Controlled drugs,Summons / charged by post,True,
Person search,2026-07-02T11:48:00+00:00,False,,51.620372,-0.023631,Male,10-17,White - English/Welsh/Scottish/Northern Irish/British,,Misuse of Drugs Act 1971 (section 23),Controlled drugs,Summons / charged by post,True,
Person search,2026-07-02T12:50:00+00:00,True,,53.682877,-1.672037,Male,18-24,,,Misuse of Drugs Act 1971 (section 23),Controlled drugs,Caution (simple or conditional),True,
Person search,2026-07-02T15:08:00+00:00,False,,53.651071,-1.784753,Female,over 34,White - English/Welsh/Scottish/Northern Irish/British,,Misuse of Drugs Act 1971 (section 23),Controlled drugs,Arrest,False,
Person search,2026-07-02T15:30:00+00:00,False,,53.796159,-1.537089,Male,10-17,White - English/Welsh/Scottish/Northern Irish/British,,Misuse of Drugs Act 1971 (section 23),Controlled drugs,Arrest,False,
Person search,2026-07-02T15:40:00+00:00,False,,53.796159,-1.537089,Male,10-17,White - English/Welsh/Scottish/Northern Irish/British,,Misuse of Drugs Act 1971 (section 23),,Arrest,False,
Person search,2026-07-02T16:08:00+00:00,False,,53.772762,-1.527757,Male,over 34,,,Police and Criminal Evidence Act 1984 (section 1),,A no further action disposal,True,
Person and Vehicle search,2026-07-02T17:10:00+00:00,False,,53.794472,-1.729370,Male,10-17,White - Irish,,Police and Criminal Evidence Act 1984 (section 1),Offensive weapons,Arrest,True,
Person and Vehicle search,2026-07-02T17:45:00+00:00,True,,53.774147,-1.716133,Male,18-24,,,Misuse of Drugs Act 1971 (section 23),Controlled drugs,Summons / charged by post,True,
Person search,2026-07-02T17:45:00+00:00,True,,53.774147,-1.716133,Male,18-24,White - English/Welsh/Scottish/Northern Irish/British,,Misuse of Drugs Act 1971 (section 23),Controlled drugs,A no further action disposal,True,
Person search,2026-07-02T17:45:00+00:00,False,,53.779713,-1.786858,Male,25-34,White - English/Welsh/Scottish/Northern Irish/British,,Misuse of Drugs Act 1971 (section 23),Controlled drugs,A no further action disposal,True,
Person and Vehicle search,2026-07-02T17:45:00+00:00,True,,53.773802,-1.726575,Male,18-24,White - English/Welsh/Scottish/Northern Irish/British,,Misuse of Drugs Act 1971 (section 23),Controlled drugs,A no further action disposal,True,
Person search,2026-07-02T17:45:00+00:00,False,,53.779713,-1.786858,Male,over 34,White - English/Welsh/Scottish/Northern Irish/British,,Misuse of Drugs Act 1971 (section 23),Controlled drugs,A no further action disposal,True,
Person search,2026-07-02T17:45:00+00:00,False,,,,Male,25-34,White - English/Welsh/Scottish/Northern Irish/British,,Misuse of Drugs Act 1971 (section 23),Controlled drugs,A no further action disposal,True,
Person search,2026-07-02T17:55:00+00:00,False,,53.690851,-1.632163,Male,18-24,White - Any other White background,,Misuse of Drugs Act 1971 (section 23),Controlled drugs,Community resolution,True,
Person and Vehicle search,2026-07-02T18:04:00+00:00,False,,53.832664,-1.431617,Male,over 34,White - Any other White background,,Misuse of Drugs Act 1971 (section 23),Controlled drugs,A no further action disposal,True,
Person search,2026-07-02T18:25:00+00:00,False,,53.709344,-1.508151,Female,18-24,,,Misuse of Drugs Act 1971 (section 23),Controlled drugs,A no further action disposal,True,
Person search,2026-07-02T18:25:00+00:00,False,,53.709344,-1.508151,Male,18-24,Black/African/Caribbean/Black British - Any other Black/African/Caribbean background,,Misuse of Drugs Act 1971 (section 23),Controlled drugs,A no further action disposal,True,
Person and Vehicle search,2026-07-02T18:25:00+00:00,False,,53.709344,-1.508151,Male,18-24,,,Misuse of Drugs Act 1971 (section 23),Controlled drugs,A no further action disposal,True,
Person search,2026-07-02T18:30:00+00:00,False,,53.709344,-1.508151,Female,18-24,,,Misuse of Drugs Act 1971 (section 23),Controlled drugs,A no further action disposal,True,
Person and Vehicle search,2026-07-02T19:05:00+00:00,False,,53.874217,-1.901680,Male,18-24,White - Any other White background,,Misuse of Drugs Act 1971 (section 23),Controlled drugs,A no further action disposal,True,
Person search,2026-07-02T19:05:00+00:00,False,,53.874217,-1.901680,Male,25-34,,,Misuse of Drugs Act 1971 (section 23),Controlled drugs,A no further action disposal,True,
Person search,2026-07-02T19:35:00+00:00,False,,53.864822,-1.910491,Female,18-24,White - English/Welsh/Scottish/Northern Irish/British,,Misuse of Drugs Act 1971 (section 23),Controlled drugs,A no further action disposal,True,
Person and Vehicle search,2026-07-02T20:30:00+00:00,False,,53.799734,-1.562997,Male,18-24,,,Misuse of Drugs Act 1971 (section 23),Controlled drugs,A no further action disposal,True,
Person search,2026-07-02T20:40:00+00:00,False,,53.797326,-1.539050,Male,10-17,,,Police and Criminal Evidence Act 1984 (section 1),,A no further action disposal,True,
Person and Vehicle search,2026-07-02T21:10:00+00:00,False,,53.786212,-1.754497,Male,18-24,,,Misuse of Drugs Act 1971 (section 23),Controlled drugs,Community resolution,True,
Person search,2026-07-02T21:40:00+00:00,False,,53.818958,-1.515892,Male,18-24,,,Misuse of Drugs Act 1971 (section 23),Controlled drugs,A no further action disposal,True,
Person and Vehicle search,2026-07-02T22:24:00+00:00,False,,53.786116,-1.734599,Male,18-24,,,Misuse of Drugs Act 1971 (section 23),Controlled drugs,A no further action disposal,True,
Person search,2026-07-02T22:30:00+00:00,False,,53.719931,-1.354428,Male,25-34,,,Misuse of Drugs Act 1971 (section 23),Controlled drugs,A no further action disposal,True,
Person and Vehicle search,2026-07-02T22:38:00+00:00,False,,53.818958,-1.515892,,,Asian/Asian British - Any other Asian background,,Misuse of Drugs Act 1971 (section 23),Controlled drugs,A no further action disposal,True,
Person and Vehicle search,2026-07-02T22:50:00+00:00,False,,53.722297,-1.356529,Male,25-34,,,Misuse of Drugs Act 1971 (section 23),Controlled drugs,A no further action disposal,True,
Vehicle search,2026-07-02T23:00:00+00:00,False,,53.829358,-1.560410,,,,,Misuse of Drugs Act 1971 (section 23),Controlled drugs,A no further action disposal,True,
Person and Vehicle search,2026-07-02T23:04:00+00:00,False,,53.638110,-1.800003,Male,25-34,,,Misuse of Drugs Act 1971 (section 23),Controlled drugs,A no further action disposal,True,
Person and Vehicle search,2026-07-02T23:05:00+00:00,False,,53.818958,-1.515892,,,,,Misuse of Drugs Act 1971 (section 23),Controlled drugs,A no further action disposal,True,
Person and Vehicle search,2026-07-02T23:39:00+00:00,False,,53.798534,-1.551957,Male,25-34,,,Misuse of Drugs Act 1971 (section 23),Controlled drugs,A no further action disposal,True,
Person search,2026-07-02T23:48:00+00:00,False,,53.830885,-1.707561,Male,10-17,White - English/Welsh/Scottish/Northern Irish/British,,Police and Criminal Evidence Act 1984 (section 1),Article for use in theft,Arrest,True,
Vehicle search,2026-07-03T00:00:00+00:00,False,,53.759405,-1.570711,,,,,Police and Criminal Evidence Act 1984 (section 1),,A no further action disposal,True,
Person and Vehicle search,2026-07-03T00:20:00+00:00,False,,53.713626,-1.386237,Male,18-24,White - English/Welsh/Scottish/Northern Irish/British,,Misuse of Drugs Act 1971 (section 23),Controlled drugs,Arrest,False,
Person and Vehicle search,2026-07-03T00:45:00+00:00,False,,53.817260,-1.515987,Male,25-34,White - Any other White background,,Misuse of Drugs Act 1971 (section 23),Controlled drugs,A no further action disposal,True,
Person search,2026-07-03T00:45:00+00:00,False,,53.819252,-1.504177,Male,,Other ethnic group - Not stated,,Misuse of Drugs Act 1971 (section 23),Controlled drugs,A no further action disposal,True,
Person search,2026-07-03T00:45:00+00:00,False,,53.819252,-1.504177,Male,18-24,,,Misuse of Drugs Act 1971 (section 23),Controlled drugs,A no further action disposal,True,
Person search,2026-07-03T00:48:00+00:00,False,,53.774627,-1.803711,Male,25-34,White - English/Welsh/Scottish/Northern Irish/British,,Police and Criminal Evidence Act 1984 (section 1),Stolen goods,Arrest,True,
Person search,2026-07-03T00:49:00+00:00,False,,53.817260,-1.515987,Male,18-24,White - Any other White background,,Misuse of Drugs Act 1971 (section 23),Controlled drugs,A no further action disposal,True,
Person search,2026-07-03T00:50:00+00:00,False,,53.817260,-1.515987,Male,18-24,Asian/Asian British - Any other Asian background,,Misuse of Drugs Act 1971 (section 23),Controlled drugs,A no further action disposal,True,
Person search,2026-07-03T00:50:00+00:00,False,,53.817260,-1.515987,Male,25-34,,,Misuse of Drugs Act 1971 (section 23),Controlled drugs,A no further action disposal,True,
Person search,2026-07-03T00:53:00+00:00,False,,53.817260,-1.515987,Male,25-34,White - Any other White background,,Misuse of Drugs Act 1971 (section 23),Controlled drugs,A no further action disposal,True,
Person search,2026-07-03T00:55:00+00:00,False,,53.819252,-1.504177,,,,,Misuse of Drugs Act 1971 (section 23),Controlled drugs,A no further action disposal,True,
Person and Vehicle search,2026-07-03T01:51:00+00:00,False,,53.768598,-1.751428,Male,over 34,,,Misuse of Drugs Act 1971 (section 23),Controlled drugs,Arrest,True,
Person and Vehicle search,2026-07-03T03:40:00+00:00,False,,53.789595,-1.789509,Male,18-24,,,Misuse of Drugs Act 1971 (section 23),Controlled drugs,Community resolution,True,
Person and Vehicle search,2026-07-03T03:40:00+00:00,False,,53.789595,-1.789509,Male,25-34,,,Misuse of Drugs Act 1971 (section 23),Controlled drugs,A no further action disposal,True,
Person and Vehicle search,2026-07-03T03:40:00+00:00,False,,53.789595,-1.789509,Female,18-24,,,Misuse of Drugs Act 1971 (section 23),Controlled drugs,A no further action disposal,True,
Person and Vehicle search,2026-07-03T03:53:00+00:00,False,,53.789595,-1.789509,Female,18-24,,,Misuse of Drugs Act 1971 (section 23),Controlled drugs,A no further action disposal,True,
Person search,2026-07-03T04:35:00+00:00,False,,53.645243,-1.502362,Female,over 34,White - English/Welsh/Scottish/Northern Irish/British,,Police and Criminal Evidence Act 1984 (section 1),Article for use in theft,A no further action disposal,True,
Person search,2026-07-03T09:00:00+00:00,False,,53.687133,-1.497129,Male,25-34,White - English/Welsh/Scottish/Northern Irish/British,,Misuse of Drugs Act 1971 (section 23),Controlled drugs,Community resolution,True,
Vehicle search,2026-07-03T09:25:00+00:00,True,,53.778348,-1.792494,,,,,Police and Criminal Evidence Act 1984 (section 1),,A no further action disposal,True,
Person and Vehicle search,2026-07-03T09:30:00+00:00,True,,53.682054,-1.499143,Male,over 34,White - English/Welsh/Scottish/Northern Irish/British,,Misuse of Drugs Act 1971 (section 23),Controlled drugs,A no further action disposal,True,
Person search,2026-07-03T10:02:00+00:00,False,,53.656710,-1.781153,Male,over 34,,,Misuse of Drugs Act 1971 (section 23),Controlled drugs,Community resolution,True,
Person search,2026-07-03T10:03:00+00:00,False,,53.656710,-1.781153,Male,25-34,,,Misuse of Drugs Act 1971 (section 23),Controlled drugs,A no further action disposal,True,
Person and Vehicle search,2026-07-03T10:30:00+00:00,False,,53.694603,-1.306352,Male,25-34,White - English/Welsh/Scottish/Northern Irish/British,,Misuse of Drugs Act 1971 (section 23),Controlled drugs,Arrest,True,
Person and Vehicle search,2026-07-03T10:58:00+00:00,False,,53.693521,-1.305764,Male,over 34,White - English/Welsh/Scottish/Northern Irish/British,,Misuse of Drugs Act 1971 (section 23),Controlled drugs,Arrest,True,
Person search,2026-07-03T11:30:00+00:00,False,,53.646644,-1.782083,Male,over 34,White - English/Welsh/Scottish/Northern Irish/British,,Police and Criminal Evidence Act 1984 (section 1),,Arrest,False,
Person search,2026-07-03T12:42:00+00:00,True,,53.681675,-1.496467,Male,18-24,,,Misuse of Drugs Act 1971 (section 23),Controlled drugs,Community resolution,True,
Person search,2026-07-03T12:55:00+00:00,False,,53.802096,-1.778758,Male,25-34,,,Police and Criminal Evidence Act 1984 (section 1),,A no further action disposal,True,
Person search,2026-07-03T13:49:00+00:00,False,,53.775985,-1.552652,Male,over 34,,,Police and Criminal Evidence Act 1984 (section 1),Offensive weapons,A no further action disposal,True,
Person search,2026-07-03T15:30:00+00:00,False,,53.765546,-1.561228,Male,18-24,,,Misuse of Drugs Act 1971 (section 23),Controlled drugs,A no further action disposal,True,
Person search,2026-07-03T15:30:00+00:00,False,,53.765546,-1.561228,Male,18-24,White - English/Welsh/Scottish/Northern Irish/British,,Misuse of Drugs Act 1971 (section 23),Controlled drugs,A no further action disposal,True,
Person and Vehicle search,2026-07-03T15:30:00+00:00,False,,53.765546,-1.561228,Male,18-24,,,Misuse of Drugs Act 1971 (section 23),Controlled drugs,Community resolution,True,
Person search,2026-07-03T15:45:00+00:00,True,,53.840137,-1.499174,Male,25-34,Other ethnic group - Arab,,Misuse of Drugs Act 1971 (section 23),Controlled drugs,A no further action disposal,True,
Vehicle search,2026-07-03T16:10:00+00:00,False,,53.808831,-1.530055,Male,18-24,,,Misuse of Drugs Act 1971 (section 23),Controlled drugs,Arrest,True,
Person search,2026-07-03T17:00:00+00:00,True,,53.840137,-1.499174,,10-17,White - English/Welsh/Scottish/Northern Irish/British,,Misuse of Drugs Act 1971 (section 23),Controlled drugs,A no further action disposal,True,
Person search,2026-07-03T17:15:00+00:00,False,,53.803486,-1.671431,,10-17,White - Any other White background,,Police and Criminal Evidence Act 1984 (section 1),Stolen goods,Community resolution,True,
Person search,2026-07-03T17:25:00+00:00,False,,53.787411,-1.612590,Male,10-17,,,Misuse of Drugs Act 1971 (section 23),Controlled drugs,Arrest,True,
Person search,2026-07-03T17:30:00+00:00,False,,53.722802,-1.861282,Female,over 34,White - English/Welsh/Scottish/Northern Irish/British,,Misuse of Drugs Act 1971 (section 23),Controlled drugs,Community resolution,True,
Person search,2026-07-03T18:30:00+00:00,False,,53.691219,-1.605019,,,,,Police and Criminal Evidence Act 1984 (section 1),Offensive weapons,A no further action disposal,True,
Person search,2026-07-03T18:31:00+00:00,False,,53.691219,-1.605019,Male,10-17,,,Police and Criminal Evidence Act 1984 (section 1),,A no further action disposal,True,
Person search,2026-07-03T19:40:00+00:00,False,,53.674574,-1.679670,Male,25-34,White - English/Welsh/Scottish/Northern Irish/British,,Police and Criminal Evidence Act 1984 (section 1),Stolen goods,A no further action disposal,True,
Person search,2026-07-03T20:15:00+00:00,False,,53.826358,-1.812144,Male,18-24,Asian/Asian British - Any other Asian background,,Misuse of Drugs Act 1971 (section 23),Controlled drugs,A no further action disposal,True,
Person and Vehicle search,2026-07-03T20:17:00+00:00,False,,53.826358,-1.812144,Male,18-24,,,Misuse of Drugs Act 1971 (section 23),Controlled drugs,Community resolution,True,
Person search,2026-07-03T20:17:00+00:00,False,,53.826358,-1.812144,Male,18-24,,,Misuse of Drugs Act 1971 (section 23),Controlled drugs,A no further action disposal,True,
Person search,2026-07-03T20:30:00+00:00,True,,53.677534,-1.664207,Male,over 34,White - English/Welsh/Scottish/Northern Irish/British,,Misuse of Drugs Act 1971 (section 23),Controlled drugs,A no further action disposal,True,
Person search,2026-07-03T21:20:00+00:00,False,,53.690068,-1.609123,Male,18-24,White - English/Welsh/Scottish/Northern Irish/British,,Misuse of Drugs Act 1971 (section 23),Controlled drugs,Community resolution,True,
Person search,2026-07-03T21:20:00+00:00,True,,53.684646,-1.661758,Male,18-24,,,Misuse of Drugs Act 1971 (section 23),Controlled drugs,Arrest,True,
Person search,2026-07-03T21:30:00+00:00,False,,53.799036,-1.514724,Male,18-24,,,Misuse of Drugs Act 1971 (section 23),Controlled drugs,A no further action disposal,True,
Person and Vehicle search,2026-07-03T21:50:00+00:00,False,,53.823556,-1.724686,Male,18-24,,,Misuse of Drugs Act 1971 (section 23),Controlled drugs,Summons / charged by post,True,
Person and Vehicle search,2026-07-03T22:00:00+00:00,False,,53.659074,-1.859872,Male,over 34,,,Misuse of Drugs Act 1971 (section 23),Controlled drugs,Arrest,True,
Person search,2026-07-03T22:00:00+00:00,False,,53.824038,-1.727296,Male,18-24,,,Misuse of Drugs Act 1971 (section 23),Controlled drugs,A no further action disposal,True,
Person and Vehicle search,2026-07-03T22:00:00+00:00,False,,53.659074,-1.859872,Male,25-34,,,Misuse of Drugs Act 1971 (section 23),Controlled drugs,A no further action disposal,True,
Person and Vehicle search,2026-07-03T22:10:00+00:00,False,,53.708091,-1.365714,Male,18-24,,,Misuse of Drugs Act 1971 (section 23),Controlled drugs,Summons / charged by post,False,
Person and Vehicle search,2026-07-03T22:40:00+00:00,False,,53.703356,-1.775004,Male,18-24,,,Police and Criminal Evidence Act 1984 (section 1),Stolen goods,A no further action disposal,True,
Person search,2026-07-03T22:50:00+00:00,False,,53.819034,-1.586492,Male,25-34,,,Police and Criminal Evidence Act 1984 (section 1),Article for use in theft,A no further action disposal,True,
Person and Vehicle search,2026-07-03T22:51:00+00:00,False,,53.809091,-1.635822,Male,over 34,,,Misuse of Drugs Act 1971 (section 23),Controlled drugs,A no further action disposal,True,
Person and Vehicle search,2026-07-03T22:53:00+00:00,False,,53.809091,-1.635822,Male,over 34,White - English/Welsh/Scottish/Northern Irish/British,,Misuse of Drugs Act 1971 (section 23),Controlled drugs,Arrest,True,
Person and Vehicle search,2026-07-03T23:10:00+00:00,False,,53.805317,-1.775294,Male,25-34,,,Misuse of Drugs Act 1971 (section 23),Controlled drugs,A no further action disposal,True,
Person and Vehicle search,2026-07-03T23:15:00+00:00,False,,53.815842,-1.785186,Male,25-34,,,Misuse of Drugs Act 1971 (section 23),Controlled drugs,A no further action disposal,True,
Person search,2026-07-03T23:15:00+00:00,False,,53.808616,-1.766104,,,,,Misuse of Drugs Act 1971 (section 23),Controlled drugs,A no further action disposal,True,
Person and Vehicle search,2026-07-03T23:17:00+00:00,False,,53.799989,-1.758106,Male,18-24,,,Misuse of Drugs Act 1971 (section 23),Controlled drugs,Community resolution,True,
Person search,2026-07-03T23:20:00+00:00,False,,,,Female,18-24,,,Misuse of Drugs Act 1971 (section 23),Controlled drugs,Community resolution,True,
Person and Vehicle search,2026-07-03T23:20:00+00:00,False,,,,Male,18-24,,,Misuse of Drugs Act 1971 (section 23),Controlled drugs,A no further action disposal,True,
Person and Vehicle search,2026-07-04T00:00:00+00:00,False,,53.708091,-1.365714,Female,over 34,White - English/Welsh/Scottish/Northern Irish/British,,Misuse of Drugs Act 1971 (section 23),Controlled drugs,Community resolution,True,
Person and Vehicle search,2026-07-04T00:00:00+00:00,False,,53.708091,-1.365714,Male,18-24,White - English/Welsh/Scottish/Northern Irish/British,,Misuse of Drugs Act 1971 (section 23),Controlled drugs,A no further action disposal,True,
Person and Vehicle search,2026-07-04T00:00:00+00:00,False,,53.708091,-1.365714,Female,over 34,White - English/Welsh/Scottish/Northern Irish/British,,Misuse of Drugs Act 1971 (section 23),Controlled drugs,A no further action disposal,True,
Person search,2026-07-04T00:00:00+00:00,False,,53.682457,-1.525270,Male,over 34,White - English/Welsh/Scottish/Northern Irish/British,,Misuse of Drugs Act 1971 (section 23),Controlled drugs,A no further action disposal,True,
Person and Vehicle search,2026-07-04T00:00:00+00:00,False,,53.708091,-1.365714,Male,over 34,White - English/Welsh/Scottish/Northern Irish/British,,Misuse of Drugs Act 1971 (section 23),Controlled drugs,A no further action disposal,True,
Person and Vehicle search,2026-07-04T00:05:00+00:00,False,,53.783422,-1.560890,Male,over 34,White - English/Welsh/Scottish/Northern Irish/British,,Police and Criminal Evidence Act 1984 (section 1),Offensive weapons,Summons / charged by post,True,
Person and Vehicle search,2026-07-04T00:30:00+00:00,False,,53.776117,-1.767286,Female,18-24,,,Misuse of Drugs Act 1971 (section 23),Controlled drugs,Community resolution,True,
Person search,2026-07-04T00:35:00+00:00,False,,53.693193,-1.613819,Female,over 34,White - English/Welsh/Scottish/Northern Irish/British,,Police and Criminal Evidence Act 1984 (section 1),Stolen goods,A no further action disposal,True,
Person and Vehicle search,2026-07-04T00:50:00+00:00,False,,53.696724,-1.434691,Male,10-17,White - English/Welsh/Scottish/Northern Irish/British,,Misuse of Drugs Act 1971 (section 23),Controlled drugs,A no further action disposal,True,
Person search,2026-07-04T00:53:00+00:00,False,,53.797864,-1.545800,,,Other ethnic group - Not stated,,Police and Criminal Evidence Act 1984 (section 1),Offensive weapons,A no further action disposal,True,
Person search,2026-07-04T01:00:00+00:00,False,,53.716856,-1.882348,Male,over 34,White - Any other White background,,Misuse of Drugs Act 1971 (section 23),Controlled drugs,A no further action disposal,True,
Person search,2026-07-04T01:50:00+00:00,False,,53.794939,-1.542628,Male,18-24,White - English/Welsh/Scottish/Northern Irish/British,,Misuse of Drugs Act 1971 (section 23),Controlled drugs,A no further action disposal,True,
Person search,2026-07-04T02:45:00+00:00,False,,53.793833,-1.753982,Male,25-34,White - Irish,,Police and Criminal Evidence Act 1984 (section 1),Stolen goods,A no further action disposal,True,
Person search,2026-07-04T04:50:00+00:00,False,,53.846453,-1.816644,Male,18-24,White - English/Welsh/Scottish/Northern Irish/British,,Police and Criminal Evidence Act 1984 (section 1),Stolen goods,A no further action disposal,True,
Vehicle search,2026-07-04T04:55:00+00:00,False,,53.841581,-1.794097,,,,,Police and Criminal Evidence Act 1984 (section 1),Stolen goods,A no further action disposal,True,
Person and Vehicle search,2026-07-04T07:27:00+00:00,False,,53.803886,-1.711423,Male,18-24,,,Misuse of Drugs Act 1971 (section 23),Psychoactive substances,Community resolution,True,
Person search,2026-07-04T08:30:00+00:00,False,,53.622243,-1.792882,Male,over 34,White - English/Welsh/Scottish/Northern Irish/British,,Police and Criminal Evidence Act 1984 (section 1),Article for use in theft,Arrest,True,
Vehicle search,2026-07-04T08:45:00+00:00,False,,,,,,,,Misuse of Drugs Act 1971 (section 23),Controlled drugs,Summons / charged by post,True,
Person search,2026-07-04T08:50:00+00:00,True,,53.797181,-1.538976,Male,18-24,,,Misuse of Drugs Act 1971 (section 23),Controlled drugs,A no further action disposal,True,
Person and Vehicle search,2026-07-04T09:19:00+00:00,False,,53.774940,-1.802237,,,Other ethnic group - Not stated,,Misuse of Drugs Act 1971 (section 23),Controlled drugs,A no further action disposal,True,
Person search,2026-07-04T11:10:00+00:00,False,,53.797191,-1.752383,Male,over 34,White - English/Welsh/Scottish/Northern Irish/British,,Police and Criminal Evidence Act 1984 (section 1),,Arrest,True,
Person and Vehicle search,2026-07-04T11:45:00+00:00,False,,53.711649,-1.637861,Male,18-24,,,Misuse of Drugs Act 1971 (section 23),Controlled drugs,A no further action disposal,True,
Person and Vehicle search,2026-07-04T11:45:00+00:00,False,,53.711649,-1.637861,Male,25-34,,,Misuse of Drugs Act 1971 (section 23),Controlled drugs,A no further action disposal,True,
Person search,2026-07-04T11:45:00+00:00,False,,53.711649,-1.637861,Female,25-34,,,,,,,
Person search,2026-07-04T13:20:00+00:00,False,,53.716057,-1.858319,Male,10-17,White - English/Welsh/Scottish/Northern Irish/British,,Misuse of Drugs Act 1971 (section 23),Controlled drugs,A no further action disposal,True,
Person search,2026-07-04T13:27:00+00:00,False,,53.716057,-1.858319,Male,10-17,White - Any other White background,,Misuse of Drugs Act 1971 (section 23),Controlled drugs,Community resolution,True,
Person search,2026-07-04T13:30:00+00:00,False,,53.716057,-1.858319,Male,10-17,White - English/Welsh/Scottish/Northern Irish/British,,Misuse of Drugs Act 1971 (section 23),Controlled drugs,A no further action disposal,True,
Person and Vehicle search,2026-07-04T14:45:00+00:00,False,,53.676287,-1.745190,Male,25-34,White - English/Welsh/Scottish/Northern Irish/British,,Misuse of Drugs Act 1971 (section 23),Controlled drugs,A no further action disposal,True,
Person and Vehicle search,2026-07-04T15:04:00+00:00,False,,53.777993,-1.719643,Male,over 34,,,Misuse of Drugs Act 1971 (section 23),Controlled drugs,A no further action disposal,True,
Person and Vehicle search,2026-07-04T15:05:00+00:00,False,,53.777993,-1.719643,Male,over 34,,,Misuse of Drugs Act 1971 (section 23),Controlled drugs,A no further action disposal,True,
Person and Vehicle search,2026-07-04T15:45:00+00:00,False,,53.643281,-1.812640,Male,25-34,,,Firearms Act 1968 (section 47),Firearms,A no further action disposal,True,
Person search,2026-07-04T16:37:00+00:00,False,,53.867697,-1.668526,,,White - English/Welsh/Scottish/Northern Irish/British,,Police and Criminal Evidence Act 1984 (section 1),Stolen goods,Arrest,True,
Person and Vehicle search,2026-07-04T16:40:00+00:00,False,,53.817034,-1.730303,Male,18-24,White - English/Welsh/Scottish/Northern Irish/British,,Misuse of Drugs Act 1971 (section 23),Controlled drugs,A no further action disposal,True,
Person search,2026-07-04T16:40:00+00:00,False,,53.817214,-1.734494,Male,25-34,White - English/Welsh/Scottish/Northern Irish/British,,Misuse of Drugs Act 1971 (section 23),Controlled drugs,A no further action disposal,True,
Person search,2026-07-04T16:45:00+00:00,True,,53.840145,-1.503095,Male,18-24,Asian/Asian British - Any other Asian background,,Misuse of Drugs Act 1971 (section 23),Controlled drugs,Community resolution,True,
Person search,2026-07-04T16:45:00+00:00,False,,53.795843,-1.388302,Male,over 34,White - English/Welsh/Scottish/Northern Irish/British,,Misuse of Drugs Act 1971 (section 23),Controlled drugs,Arrest,True,
Person search,2026-07-04T16:45:00+00:00,True,,53.840145,-1.503095,Male,25-34,Other ethnic group - Arab,,Misuse of Drugs Act 1971 (section 23),Controlled drugs,Summons / charged by post,True,
Person search,2026-07-04T16:50:00+00:00,True,,53.840137,-1.499174,Male,18-24,Other ethnic group - Arab,,Misuse of Drugs Act 1971 (section 23),Controlled drugs,A no further action disposal,True,
Person search,2026-07-04T16:59:00+00:00,False,,53.795843,-1.388302,Female,over 34,White - English/Welsh/Scottish/Northern Irish/British,,Misuse of Drugs Act 1971 (section 23),Controlled drugs,A no further action disposal,True,
Person search,2026-07-04T17:25:00+00:00,False,,53.796058,-1.719249,Male,25-34,,,Police and Criminal Evidence Act 1984 (section 1),,A no further action disposal,True,
Person and Vehicle search,2026-07-04T17:27:00+00:00,True,,53.797164,-1.760870,Male,over 34,Other ethnic group - Not stated,,Misuse of Drugs Act 1971 (section 23),Controlled drugs,A no further action disposal,True,
Person search,2026-07-04T17:40:00+00:00,False,,53.417565,-2.637176,Female,25-34,White - English/Welsh/Scottish/Northern Irish/British,,Misuse of Drugs Act 1971 (section 23),Controlled drugs,A no further action disposal,True,
Person and Vehicle search,2026-07-04T17:47:00+00:00,False,,53.733294,-1.723108,Male,25-34,,,Misuse of Drugs Act 1971 (section 23),Controlled drugs,A no further action disposal,True,
Person search,2026-07-04T17:50:00+00:00,False,,53.794964,-1.537330,Male,10-17,White - English/Welsh/Scottish/Northern Irish/British,,Misuse of Drugs Act 1971 (section 23),Controlled drugs,A no further action disposal,True,
Person search,2026-07-04T18:26:00+00:00,True,,53.823479,-1.485564,Male,over 34,Other ethnic group - Not stated,,Misuse of Drugs Act 1971 (section 23),Controlled drugs,Arrest,True,
Person and Vehicle search,2026-07-04T18:30:00+00:00,False,,53.675412,-1.780224,Male,18-24,,,Misuse of Drugs Act 1971 (section 23),Controlled drugs,Arrest,True,
Person search,2026-07-04T18:45:00+00:00,False,,53.928955,-1.386449,Male,over 34,White - English/Welsh/Scottish/Northern Irish/British,,Police and Criminal Evidence Act 1984 (section 1),Offensive weapons,A no further action disposal,True,
Person and Vehicle search,2026-07-04T19:00:00+00:00,True,,53.677534,-1.664207,Male,25-34,,,Misuse of Drugs Act 1971 (section 23),Controlled drugs,A no further action disposal,True,
Person and Vehicle search,2026-07-04T19:00:00+00:00,False,,53.871333,-1.596562,Male,over 34,White - Any other White background,,Police and Criminal Evidence Act 1984 (section 1),,Arrest,True,
Person search,2026-07-04T19:55:00+00:00,False,,53.798218,-1.549091,Male,over 34,White - English/Welsh/Scottish/Northern Irish/British,,Police and Criminal Evidence Act 1984 (section 1),,A no further action disposal,True,
Person search,2026-07-04T20:30:00+00:00,False,,53.827384,-1.505783,,,,,Misuse of Drugs Act 1971 (section 23),Controlled drugs,A no further action disposal,True,
Person search,2026-07-04T20:40:00+00:00,True,,53.840145,-1.503095,Male,over 34,,,Misuse of Drugs Act 1971 (section 23),Controlled drugs,A no further action disposal,True,
Person and Vehicle search,2026-07-04T21:00:00+00:00,False,,53.874826,-1.905916,Male,25-34,,,Misuse of Drugs Act 1971 (section 23),Controlled drugs,A no further action disposal,True,
Person search,2026-07-04T21:00:00+00:00,True,,53.680468,-1.655887,Male,25-34,,,Misuse of Drugs Act 1971 (section 23),Controlled drugs,Arrest,True,
Person search,2026-07-04T21:30:00+00:00,False,,53.793594,-1.751417,Male,over 34,,,Misuse of Drugs Act 1971 (section 23),Controlled drugs,A no further action disposal,True,
Person search,2026-07-04T21:30:00+00:00,False,,53.645467,-1.838875,Male,10-17,White - English/Welsh/Scottish/Northern Irish/British,,Police and Criminal Evidence Act 1984 (section 1),Offensive weapons,A no further action disposal,True,
Person and Vehicle search,2026-07-04T21:40:00+00:00,False,,53.774940,-1.802237,Male,25-34,,,Misuse of Drugs Act 1971 (section 23),Controlled drugs,Community resolution,True,
Person search,2026-07-04T21:50:00+00:00,False,,53.691603,-1.312898,Male,25-34,,,Misuse of Drugs Act 1971 (section 23),Controlled drugs,Community resolution,True,
Person and Vehicle search,2026-07-04T22:00:00+00:00,False,,53.808980,-1.547669,Male,18-24,,,Misuse of Drugs Act 1971 (section 23),Controlled drugs,Arrest,True,
Person and Vehicle search,2026-07-04T22:30:00+00:00,False,,53.639516,-1.786430,Female,over 34,White - English/Welsh/Scottish/Northern Irish/British,,Police and Criminal Evidence Act 1984 (section 1),Article for use in theft,Arrest,True,
Person search,2026-07-04T22:30:00+00:00,False,,53.637759,-1.789479,Male,over 34,White - English/Welsh/Scottish/Northern Irish/British,,Police and Criminal Evidence Act 1984 (section 1),Stolen goods,A no further action disposal,True,
Person search,2026-07-04T22:45:00+00:00,False,,53.639516,-1.786430,Male,over 34,White - English/Welsh/Scottish/Northern Irish/British,,Police and Criminal Evidence Act 1984 (section 1),Stolen goods,Arrest,True,
Person search,2026-07-04T23:10:00+00:00,False,,53.834972,-1.729216,,,White - English/Welsh/Scottish/Northern Irish/British,,Misuse of Drugs Act 1971 (section 23),Controlled drugs,A no further action disposal,True,
Person and Vehicle search,2026-07-04T23:25:00+00:00,False,,53.755831,-1.894828,Male,18-24,,,Misuse of Drugs Act 1971 (section 23),Controlled drugs,A no further action disposal,True,
Person search,2026-07-04T23:29:00+00:00,False,,53.793400,-1.602638,Female,over 34,White - English/Welsh/Scottish/Northern Irish/British,,Misuse of Drugs Act 1971 (section 23),Controlled drugs,A no further action disposal,True,
Person and Vehicle search,2026-07-04T23:30:00+00:00,False,,53.791088,-1.739517,Male,over 34,,,Misuse of Drugs Act 1971 (section 23),Controlled drugs,Community resolution,True,
Person search,2026-07-04T23:30:00+00:00,False,,53.791088,-1.739517,Male,25-34,,,Misuse of Drugs Act 1971 (section 23),Controlled drugs,Community resolution,True,
Person search,2026-07-04T23:30:00+00:00,False,,53.755831,-1.894828,Male,25-34,,,Misuse of Drugs Act 1971 (section 23),Controlled drugs,A no further action disposal,True,
Person search,2026-07-04T23:30:00+00:00,False,,53.755831,-1.894828,,,,,Misuse of Drugs Act 1971 (section 23),Controlled drugs,A no further action disposal,True,
Person search,2026-07-04T23:31:00+00:00,False,,53.775355,-1.574524,Male,18-24,White - English/Welsh/Scottish/Northern Irish/British,,Misuse of Drugs Act 1971 (section 23),Controlled drugs,A no further action disposal,True,
Person search,2026-07-04T23:43:00+00:00,False,,53.779279,-1.892554,Male,25-34,Other ethnic group - Not stated,,Misuse of Drugs Act 1971 (section 23),Controlled drugs,A no further action disposal,True,
Person and Vehicle search,2026-07-05T00:15:00+00:00,False,,53.792860,-1.735832,Male,18-24,,,Misuse of Drugs Act 1971 (section 23),Controlled drugs,Arrest,True,
Person and Vehicle search,2026-07-05T00:15:00+00:00,False,,53.792860,-1.735832,Male,18-24,,,Misuse of Drugs Act 1971 (section 23),Controlled drugs,Arrest,True,
Person and Vehicle search,2026-07-05T01:30:00+00:00,False,,53.846302,-1.836784,Male,18-24,,,Misuse of Drugs Act 1971 (section 23),Controlled drugs,Community resolution,True,
Person search,2026-07-05T01:30:00+00:00,False,,53.846302,-1.836784,Male,18-24,,,Misuse of Drugs Act 1971 (section 23),Controlled drugs,A no further action disposal,True,
Person search,2026-07-05T01:30:00+00:00,False,,53.846302,-1.836784,Male,18-24,,,Misuse of Drugs Act 1971 (section 23),Controlled drugs,Community resolution,True,
Person search,2026-07-05T04:15:00+00:00,False,,53.793840,-1.757443,Male,18-24,Other ethnic group - Arab,,Police and Criminal Evidence Act 1984 (section 1),,A no further action disposal,True,
Person search,2026-07-05T06:12:00+00:00,False,,53.680293,-1.492865,Male,10-17,,,Police and Criminal Evidence Act 1984 (section 1),Offensive weapons,Arrest,True,
Person and Vehicle search,2026-07-05T06:15:00+00:00,False,,53.646644,-1.782083,Male,18-24,,,Police and Criminal Evidence Act 1984 (section 1),Offensive weapons,Arrest,True,
Person search,2026-07-05T07:15:00+00:00,False,,53.815775,-1.517645,Male,25-34,Other ethnic group - Not stated,,Misuse of Drugs Act 1971 (section 23),Controlled drugs,Community resolution,True,
Person and Vehicle search,2026-07-05T07:31:00+00:00,False,,53.788239,-1.756519,Male,18-24,,,Misuse of Drugs Act 1971 (section 23),Controlled drugs,Arrest,True,
Person and Vehicle search,2026-07-05T07:31:00+00:00,False,,53.788239,-1.756519,Male,over 34,White - English/Welsh/Scottish/Northern Irish/British,,Misuse of Drugs Act 1971 (section 23),Controlled drugs,Arrest,True,
Person search,2026-07-05T08:40:00+00:00,False,,53.787060,-1.718945,Male,25-34,White - English/Welsh/Scottish/Northern Irish/British,,Misuse of Drugs Act 1971 (section 23),Controlled drugs,Arrest,True,
Person search,2026-07-05T10:40:00+00:00,False,,53.780144,-1.717322,Female,18-24,White - English/Welsh/Scottish/Northern Irish/British,,Misuse of Drugs Act 1971 (section 23),Controlled drugs,A no further action disposal,True,
Person and Vehicle search,2026-07-05T10:55:00+00:00,True,,53.777993,-1.719643,Male,18-24,,,Misuse of Drugs Act 1971 (section 23),Controlled drugs,Arrest,True,
Person search,2026-07-05T10:55:00+00:00,False,,53.779257,-1.718466,Male,25-34,White - Any other White background,,Misuse of Drugs Act 1971 (section 23),Controlled drugs,A no further action disposal,True,
Person search,2026-07-05T11:09:00+00:00,False,,53.797575,-1.764541,Male,over 34,,,Police and Criminal Evidence Act 1984 (section 1),Article for use in theft,A no further action disposal,True,
Person search,2026-07-05T11:56:00+00:00,False,,53.689460,-1.657343,Male,10-17,White - English/Welsh/Scottish/Northern Irish/British,,Misuse of Drugs Act 1971 (section 23),Controlled drugs,A no further action disposal,True,
Person search,2026-07-05T12:00:00+00:00,False,,53.682067,-1.478976,Male,25-34,White - English/Welsh/Scottish/Northern Irish/British,,Misuse of Drugs Act 1971 (section 23),Controlled drugs,A no further action disposal,True,
Person and Vehicle search,2026-07-05T12:00:00+00:00,False,,53.682067,-1.478976,Male,18-24,White - Any other White background,,Misuse of Drugs Act 1971 (section 23),Controlled drugs,A no further action disposal,True,
Person search,2026-07-05T12:00:00+00:00,False,,53.682067,-1.478976,Male,18-24,White - English/Welsh/Scottish/Northern Irish/British,,Misuse of Drugs Act 1971 (section 23),Controlled drugs,A no further action disposal,True,
Person and Vehicle search,2026-07-05T12:10:00+00:00,False,,53.693860,-1.625898,Male,18-24,Black/African/Caribbean/Black British - Any other Black/African/Caribbean background,,Police and Criminal Evidence Act 1984 (section 1),Offensive weapons,A no further action disposal,True,
Person and Vehicle search,2026-07-05T14:00:00+00:00,False,,53.688917,-1.491717,Male,25-34,,,Misuse of Drugs Act 1971 (section 23),Controlled drugs,A no further action disposal,True,
Person search,2026-07-05T14:51:00+00:00,False,,,,,,Other ethnic group - Not stated,,Misuse of Drugs Act 1971 (section 23),Controlled drugs,A no further action disposal,True,
Person search,2026-07-05T14:52:00+00:00,False,,,,Female,over 34,White - English/Welsh/Scottish/Northern Irish/British,,Misuse of Drugs Act 1971 (section 23),Controlled drugs,A no further action disposal,True,
Person and Vehicle search,2026-07-05T15:30:00+00:00,False,,53.702495,-1.949794,Male,18-24,White - English/Welsh/Scottish/Northern Irish/British,,Police and Criminal Evidence Act 1984 (section 1),Offensive weapons,A no further action disposal,True,
Person search,2026-07-05T15:30:00+00:00,False,,53.702495,-1.949794,Male,18-24,White - English/Welsh/Scottish/Northern Irish/British,,Police and Criminal Evidence Act 1984 (section 1),Offensive weapons,A no further action disposal,True,
Person search,2026-07-05T16:12:00+00:00,False,,53.766082,-1.784226,,,White - English/Welsh/Scottish/Northern Irish/British,,Misuse of Drugs Act 1971 (section 23),Controlled drugs,A no further action disposal,True,
Person search,2026-07-05T18:00:00+00:00,False,,53.790345,-1.758267,Male,over 34,White - English/Welsh/Scottish/Northern Irish/British,,Police and Criminal Evidence Act 1984 (section 1),Article for use in theft,Arrest,False,
Person and Vehicle search,2026-07-05T19:22:00+00:00,False,,53.798974,-1.721173,Male,10-17,Asian/Asian British - Any other Asian background,,Misuse of Drugs Act 1971 (section 23),Controlled drugs,A no further action disposal,True,
Person and Vehicle search,2026-07-05T19:22:00+00:00,False,,53.798974,-1.721173,Male,10-17,,,Misuse of Drugs Act 1971 (section 23),Controlled drugs,Arrest,False,
Person search,2026-07-05T19:30:00+00:00,False,,53.798974,-1.721173,Male,10-17,,,Misuse of Drugs Act 1971 (section 23),Controlled drugs,A no further action disposal,True,
Person search,2026-07-05T19:40:00+00:00,False,,53.834310,-1.779166,Female,over 34,White - English/Welsh/Scottish/Northern Irish/British,,Police and Criminal Evidence Act 1984 (section 1),Article for use in theft,Summons / charged by post,True,
Person search,2026-07-05T20:00:00+00:00,False,,53.815227,-1.815292,Male,18-24,Other ethnic group - Not stated,,Misuse of Drugs Act 1971 (section 23),Controlled drugs,Community resolution,True,
Vehicle search,2026-07-05T21:00:00+00:00,False,,53.715809,-1.511076,,,,,Police and Criminal Evidence Act 1984 (section 1),Article for use in theft,A no further action disposal,True,
Person search,2026-07-05T21:00:00+00:00,False,,53.919456,-1.807966,Male,18-24,,,Misuse of Drugs Act 1971 (section 23),Controlled drugs,Community resolution,True,
Person search,2026-07-05T21:00:00+00:00,False,,53.646457,-1.792915,Male,18-24,White - English/Welsh/Scottish/Northern Irish/British,,Police and Criminal Evidence Act 1984 (section 1),Offensive weapons,A no further action disposal,True,
Person and Vehicle search,2026-07-05T21:05:00+00:00,False,,53.919456,-1.807966,Male,18-24,,,Misuse of Drugs Act 1971 (section 23),Controlled drugs,Arrest,True,
Person search,2026-07-05T23:07:00+00:00,False,,53.799381,-1.783403,,,,,Misuse of Drugs Act 1971 (section 23),Controlled drugs,Community resolution,True,
Person search,2026-07-05T23:07:00+00:00,False,,53.799381,-1.783403,Female,25-34,,,Misuse of Drugs Act 1971 (section 23),Controlled drugs,Community resolution,True,
Person and Vehicle search,2026-07-05T23:50:00+00:00,False,,53.799381,-1.783403,Male,18-24,,,Misuse of Drugs Act 1971 (section 23),Controlled drugs,A no further action disposal,True,
Person and Vehicle search,2026-07-06T00:00:00+00:00,False,,53.799381,-1.783403,Male,25-34,,,Misuse of Drugs Act 1971 (section 23),Controlled drugs,Community resolution,True,
Person and Vehicle search,2026-07-06T01:15:00+00:00,False,,53.772128,-1.803176,Male,18-24,,,Misuse of Drugs Act 1971 (section 23),Controlled drugs,A no further action disposal,True,
Person and Vehicle search,2026-07-06T01:25:00+00:00,False,,53.772128,-1.803176,Male,18-24,,,Misuse of Drugs Act 1971 (section 23),Controlled drugs,A no further action disposal,True,
Person search,2026-07-06T01:30:00+00:00,False,,53.800683,-1.542763,Male,18-24,,,Misuse of Drugs Act 1971 (section 23),Controlled drugs,A no further action disposal,True,
Person search,2026-07-06T02:00:00+00:00,False,,53.792767,-1.769486,Male,25-34,,,Misuse of Drugs Act 1971 (section 23),Controlled drugs,Arrest,True,
Person and Vehicle search,2026-07-06T02:00:00+00:00,False,,53.792767,-1.769486,Male,25-34,,,Misuse of Drugs Act 1971 (section 23),Controlled drugs,Community resolution,True,
Person search,2026-07-06T02:05:00+00:00,False,,53.774627,-1.803711,Female,18-24,Asian/Asian British - Any other Asian background,,Misuse of Drugs Act 1971 (section 23),Controlled drugs,Summons / charged by post,True,
Person search,2026-07-06T02:10:00+00:00,False,,53.792767,-1.769486,Male,25-34,,,Misuse of Drugs Act 1971 (section 23),Controlled drugs,A no further action disposal,True,
Vehicle search,2026-07-06T03:30:00+00:00,False,,53.792767,-1.769486,,,,,Misuse of Drugs Act 1971 (section 23),Controlled drugs,A no further action disposal,True,
Person and Vehicle search,2026-07-06T05:00:00+00:00,False,,53.798700,-1.715360,Male,10-17,,,Misuse of Drugs Act 1971 (section 23),Controlled drugs,Community resolution,True,
Person search,2026-07-06T06:30:00+00:00,False,,53.774940,-1.802237,Male,over 34,White - English/Welsh/Scottish/Northern Irish/British,,Misuse of Drugs Act 1971 (section 23),Controlled drugs,A no further action disposal,True,
Person search,2026-07-06T06:37:00+00:00,False,,53.790972,-1.761594,Female,25-34,White - English/Welsh/Scottish/Northern Irish/British,,Misuse of Drugs Act 1971 (section 23),Controlled drugs,A no further action disposal,True,
Person search,2026-07-06T06:53:00+00:00,False,,,,Male,18-24,,,Misuse of Drugs Act 1971 (section 23),Controlled drugs,Community resolution,False,
Person and Vehicle search,2026-07-06T07:00:00+00:00,False,,53.793056,-1.752028,Male,18-24,,,Psychoactive Substances Act 2016 (s36(2)),Controlled drugs,Community resolution,True,
Person search,2026-07-06T09:50:00+00:00,False,,53.797326,-1.539050,Female,25-34,White - English/Welsh/Scottish/Northern Irish/British,,Police and Criminal Evidence Act 1984 (section 1),Stolen goods,A no further action disposal,True,
Person and Vehicle search,2026-07-06T11:30:00+00:00,False,,53.690094,-1.631685,Male,over 34,Asian/Asian British - Any other Asian background,,Misuse of Drugs Act 1971 (section 23),Controlled drugs,A no further action disposal,True,
Person search,2026-07-06T12:00:00+00:00,False,,53.683004,-1.498450,Male,over 34,White - English/Welsh/Scottish/Northern Irish/British,,Police and Criminal Evidence Act 1984 (section 1),Offensive weapons,A no further action disposal,True,
Person search,2026-07-06T12:00:00+00:00,False,,53.645340,-1.786642,Female,over 34,White - Any other White background,,Police and Criminal Evidence Act 1984 (section 1),Stolen goods,A no further action disposal,True,
Person search,2026-07-06T12:00:00+00:00,False,,53.645340,-1.786642,Female,10-17,,,Police and Criminal Evidence Act 1984 (section 1),Stolen goods,A no further action disposal,True,
Person search,2026-07-06T12:10:00+00:00,False,,53.645364,-1.785009,Female,over 34,Other ethnic group - Not stated,,Police and Criminal Evidence Act 1984 (section 1),Stolen goods,A no further action disposal,True,
Person search,2026-07-06T12:15:00+00:00,False,,53.645340,-1.786642,Female,10-17,White - Any other White background,,Police and Criminal Evidence Act 1984 (section 1),Stolen goods,A no further action disposal,True,
Person search,2026-07-06T12:15:00+00:00,False,,53.645340,-1.786642,Female,10-17,,,Police and Criminal Evidence Act 1984 (section 1),Stolen goods,A no further action disposal,True,
Person search,2026-07-06T12:25:00+00:00,False,,53.668984,-1.473658,Male,25-34,White - English/Welsh/Scottish/Northern Irish/British,,Misuse of Drugs Act 1971 (section 23),Controlled drugs,A no further action disposal,True,
Person search,2026-07-06T12:30:00+00:00,False,,53.668984,-1.473658,Female,over 34,White - English/Welsh/Scottish/Northern Irish/British,,Misuse of Drugs Act 1971 (section 23),Controlled drugs,A no further action disposal,True,
Person search,2026-07-06T13:15:00+00:00,False,,53.723576,-1.854354,Female,over 34,White - English/Welsh/Scottish/Northern Irish/British,,Police and Criminal Evidence Act 1984 (section 1),Stolen goods,Community resolution,True,
Person search,2026-07-06T13:42:00+00:00,False,,53.817187,-1.529218,Male,25-34,Other ethnic group - Not stated,,Misuse of Drugs Act 1971 (section 23),Controlled drugs,Arrest,True,
Person and Vehicle search,2026-07-06T16:10:00+00:00,False,,53.778201,-1.705362,Male,25-34,White - English/Welsh/Scottish/Northern Irish/British,,Police and Criminal Evidence Act 1984 (section 1),Article for use in theft,A no further action disposal,True,
Person search,2026-07-06T17:25:00+00:00,False,,53.733023,-1.773527,Male,25-34,White - English/Welsh/Scottish/Northern Irish/British,,Misuse of Drugs Act 1971 (section 23),Controlled drugs,A no further action disposal,True,
Person search,2026-07-06T17:28:00+00:00,False,,53.743370,-1.765147,Male,over 34,White - Any other White background,,Police and Criminal Evidence Act 1984 (section 1),,A no further action disposal,True,
Person search,2026-07-06T17:30:00+00:00,False,,53.785208,-1.711263,Male,18-24,,,Misuse of Drugs Act 1971 (section 23),Controlled drugs,A no further action disposal,True,
Person and Vehicle search,2026-07-06T17:40:00+00:00,False,,53.595412,-1.308733,Female,over 34,White - English/Welsh/Scottish/Northern Irish/British,,Misuse of Drugs Act 1971 (section 23),Controlled drugs,A no further action disposal,True,
Person search,2026-07-06T17:40:00+00:00,False,,53.595970,-1.308784,Female,25-34,White - English/Welsh/Scottish/Northern Irish/British,,Misuse of Drugs Act 1971 (section 23),Controlled drugs,A no further action disposal,True,
Person and Vehicle search,2026-07-06T18:05:00+00:00,False,,53.845716,-1.609818,Male,over 34,White - English/Welsh/Scottish/Northern Irish/British,,Misuse of Drugs Act 1971 (section 23),Controlled drugs,A no further action disposal,True,
Person and Vehicle search,2026-07-06T18:53:00+00:00,False,,53.765631,-1.764113,Male,18-24,White - English/Welsh/Scottish/Northern Irish/British,,Misuse of Drugs Act 1971 (section 23),Controlled drugs,A no further action disposal,True,
Person and Vehicle search,2026-07-06T18:55:00+00:00,False,,53.765631,-1.764113,Male,10-17,White - English/Welsh/Scottish/Northern Irish/British,,Misuse of Drugs Act 1971 (section 23),Controlled drugs,A no further action disposal,True,
Person search,2026-07-06T19:03:00+00:00,False,,53.795263,-1.767727,Male,over 34,Other ethnic group - Not stated,,Police and Criminal Evidence Act 1984 (section 1),Stolen goods,A no further action disposal,True,
Person search,2026-07-06T19:05:00+00:00,False,,53.793626,-1.581793,Male,10-17,,,Misuse of Drugs Act 1971 (section 23),Controlled drugs,A no further action disposal,True,
Person search,2026-07-06T19:09:00+00:00,False,,,,Male,over 34,White - English/Welsh/Scottish/Northern Irish/British,,Police and Criminal Evidence Act 1984 (section 1),Stolen goods,A no further action disposal,True,
Person search,2026-07-06T19:58:00+00:00,False,,53.793056,-1.752028,Male,25-34,,,Misuse of Drugs Act 1971 (section 23),Controlled drugs,Summons / charged by post,True,
Person search,2026-07-06T21:14:00+00:00,False,,53.794661,-1.758926,Female,over 34,White - English/Welsh/Scottish/Northern Irish/British,,Misuse of Drugs Act 1971 (section 23),Controlled drugs,A no further action disposal,True,
Person and Vehicle search,2026-07-06T21:15:00+00:00,False,,53.794549,-1.756771,Male,over 34,,,Misuse of Drugs Act 1971 (section 23),Controlled drugs,A no further action disposal,True,
Person search,2026-07-06T21:45:00+00:00,False,,53.802928,-1.817930,Female,over 34,,,Firearms Act 1968 (section 47),Firearms,A no further action disposal,True,
Person search,2026-07-06T22:00:00+00:00,False,,53.731698,-1.981758,,,White - English/Welsh/Scottish/Northern Irish/British,,Misuse of Drugs Act 1971 (section 23),Controlled drugs,A no further action disposal,True,
Person and Vehicle search,2026-07-06T22:10:00+00:00,False,,53.796015,-1.766357,Male,over 34,,,Misuse of Drugs Act 1971 (section 23),Controlled drugs,Community resolution,False,
Person search,2026-07-06T22:15:00+00:00,False,,53.796015,-1.766357,Male,over 34,,,Misuse of Drugs Act 1971 (section 23),Controlled drugs,A no further action disposal,True,
Person search,2026-07-06T22:21:00+00:00,False,,53.796015,-1.766357,Male,over 34,,,Misuse of Drugs Act 1971 (section 23),Controlled drugs,A no further action disposal,True,
Person search,2026-07-06T22:48:00+00:00,False,,53.653760,-1.780609,Male,over 34,White - English/Welsh/Scottish/Northern Irish/British,,Police and Criminal Evidence Act 1984 (section 1),Offensive weapons,Arrest,True,
Person and Vehicle search,2026-07-06T22:55:00+00:00,False,,53.860145,-1.616313,Male,25-34,White - English/Welsh/Scottish/Northern Irish/British,,Misuse of Drugs Act 1971 (section 23),Controlled drugs,A no further action disposal,True,
Person and Vehicle search,2026-07-06T22:55:00+00:00,False,,53.860145,-1.616313,Male,18-24,White - English/Welsh/Scottish/Northern Irish/British,,Misuse of Drugs Act 1971 (section 23),Controlled drugs,A no further action disposal,True,
Person search,2026-07-06T23:00:00+00:00,False,,,,Female,18-24,,,Misuse of Drugs Act 1971 (section 23),Controlled drugs,A no further action disposal,True,
Person and Vehicle search,2026-07-06T23:00:00+00:00,False,,53.792767,-1.769486,Male,18-24,,,Misuse of Drugs Act 1971 (section 23),Controlled drugs,Community resolution,True,
Person and Vehicle search,2026-07-06T23:00:00+00:00,False,,53.829502,-1.711566,Male,18-24,,,Misuse of Drugs Act 1971 (section 23),Controlled drugs,Community resolution,True,
Person and Vehicle search,2026-07-06T23:00:00+00:00,False,,53.792767,-1.769486,Male,25-34,,,Misuse of Drugs Act 1971 (section 23),Controlled drugs,A no further action disposal,True,
Person search,2026-07-06T23:00:00+00:00,False,,53.792767,-1.769486,Female,18-24,,,Misuse of Drugs Act 1971 (section 23),Controlled drugs,A no further action disposal,True,
Person and Vehicle search,2026-07-06T23:00:00+00:00,False,,53.792767,-1.769486,Male,25-34,,,Misuse of Drugs Act 1971 (section 23),Controlled drugs,A no further action disposal,True,
Person search,2026-07-06T23:00:00+00:00,False,,53.792767,-1.769486,Male,,Black/African/Caribbean/Black British - Any other Black/African/Caribbean background,,Misuse of Drugs Act 1971 (section 23),Controlled drugs,A no further action disposal,True,
Person search,2026-07-06T23:05:00+00:00,False,,53.796015,-1.766357,Male,over 34,,,Misuse of Drugs Act 1971 (section 23),,A no further action disposal,True,
Person and Vehicle search,2026-07-07T00:28:00+00:00,False,,53.798310,-1.706436,Male,18-24,,,Misuse of Drugs Act 1971 (section 23),Controlled drugs,A no further action disposal,True,
Person and Vehicle search,2026-07-07T00:45:00+00:00,False,,53.800161,-1.706180,,,White - Any other White background,,Misuse of Drugs Act 1971 (section 23),Controlled drugs,A no further action disposal,True,
Person and Vehicle search,2026-07-07T00:45:00+00:00,False,,53.800161,-1.706180,Male,18-24,White - Any other White background,,Misuse of Drugs Act 1971 (section 23),Controlled drugs,Community resolution,True,
Person search,2026-07-07T01:20:00+00:00,False,,53.653760,-1.780609,Male,25-34,White - English/Welsh/Scottish/Northern Irish/British,,Police and Criminal Evidence Act 1984 (section 1),Article for use in theft,Arrest,False,
Person search,2026-07-07T01:25:00+00:00,False,,53.774940,-1.802237,Male,18-24,Asian/Asian British - Any other Asian background,,Misuse of Drugs Act 1971 (section 23),Psychoactive substances,Community resolution,True,
Person and Vehicle search,2026-07-07T01:30:00+00:00,False,,53.774940,-1.802237,Male,18-24,Other ethnic group - Arab,,Misuse of Drugs Act 1971 (section 23),Controlled drugs,Community resolution,False,
Person search,2026-07-07T02:00:00+00:00,False,,53.808316,-1.506918,Male,over 34,White - English/Welsh/Scottish/Northern Irish/British,,Police and Criminal Evidence Act 1984 (section 1),Stolen goods,A no further action disposal,True,
Person search,2026-07-07T05:40:00+00:00,True,,53.733726,-1.657211,Male,over 34,,,Misuse of Drugs Act 1971 (section 23),Controlled drugs,Arrest,True,
Person search,2026-07-07T06:51:00+00:00,False,,53.797530,-1.506726,Male,over 34,White - Irish,,Misuse of Drugs Act 1971 (section 23),Controlled drugs,A no further action disposal,True,
Person search,2026-07-07T07:00:00+00:00,False,,53.797530,-1.506726,Male,over 34,White - English/Welsh/Scottish/Northern Irish/British,,Misuse of Drugs Act 1971 (section 23),Controlled drugs,A no further action disposal,True,
Person search,2026-07-07T08:31:00+00:00,False,,53.644390,-1.783138,Female,over 34,White - English/Welsh/Scottish/Northern Irish/British,,Misuse of Drugs Act 1971 (section 23),Controlled drugs,A no further action disposal,True,
Person search,2026-07-07T08:43:00+00:00,False,,53.690851,-1.632163,Male,18-24,White - English/Welsh/Scottish/Northern Irish/British,,Misuse of Drugs Act 1971 (section 23),Controlled drugs,Community resolution,True,
Person search,2026-07-07T09:20:00+00:00,False,,53.816344,-1.463202,Male,10-17,White - English/Welsh/Scottish/Northern Irish/British,,,,A no further action disposal,True,
Person search,2026-07-07T10:15:00+00:00,False,,53.645174,-1.764982,Male,25-34,Asian/Asian British - Any other Asian background,,Police and Criminal Evidence Act 1984 (section 1),,A no further action disposal,True,
Person and Vehicle search,2026-07-07T11:00:00+00:00,False,,53.815775,-1.517645,Male,18-24,,,Police and Criminal Evidence Act 1984 (section 1),Article for use in theft,A no further action disposal,True,
Person and Vehicle search,2026-07-07T11:22:00+00:00,False,,53.815775,-1.517645,Male,18-24,,,Misuse of Drugs Act 1971 (section 23),Controlled drugs,A no further action disposal,True,
Person search,2026-07-07T12:00:00+00:00,False,,53.683004,-1.498450,Male,over 34,Other ethnic group - Not stated,,Misuse of Drugs Act 1971 (section 23),Controlled drugs,A no further action disposal,True,
Person search,2026-07-07T14:00:00+00:00,False,,53.769295,-1.579152,Male,10-17,White - English/Welsh/Scottish/Northern Irish/British,,Misuse of Drugs Act 1971 (section 23),Controlled drugs,A no further action disposal,True,
Person and Vehicle search,2026-07-07T15:40:00+00:00,False,,53.648040,-1.492072,Male,25-34,,,Misuse of Drugs Act 1971 (section 23),Controlled drugs,A no further action disposal,True,
Person search,2026-07-07T15:45:00+00:00,True,,53.672008,-1.489014,Male,18-24,,,Misuse of Drugs Act 1971 (section 23),Controlled drugs,A no further action disposal,True,
Person search,2026-07-07T16:30:00+00:00,False,,53.738832,-1.636051,Male,over 34,White - English/Welsh/Scottish/Northern Irish/British,,Misuse of Drugs Act 1971 (section 23),Controlled drugs,A no further action disposal,True,
Person and Vehicle search,2026-07-07T16:32:00+00:00,False,,53.720859,-1.646116,Female,25-34,White - English/Welsh/Scottish/Northern Irish/British,,Police and Criminal Evidence Act 1984 (section 1),Article for use in theft,A no further action disposal,True,
Person and Vehicle search,2026-07-07T16:32:00+00:00,False,,53.720859,-1.646116,Male,over 34,White - English/Welsh/Scottish/Northern Irish/British,,Police and Criminal Evidence Act 1984 (section 1),Article for use in theft,Summons / charged by post,True,
Person search,2026-07-07T16:42:00+00:00,False,,53.685610,-1.497739,Male,18-24,White - English/Welsh/Scottish/Northern Irish/British,,Police and Criminal Evidence Act 1984 (section 1),,A no further action disposal,True,
Person and Vehicle search,2026-07-07T16:45:00+00:00,False,,53.741266,-1.629707,Male,18-24,,,Misuse of Drugs Act 1971 (section 23),Controlled drugs,A no further action disposal,True,
Person and Vehicle search,2026-07-07T16:45:00+00:00,False,,53.741266,-1.629707,Male,25-34,,,Misuse of Drugs Act 1971 (section 23),Controlled drugs,A no further action disposal,True,
Person and Vehicle search,2026-07-07T17:00:00+00:00,False,,53.829674,-1.770697,Male,18-24,,,Misuse of Drugs Act 1971 (section 23),Controlled drugs,Arrest,True,
Person search,2026-07-07T17:06:00+00:00,False,,53.798173,-1.539724,Female,over 34,White - English/Welsh/Scottish/Northern Irish/British,,Police and Criminal Evidence Act 1984 (section 1),Stolen goods,Arrest,False,
Person and Vehicle search,2026-07-07T17:07:00+00:00,False,,53.829674,-1.770697,Male,18-24,,,Misuse of Drugs Act 1971 (section 23),Controlled drugs,A no further action disposal,True,
Person and Vehicle search,2026-07-07T17:35:00+00:00,True,,53.723412,-1.781959,Male,over 34,White - English/Welsh/Scottish/Northern Irish/British,,Firearms Act 1968 (section 47),Firearms,A no further action disposal,True,
Person search,2026-07-07T17:37:00+00:00,False,,53.792896,-1.732006,Male,25-34,Other ethnic group - Not stated,,Misuse of Drugs Act 1971 (section 23),Controlled drugs,A no further action disposal,True,
Person search,2026-07-07T18:58:00+00:00,False,,53.805789,-1.733822,Male,18-24,,,Misuse of Drugs Act 1971 (section 23),Controlled drugs,Arrest,True,
Person search,2026-07-07T20:19:00+00:00,False,,53.804368,-1.552138,Male,25-34,White - English/Welsh/Scottish/Northern Irish/British,,Police and Criminal Evidence Act 1984 (section 1),Stolen goods,A no further action disposal,True,
Person and Vehicle search,2026-07-07T21:30:00+00:00,False,,53.797638,-1.517959,Male,25-34,,,Misuse of Drugs Act 1971 (section 23),Controlled drugs,A no further action disposal,True,
Person search,2026-07-07T21:30:00+00:00,False,,53.807461,-1.472898,Male,25-34,,,Misuse of Drugs Act 1971 (section 23),Controlled drugs,A no further action disposal,True,
Person and Vehicle search,2026-07-07T23:25:00+00:00,False,,53.761507,-1.799358,Male,25-34,,,Misuse of Drugs Act 1971 (section 23),Controlled drugs,A no further action disposal,True,
Person search,2026-07-08T00:50:00+00:00,True,,53.635906,-1.834178,Male,over 34,White - English/Welsh/Scottish/Northern Irish/British,,Misuse of Drugs Act 1971 (section 23),Controlled drugs,A no further action disposal,True,
Person and Vehicle search,2026-07-08T00:55:00+00:00,False,,53.632104,-1.840922,Male,over 34,,,Misuse of Drugs Act 1971 (section 23),Controlled drugs,A no further action disposal,True,
Person and Vehicle search,2026-07-08T01:44:00+00:00,False,,53.797477,-1.439593,Male,18-24,,,Misuse of Drugs Act 1971 (section 23),Controlled drugs,A no further action disposal,True,
Person and Vehicle search,2026-07-08T01:45:00+00:00,False,,53.802280,-1.488602,Male,18-24,,,Misuse of Drugs Act 1971 (section 23),Controlled drugs,Community resolution,True,
Vehicle search,2026-07-08T02:00:00+00:00,False,,53.774940,-1.802237,,,,,Misuse of Drugs Act 1971 (section 23),Controlled drugs,Summons / charged by post,False,
Person search,2026-07-08T02:10:00+00:00,False,,53.774627,-1.803711,Female,25-34,,,Misuse of Drugs Act 1971 (section 23),Controlled drugs,Summons / charged by post,True,
Person search,2026-07-08T02:50:00+00:00,False,,53.642986,-1.758490,Male,25-34,White - English/Welsh/Scottish/Northern Irish/British,,Police and Criminal Evidence Act 1984 (section 1),Offensive weapons,A no further action disposal,True,
Person search,2026-07-08T07:10:00+00:00,False,,53.660997,-1.551766,Male,10-17,White - English/Welsh/Scottish/Northern Irish/British,,Police and Criminal Evidence Act 1984 (section 1),Offensive weapons,Arrest,False,
Person and Vehicle search,2026-07-08T09:30:00+00:00,False,,53.703288,-1.292985,Female,18-24,White - English/Welsh/Scottish/Northern Irish/British,,Police and Criminal Evidence Act 1984 (section 1),,A no further action disposal,True,
Person and Vehicle search,2026-07-08T09:30:00+00:00,False,,53.703288,-1.292985,Male,18-24,White - English/Welsh/Scottish/Northern Irish/British,,Police and Criminal Evidence Act 1984 (section 1),,A no further action disposal,True,
Person and Vehicle search,2026-07-08T09:40:00+00:00,False,,53.761507,-1.799358,Male,25-34,White - English/Welsh/Scottish/Northern Irish/British,,Misuse of Drugs Act 1971 (section 23),Controlled drugs,A no further action disposal,True,
Person and Vehicle search,2026-07-08T11:07:00+00:00,False,,53.820794,-1.739895,Male,25-34,,,Misuse of Drugs Act 1971 (section 23),Controlled drugs,A no further action disposal,True,
Person search,2026-07-08T11:55:00+00:00,False,,53.701827,-1.779344,Male,25-34,White - English/Welsh/Scottish/Northern Irish/British,,Police and Criminal Evidence Act 1984 (section 1),Offensive weapons,A no further action disposal,True,
Vehicle search,2026-07-08T12:00:00+00:00,False,,53.822178,-1.857476,,,,,Firearms Act 1968 (section 47),Firearms,A no further action disposal,True,
Vehicle search,2026-07-08T12:00:00+00:00,False,,53.822178,-1.857476,,,,,Firearms Act 1968 (section 47),Firearms,A no further action disposal,True,
Person search,2026-07-08T12:30:00+00:00,False,,53.796355,-1.536859,Male,over 34,Asian/Asian British - Any other Asian background,,Misuse of Drugs Act 1971 (section 23),Controlled drugs,A no further action disposal,True,
Person search,2026-07-08T12:56:00+00:00,False,,53.858763,-1.833193,Male,10-17,,,Misuse of Drugs Act 1971 (section 23),Controlled drugs,Community resolution,True,
Person search,2026-07-08T15:45:00+00:00,True,,53.794891,-1.752548,Male,over 34,Asian/Asian British - Any other Asian background,,Misuse of Drugs Act 1971 (section 23),Controlled drugs,A no further action disposal,True,
Person search,2026-07-08T16:10:00+00:00,False,,53.807533,-1.564784,Male,25-34,White - English/Welsh/Scottish/Northern Irish/British,,Police and Criminal Evidence Act 1984 (section 1),Article for use in theft,A no further action disposal,True,
Person search,2026-07-08T16:15:00+00:00,False,,53.806915,-1.565428,Male,over 34,White - English/Welsh/Scottish/Northern Irish/British,,Police and Criminal Evidence Act 1984 (section 1),Article for use in theft,A no further action disposal,True,
Person and Vehicle search,2026-07-08T17:45:00+00:00,False,,53.663244,-1.776428,Male,over 34,White - English/Welsh/Scottish/Northern Irish/British,,Misuse of Drugs Act 1971 (section 23),Controlled drugs,A no further action disposal,True,
Person and Vehicle search,2026-07-08T18:30:00+00:00,False,,53.877132,-1.720639,Male,10-17,White - English/Welsh/Scottish/Northern Irish/British,,Misuse of Drugs Act 1971 (section 23),Controlled drugs,A no further action disposal,True,
Person and Vehicle search,2026-07-08T18:45:00+00:00,False,,53.736802,-1.680623,Male,over 34,,,Misuse of Drugs Act 1971 (section 23),Controlled drugs,Community resolution,True,
Person search,2026-07-08T18:45:00+00:00,False,,53.736802,-1.680623,Female,over 34,,,Misuse of Drugs Act 1971 (section 23),Controlled drugs,A no further action disposal,True,
Person and Vehicle search,2026-07-08T19:00:00+00:00,False,,53.817501,-1.522242,Male,25-34,,,Misuse of Drugs Act 1971 (section 23),Controlled drugs,A no further action disposal,True,
Person and Vehicle search,2026-07-08T19:00:00+00:00,False,,53.817501,-1.522242,Male,25-34,,,Misuse of Drugs Act 1971 (section 23),Controlled drugs,A no further action disposal,True,
Person search,2026-07-08T20:30:00+00:00,False,,,,Male,18-24,Other ethnic group - Arab,,Misuse of Drugs Act 1971 (section 23),Controlled drugs,Arrest,True,
Person and Vehicle search,2026-07-08T20:50:00+00:00,False,,53.669376,-1.832518,Female,18-24,,,Misuse of Drugs Act 1971 (section 23),Controlled drugs,A no further action disposal,True,
Person and Vehicle search,2026-07-08T20:50:00+00:00,False,,53.669376,-1.832518,Male,over 34,,,Misuse of Drugs Act 1971 (section 23),Controlled drugs,A no further action disposal,True,
Person search,2026-07-08T20:56:00+00:00,False,,53.701830,-1.786130,Male,over 34,White - English/Welsh/Scottish/Northern Irish/British,,Police and Criminal Evidence Act 1984 (section 1),Stolen goods,Community resolution,True,
Person search,2026-07-08T21:10:00+00:00,False,,53.671322,-1.829589,Female,18-24,,,Misuse of Drugs Act 1971 (section 23),Controlled drugs,A no further action disposal,True,
Person search,2026-07-08T23:58:00+00:00,False,,53.811866,-1.470944,Male,18-24,,,Police and Criminal Evidence Act 1984 (section 1),Article for use in theft,A no further action disposal,True,
Person search,2026-07-09T00:05:00+00:00,False,,53.814157,-1.474910,Male,25-34,Asian/Asian British - Any other Asian background,,Police and Criminal Evidence Act 1984 (section 1),Article for use in theft,A no further action disposal,True,
Person search,2026-07-09T00:05:00+00:00,False,,53.681653,-1.684779,Male,18-24,,,Police and Criminal Evidence Act 1984 (section 1),Article for use in theft,A no further action disposal,True,
Person search,2026-07-09T00:05:00+00:00,False,,53.681653,-1.684779,Male,18-24,,,Police and Criminal Evidence Act 1984 (section 1),Article for use in theft,A no further action disposal,True,
Person and Vehicle search,2026-07-09T01:05:00+00:00,False,,53.734194,-1.573363,Male,18-24,White - English/Welsh/Scottish/Northern Irish/British,,Police and Criminal Evidence Act 1984 (section 1),Article for use in theft,A no further action disposal,True,
Person and Vehicle search,2026-07-09T01:30:00+00:00,False,,53.846103,-1.590967,Male,18-24,White - Irish,,Misuse of Drugs Act 1971 (section 23),Controlled drugs,Community resolution,True,
Person search,2026-07-09T01:40:00+00:00,False,,53.846103,-1.590967,Male,18-24,,,Misuse of Drugs Act 1971 (section 23),Controlled drugs,Arrest,False,
Person search,2026-07-09T02:15:00+00:00,False,,53.681423,-1.503011,Female,over 34,White - English/Welsh/Scottish/Northern Irish/British,,Police and Criminal Evidence Act 1984 (section 1),Stolen goods,A no further action disposal,True,
Person search,2026-07-09T03:15:00+00:00,False,,53.794460,-1.541951,Male,over 34,White - English/Welsh/Scottish/Northern Irish/British,,Misuse of Drugs Act 1971 (section 23),Controlled drugs,Community resolution,True,
Person search,2026-07-09T08:30:00+00:00,False,,53.824761,-1.508457,Male,25-34,Other ethnic group - Not stated,,Misuse of Drugs Act 1971 (section 23),Controlled drugs,A no further action disposal,True,
Person and Vehicle search,2026-07-09T08:30:00+00:00,False,,53.818958,-1.515892,Male,over 34,,,Misuse of Drugs Act 1971 (section 23),Controlled drugs,A no further action disposal,True,
Person search,2026-07-09T09:00:00+00:00,True,,53.679002,-1.668328,Male,18-24,Other ethnic group - Not stated,,Misuse of Drugs Act 1971 (section 23),Controlled drugs,A no further action disposal,True,
Person and Vehicle search,2026-07-09T09:00:00+00:00,True,,53.679002,-1.668328,Male,18-24,,,Misuse of Drugs Act 1971 (section 23),Controlled drugs,A no further action disposal,True,
Person and Vehicle search,2026-07-09T09:00:00+00:00,True,,53.679002,-1.668328,Male,18-24,,,Misuse of Drugs Act 1971 (section 23),Controlled drugs,A no further action disposal,True,
Vehicle search,2026-07-09T09:10:00+00:00,False,,53.824591,-1.721732,,,,,Police and Criminal Evidence Act 1984 (section 1),Offensive weapons,A no further action disposal,True,
Vehicle search,2026-07-09T09:20:00+00:00,False,,53.822507,-1.478907,,,,,Police and Criminal Evidence Act 1984 (section 1),Stolen goods,A no further action disposal,True,
Person and Vehicle search,2026-07-09T10:00:00+00:00,False,,53.691663,-1.642181,Male,18-24,,,Misuse of Drugs Act 1971 (section 23),Controlled drugs,A no further action disposal,True,
Person search,2026-07-09T10:05:00+00:00,False,,53.691663,-1.642181,Male,18-24,,,Misuse of Drugs Act 1971 (section 23),Controlled drugs,A no further action disposal,True,
Person and Vehicle search,2026-07-09T10:05:00+00:00,False,,53.691663,-1.642181,Male,18-24,,,Misuse of Drugs Act 1971 (section 23),Controlled drugs,A no further action disposal,True,
Person and Vehicle search,2026-07-09T10:30:00+00:00,False,,53.767013,-1.753835,Male,over 34,,,Misuse of Drugs Act 1971 (section 23),Controlled drugs,Community resolution,True,
Person search,2026-07-09T10:36:00+00:00,False,,53.651071,-1.784753,Male,over 34,White - English/Welsh/Scottish/Northern Irish/British,,Police and Criminal Evidence Act 1984 (section 1),Stolen goods,Arrest,True,
Person and Vehicle search,2026-07-09T11:05:00+00:00,False,,53.680186,-1.508037,Male,18-24,White - Irish,,Police and Criminal Evidence Act 1984 (section 1),Article for use in theft,A no further action disposal,True,
Person search,2026-07-09T12:16:00+00:00,False,,53.683004,-1.498450,Male,over 34,White - English/Welsh/Scottish/Northern Irish/British,,Misuse of Drugs Act 1971 (section 23),Controlled drugs,A no further action disposal,True,
Person search,2026-07-09T12:50:00+00:00,False,,53.720856,-1.891490,Male,over 34,,,Police and Criminal Evidence Act 1984 (section 1),Controlled drugs,A no further action disposal,True,
Person search,2026-07-09T13:54:00+00:00,False,,53.714281,-1.634414,Male,18-24,Other ethnic group - Not stated,,Police and Criminal Evidence Act 1984 (section 1),Offensive weapons,A no further action disposal,True,
Person search,2026-07-09T15:05:00+00:00,False,,53.785208,-1.711263,Male,18-24,White - English/Welsh/Scottish/Northern Irish/British,,Misuse of Drugs Act 1971 (section 23),Controlled drugs,A no further action disposal,True,
Person and Vehicle search,2026-07-09T15:05:00+00:00,False,,53.785208,-1.711263,Male,10-17,White - English/Welsh/Scottish/Northern Irish/British,,Misuse of Drugs Act 1971 (section 23),Controlled drugs,A no further action disposal,True,
Person search,2026-07-09T15:10:00+00:00,False,,53.785208,-1.711263,Male,10-17,White - English/Welsh/Scottish/Northern Irish/British,,Misuse of Drugs Act 1971 (section 23),Controlled drugs,Community resolution,True,
Person search,2026-07-09T17:00:00+00:00,False,,53.793583,-1.772989,Female,over 34,,,Police and Criminal Evidence Act 1984 (section 1),Article for use in theft,A no further action disposal,True,
Person and Vehicle search,2026-07-09T18:00:00+00:00,False,,53.722215,-1.546903,,25-34,,,Misuse of Drugs Act 1971 (section 23),Controlled drugs,A no further action disposal,True,
Person search,2026-07-09T18:05:00+00:00,False,,53.753505,-1.603439,Male,25-34,White - English/Welsh/Scottish/Northern Irish/British,,Misuse of Drugs Act 1971 (section 23),Controlled drugs,A no further action disposal,True,
Person search,2026-07-09T19:30:00+00:00,False,,53.822124,-1.541436,Male,18-24,,,Firearms Act 1968 (section 47),Firearms,Arrest,True,
Person and Vehicle search,2026-07-09T20:18:00+00:00,False,,53.889043,-1.955247,Male,25-34,,,Misuse of Drugs Act 1971 (section 23),Controlled drugs,Summons / charged by post,True,
Person and Vehicle search,2026-07-09T20:45:00+00:00,False,,53.736913,-1.767927,Male,over 34,White - English/Welsh/Scottish/Northern Irish/British,,Misuse of Drugs Act 1971 (section 23),Controlled drugs,Summons / charged by post,True,
Person and Vehicle search,2026-07-09T21:00:00+00:00,False,,53.685256,-1.472350,Male,25-34,White - English/Welsh/Scottish/Northern Irish/British,,Misuse of Drugs Act 1971 (section 23),Controlled drugs,Arrest,True,
Person search,2026-07-09T23:30:00+00:00,False,,53.812042,-1.454024,Male,18-24,White - English/Welsh/Scottish/Northern Irish/British,,Police and Criminal Evidence Act 1984 (section 1),Article for use in theft,A no further action disposal,True,
Person search,2026-07-09T23:30:00+00:00,False,,53.812042,-1.454024,Male,10-17,White - English/Welsh/Scottish/Northern Irish/British,,Police and Criminal Evidence Act 1984 (section 1),Article for use in theft,A no further action disposal,True,
Person search,2026-07-09T23:30:00+00:00,False,,53.812042,-1.454024,Male,10-17,White - English/Welsh/Scottish/Northern Irish/British,,Police and Criminal Evidence Act 1984 (section 1),Article for use in theft,A no further action disposal,True,
Person search,2026-07-09T23:30:00+00:00,False,,53.812042,-1.454024,Male,10-17,White - English/Welsh/Scottish/Northern Irish/British,,Police and Criminal Evidence Act 1984 (section 1),Article for use in theft,A no further action disposal,True,
Person search,2026-07-10T00:35:00+00:00,False,,53.876721,-1.887118,Male,over 34,White - English/Welsh/Scottish/Northern Irish/British,,Police and Criminal Evidence Act 1984 (section 1),Article for use in theft,A no further action disposal,True,
Person search,2026-07-10T01:10:00+00:00,False,,53.806346,-1.746270,Male,over 34,White - English/Welsh/Scottish/Northern Irish/British,,Police and Criminal Evidence Act 1984 (section 1),Stolen goods,Arrest,False,
Person search,2026-07-10T01:20:00+00:00,False,,53.790935,-1.550854,Male,over 34,White - English/Welsh/Scottish/Northern Irish/British,,Police and Criminal Evidence Act 1984 (section 1),Article for use in theft,Arrest,True,
Person and Vehicle search,2026-07-10T01:25:00+00:00,False,,,,Male,25-34,White - English/Welsh/Scottish/Northern Irish/British,,Misuse of Drugs Act 1971 (section 23),Controlled drugs,A no further action disposal,True,
Person and Vehicle search,2026-07-10T02:40:00+00:00,False,,53.797332,-1.738066,Male,25-34,,,Misuse of Drugs Act 1971 (section 23),Controlled drugs,Community resolution,True,
Person and Vehicle search,2026-07-10T08:30:00+00:00,False,,53.645769,-1.836030,Male,over 34,White - English/Welsh/Scottish/Northern Irish/British,,Misuse of Drugs Act 1971 (section 23),Controlled drugs,Arrest,False,
Person and Vehicle search,2026-07-10T11:00:00+00:00,False,,53.830882,-1.721508,Female,over 34,White - English/Welsh/Scottish/Northern Irish/British,,Misuse of Drugs Act 1971 (section 23),Controlled drugs,Arrest,True,
Person and Vehicle search,2026-07-10T12:25:00+00:00,False,,53.700109,-1.311942,Male,18-24,White - English/Welsh/Scottish/Northern Irish/British,,Misuse of Drugs Act 1971 (section 23),Controlled drugs,Summons / charged by post,False,
Person search,2026-07-10T12:25:00+00:00,False,,53.700109,-1.311942,Male,18-24,White - English/Welsh/Scottish/Northern Irish/British,,Misuse of Drugs Act 1971 (section 23),Controlled drugs,Arrest,False,
Person and Vehicle search,2026-07-10T13:55:00+00:00,False,,53.816064,-1.511277,Male,over 34,,,Misuse of Drugs Act 1971 (section 23),Controlled drugs,Summons / charged by post,True,
Person search,2026-07-10T13:55:00+00:00,False,,53.816064,-1.511277,Male,over 34,White - English/Welsh/Scottish/Northern Irish/British,,Misuse of Drugs Act 1971 (section 23),Controlled drugs,Summons / charged by post,False,
Person search,2026-07-10T16:18:00+00:00,False,,53.780965,-1.788642,Male,25-34,,,Misuse of Drugs Act 1971 (section 23),Controlled drugs,A no further action disposal,True,
Person and Vehicle search,2026-07-10T16:18:00+00:00,False,,53.780965,-1.788642,Male,25-34,,,Misuse of Drugs Act 1971 (section 23),Controlled drugs,A no further action disposal,True,
Person search,2026-07-10T17:34:00+00:00,False,,53.803337,-1.545604,Male,10-17,White - English/Welsh/Scottish/Northern Irish/British,,Police and Criminal Evidence Act 1984 (section 1),Article for use in theft,Arrest,True,
Person search,2026-07-10T19:10:00+00:00,False,,53.744543,-1.552076,Female,over 34,White - English/Welsh/Scottish/Northern Irish/British,,Police and Criminal Evidence Act 1984 (section 1),Offensive weapons,A no further action disposal,True,
Person and Vehicle search,2026-07-10T19:45:00+00:00,False,,53.778348,-1.792494,Male,over 34,,,Misuse of Drugs Act 1971 (section 23),Controlled drugs,A no further action disposal,True,
Person and Vehicle search,2026-07-10T19:48:00+00:00,False,,53.778348,-1.792494,Male,over 34,White - English/Welsh/Scottish/Northern Irish/British,,Misuse of Drugs Act 1971 (section 23),Controlled drugs,A no further action disposal,True,
Person search,2026-07-10T20:20:00+00:00,False,,53.707197,-1.506252,Male,25-34,,,Misuse of Drugs Act 1971 (section 23),Controlled drugs,A no further action disposal,True,
Person and Vehicle search,2026-07-10T20:25:00+00:00,False,,53.707197,-1.506252,Male,25-34,,,Misuse of Drugs Act 1971 (section 23),Controlled drugs,A no further action disposal,True,
Person search,2026-07-10T20:50:00+00:00,False,,53.686961,-1.632773,Female,10-17,Other ethnic group - Not stated,,Police and Criminal Evidence Act 1984 (section 1),Stolen goods,A no further action disposal,True,
Person search,2026-07-10T20:50:00+00:00,False,,53.686961,-1.632773,Female,10-17,White - English/Welsh/Scottish/Northern Irish/British,,Police and Criminal Evidence Act 1984 (section 1),Stolen goods,A no further action disposal,True,
Person search,2026-07-10T21:30:00+00:00,False,,53.693440,-1.312065,Female,18-24,White - English/Welsh/Scottish/Northern Irish/British,,Misuse of Drugs Act 1971 (section 23),Controlled drugs,Community resolution,True,
Person search,2026-07-10T21:35:00+00:00,False,,53.660718,-1.554206,Male,18-24,Other ethnic group - Not stated,,Misuse of Drugs Act 1971 (section 23),Controlled drugs,A no further action disposal,True,
Person search,2026-07-10T21:35:00+00:00,False,,53.660718,-1.554206,Male,18-24,Other ethnic group - Not stated,,Misuse of Drugs Act 1971 (section 23),Controlled drugs,A no further action disposal,True,
Person search,2026-07-10T22:00:00+00:00,False,,53.721926,-1.866089,Male,over 34,White - English/Welsh/Scottish/Northern Irish/British,,Police and Criminal Evidence Act 1984 (section 1),,A no further action disposal,True,
Person and Vehicle search,2026-07-10T23:45:00+00:00,False,,53.744048,-1.876375,Male,25-34,,,Misuse of Drugs Act 1971 (section 23),Controlled drugs,A no further action disposal,True,
Person search,2026-07-10T23:55:00+00:00,False,,53.867518,-1.909071,Male,10-17,,,Misuse of Drugs Act 1971 (section 23),Controlled drugs,Arrest,True,
Person and Vehicle search,2026-07-10T23:58:00+00:00,False,,53.799381,-1.783403,Female,18-24,,,Misuse of Drugs Act 1971 (section 23),Controlled drugs,A no further action disposal,True,
Person and Vehicle search,2026-07-10T23:58:00+00:00,False,,53.799381,-1.783403,Male,18-24,,,Misuse of Drugs Act 1971 (section 23),Controlled drugs,A no further action disposal,True,
Person search,2026-07-11T00:30:00+00:00,False,,53.776826,-1.712777,Male,10-17,White - English/Welsh/Scottish/Northern Irish/British,,Misuse of Drugs Act 1971 (section 23),Controlled drugs,A no further action disposal,True,
Person and Vehicle search,2026-07-11T00:30:00+00:00,False,,53.776826,-1.712777,Male,18-24,White - English/Welsh/Scottish/Northern Irish/British,,Misuse of Drugs Act 1971 (section 23),Controlled drugs,A no further action disposal,True,
Person search,2026-07-11T00:30:00+00:00,False,,53.776826,-1.712777,Male,18-24,White - English/Welsh/Scottish/Northern Irish/British,,Misuse of Drugs Act 1971 (section 23),Controlled drugs,A no further action disposal,True,
Person and Vehicle search,2026-07-11T00:30:00+00:00,False,,53.776826,-1.712777,Male,18-24,,,Misuse of Drugs Act 1971 (section 23),Controlled drugs,A no further action disposal,True,
Person search,2026-07-11T00:30:00+00:00,False,,53.776826,-1.712777,Male,18-24,White - English/Welsh/Scottish/Northern Irish/British,,Misuse of Drugs Act 1971 (section 23),Controlled drugs,A no further action disposal,True,
Person search,2026-07-11T00:36:00+00:00,False,,53.776826,-1.712777,Female,18-24,White - English/Welsh/Scottish/Northern Irish/British,,Misuse of Drugs Act 1971 (section 23),Controlled drugs,A no further action disposal,True,
Person search,2026-07-11T00:36:00+00:00,False,,53.776826,-1.712777,Male,10-17,White - English/Welsh/Scottish/Northern Irish/British,,Misuse of Drugs Act 1971 (section 23),Controlled drugs,A no further action disposal,True,
Person search,2026-07-11T00:36:00+00:00,False,,53.776826,-1.712777,Female,18-24,White - English/Welsh/Scottish/Northern Irish/British,,Misuse of Drugs Act 1971 (section 23),Controlled drugs,A no further action disposal,True,
Person search,2026-07-11T00:39:00+00:00,False,,53.776826,-1.712777,Female,18-24,White - English/Welsh/Scottish/Northern Irish/British,,Misuse of Drugs Act 1971 (section 23),Controlled drugs,A no further action disposal,True,
Person search,2026-07-11T00:56:00+00:00,False,,53.760064,-1.781330,Male,10-17,White - English/Welsh/Scottish/Northern Irish/British,,Police and Criminal Evidence Act 1984 (section 1),Article for use in theft,Community resolution,False,
Person search,2026-07-11T01:00:00+00:00,False,,53.704821,-1.857509,Male,over 34,Other ethnic group - Not stated,,Misuse of Drugs Act 1971 (section 23),Controlled drugs,A no further action disposal,True,
Person and Vehicle search,2026-07-11T02:50:00+00:00,False,,53.868156,-1.909648,Male,18-24,,,Misuse of Drugs Act 1971 (section 23),Controlled drugs,A no further action disposal,True,
Person and Vehicle search,2026-07-11T02:58:00+00:00,False,,53.864822,-1.910491,,,,,Misuse of Drugs Act 1971 (section 23),Controlled drugs,A no further action disposal,True,
Person search,2026-07-11T03:05:00+00:00,False,,53.864822,-1.910491,Male,25-34,,,Misuse of Drugs Act 1971 (section 23),Controlled drugs,A no further action disposal,True,
Person search,2026-07-11T03:15:00+00:00,False,,53.801160,-1.688743,Male,10-17,,,Police and Criminal Evidence Act 1984 (section 1),Stolen goods,Arrest,True,
Person search,2026-07-11T05:00:00+00:00,False,,53.796033,-1.541964,Male,18-24,White - English/Welsh/Scottish/Northern Irish/British,,Police and Criminal Evidence Act 1984 (section 1),Controlled drugs,Arrest,False,
Person search,2026-07-11T09:30:00+00:00,False,,53.813179,-1.623728,Male,18-24,White - English/Welsh/Scottish/Northern Irish/British,,Misuse of Drugs Act 1971 (section 23),Controlled drugs,A no further action disposal,True,
Person search,2026-07-11T09:30:00+00:00,True,,53.725887,-1.357292,Female,over 34,White - English/Welsh/Scottish/Northern Irish/British,,Misuse of Drugs Act 1971 (section 23),Controlled drugs,A no further action disposal,True,
Person and Vehicle search,2026-07-11T09:35:00+00:00,False,,53.810896,-1.612298,Male,18-24,,,Misuse of Drugs Act 1971 (section 23),Controlled drugs,A no further action disposal,True,
Person and Vehicle search,2026-07-11T10:47:00+00:00,False,,53.691175,-1.291931,Male,over 34,White - English/Welsh/Scottish/Northern Irish/British,,Misuse of Drugs Act 1971 (section 23),Controlled drugs,Summons / charged by post,True,
Person search,2026-07-11T13:49:00+00:00,False,,,,Male,18-24,White - English/Welsh/Scottish/Northern Irish/British,,Police and Criminal Evidence Act 1984 (section 1),Offensive weapons,A no further action disposal,True,
Person search,2026-07-11T13:52:00+00:00,False,,53.875798,-1.715233,Male,18-24,White - English/Welsh/Scottish/Northern Irish/British,,Police and Criminal Evidence Act 1984 (section 1),Offensive weapons,Arrest,True,
Person and Vehicle search,2026-07-11T15:30:00+00:00,False,,53.643761,-1.785590,Male,over 34,White - English/Welsh/Scottish/Northern Irish/British,,Misuse of Drugs Act 1971 (section 23),Controlled drugs,A no further action disposal,True,
Person search,2026-07-11T16:13:00+00:00,False,,53.793386,-1.755244,Male,25-34,,,Police and Criminal Evidence Act 1984 (section 1),,A no further action disposal,True,
Person search,2026-07-11T16:20:00+00:00,False,,53.644341,-1.756583,Male,25-34,Other ethnic group - Not stated,,Misuse of Drugs Act 1971 (section 23),Controlled drugs,A no further action disposal,True,
Person search,2026-07-11T16:21:00+00:00,False,,53.795173,-1.581975,Male,10-17,Other ethnic group - Not stated,,Police and Criminal Evidence Act 1984 (section 1),Stolen goods,A no further action disposal,True,
Person search,2026-07-11T17:15:00+00:00,False,,53.793833,-1.753982,Male,10-17,White - English/Welsh/Scottish/Northern Irish/British,,Misuse of Drugs Act 1971 (section 23),Controlled drugs,Community resolution,True,
Person search,2026-07-11T17:30:00+00:00,False,,53.721265,-1.646719,Male,over 34,White - Any other White background,,Misuse of Drugs Act 1971 (section 23),Controlled drugs,Arrest,True,
Person search,2026-07-11T17:30:00+00:00,False,,53.796697,-1.546359,Male,over 34,White - English/Welsh/Scottish/Northern Irish/British,,Misuse of Drugs Act 1971 (section 23),Controlled drugs,Community resolution,True,
Person search,2026-07-11T18:00:00+00:00,False,,53.643824,-1.504754,Male,18-24,White - English/Welsh/Scottish/Northern Irish/British,,Misuse of Drugs Act 1971 (section 23),Psychoactive substances,A no further action disposal,True,
Person search,2026-07-11T18:17:00+00:00,False,,53.643824,-1.504754,Male,18-24,White - English/Welsh/Scottish/Northern Irish/British,,Misuse of Drugs Act 1971 (section 23),Controlled drugs,Arrest,True,
Person search,2026-07-11T20:00:00+00:00,False,,53.684903,-1.498957,Male,over 34,Other ethnic group - Not stated,,Misuse of Drugs Act 1971 (section 23),Controlled drugs,A no further action disposal,True,
Person search,2026-07-11T20:00:00+00:00,False,,53.731655,-2.152936,Male,10-17,White - English/Welsh/Scottish/Northern Irish/British,,Misuse of Drugs Act 1971 (section 23),Controlled drugs,Arrest,True,
Person and Vehicle search,2026-07-11T21:55:00+00:00,False,,53.798197,-1.756188,Male,over 34,,,Misuse of Drugs Act 1971 (section 23),Controlled drugs,Summons / charged by post,False,
Person and Vehicle search,2026-07-11T22:45:00+00:00,False,,53.916230,-1.933797,Male,18-24,,,Misuse of Drugs Act 1971 (section 23),Controlled drugs,Summons / charged by post,False,
Person and Vehicle search,2026-07-11T23:23:00+00:00,True,,53.794891,-1.752548,Male,18-24,White - English/Welsh/Scottish/Northern Irish/British,,Misuse of Drugs Act 1971 (section 23),Controlled drugs,Arrest,True,
Person search,2026-07-11T23:31:00+00:00,True,,53.820717,-1.579366,Male,18-24,,,Misuse of Drugs Act 1971 (section 23),Controlled drugs,Arrest,True,
Person search,2026-07-12T00:24:00+00:00,False,,53.722692,-1.867663,Male,18-24,,,Misuse of Drugs Act 1971 (section 23),Controlled drugs,A no further action disposal,True,
Person and Vehicle search,2026-07-12T00:30:00+00:00,False,,53.722692,-1.867663,Male,18-24,,,Misuse of Drugs Act 1971 (section 23),Controlled drugs,Arrest,True,
Person search,2026-07-12T00:44:00+00:00,False,,53.723152,-1.896334,Male,18-24,,,Misuse of Drugs Act 1971 (section 23),Controlled drugs,A no further action disposal,True,
Person search,2026-07-12T01:00:00+00:00,False,,53.793661,-1.753482,Male,over 34,White - English/Welsh/Scottish/Northern Irish/British,,Police and Criminal Evidence Act 1984 (section 1),Offensive weapons,A no further action disposal,True,
Person search,2026-07-12T01:05:00+00:00,False,,53.794460,-1.541951,Male,25-34,,,Misuse of Drugs Act 1971 (section 23),Controlled drugs,A no further action disposal,True,
Person search,2026-07-12T01:05:00+00:00,False,,53.794460,-1.541951,Male,25-34,,,Misuse of Drugs Act 1971 (section 23),Controlled drugs,Community resolution,True,
Person search,2026-07-12T02:08:00+00:00,False,,53.823332,-1.754128,Male,18-24,White - English/Welsh/Scottish/Northern Irish/British,,Misuse of Drugs Act 1971 (section 23),Controlled drugs,A no further action disposal,True,
Person and Vehicle search,2026-07-12T02:08:00+00:00,False,,53.823332,-1.754128,Male,25-34,White - English/Welsh/Scottish/Northern Irish/British,,Misuse of Drugs Act 1971 (section 23),Controlled drugs,A no further action disposal,True,
Person and Vehicle search,2026-07-12T02:08:00+00:00,False,,53.823332,-1.754128,Male,18-24,White - English/Welsh/Scottish/Northern Irish/British,,Misuse of Drugs Act 1971 (section 23),Controlled drugs,A no further action disposal,True,
Person and Vehicle search,2026-07-12T03:00:00+00:00,False,,53.797581,-1.544831,Male,10-17,,,Misuse of Drugs Act 1971 (section 23),Controlled drugs,A no further action disposal,True,
Person search,2026-07-12T03:15:00+00:00,False,,,,Male,18-24,,,Misuse of Drugs Act 1971 (section 23),Controlled drugs,A no further action disposal,True,
Person search,2026-07-12T03:15:00+00:00,False,,53.794939,-1.542628,Male,over 34,,,Misuse of Drugs Act 1971 (section 23),Controlled drugs,Community resolution,False,
Person search,2026-07-12T03:30:00+00:00,False,,53.716638,-1.742825,Male,18-24,,,Misuse of Drugs Act 1971 (section 23),Controlled drugs,Summons / charged by post,True,
Person search,2026-07-12T03:50:00+00:00,False,,53.794964,-1.537330,Male,25-34,,,Misuse of Drugs Act 1971 (section 23),Controlled drugs,A no further action disposal,True,
Vehicle search,2026-07-12T04:00:00+00:00,False,,53.716638,-1.742825,,,,,Misuse of Drugs Act 1971 (section 23),Controlled drugs,A no further action disposal,True,
Person search,2026-07-12T05:30:00+00:00,False,,53.720633,-1.858789,,,White - English/Welsh/Scottish/Northern Irish/British,,Police and Criminal Evidence Act 1984 (section 1),Offensive weapons,A no further action disposal,True,
Person and Vehicle search,2026-07-12T08:48:00+00:00,False,,53.792735,-1.772259,Male,25-34,,,Misuse of Drugs Act 1971 (section 23),Controlled drugs,A no further action disposal,True,
Person search,2026-07-12T08:55:00+00:00,False,,53.792735,-1.772259,Female,18-24,White - English/Welsh/Scottish/Northern Irish/British,,Misuse of Drugs Act 1971 (section 23),Controlled drugs,Community resolution,True,
Person and Vehicle search,2026-07-12T13:27:00+00:00,False,,53.778348,-1.792494,Male,18-24,,,Misuse of Drugs Act 1971 (section 23),Controlled drugs,Community resolution,True,
Person and Vehicle search,2026-07-12T13:27:00+00:00,False,,53.778348,-1.792494,Male,25-34,,,Misuse of Drugs Act 1971 (section 23),Controlled drugs,Community resolution,True,
Person search,2026-07-12T13:40:00+00:00,False,,53.680293,-1.492865,Male,over 34,White - Any other White background,,Misuse of Drugs Act 1971 (section 23),Controlled drugs,A no further action disposal,True,
Person search,2026-07-12T14:30:00+00:00,False,,53.807352,-1.542736,Male,10-17,Black/African/Caribbean/Black British - Any other Black/African/Caribbean background,,Misuse of Drugs Act 1971 (section 23),Controlled drugs,A no further action disposal,True,
Person search,2026-07-12T14:55:00+00:00,False,,53.815692,-1.508244,Male,over 34,,,Misuse of Drugs Act 1971 (section 23),Controlled drugs,A no further action disposal,True,
Person and Vehicle search,2026-07-12T15:00:00+00:00,False,,53.809457,-1.855423,Male,over 34,White - English/Welsh/Scottish/Northern Irish/British,,Misuse of Drugs Act 1971 (section 23),Controlled drugs,Arrest,True,
Person search,2026-07-12T15:10:00+00:00,False,,53.819839,-1.743045,Male,18-24,,,Misuse of Drugs Act 1971 (section 23),Controlled drugs,Community resolution,True,
Person search,2026-07-12T16:20:00+00:00,False,,53.675962,-1.514792,Female,18-24,,,Misuse of Drugs Act 1971 (section 23),Controlled drugs,A no further action disposal,True,
Person search,2026-07-12T16:20:00+00:00,False,,53.672171,-1.499956,Female,18-24,,,Misuse of Drugs Act 1971 (section 23),Controlled drugs,Community resolution,True,
Person and Vehicle search,2026-07-12T16:20:00+00:00,False,,53.672171,-1.499956,Female,18-24,,,Misuse of Drugs Act 1971 (section 23),Controlled drugs,Community resolution,True,
Person search,2026-07-12T16:20:00+00:00,False,,53.672171,-1.499956,Female,18-24,,,Misuse of Drugs Act 1971 (section 23),Controlled drugs,A no further action disposal,True,
Person search,2026-07-12T16:20:00+00:00,False,,53.675962,-1.514792,Female,18-24,,,Misuse of Drugs Act 1971 (section 23),Controlled drugs,A no further action disposal,True,
Person search,2026-07-12T16:23:00+00:00,False,,53.724557,-1.863701,Male,10-17,White - English/Welsh/Scottish/Northern Irish/British,,Police and Criminal Evidence Act 1984 (section 1),Article for use in theft,A no further action disposal,True,
Person search,2026-07-12T16:25:00+00:00,False,,53.797769,-1.720726,Male,10-17,,,Police and Criminal Evidence Act 1984 (section 1),Articles for use in criminal damage,A no further action disposal,True,
Person search,2026-07-12T16:25:00+00:00,False,,53.800649,-1.722453,Male,10-17,,,Police and Criminal Evidence Act 1984 (section 1),Articles for use in criminal damage,A no further action disposal,True,
Person search,2026-07-12T16:25:00+00:00,False,,53.800649,-1.722453,Male,10-17,,,Police and Criminal Evidence Act 1984 (section 1),Articles for use in criminal damage,A no further action disposal,True,
Person search,2026-07-12T16:30:00+00:00,False,,53.724557,-1.863701,Male,10-17,White - English/Welsh/Scottish/Northern Irish/British,,Police and Criminal Evidence Act 1984 (section 1),Article for use in theft,A no further action disposal,True,
Person search,2026-07-12T16:39:00+00:00,False,,53.724557,-1.863701,Male,10-17,White - English/Welsh/Scottish/Northern Irish/British,,Police and Criminal Evidence Act 1984 (section 1),Article for use in theft,A no further action disposal,True,
Person and Vehicle search,2026-07-12T16:41:00+00:00,False,,53.644531,-1.772127,Male,over 34,,,Police and Criminal Evidence Act 1984 (section 1),Article for use in theft,A no further action disposal,True,
Person and Vehicle search,2026-07-12T17:57:00+00:00,False,,53.696090,-1.299385,Male,25-34,,,Misuse of Drugs Act 1971 (section 23),Controlled drugs,A no further action disposal,True,
Person search,2026-07-12T18:04:00+00:00,False,,53.801534,-1.818525,,,,,Misuse of Drugs Act 1971 (section 23),Controlled drugs,A no further action disposal,True,
Person search,2026-07-12T18:04:00+00:00,False,,53.801534,-1.818525,Female,18-24,,,,,,,
Person and Vehicle search,2026-07-12T18:09:00+00:00,False,,53.856200,-1.745392,Male,25-34,,,Misuse of Drugs Act 1971 (section 23),Controlled drugs,Arrest,False,
Person and Vehicle search,2026-07-12T18:30:00+00:00,True,,53.696090,-1.299385,Male,18-24,,,Misuse of Drugs Act 1971 (section 23),Controlled drugs,Community resolution,True,
Person search,2026-07-12T19:35:00+00:00,False,,53.905493,-1.692839,Male,over 34,White - English/Welsh/Scottish/Northern Irish/British,,Police and Criminal Evidence Act 1984 (section 1),,Arrest,True,
Person search,2026-07-12T20:15:00+00:00,False,,53.684121,-1.434451,Male,18-24,White - English/Welsh/Scottish/Northern Irish/British,,Misuse of Drugs Act 1971 (section 23),Controlled drugs,A no further action disposal,True,
Person and Vehicle search,2026-07-12T20:15:00+00:00,False,,53.684121,-1.434451,Male,18-24,White - English/Welsh/Scottish/Northern Irish/British,,Misuse of Drugs Act 1971 (section 23),Controlled drugs,A no further action disposal,True,
Person search,2026-07-12T20:15:00+00:00,False,,53.684121,-1.434451,Female,18-24,White - English/Welsh/Scottish/Northern Irish/British,,Misuse of Drugs Act 1971 (section 23),Controlled drugs,A no further action disposal,True,
Person search,2026-07-12T20:18:00+00:00,False,,53.867950,-1.923730,Male,10-17,,,Police and Criminal Evidence Act 1984 (section 1),Stolen goods,Arrest,True,
Person and Vehicle search,2026-07-12T21:02:00+00:00,False,,53.878816,-1.923285,Male,18-24,,,Misuse of Drugs Act 1971 (section 23),Controlled drugs,A no further action disposal,True,
Person and Vehicle search,2026-07-12T21:35:00+00:00,False,,53.768038,-1.733014,Male,over 34,,,Firearms Act 1968 (section 47),Firearms,Summons / charged by post,False,
Person and Vehicle search,2026-07-12T21:45:00+00:00,False,,53.837429,-1.471245,Male,25-34,,,Misuse of Drugs Act 1971 (section 23),Controlled drugs,Community resolution,True,
Person search,2026-07-12T23:22:00+00:00,False,,53.612681,-1.364378,Female,18-24,White - English/Welsh/Scottish/Northern Irish/British,,Police and Criminal Evidence Act 1984 (section 1),,A no further action disposal,True,
Person search,2026-07-13T00:25:00+00:00,False,,53.749368,-1.819190,Male,10-17,,,Police and Criminal Evidence Act 1984 (section 1),Stolen goods,A no further action disposal,True,
Person search,2026-07-13T00:34:00+00:00,False,,53.750870,-1.753990,Male,10-17,,,Police and Criminal Evidence Act 1984 (section 1),Offensive weapons,A no further action disposal,True,
Person and Vehicle search,2026-07-13T00:40:00+00:00,False,,53.760120,-1.592486,Male,25-34,,,Misuse of Drugs Act 1971 (section 23),Controlled drugs,Arrest,False,
Person search,2026-07-13T01:16:00+00:00,False,,,,Male,25-34,,,Police and Criminal Evidence Act 1984 (section 1),Article for use in theft,Summons / charged by post,True,
Vehicle search,2026-07-13T01:40:00+00:00,False,,53.786502,-1.778870,,,,,Police and Criminal Evidence Act 1984 (section 1),Article for use in theft,A no further action disposal,True,
Person and Vehicle search,2026-07-13T07:40:00+00:00,False,,53.792735,-1.772259,Male,25-34,,,Misuse of Drugs Act 1971 (section 23),Controlled drugs,Community resolution,True,
Person and Vehicle search,2026-07-13T08:10:00+00:00,False,,53.792735,-1.772259,Male,18-24,,,Misuse of Drugs Act 1971 (section 23),Controlled drugs,A no further action disposal,True,
Person search,2026-07-13T08:45:00+00:00,True,,53.681338,-1.665009,Male,25-34,Other ethnic group - Not stated,,Misuse of Drugs Act 1971 (section 23),Controlled drugs,A no further action disposal,True,
Person and Vehicle search,2026-07-13T11:25:00+00:00,False,,53.811395,-1.512456,Male,18-24,White - English/Welsh/Scottish/Northern Irish/British,,Misuse of Drugs Act 1971 (section 23),Controlled drugs,Arrest,False,
Person search,2026-07-13T11:35:00+00:00,False,,53.798043,-1.567569,Male,over 34,White - English/Welsh/Scottish/Northern Irish/British,,Police and Criminal Evidence Act 1984 (section 1),,A no further action disposal,True,
Person and Vehicle search,2026-07-13T13:30:00+00:00,False,,53.845060,-1.653947,Male,over 34,White - English/Welsh/Scottish/Northern Irish/British,,Misuse of Drugs Act 1971 (section 23),Controlled drugs,Arrest,True,
Person search,2026-07-13T13:45:00+00:00,False,,53.580527,-1.665398,Male,over 34,White - English/Welsh/Scottish/Northern Irish/British,,Misuse of Drugs Act 1971 (section 23),Controlled drugs,Arrest,True,
Person search,2026-07-13T13:52:00+00:00,False,,53.845060,-1.653947,Male,18-24,White - English/Welsh/Scottish/Northern Irish/British,,Misuse of Drugs Act 1971 (section 23),Controlled drugs,Arrest,False,
Person search,2026-07-13T14:13:00+00:00,False,,53.758000,-1.477066,Male,over 34,White - English/Welsh/Scottish/Northern Irish/British,,Police and Criminal Evidence Act 1984 (section 1),Offensive weapons,A no further action disposal,True,
Person search,2026-07-13T16:25:00+00:00,False,,53.724936,-1.715494,Male,10-17,White - English/Welsh/Scottish/Northern Irish/British,,Misuse of Drugs Act 1971 (section 23),Controlled drugs,A no further action disposal,True,
Person search,2026-07-13T16:30:00+00:00,False,,53.807477,-1.797271,Male,10-17,Other ethnic group - Arab,,Misuse of Drugs Act 1971 (section 23),Controlled drugs,A no further action disposal,True,
Person search,2026-07-13T16:30:00+00:00,False,,53.807477,-1.797271,,,,,Misuse of Drugs Act 1971 (section 23),Controlled drugs,A no further action disposal,True,
Person and Vehicle search,2026-07-13T17:00:00+00:00,False,,53.774005,-1.762640,Male,18-24,White - English/Welsh/Scottish/Northern Irish/British,,Misuse of Drugs Act 1971 (section 23),Controlled drugs,A no further action disposal,True,
Person search,2026-07-13T17:15:00+00:00,False,,53.774005,-1.762640,Male,18-24,White - English/Welsh/Scottish/Northern Irish/British,,Misuse of Drugs Act 1971 (section 23),Controlled drugs,Community resolution,True,
Person and Vehicle search,2026-07-13T17:37:00+00:00,False,,53.846990,-1.959548,Male,18-24,,,Misuse of Drugs Act 1971 (section 23),Controlled drugs,Arrest,True,
Person search,2026-07-13T17:40:00+00:00,False,,53.788072,-1.754121,Male,18-24,,,Misuse of Drugs Act 1971 (section 23),Controlled drugs,Arrest,True,
Person and Vehicle search,2026-07-13T18:16:00+00:00,False,,53.798040,-1.493329,Male,18-24,White - English/Welsh/Scottish/Northern Irish/British,,Misuse of Drugs Act 1971 (section 23),Controlled drugs,Arrest,True,
Person search,2026-07-13T18:16:00+00:00,False,,53.798040,-1.493329,Male,18-24,,,Misuse of Drugs Act 1971 (section 23),Controlled drugs,A no further action disposal,True,
Person search,2026-07-13T18:19:00+00:00,False,,53.798040,-1.493329,Male,18-24,,,Misuse of Drugs Act 1971 (section 23),Controlled drugs,A no further action disposal,True,
Vehicle search,2026-07-13T19:14:00+00:00,False,,53.790004,-1.758284,Male,over 34,,,Police and Criminal Evidence Act 1984 (section 1),Article for use in theft,A no further action disposal,True,
Person and Vehicle search,2026-07-13T19:20:00+00:00,False,,53.614474,-1.652009,Male,10-17,White - English/Welsh/Scottish/Northern Irish/British,,Misuse of Drugs Act 1971 (section 23),Controlled drugs,A no further action disposal,True,
Person search,2026-07-13T19:30:00+00:00,False,,53.614474,-1.652009,Male,18-24,,,,,,,
Vehicle search,2026-07-13T19:30:00+00:00,False,,53.790004,-1.758284,,,,,Misuse of Drugs Act 1971 (section 23),Controlled drugs,A no further action disposal,True,
Person and Vehicle search,2026-07-13T23:30:00+00:00,False,,53.817260,-1.515987,Male,18-24,,,Misuse of Drugs Act 1971 (section 23),Controlled drugs,A no further action disposal,True,
Person search,2026-07-13T23:30:00+00:00,False,,53.817260,-1.515987,Male,18-24,,,Misuse of Drugs Act 1971 (section 23),Controlled drugs,A no further action disposal,True,
Person and Vehicle search,2026-07-13T23:41:00+00:00,False,,53.669376,-1.832518,Male,18-24,White - English/Welsh/Scottish/Northern Irish/British,,Misuse of Drugs Act 1971 (section 23),Controlled drugs,Community resolution,True,
Person and Vehicle search,2026-07-14T00:21:00+00:00,False,,53.672730,-1.483435,Male,25-34,White - Irish,,Misuse of Drugs Act 1971 (section 23),Stolen goods,A no further action disposal,True,
Person search,2026-07-14T01:00:00+00:00,False,,53.724452,-1.307710,Male,25-34,White - English/Welsh/Scottish/Northern Irish/British,,Police and Criminal Evidence Act 1984 (section 1),Article for use in theft,A no further action disposal,True,
Person and Vehicle search,2026-07-14T01:55:00+00:00,False,,53.796072,-1.566815,Male,18-24,Other ethnic group - Not stated,,Misuse of Drugs Act 1971 (section 23),Controlled drugs,A no further action disposal,True,
Person and Vehicle search,2026-07-14T02:00:00+00:00,False,,53.794979,-1.534339,Male,25-34,White - Any other White background,,Misuse of Drugs Act 1971 (section 23),Controlled drugs,A no further action disposal,True,
Person search,2026-07-14T02:15:00+00:00,False,,53.731243,-1.352087,,10-17,White - English/Welsh/Scottish/Northern Irish/British,,Misuse of Drugs Act 1971 (section 23),Controlled drugs,A no further action disposal,True,
Person search,2026-07-14T02:15:00+00:00,False,,53.809158,-1.466286,Male,over 34,White - English/Welsh/Scottish/Northern Irish/British,,Police and Criminal Evidence Act 1984 (section 1),Article for use in theft,A no further action disposal,True,
Person and Vehicle search,2026-07-14T02:20:00+00:00,False,,53.809158,-1.466286,Male,over 34,White - English/Welsh/Scottish/Northern Irish/British,,Police and Criminal Evidence Act 1984 (section 1),Article for use in theft,A no further action disposal,True,
Person search,2026-07-14T02:25:00+00:00,False,,53.731243,-1.352087,Male,18-24,White - English/Welsh/Scottish/Northern Irish/British,,Misuse of Drugs Act 1971 (section 23),Controlled drugs,A no further action disposal,True,
Person and Vehicle search,2026-07-14T03:04:00+00:00,False,,53.768587,-1.763566,Female,25-34,,,Misuse of Drugs Act 1971 (section 23),Controlled drugs,Community resolution,True,
Person search,2026-07-14T03:04:00+00:00,False,,53.790196,-1.760196,Male,18-24,,,Misuse of Drugs Act 1971 (section 23),Controlled drugs,Summons / charged by post,True,
Person search,2026-07-14T03:05:00+00:00,False,,53.790196,-1.760196,Male,over 34,,,,,,,
Person search,2026-07-14T03:08:00+00:00,False,,53.790196,-1.760196,Male,25-34,White - English/Welsh/Scottish/Northern Irish/British,,Misuse of Drugs Act 1971 (section 23),Controlled drugs,A no further action disposal,True,
Person search,2026-07-14T03:10:00+00:00,False,,53.774506,-1.761499,Female,25-34,,,Misuse of Drugs Act 1971 (section 23),Controlled drugs,Community resolution,True,
Person search,2026-07-14T03:14:00+00:00,False,,53.791430,-1.752341,Female,25-34,,,Misuse of Drugs Act 1971 (section 23),Controlled drugs,Community resolution,True,
Person search,2026-07-14T06:00:00+00:00,True,,53.782680,-1.549819,Female,over 34,White - English/Welsh/Scottish/Northern Irish/British,,Misuse of Drugs Act 1971 (section 23),Controlled drugs,Summons / charged by post,True,
Person and Vehicle search,2026-07-14T08:30:00+00:00,False,,53.790765,-1.615701,Male,over 34,,,Misuse of Drugs Act 1971 (section 23),Controlled drugs,A no further action disposal,True,
Person and Vehicle search,2026-07-14T09:00:00+00:00,False,,,,Male,25-34,White - English/Welsh/Scottish/Northern Irish/British,,Misuse of Drugs Act 1971 (section 23),Controlled drugs,A no further action disposal,True,
Person search,2026-07-14T11:50:00+00:00,False,,53.700120,-1.785033,Male,18-24,White - English/Welsh/Scottish/Northern Irish/British,,Misuse of Drugs Act 1971 (section 23),Controlled drugs,Arrest,True,
Person search,2026-07-14T12:00:00+00:00,False,,53.681423,-1.503011,Male,over 34,White - English/Welsh/Scottish/Northern Irish/British,,Misuse of Drugs Act 1971 (section 23),Controlled drugs,A no further action disposal,True,
Person search,2026-07-14T15:09:00+00:00,True,,,,,,,,Police and Criminal Evidence Act 1984 (section 1),Stolen goods,A no further action disposal,True,
Person and Vehicle search,2026-07-14T15:30:00+00:00,False,,53.689244,-1.479993,Male,25-34,White - English/Welsh/Scottish/Northern Irish/British,,Misuse of Drugs Act 1971 (section 23),Controlled drugs,Arrest,True,
Person and Vehicle search,2026-07-14T15:45:00+00:00,False,,53.689244,-1.479993,Male,25-34,,,Misuse of Drugs Act 1971 (section 23),Controlled drugs,A no further action disposal,True,
Person and Vehicle search,2026-07-14T16:00:00+00:00,False,,,,Male,18-24,,,Misuse of Drugs Act 1971 (section 23),Controlled drugs,A no further action disposal,True,
Person and Vehicle search,2026-07-14T16:21:00+00:00,False,,53.811522,-1.803280,Male,25-34,,,Police and Criminal Evidence Act 1984 (section 1),Stolen goods,A no further action disposal,True,
Person search,2026-07-14T16:35:00+00:00,False,,53.680293,-1.492865,,,,,Misuse of Drugs Act 1971 (section 23),Controlled drugs,A no further action disposal,True,
Person and Vehicle search,2026-07-14T16:35:00+00:00,False,,53.680293,-1.492865,Male,over 34,,,Misuse of Drugs Act 1971 (section 23),Controlled drugs,A no further action disposal,True,
Person search,2026-07-14T17:00:00+00:00,False,,53.725551,-1.860591,Male,18-24,White - English/Welsh/Scottish/Northern Irish/British,,Police and Criminal Evidence Act 1984 (section 1),,A no further action disposal,True,
Person search,2026-07-14T17:03:00+00:00,False,,53.726362,-1.854677,,,Other ethnic group - Not stated,,Police and Criminal Evidence Act 1984 (section 1),Offensive weapons,A no further action disposal,True,
Person search,2026-07-14T17:45:00+00:00,False,,53.711716,-1.428809,,18-24,White - English/Welsh/Scottish/Northern Irish/British,,Misuse of Drugs Act 1971 (section 23),Controlled drugs,A no further action disposal,True,
Person search,2026-07-14T17:45:00+00:00,False,,53.711716,-1.428809,Male,18-24,White - English/Welsh/Scottish/Northern Irish/British,,Misuse of Drugs Act 1971 (section 23),Controlled drugs,A no further action disposal,True,
Person and Vehicle search,2026-07-14T17:45:00+00:00,False,,53.711716,-1.428809,Male,18-24,White - English/Welsh/Scottish/Northern Irish/British,,Misuse of Drugs Act 1971 (section 23),Controlled drugs,A no further action disposal,False,
Person and Vehicle search,2026-07-14T18:04:00+00:00,False,,53.817712,-1.599659,Male,18-24,White - English/Welsh/Scottish/Northern Irish/British,,Police and Criminal Evidence Act 1984 (section 1),Article for use in theft,A no further action disposal,True,
Person search,2026-07-14T18:15:00+00:00,False,,53.721267,-1.880245,Male,18-24,White - English/Welsh/Scottish/Northern Irish/British,,Police and Criminal Evidence Act 1984 (section 1),Article for use in theft,A no further action disposal,True,
Person search,2026-07-14T19:30:00+00:00,False,,53.824856,-1.735631,Male,10-17,White - English/Welsh/Scottish/Northern Irish/British,,Misuse of Drugs Act 1971 (section 23),Controlled drugs,A no further action disposal,True,
Person search,2026-07-14T19:35:00+00:00,False,,53.824856,-1.735631,Male,10-17,White - English/Welsh/Scottish/Northern Irish/British,,Misuse of Drugs Act 1971 (section 23),Controlled drugs,A no further action disposal,True,
Person and Vehicle search,2026-07-14T21:30:00+00:00,False,,53.802616,-1.759062,Male,18-24,,,Misuse of Drugs Act 1971 (section 23),Controlled drugs,Summons / charged by post,False,
Person and Vehicle search,2026-07-14T22:15:00+00:00,False,,53.613754,-1.903963,Male,10-17,White - English/Welsh/Scottish/Northern Irish/British,,Police and Criminal Evidence Act 1984 (section 1),Article for use in theft,A no further action disposal,True,
Person and Vehicle search,2026-07-14T22:15:00+00:00,False,,53.613754,-1.903963,Male,18-24,White - English/Welsh/Scottish/Northern Irish/British,,Police and Criminal Evidence Act 1984 (section 1),Article for use in theft,A no further action disposal,True,
Person and Vehicle search,2026-07-14T23:00:00+00:00,False,,53.802940,-1.500103,Male,over 34,White - Any other White background,,Misuse of Drugs Act 1971 (section 23),,A no further action disposal,True,
Person search,2026-07-14T23:00:00+00:00,False,,53.731201,-1.752361,Male,18-24,White - Irish,,Police and Criminal Evidence Act 1984 (section 1),Article for use in theft,Arrest,True,
Person search,2026-07-14T23:00:00+00:00,False,,53.809607,-1.510517,Male,over 34,White - Any other White background,,Misuse of Drugs Act 1971 (section 23),Controlled drugs,A no further action disposal,True,
Person search,2026-07-14T23:15:00+00:00,False,,53.802271,-1.499154,Male,25-34,,,Police and Criminal Evidence Act 1984 (section 1),Article for use in theft,A no further action disposal,True,
Person search,2026-07-14T23:30:00+00:00,False,,53.823556,-1.724686,Male,over 34,White - English/Welsh/Scottish/Northern Irish/British,,Misuse of Drugs Act 1971 (section 23),Controlled drugs,A no further action disposal,True,
Person and Vehicle search,2026-07-14T23:30:00+00:00,False,,53.815775,-1.517645,Male,25-34,,,Misuse of Drugs Act 1971 (section 23),Controlled drugs,Arrest,False,
Person search,2026-07-14T23:34:00+00:00,False,,53.817260,-1.515987,Male,25-34,,,Misuse of Drugs Act 1971 (section 23),Controlled drugs,A no further action disposal,True,
Person search,2026-07-14T23:50:00+00:00,False,,53.772520,-1.708558,Male,18-24,White - Any other White background,,Police and Criminal Evidence Act 1984 (section 1),Article for use in theft,Arrest,False,
Person search,2026-07-15T00:10:00+00:00,False,,53.809374,-1.729153,Male,18-24,White - Any other White background,,Police and Criminal Evidence Act 1984 (section 1),Article for use in theft,A no further action disposal,True,
Person search,2026-07-15T00:15:00+00:00,False,,53.830773,-1.713274,Male,over 34,,,Police and Criminal Evidence Act 1984 (section 1),Offensive weapons,Arrest,True,
Vehicle search,2026-07-15T00:15:00+00:00,False,,53.811921,-1.726919,,,,,Police and Criminal Evidence Act 1984 (section 1),Offensive weapons,Arrest,False,
Person and Vehicle search,2026-07-15T00:15:00+00:00,False,,53.830773,-1.713274,Male,25-34,,,Police and Criminal Evidence Act 1984 (section 1),Articles for use in criminal damage,Arrest,True,
Person search,2026-07-15T00:15:00+00:00,False,,53.763605,-1.702036,Male,25-34,White - English/Welsh/Scottish/Northern Irish/British,,Misuse of Drugs Act 1971 (section 23),Controlled drugs,Arrest,True,
Vehicle search,2026-07-15T00:25:00+00:00,False,,53.763605,-1.702036,,,,,Misuse of Drugs Act 1971 (section 23),Controlled drugs,Arrest,True,
Person search,2026-07-15T00:30:00+00:00,False,,53.764342,-1.701803,Female,over 34,White - English/Welsh/Scottish/Northern Irish/British,,Misuse of Drugs Act 1971 (section 23),Controlled drugs,Arrest,True,
Person search,2026-07-15T00:55:00+00:00,False,,53.720744,-1.861577,Male,18-24,White - English/Welsh/Scottish/Northern Irish/British,,Police and Criminal Evidence Act 1984 (section 1),Article for use in theft,Community resolution,True,
Person search,2026-07-15T01:30:00+00:00,False,,53.751836,-1.689926,Male,18-24,White - English/Welsh/Scottish/Northern Irish/British,,Police and Criminal Evidence Act 1984 (section 1),Stolen goods,A no further action disposal,True,
Person search,2026-07-15T01:30:00+00:00,False,,53.751836,-1.689926,Male,18-24,White - English/Welsh/Scottish/Northern Irish/British,,Police and Criminal Evidence Act 1984 (section 1),Article for use in theft,A no further action disposal,True,
Person and Vehicle search,2026-07-15T01:50:00+00:00,False,,53.774940,-1.802237,Male,18-24,,,Misuse of Drugs Act 1971 (section 23),Controlled drugs,A no further action disposal,True,
Person and Vehicle search,2026-07-15T01:55:00+00:00,False,,53.780437,-1.784927,Male,18-24,,,Misuse of Drugs Act 1971 (section 23),Controlled drugs,Community resolution,True,
Person search,2026-07-15T08:48:00+00:00,False,,53.802863,-1.541525,Male,25-34,,,Police and Criminal Evidence Act 1984 (section 1),Stolen goods,Arrest,True,
Person search,2026-07-15T08:55:00+00:00,False,,53.680293,-1.492865,Male,over 34,,,Misuse of Drugs Act 1971 (section 23),Controlled drugs,A no further action disposal,True,
Person search,2026-07-15T09:15:00+00:00,False,,53.670273,-1.482799,Male,over 34,White - English/Welsh/Scottish/Northern Irish/British,,Misuse of Drugs Act 1971 (section 23),Controlled drugs,Summons / charged by post,False,
Person search,2026-07-15T09:55:00+00:00,False,,53.643761,-1.785590,Male,over 34,White - English/Welsh/Scottish/Northern Irish/British,,Misuse of Drugs Act 1971 (section 23),Controlled drugs,A no further action disposal,True,
Person search,2026-07-15T10:00:00+00:00,False,,53.642489,-1.785311,Female,over 34,White - English/Welsh/Scottish/Northern Irish/British,,Misuse of Drugs Act 1971 (section 23),Controlled drugs,A no further action disposal,True,
Person search,2026-07-15T10:00:00+00:00,False,,53.642489,-1.785311,Female,25-34,Asian/Asian British - Any other Asian background,,Misuse of Drugs Act 1971 (section 23),Controlled drugs,A no further action disposal,True,
Person and Vehicle search,2026-07-15T10:36:00+00:00,False,,53.679900,-1.802546,Male,25-34,,,Misuse of Drugs Act 1971 (section 23),Controlled drugs,Arrest,True,
Person search,2026-07-15T11:30:00+00:00,False,,53.646628,-1.783005,Female,over 34,White - English/Welsh/Scottish/Northern Irish/British,,Police and Criminal Evidence Act 1984 (section 1),Stolen goods,Community resolution,True,
Person and Vehicle search,2026-07-15T11:30:00+00:00,False,,53.668491,-1.503481,Male,over 34,White - English/Welsh/Scottish/Northern Irish/British,,Misuse of Drugs Act 1971 (section 23),Controlled drugs,Arrest,True,
Person and Vehicle search,2026-07-15T11:30:00+00:00,False,,53.819936,-1.577111,Male,18-24,Asian/Asian British - Any other Asian background,,Misuse of Drugs Act 1971 (section 23),Controlled drugs,Arrest,True,
Person search,2026-07-15T11:35:00+00:00,False,,53.646628,-1.783005,Female,over 34,White - English/Welsh/Scottish/Northern Irish/British,,Police and Criminal Evidence Act 1984 (section 1),Stolen goods,A no further action disposal,True,
Person search,2026-07-15T11:40:00+00:00,False,,53.819677,-1.570050,Female,18-24,,,Misuse of Drugs Act 1971 (section 23),Controlled drugs,Community resolution,True,
Person and Vehicle search,2026-07-15T13:48:00+00:00,False,,53.725110,-1.876445,Male,18-24,Other ethnic group - Not stated,,Misuse of Drugs Act 1971 (section 23),Controlled drugs,A no further action disposal,True,
Person and Vehicle search,2026-07-15T14:00:00+00:00,True,,53.722692,-1.867663,Male,25-34,,,Misuse of Drugs Act 1971 (section 23),Controlled drugs,A no further action disposal,True,
Person search,2026-07-15T15:50:00+00:00,False,,53.732393,-1.773409,Male,over 34,White - English/Welsh/Scottish/Northern Irish/British,,Misuse of Drugs Act 1971 (section 23),Controlled drugs,A no further action disposal,True,
Person and Vehicle search,2026-07-15T17:46:00+00:00,False,,53.819936,-1.577111,Male,18-24,,,Misuse of Drugs Act 1971 (section 23),Controlled drugs,Arrest,True,
Person search,2026-07-15T18:00:00+00:00,False,,53.819936,-1.577111,Male,18-24,,,Misuse of Drugs Act 1971 (section 23),Controlled drugs,Arrest,True,
Person and Vehicle search,2026-07-15T19:15:00+00:00,False,,53.794549,-1.756771,Male,over 34,,,Misuse of Drugs Act 1971 (section 23),Controlled drugs,A no further action disposal,True,
Person search,2026-07-15T19:15:00+00:00,False,,53.794549,-1.756771,Male,25-34,White - English/Welsh/Scottish/Northern Irish/British,,Misuse of Drugs Act 1971 (section 23),Controlled drugs,A no further action disposal,True,
Person search,2026-07-15T19:30:00+00:00,False,,53.796890,-1.758882,,,Black/African/Caribbean/Black British - Any other Black/African/Caribbean background,,Misuse of Drugs Act 1971 (section 23),Controlled drugs,A no further action disposal,True,
Person and Vehicle search,2026-07-15T23:10:00+00:00,False,,53.774627,-1.803711,,,,,Misuse of Drugs Act 1971 (section 23),Controlled drugs,A no further action disposal,True,
Person and Vehicle search,2026-07-15T23:25:00+00:00,False,,53.902308,-1.767606,Male,25-34,,,Misuse of Drugs Act 1971 (section 23),Controlled drugs,Arrest,True,
Person and Vehicle search,2026-07-15T23:29:00+00:00,False,,53.918617,-1.800449,Female,18-24,,,Misuse of Drugs Act 1971 (section 23),Controlled drugs,Community resolution,True,
Person search,2026-07-15T23:44:00+00:00,False,,53.642268,-1.768129,Male,25-34,White - English/Welsh/Scottish/Northern Irish/British,,Police and Criminal Evidence Act 1984 (section 1),Offensive weapons,A no further action disposal,True,
Person and Vehicle search,2026-07-15T23:50:00+00:00,False,,53.792767,-1.769486,Male,18-24,,,Misuse of Drugs Act 1971 (section 23),Controlled drugs,Community resolution,True,
Person search,2026-07-15T23:55:00+00:00,False,,53.771866,-1.762637,Male,18-24,,,Misuse of Drugs Act 1971 (section 23),Controlled drugs,Community resolution,True,
Person search,2026-07-16T00:00:00+00:00,False,,53.771866,-1.762637,,,White - English/Welsh/Scottish/Northern Irish/British,,Misuse of Drugs Act 1971 (section 23),Controlled drugs,A no further action disposal,True,
Person and Vehicle search,2026-07-16T00:20:00+00:00,False,,53.792767,-1.769486,Female,18-24,Other ethnic group - Arab,,Misuse of Drugs Act 1971 (section 23),Controlled drugs,A no further action disposal,True,
Person and Vehicle search,2026-07-16T00:45:00+00:00,False,,53.774627,-1.803711,Male,,,,Misuse of Drugs Act 1971 (section 23),Controlled drugs,A no further action disposal,True,
Vehicle search,2026-07-16T00:55:00+00:00,False,,53.792767,-1.769486,,,,,Misuse of Drugs Act 1971 (section 23),Controlled drugs,A no further action disposal,True,
Person search,2026-07-16T00:58:00+00:00,False,,53.774940,-1.802237,Male,18-24,,,Misuse of Drugs Act 1971 (section 23),Controlled drugs,A no further action disposal,True,
Person and Vehicle search,2026-07-16T00:58:00+00:00,False,,53.790319,-1.762973,Male,18-24,,,Misuse of Drugs Act 1971 (section 23),Controlled drugs,A no further action disposal,True,
Person search,2026-07-16T01:15:00+00:00,False,,53.808572,-1.507948,Male,over 34,,,Misuse of Drugs Act 1971 (section 23),Controlled drugs,Arrest,True,
Person and Vehicle search,2026-07-16T01:17:00+00:00,False,,53.790319,-1.762973,Male,over 34,,,Misuse of Drugs Act 1971 (section 23),Controlled drugs,A no further action disposal,True,
Person and Vehicle search,2026-07-16T01:19:00+00:00,False,,53.774627,-1.803711,Male,25-34,,,Misuse of Drugs Act 1971 (section 23),Controlled drugs,Community resolution,False,
Vehicle search,2026-07-16T01:20:00+00:00,False,,53.774940,-1.802237,,,,,Misuse of Drugs Act 1971 (section 23),Controlled drugs,A no further action disposal,True,
Person search,2026-07-16T01:25:00+00:00,False,,53.780173,-1.798131,Male,25-34,,,Police and Criminal Evidence Act 1984 (section 1),Article for use in theft,A no further action disposal,True,
Person and Vehicle search,2026-07-16T01:30:00+00:00,False,,53.780173,-1.798131,Male,18-24,,,Police and Criminal Evidence Act 1984 (section 1),Article for use in theft,A no further action disposal,True,
Person and Vehicle search,2026-07-16T01:35:00+00:00,False,,53.831451,-1.734496,Male,over 34,White - English/Welsh/Scottish/Northern Irish/British,,Police and Criminal Evidence Act 1984 (section 1),Article for use in theft,A no further action disposal,True,
Person search,2026-07-16T01:39:00+00:00,False,,53.782296,-1.760286,Male,25-34,White - English/Welsh/Scottish/Northern Irish/British,,Police and Criminal Evidence Act 1984 (section 1),,A no further action disposal,True,
Person and Vehicle search,2026-07-16T01:45:00+00:00,False,,53.851629,-1.841415,Male,25-34,,,Misuse of Drugs Act 1971 (section 23),Controlled drugs,Arrest,True,
Vehicle search,2026-07-16T02:00:00+00:00,False,,53.774627,-1.803711,,,,,Misuse of Drugs Act 1971 (section 23),Controlled drugs,A no further action disposal,True,
Person and Vehicle search,2026-07-16T02:00:00+00:00,False,,53.774627,-1.803711,Male,18-24,White - English/Welsh/Scottish/Northern Irish/British,,Misuse of Drugs Act 1971 (section 23),Controlled drugs,Arrest,True,
Person search,2026-07-16T02:05:00+00:00,False,,53.774940,-1.802237,Male,25-34,White - English/Welsh/Scottish/Northern Irish/British,,Misuse of Drugs Act 1971 (section 23),Controlled drugs,Community resolution,True,
Person and Vehicle search,2026-07-16T03:50:00+00:00,False,,53.790972,-1.761594,Female,18-24,,,Misuse of Drugs Act 1971 (section 23),Controlled drugs,Summons / charged by post,True,
Person and Vehicle search,2026-07-16T07:29:00+00:00,False,,53.804558,-1.564632,Male,18-24,,,Firearms Act 1968 (section 47),Firearms,A no further action disposal,True,
Person search,2026-07-16T08:35:00+00:00,False,,53.804558,-1.564632,Male,10-17,Black/African/Caribbean/Black British - Any other Black/African/Caribbean background,,Police and Criminal Evidence Act 1984 (section 1),Article for use in theft,A no further action disposal,True,
Person search,2026-07-16T08:45:00+00:00,False,,53.804558,-1.564632,Male,10-17,,,Police and Criminal Evidence Act 1984 (section 1),Article for use in theft,A no further action disposal,True,
Person search,2026-07-16T11:30:00+00:00,False,,53.686649,-1.501799,Male,over 34,,,Misuse of Drugs Act 1971 (section 23),Controlled drugs,A no further action disposal,True,
Person search,2026-07-16T11:50:00+00:00,False,,,,Male,10-17,White - English/Welsh/Scottish/Northern Irish/British,,Misuse of Drugs Act 1971 (section 23),Controlled drugs,Summons / charged by post,True,
Person search,2026-07-16T13:12:00+00:00,False,,53.800733,-1.551053,Male,over 34,White - English/Welsh/Scottish/Northern Irish/British,,Police and Criminal Evidence Act 1984 (section 1),Stolen goods,Arrest,True,
Person search,2026-07-16T13:30:00+00:00,True,,53.786908,-1.743458,Male,25-34,,,Misuse of Drugs Act 1971 (section 23),Controlled drugs,A no further action disposal,True,
Person and Vehicle search,2026-07-16T13:30:00+00:00,False,,53.668491,-1.503481,Male,18-24,White - English/Welsh/Scottish/Northern Irish/British,,Misuse of Drugs Act 1971 (section 23),Controlled drugs,A no further action disposal,True,
Person search,2026-07-16T13:30:00+00:00,True,,,,Male,18-24,,,Misuse of Drugs Act 1971 (section 23),Controlled drugs,A no further action disposal,True,
Person search,2026-07-16T13:30:00+00:00,False,,53.678756,-1.499121,Male,25-34,,,Misuse of Drugs Act 1971 (section 23),Controlled drugs,A no further action disposal,True,
Person and Vehicle search,2026-07-16T17:30:00+00:00,False,,53.806424,-1.762351,Male,18-24,,,Misuse of Drugs Act 1971 (section 23),Controlled drugs,Community resolution,True,
Person search,2026-07-16T19:45:00+00:00,False,,53.639516,-1.786430,Male,over 34,White - English/Welsh/Scottish/Northern Irish/British,,Police and Criminal Evidence Act 1984 (section 1),Article for use in theft,Arrest,True,
Person search,2026-07-16T20:10:00+00:00,False,,53.670168,-1.763708,Male,10-17,,,Police and Criminal Evidence Act 1984 (section 1),Offensive weapons,A no further action disposal,True,
Person search,2026-07-16T20:30:00+00:00,False,,,,,,White - English/Welsh/Scottish/Northern Irish/British,,Police and Criminal Evidence Act 1984 (section 1),Stolen goods,A no further action disposal,True,
Person search,2026-07-16T20:35:00+00:00,False,,53.688724,-1.322015,,,White - English/Welsh/Scottish/Northern Irish/British,,Police and Criminal Evidence Act 1984 (section 1),Stolen goods,A no further action disposal,True,
Person search,2026-07-16T21:30:00+00:00,False,,,,Male,18-24,,,Police and Criminal Evidence Act 1984 (section 1),Offensive weapons,A no further action disposal,True,
Person search,2026-07-16T21:35:00+00:00,False,,53.782391,-1.709491,,,,,Police and Criminal Evidence Act 1984 (section 1),Offensive weapons,A no further action disposal,True,
Person search,2026-07-16T21:40:00+00:00,False,,53.707470,-1.672649,,,,,Police and Criminal Evidence Act 1984 (section 1),,A no further action disposal,True,
Person search,2026-07-16T21:40:00+00:00,False,,53.707470,-1.672649,Male,10-17,,,Police and Criminal Evidence Act 1984 (section 1),,A no further action disposal,True,
Person search,2026-07-16T21:40:00+00:00,False,,53.707470,-1.672649,Male,10-17,,,Police and Criminal Evidence Act 1984 (section 1),,A no further action disposal,True,
Person search,2026-07-16T21:40:00+00:00,False,,53.707470,-1.672649,Male,10-17,,,Police and Criminal Evidence Act 1984 (section 1),,A no further action disposal,True,
Person search,2026-07-16T21:48:00+00:00,False,,53.782391,-1.709491,Male,18-24,,,Police and Criminal Evidence Act 1984 (section 1),,A no further action disposal,True,
Person and Vehicle search,2026-07-16T22:05:00+00:00,False,,53.705020,-1.329081,Male,25-34,Asian/Asian British - Any other Asian background,,Misuse of Drugs Act 1971 (section 23),Controlled drugs,A no further action disposal,True,
Person and Vehicle search,2026-07-16T22:45:00+00:00,False,,53.787373,-1.725864,Female,18-24,White - English/Welsh/Scottish/Northern Irish/British,,Misuse of Drugs Act 1971 (section 23),Controlled drugs,A no further action disposal,True,
Person search,2026-07-16T22:45:00+00:00,False,,53.787373,-1.725864,Female,25-34,White - English/Welsh/Scottish/Northern Irish/British,,Misuse of Drugs Act 1971 (section 23),Controlled drugs,Community resolution,True,
Person search,2026-07-16T22:45:00+00:00,False,,53.799585,-1.792086,Male,18-24,,,Misuse of Drugs Act 1971 (section 23),Controlled drugs,Community resolution,True,
Person and Vehicle search,2026-07-16T22:48:00+00:00,False,,53.799585,-1.792086,Male,18-24,,,Misuse of Drugs Act 1971 (section 23),Controlled drugs,Community resolution,True,
Person and Vehicle search,2026-07-16T23:05:00+00:00,False,,53.688037,-1.299419,Male,18-24,,,Misuse of Drugs Act 1971 (section 23),Controlled drugs,A no further action disposal,True,
Person and Vehicle search,2026-07-16T23:20:00+00:00,False,,53.776990,-1.787099,,,Other ethnic group - Not stated,,Misuse of Drugs Act 1971 (section 23),Controlled drugs,Community resolution,True,
Person search,2026-07-16T23:24:00+00:00,False,,53.774981,-1.760814,,,Black/African/Caribbean/Black British - Any other Black/African/Caribbean background,,Misuse of Drugs Act 1971 (section 23),Controlled drugs,A no further action disposal,True,
Person search,2026-07-16T23:30:00+00:00,False,,53.776990,-1.787099,Male,18-24,,,Misuse of Drugs Act 1971 (section 23),Controlled drugs,Community resolution,True,
Person and Vehicle search,2026-07-17T00:10:00+00:00,False,,53.753885,-1.769593,Male,over 34,White - English/Welsh/Scottish/Northern Irish/British,,Misuse of Drugs Act 1971 (section 23),Controlled drugs,A no further action disposal,True,
Person and Vehicle search,2026-07-17T00:15:00+00:00,False,,53.670856,-1.780717,Male,over 34,,,Misuse of Drugs Act 1971 (section 23),Controlled drugs,A no further action disposal,True,
Person search,2026-07-17T00:15:00+00:00,False,,53.754976,-1.775714,Male,18-24,White - English/Welsh/Scottish/Northern Irish/British,,Misuse of Drugs Act 1971 (section 23),Controlled drugs,A no further action disposal,True,
Person and Vehicle search,2026-07-17T00:50:00+00:00,False,,53.774627,-1.803711,Male,18-24,,,Misuse of Drugs Act 1971 (section 23),Controlled drugs,Summons / charged by post,True,
Person and Vehicle search,2026-07-17T01:04:00+00:00,False,,53.774627,-1.803711,Male,18-24,,,Misuse of Drugs Act 1971 (section 23),Controlled drugs,A no further action disposal,True,
Person search,2026-07-17T01:10:00+00:00,False,,53.774940,-1.802237,Male,18-24,,,Misuse of Drugs Act 1971 (section 23),Controlled drugs,A no further action disposal,True,
Person and Vehicle search,2026-07-17T01:20:00+00:00,False,,53.658305,-1.788907,Male,18-24,,,Firearms Act 1968 (section 47),Firearms,A no further action disposal,True,
Person and Vehicle search,2026-07-17T01:20:00+00:00,False,,53.658305,-1.788907,Male,18-24,,,Firearms Act 1968 (section 47),Firearms,A no further action disposal,True,
Person and Vehicle search,2026-07-17T01:30:00+00:00,False,,53.658305,-1.788907,Male,18-24,,,Firearms Act 1968 (section 47),Firearms,A no further action disposal,True,
Person and Vehicle search,2026-07-17T01:30:00+00:00,False,,53.809381,-1.492798,Male,18-24,White - English/Welsh/Scottish/Northern Irish/British,,Misuse of Drugs Act 1971 (section 23),Controlled drugs,Community resolution,True,
Person search,2026-07-17T02:00:00+00:00,False,,53.843564,-1.802842,Male,25-34,White - Irish,,Misuse of Drugs Act 1971 (section 23),Controlled drugs,A no further action disposal,True,
Person and Vehicle search,2026-07-17T02:50:00+00:00,False,,53.798438,-1.590475,Male,18-24,,,Police and Criminal Evidence Act 1984 (section 1),Articles for use in criminal damage,Arrest,True,
Person and Vehicle search,2026-07-17T02:50:00+00:00,False,,53.801066,-1.602125,Male,over 34,White - English/Welsh/Scottish/Northern Irish/British,,Police and Criminal Evidence Act 1984 (section 1),Offensive weapons,Arrest,True,
Person and Vehicle search,2026-07-17T03:17:00+00:00,False,,53.802280,-1.488602,Male,over 34,White - English/Welsh/Scottish/Northern Irish/British,,Misuse of Drugs Act 1971 (section 23),Controlled drugs,A no further action disposal,True,
Person search,2026-07-17T04:00:00+00:00,False,,53.774627,-1.803711,Male,over 34,Other ethnic group - Arab,,Misuse of Drugs Act 1971 (section 23),Controlled drugs,Community resolution,False,
Person search,2026-07-17T04:15:00+00:00,False,,53.790319,-1.762973,Male,over 34,,,Misuse of Drugs Act 1971 (section 23),Controlled drugs,Community resolution,True,
Person and Vehicle search,2026-07-17T04:20:00+00:00,False,,53.790158,-1.853501,Male,25-34,,,Misuse of Drugs Act 1971 (section 23),Controlled drugs,Community resolution,True,
Vehicle search,2026-07-17T04:30:00+00:00,False,,53.769721,-1.746461,,,,,Police and Criminal Evidence Act 1984 (section 1),Stolen goods,Arrest,True,
Person search,2026-07-17T04:30:00+00:00,False,,53.769721,-1.746461,Male,25-34,White - English/Welsh/Scottish/Northern Irish/British,,Police and Criminal Evidence Act 1984 (section 1),Article for use in theft,Arrest,True,
Person and Vehicle search,2026-07-17T06:40:00+00:00,False,,53.749450,-1.919349,Male,over 34,White - English/Welsh/Scottish/Northern Irish/British,,Police and Criminal Evidence Act 1984 (section 1),Article for use in theft,A no further action disposal,True,
Person search,2026-07-17T06:43:00+00:00,False,,53.749450,-1.919349,Male,over 34,White - English/Welsh/Scottish/Northern Irish/British,,Police and Criminal Evidence Act 1984 (section 1),Article for use in theft,Summons / charged by post,False,
Person search,2026-07-17T08:45:00+00:00,False,,53.796033,-1.541964,Male,25-34,White - English/Welsh/Scottish/Northern Irish/British,,Police and Criminal Evidence Act 1984 (section 1),Offensive weapons,A no further action disposal,True,
Person search,2026-07-17T09:40:00+00:00,False,,53.644390,-1.783138,Male,over 34,White - English/Welsh/Scottish/Northern Irish/British,,Police and Criminal Evidence Act 1984 (section 1),Stolen goods,A no further action disposal,True,
Person and Vehicle search,2026-07-17T11:10:00+00:00,False,,53.815309,-1.536240,Male,over 34,,,Misuse of Drugs Act 1971 (section 23),Controlled drugs,A no further action disposal,True,
Person search,2026-07-17T13:01:00+00:00,False,,53.794891,-1.752548,Male,over 34,,,Misuse of Drugs Act 1971 (section 23),Controlled drugs,A no further action disposal,True,
Person search,2026-07-17T14:47:00+00:00,False,,53.720585,-1.863835,Male,over 34,White - English/Welsh/Scottish/Northern Irish/British,,Misuse of Drugs Act 1971 (section 23),Controlled drugs,A no further action disposal,True,
Person search,2026-07-17T15:45:00+00:00,False,,53.797581,-1.544831,,10-17,Other ethnic group - Not stated,,Police and Criminal Evidence Act 1984 (section 1),Offensive weapons,A no further action disposal,True,
Person search,2026-07-17T16:20:00+00:00,False,,53.785451,-1.529558,Male,over 34,White - English/Welsh/Scottish/Northern Irish/British,,Misuse of Drugs Act 1971 (section 23),Controlled drugs,Community resolution,True,
Person search,2026-07-17T16:22:00+00:00,False,,53.785451,-1.529558,Male,over 34,White - English/Welsh/Scottish/Northern Irish/British,,Misuse of Drugs Act 1971 (section 23),Controlled drugs,A no further action disposal,True,
Person and Vehicle search,2026-07-17T17:00:00+00:00,False,,52.471827,-1.546715,Male,over 34,White - English/Welsh/Scottish/Northern Irish/British,,Misuse of Drugs Act 1971 (section 23),Controlled drugs,Arrest,True,
Person and Vehicle search,2026-07-17T17:00:00+00:00,False,,53.722318,-1.862238,Male,over 34,White - English/Welsh/Scottish/Northern Irish/British,,Misuse of Drugs Act 1971 (section 23),Controlled drugs,A no further action disposal,True,
Person and Vehicle search,2026-07-17T17:05:00+00:00,True,,53.722875,-1.862570,Male,25-34,,,Misuse of Drugs Act 1971 (section 23),Controlled drugs,Arrest,True,
Person search,2026-07-17T17:15:00+00:00,False,,53.854191,-1.686419,Male,10-17,White - English/Welsh/Scottish/Northern Irish/British,,Police and Criminal Evidence Act 1984 (section 1),Article for use in theft,A no further action disposal,True,
Person search,2026-07-17T17:15:00+00:00,False,,53.854191,-1.686419,Male,10-17,White - English/Welsh/Scottish/Northern Irish/British,,Police and Criminal Evidence Act 1984 (section 1),Article for use in theft,A no further action disposal,True,
Person search,2026-07-17T17:25:00+00:00,False,,53.776104,-1.756103,Male,10-17,White - English/Welsh/Scottish/Northern Irish/British,,Police and Criminal Evidence Act 1984 (section 1),,Caution (simple or conditional),True,
Person and Vehicle search,2026-07-17T17:40:00+00:00,False,,53.810009,-1.565836,Male,over 34,Other ethnic group - Not stated,,Misuse of Drugs Act 1971 (section 23),Controlled drugs,A no further action disposal,True,
Vehicle search,2026-07-17T17:55:00+00:00,False,,53.641633,-1.523157,,,,,Misuse of Drugs Act 1971 (section 23),Controlled drugs,A no further action disposal,True,
Person search,2026-07-17T18:50:00+00:00,False,,53.722850,-1.881271,Male,18-24,,,Misuse of Drugs Act 1971 (section 23),Controlled drugs,A no further action disposal,True,
Person and Vehicle search,2026-07-17T20:10:00+00:00,False,,53.711582,-1.371661,Male,25-34,White - English/Welsh/Scottish/Northern Irish/British,,Misuse of Drugs Act 1971 (section 23),Controlled drugs,A no further action disposal,True,
Person search,2026-07-17T20:30:00+00:00,False,,53.781746,-1.562091,Female,25-34,White - English/Welsh/Scottish/Northern Irish/British,,Misuse of Drugs Act 1971 (section 23),Controlled drugs,Community resolution,True,
Person and Vehicle search,2026-07-17T20:31:00+00:00,False,,53.781746,-1.562091,Male,25-34,White - English/Welsh/Scottish/Northern Irish/British,,Misuse of Drugs Act 1971 (section 23),Controlled drugs,Community resolution,True,
Person search,2026-07-17T21:15:00+00:00,False,,53.785915,-1.758642,Female,25-34,White - English/Welsh/Scottish/Northern Irish/British,,Misuse of Drugs Act 1971 (section 23),Controlled drugs,A no further action disposal,True,
Person search,2026-07-17T21:20:00+00:00,False,,53.790345,-1.758267,Male,over 34,White - English/Welsh/Scottish/Northern Irish/British,,Misuse of Drugs Act 1971 (section 23),Controlled drugs,A no further action disposal,True,
Person search,2026-07-17T21:20:00+00:00,False,,53.778724,-1.767636,Female,over 34,White - English/Welsh/Scottish/Northern Irish/British,,Misuse of Drugs Act 1971 (section 23),Controlled drugs,A no further action disposal,True,
Person and Vehicle search,2026-07-17T21:25:00+00:00,False,,53.795735,-1.615762,Male,18-24,White - English/Welsh/Scottish/Northern Irish/British,,Police and Criminal Evidence Act 1984 (section 1),Article for use in theft,,True,
Person search,2026-07-17T21:25:00+00:00,True,,53.776326,-1.773067,Female,over 34,Other ethnic group - Not stated,,Police and Criminal Evidence Act 1984 (section 1),Article for use in theft,A no further action disposal,True,
Person search,2026-07-17T21:30:00+00:00,False,,53.795735,-1.615762,Male,10-17,White - English/Welsh/Scottish/Northern Irish/British,,Police and Criminal Evidence Act 1984 (section 1),Article for use in theft,A no further action disposal,True,
Person and Vehicle search,2026-07-17T22:10:00+00:00,False,,53.655598,-1.839624,Male,18-24,White - English/Welsh/Scottish/Northern Irish/British,,Misuse of Drugs Act 1971 (section 23),Controlled drugs,Community resolution,True,
Vehicle search,2026-07-17T22:18:00+00:00,False,,53.811763,-1.745023,,,,,Misuse of Drugs Act 1971 (section 23),Controlled drugs,Community resolution,True,
Vehicle search,2026-07-17T22:18:00+00:00,False,,53.811763,-1.745023,,,,,Misuse of Drugs Act 1971 (section 23),Controlled drugs,A no further action disposal,True,
Person and Vehicle search,2026-07-17T22:20:00+00:00,False,,53.655598,-1.839624,Male,18-24,White - English/Welsh/Scottish/Northern Irish/British,,Misuse of Drugs Act 1971 (section 23),Controlled drugs,A no further action disposal,True,
Person and Vehicle search,2026-07-17T22:20:00+00:00,False,,53.655598,-1.839624,Male,18-24,,,Misuse of Drugs Act 1971 (section 23),Controlled drugs,Community resolution,False,
Person search,2026-07-17T22:45:00+00:00,False,,53.646954,-1.779403,Male,25-34,White - English/Welsh/Scottish/Northern Irish/British,,Police and Criminal Evidence Act 1984 (section 1),Offensive weapons,A no further action disposal,True,
Person and Vehicle search,2026-07-17T22:50:00+00:00,True,,53.714892,-1.877111,Male,18-24,,,Misuse of Drugs Act 1971 (section 23),Controlled drugs,Summons / charged by post,True,
Person search,2026-07-17T23:14:00+00:00,False,,53.798173,-1.539724,Male,10-17,White - English/Welsh/Scottish/Northern Irish/British,,Misuse of Drugs Act 1971 (section 23),Controlled drugs,A no further action disposal,True,
Person and Vehicle search,2026-07-17T23:15:00+00:00,False,,53.798173,-1.539724,Male,18-24,White - English/Welsh/Scottish/Northern Irish/British,,Misuse of Drugs Act 1971 (section 23),Controlled drugs,A no further action disposal,True,
Person and Vehicle search,2026-07-17T23:15:00+00:00,False,,53.798173,-1.539724,Male,18-24,White - English/Welsh/Scottish/Northern Irish/British,,Misuse of Drugs Act 1971 (section 23),Controlled drugs,A no further action disposal,True,
Person search,2026-07-17T23:20:00+00:00,False,,53.798173,-1.539724,Female,18-24,White - English/Welsh/Scottish/Northern Irish/British,,Misuse of Drugs Act 1971 (section 23),Controlled drugs,A no further action disposal,True,
Person search,2026-07-17T23:29:00+00:00,False,,53.787001,-1.766923,Male,18-24,,,Misuse of Drugs Act 1971 (section 23),Controlled drugs,Community resolution,True,
Person and Vehicle search,2026-07-17T23:29:00+00:00,False,,53.787001,-1.766923,Male,18-24,,,Misuse of Drugs Act 1971 (section 23),Controlled drugs,Community resolution,True,
Person search,2026-07-17T23:50:00+00:00,False,,53.791164,-1.574243,Male,over 34,White - English/Welsh/Scottish/Northern Irish/British,,Misuse of Drugs Act 1971 (section 23),Controlled drugs,Community resolution,True,
Person and Vehicle search,2026-07-17T23:57:00+00:00,False,,53.722734,-1.865207,Male,18-24,,,Misuse of Drugs Act 1971 (section 23),Controlled drugs,A no further action disposal,True,
Person search,2026-07-18T00:00:00+00:00,True,,53.794080,-1.544009,Male,25-34,White - English/Welsh/Scottish/Northern Irish/British,,Misuse of Drugs Act 1971 (section 23),Controlled drugs,Community resolution,True,
Person and Vehicle search,2026-07-18T00:00:00+00:00,False,,53.774627,-1.803711,Male,18-24,,,Misuse of Drugs Act 1971 (section 23),Controlled drugs,A no further action disposal,True,
Person and Vehicle search,2026-07-18T00:00:00+00:00,False,,53.651003,-1.762861,Male,over 34,Black/African/Caribbean/Black British - Any other Black/African/Caribbean background,,Misuse of Drugs Act 1971 (section 23),Controlled drugs,Arrest,True,
Person and Vehicle search,2026-07-18T00:00:00+00:00,False,,53.651003,-1.762861,Male,over 34,White - English/Welsh/Scottish/Northern Irish/British,,Misuse of Drugs Act 1971 (section 23),Controlled drugs,Arrest,True,
Person search,2026-07-18T00:00:00+00:00,False,,,,Male,over 34,Other ethnic group - Arab,,Misuse of Drugs Act 1971 (section 23),Controlled drugs,Arrest,True,
Person search,2026-07-18T00:05:00+00:00,False,,53.776378,-1.762702,,,,,Misuse of Drugs Act 1971 (section 23),Controlled drugs,A no further action disposal,True,
Person search,2026-07-18T00:15:00+00:00,True,,53.794688,-1.544559,Male,18-24,White - English/Welsh/Scottish/Northern Irish/British,,Misuse of Drugs Act 1971 (section 23),Controlled drugs,A no further action disposal,True,
Person and Vehicle search,2026-07-18T00:25:00+00:00,False,,53.792767,-1.769486,Male,18-24,,,Misuse of Drugs Act 1971 (section 23),Controlled drugs,A no further action disposal,True,
Person search,2026-07-18T00:30:00+00:00,False,,53.792767,-1.769486,Male,18-24,,,Misuse of Drugs Act 1971 (section 23),Controlled drugs,A no further action disposal,False,
Person and Vehicle search,2026-07-18T00:30:00+00:00,False,,53.774627,-1.803711,Male,18-24,Other ethnic group - Arab,,Misuse of Drugs Act 1971 (section 23),Controlled drugs,A no further action disposal,True,
Person and Vehicle search,2026-07-18T00:45:00+00:00,False,,53.784713,-1.710917,Male,over 34,,,Misuse of Drugs Act 1971 (section 23),Controlled drugs,A no further action disposal,True,
Person search,2026-07-18T00:54:00+00:00,False,,53.714892,-1.877111,Male,18-24,,,Misuse of Drugs Act 1971 (section 23),Controlled drugs,A no further action disposal,True,
Person and Vehicle search,2026-07-18T01:15:00+00:00,False,,,,Male,25-34,,,Police and Criminal Evidence Act 1984 (section 1),Article for use in theft,Arrest,True,
Person and Vehicle search,2026-07-18T02:30:00+00:00,False,,53.774627,-1.803711,Male,18-24,,,Misuse of Drugs Act 1971 (section 23),Controlled drugs,Community resolution,False,
Person and Vehicle search,2026-07-18T02:35:00+00:00,False,,53.789936,-1.764918,Male,18-24,,,Misuse of Drugs Act 1971 (section 23),Controlled drugs,Summons / charged by post,True,
Person search,2026-07-18T02:50:00+00:00,False,,53.835814,-1.822790,Male,18-24,,,Misuse of Drugs Act 1971 (section 23),Controlled drugs,A no further action disposal,True,
Person search,2026-07-18T08:20:00+00:00,False,,53.646531,-1.784019,Male,over 34,,,Police and Criminal Evidence Act 1984 (section 1),Stolen goods,A no further action disposal,True,
Person search,2026-07-18T09:20:00+00:00,False,,53.830759,-1.533882,Male,10-17,,,Firearms Act 1968 (section 47),Firearms,A no further action disposal,True,
Person search,2026-07-18T09:24:00+00:00,False,,53.830759,-1.533882,Female,10-17,,,Firearms Act 1968 (section 47),Firearms,A no further action disposal,True,
Person search,2026-07-18T09:25:00+00:00,True,,53.831792,-1.533627,Female,over 34,Other ethnic group - Not stated,,Firearms Act 1968 (section 47),Firearms,A no further action disposal,True,
Person search,2026-07-18T09:27:00+00:00,True,,53.830759,-1.533882,Male,over 34,,,Firearms Act 1968 (section 47),Firearms,A no further action disposal,True,
Person search,2026-07-18T09:30:00+00:00,True,,53.831792,-1.533627,Female,over 34,Other ethnic group - Not stated,,Firearms Act 1968 (section 47),Firearms,A no further action disposal,True,
Person and Vehicle search,2026-07-18T10:50:00+00:00,False,,53.808993,-1.527806,Female,over 34,Black/African/Caribbean/Black British - Any other Black/African/Caribbean background,,Misuse of Drugs Act 1971 (section 23),Controlled drugs,Arrest,True,
Person and Vehicle search,2026-07-18T11:10:00+00:00,False,,53.750496,-1.899755,Male,over 34,White - English/Welsh/Scottish/Northern Irish/British,,Misuse of Drugs Act 1971 (section 23),Controlled drugs,A no further action disposal,True,
Person search,2026-07-18T12:50:00+00:00,False,,53.782549,-1.811292,Male,over 34,,,Misuse of Drugs Act 1971 (section 23),Controlled drugs,Community resolution,True,
Person search,2026-07-18T12:55:00+00:00,False,,53.782549,-1.811292,Male,over 34,,,Misuse of Drugs Act 1971 (section 23),Controlled drugs,A no further action disposal,True,
Person search,2026-07-18T13:25:00+00:00,False,,53.704821,-1.857509,Male,25-34,White - English/Welsh/Scottish/Northern Irish/British,,Misuse of Drugs Act 1971 (section 23),Controlled drugs,A no further action disposal,True,
Person search,2026-07-18T13:50:00+00:00,False,,,,Male,over 34,White - English/Welsh/Scottish/Northern Irish/British,,Misuse of Drugs Act 1971 (section 23),Controlled drugs,A no further action disposal,True,
Person search,2026-07-18T13:50:00+00:00,False,,53.691067,-1.479652,Female,over 34,White - English/Welsh/Scottish/Northern Irish/British,,Misuse of Drugs Act 1971 (section 23),Controlled drugs,A no further action disposal,True,
Person search,2026-07-18T14:15:00+00:00,False,,53.691067,-1.479652,Male,over 34,White - English/Welsh/Scottish/Northern Irish/British,,Misuse of Drugs Act 1971 (section 23),Controlled drugs,Community resolution,True,
Person search,2026-07-18T15:58:00+00:00,False,,53.746957,-1.636999,Male,10-17,White - English/Welsh/Scottish/Northern Irish/British,,Police and Criminal Evidence Act 1984 (section 1),Article for use in theft,Arrest,True,
Person search,2026-07-18T16:05:00+00:00,False,,,,Male,over 34,White - English/Welsh/Scottish/Northern Irish/British,,Police and Criminal Evidence Act 1984 (section 1),,Arrest,True,
Person search,2026-07-18T16:13:00+00:00,False,,53.657877,-1.727930,Male,10-17,White - English/Welsh/Scottish/Northern Irish/British,,Police and Criminal Evidence Act 1984 (section 1),Article for use in theft,Arrest,True,
Person search,2026-07-18T16:23:00+00:00,False,,53.811522,-1.803280,Male,10-17,,,Misuse of Drugs Act 1971 (section 23),Offensive weapons,Arrest,False,
Person search,2026-07-18T16:27:00+00:00,False,,53.657877,-1.727930,Male,10-17,,,Police and Criminal Evidence Act 1984 (section 1),Article for use in theft,A no further action disposal,True,
Person search,2026-07-18T17:10:00+00:00,False,,53.794688,-1.544559,Male,over 34,White - English/Welsh/Scottish/Northern Irish/British,,Misuse of Drugs Act 1971 (section 23),Controlled drugs,Community resolution,True,
Person search,2026-07-18T17:15:00+00:00,False,,53.794688,-1.544559,Male,over 34,,,Misuse of Drugs Act 1971 (section 23),Controlled drugs,Arrest,True,
Person search,2026-07-18T17:20:00+00:00,False,,53.792539,-1.754065,Male,over 34,,,Misuse of Drugs Act 1971 (section 23),Controlled drugs,Community resolution,True,
Person search,2026-07-18T17:40:00+00:00,False,,53.794939,-1.542628,Male,25-34,,,Misuse of Drugs Act 1971 (section 23),Controlled drugs,A no further action disposal,True,
Person search,2026-07-18T17:40:00+00:00,False,,53.846990,-1.959548,Male,18-24,,,Misuse of Drugs Act 1971 (section 23),Controlled drugs,Arrest,True,
Person search,2026-07-18T18:00:00+00:00,False,,53.795337,-1.545615,Male,10-17,White - English/Welsh/Scottish/Northern Irish/British,,Misuse of Drugs Act 1971 (section 23),Controlled drugs,A no further action disposal,True,
Person search,2026-07-18T18:00:00+00:00,False,,53.795337,-1.545615,Male,18-24,White - English/Welsh/Scottish/Northern Irish/British,,Misuse of Drugs Act 1971 (section 23),Controlled drugs,A no further action disposal,True,
Person and Vehicle search,2026-07-18T18:10:00+00:00,False,,53.713863,-1.630130,Male,over 34,White - English/Welsh/Scottish/Northern Irish/British,,Police and Criminal Evidence Act 1984 (section 1),Stolen goods,Summons / charged by post,True,
Person search,2026-07-18T18:15:00+00:00,False,,53.769721,-1.746461,Male,25-34,,,,,,,
Person and Vehicle search,2026-07-18T18:20:00+00:00,False,,53.809714,-1.732431,Male,25-34,Other ethnic group - Not stated,,Misuse of Drugs Act 1971 (section 23),Controlled drugs,A no further action disposal,True,
Person and Vehicle search,2026-07-18T18:25:00+00:00,True,,53.743395,-1.879333,Male,25-34,White - English/Welsh/Scottish/Northern Irish/British,,Police and Criminal Evidence Act 1984 (section 1),Offensive weapons,Arrest,True,
Person search,2026-07-18T18:26:00+00:00,False,,53.791430,-1.752341,Male,over 34,White - Any other White background,,Police and Criminal Evidence Act 1984 (section 1),Controlled drugs,Arrest,True,
Person search,2026-07-18T18:30:00+00:00,False,,53.721216,-1.314007,Male,over 34,White - English/Welsh/Scottish/Northern Irish/British,,Misuse of Drugs Act 1971 (section 23),Controlled drugs,Community resolution,True,
Person search,2026-07-18T18:35:00+00:00,False,,53.721216,-1.314007,Male,over 34,White - English/Welsh/Scottish/Northern Irish/British,,Misuse of Drugs Act 1971 (section 23),Controlled drugs,Community resolution,True,
Person search,2026-07-18T18:40:00+00:00,True,,53.817260,-1.515987,Male,over 34,Asian/Asian British - Any other Asian background,,Police and Criminal Evidence Act 1984 (section 1),Offensive weapons,A no further action disposal,True,
Person search,2026-07-18T19:00:00+00:00,False,,53.814085,-1.547751,Male,18-24,,,Misuse of Drugs Act 1971 (section 23),Controlled drugs,A no further action disposal,True,
Person and Vehicle search,2026-07-18T19:08:00+00:00,False,,53.814085,-1.547751,Male,18-24,White - English/Welsh/Scottish/Northern Irish/British,,Misuse of Drugs Act 1971 (section 23),Controlled drugs,A no further action disposal,True,
Person and Vehicle search,2026-07-18T19:13:00+00:00,False,,53.800298,-1.560030,Male,25-34,White - English/Welsh/Scottish/Northern Irish/British,,Misuse of Drugs Act 1971 (section 23),Controlled drugs,Arrest,True,
Person search,2026-07-18T19:13:00+00:00,False,,53.800298,-1.560030,Male,25-34,White - English/Welsh/Scottish/Northern Irish/British,,Misuse of Drugs Act 1971 (section 23),Controlled drugs,Arrest,True,
Person and Vehicle search,2026-07-18T20:45:00+00:00,False,,53.715232,-1.414230,Female,25-34,White - English/Welsh/Scottish/Northern Irish/British,,Misuse of Drugs Act 1971 (section 23),Controlled drugs,A no further action disposal,True,
Person and Vehicle search,2026-07-18T20:45:00+00:00,False,,53.715232,-1.414230,Female,25-34,White - English/Welsh/Scottish/Northern Irish/British,,Misuse of Drugs Act 1971 (section 23),Controlled drugs,A no further action disposal,True,
Person search,2026-07-18T20:55:00+00:00,False,,53.782391,-1.709491,Male,18-24,Other ethnic group - Not stated,,Police and Criminal Evidence Act 1984 (section 1),Article for use in theft,A no further action disposal,True,
Person and Vehicle search,2026-07-18T20:55:00+00:00,False,,53.782391,-1.709491,Male,18-24,,,Police and Criminal Evidence Act 1984 (section 1),Article for use in theft,A no further action disposal,True,
Person search,2026-07-18T20:55:00+00:00,False,,53.782391,-1.709491,Male,18-24,,,Police and Criminal Evidence Act 1984 (section 1),Article for use in theft,A no further action disposal,True,
Person search,2026-07-18T21:00:00+00:00,False,,53.823952,-1.668081,Male,18-24,White - English/Welsh/Scottish/Northern Irish/British,,Misuse of Drugs Act 1971 (section 23),Controlled drugs,Community resolution,True,
Person search,2026-07-18T21:02:00+00:00,False,,53.703264,-1.863497,Male,over 34,White - English/Welsh/Scottish/Northern Irish/British,,Police and Criminal Evidence Act 1984 (section 1),Offensive weapons,Arrest,True,
Person search,2026-07-18T21:30:00+00:00,False,,53.814237,-1.772953,Male,25-34,,,Police and Criminal Evidence Act 1984 (section 1),Stolen goods,A no further action disposal,True,
Person search,2026-07-18T21:30:00+00:00,False,,53.774699,-1.768478,Male,25-34,,,Police and Criminal Evidence Act 1984 (section 1),Article for use in theft,A no further action disposal,True,
Person search,2026-07-18T21:30:00+00:00,False,,53.774699,-1.768478,Male,25-34,,,Police and Criminal Evidence Act 1984 (section 1),Article for use in theft,A no further action disposal,True,
Person search,2026-07-18T21:30:00+00:00,False,,53.774699,-1.768478,Male,25-34,,,Police and Criminal Evidence Act 1984 (section 1),Article for use in theft,A no further action disposal,True,
Person search,2026-07-18T21:45:00+00:00,False,,53.793833,-1.753982,Male,18-24,White - Any other White background,,Misuse of Drugs Act 1971 (section 23),Controlled drugs,Community resolution,True,
Person search,2026-07-18T22:00:00+00:00,True,,53.793056,-1.752028,Male,18-24,,,Misuse of Drugs Act 1971 (section 23),Controlled drugs,Community resolution,True,
Person search,2026-07-18T22:05:00+00:00,True,,53.728086,-1.877528,Male,18-24,,,Misuse of Drugs Act 1971 (section 23),Controlled drugs,A no further action disposal,True,
Person and Vehicle search,2026-07-18T22:05:00+00:00,True,,53.728086,-1.877528,Male,18-24,,,Misuse of Drugs Act 1971 (section 23),Controlled drugs,A no further action disposal,True,
Person search,2026-07-18T22:05:00+00:00,True,,53.728086,-1.877528,Male,18-24,,,Misuse of Drugs Act 1971 (section 23),Controlled drugs,A no further action disposal,True,
Person search,2026-07-18T22:05:00+00:00,True,,53.728086,-1.877528,Male,18-24,,,Misuse of Drugs Act 1971 (section 23),Controlled drugs,A no further action disposal,True,
Person and Vehicle search,2026-07-18T23:00:00+00:00,True,,53.673156,-1.488425,Male,over 34,,,Misuse of Drugs Act 1971 (section 23),Controlled drugs,Summons / charged by post,True,
Person and Vehicle search,2026-07-18T23:00:00+00:00,True,,53.673156,-1.488425,Male,over 34,White - English/Welsh/Scottish/Northern Irish/British,,Misuse of Drugs Act 1971 (section 23),Controlled drugs,A no further action disposal,True,
Person search,2026-07-18T23:25:00+00:00,True,,53.792367,-1.757876,Male,25-34,,,Misuse of Drugs Act 1971 (section 23),Controlled drugs,Community resolution,True,
Person and Vehicle search,2026-07-18T23:35:00+00:00,False,,53.775053,-1.565605,Male,18-24,,,Police and Criminal Evidence Act 1984 (section 1),Article for use in theft,A no further action disposal,True,
Person search,2026-07-18T23:43:00+00:00,False,,53.802041,-1.542885,,,,,Misuse of Drugs Act 1971 (section 23),Controlled drugs,A no further action disposal,True,
Person and Vehicle search,2026-07-18T23:48:00+00:00,False,,53.776222,-1.765435,,,,,Misuse of Drugs Act 1971 (section 23),Controlled drugs,A no further action disposal,True,
Person and Vehicle search,2026-07-18T23:48:00+00:00,False,,53.776222,-1.765435,Male,18-24,,,Misuse of Drugs Act 1971 (section 23),Controlled drugs,Community resolution,False,
Person search,2026-07-18T23:48:00+00:00,False,,53.802041,-1.542885,,,,,Misuse of Drugs Act 1971 (section 23),Controlled drugs,A no further action disposal,True,
Person and Vehicle search,2026-07-18T23:51:00+00:00,False,,53.776378,-1.762702,,,,,Misuse of Drugs Act 1971 (section 23),Controlled drugs,Community resolution,True,
Person and Vehicle search,2026-07-19T00:40:00+00:00,False,,53.809569,-1.780814,Male,18-24,,,Misuse of Drugs Act 1971 (section 23),Controlled drugs,Community resolution,True,
Person search,2026-07-19T01:00:00+00:00,False,,53.774217,-1.735039,Female,18-24,White - English/Welsh/Scottish/Northern Irish/British,,Misuse of Drugs Act 1971 (section 23),Controlled drugs,A no further action disposal,True,
Person and Vehicle search,2026-07-19T01:00:00+00:00,False,,53.808165,-1.779500,Male,18-24,,,Misuse of Drugs Act 1971 (section 23),Controlled drugs,Community resolution,True,
Person and Vehicle search,2026-07-19T01:00:00+00:00,False,,53.774217,-1.735039,Male,18-24,White - English/Welsh/Scottish/Northern Irish/British,,Misuse of Drugs Act 1971 (section 23),Controlled drugs,Community resolution,True,
Person search,2026-07-19T01:00:00+00:00,False,,53.774217,-1.735039,Male,10-17,White - English/Welsh/Scottish/Northern Irish/British,,Misuse of Drugs Act 1971 (section 23),Controlled drugs,A no further action disposal,True,
Person search,2026-07-19T01:00:00+00:00,False,,53.774217,-1.735039,Female,18-24,White - English/Welsh/Scottish/Northern Irish/British,,Misuse of Drugs Act 1971 (section 23),Controlled drugs,A no further action disposal,True,
Person and Vehicle search,2026-07-19T07:10:00+00:00,False,,53.826915,-1.534548,Male,25-34,,,Misuse of Drugs Act 1971 (section 23),Controlled drugs,A no further action disposal,True,
Person search,2026-07-19T07:29:00+00:00,False,,53.732075,-1.776185,Male,over 34,White - English/Welsh/Scottish/Northern Irish/British,,Misuse of Drugs Act 1971 (section 23),Controlled drugs,A no further action disposal,True,
Person search,2026-07-19T09:49:00+00:00,False,,53.714724,-1.347280,Female,over 34,White - English/Welsh/Scottish/Northern Irish/British,,Misuse of Drugs Act 1971 (section 23),Controlled drugs,A no further action disposal,True,
Person search,2026-07-19T10:17:00+00:00,False,,53.603923,-1.792019,Male,over 34,White - English/Welsh/Scottish/Northern Irish/British,,Police and Criminal Evidence Act 1984 (section 1),Stolen goods,A no further action disposal,True,
Person and Vehicle search,2026-07-19T10:35:00+00:00,False,,53.714496,-1.365103,Male,over 34,White - English/Welsh/Scottish/Northern Irish/British,,Misuse of Drugs Act 1971 (section 23),Controlled drugs,Arrest,True,
Person search,2026-07-19T11:00:00+00:00,False,,53.799069,-1.550903,Male,over 34,Other ethnic group - Not stated,,Police and Criminal Evidence Act 1984 (section 1),Offensive weapons,A no further action disposal,True,
Person search,2026-07-19T12:15:00+00:00,False,,53.831291,-1.723207,Male,10-17,White - English/Welsh/Scottish/Northern Irish/British,,Police and Criminal Evidence Act 1984 (section 1),Stolen goods,A no further action disposal,True,
Person search,2026-07-19T12:28:00+00:00,False,,53.804680,-1.578874,Male,over 34,White - English/Welsh/Scottish/Northern Irish/British,,Police and Criminal Evidence Act 1984 (section 1),Article for use in theft,A no further action disposal,True,
Person search,2026-07-19T12:50:00+00:00,False,,53.792238,-1.528081,Male,25-34,Other ethnic group - Not stated,,Misuse of Drugs Act 1971 (section 23),Controlled drugs,Arrest,False,
Person search,2026-07-19T13:52:00+00:00,False,,53.744989,-1.735601,Male,18-24,White - Any other White background,,Police and Criminal Evidence Act 1984 (section 1),Stolen goods,A no further action disposal,True,
Person and Vehicle search,2026-07-19T13:53:00+00:00,False,,53.742026,-1.732815,Male,over 34,White - Any other White background,,Police and Criminal Evidence Act 1984 (section 1),Article for use in theft,Summons / charged by post,False,
Person search,2026-07-19T14:15:00+00:00,False,,53.646628,-1.783005,Male,over 34,White - English/Welsh/Scottish/Northern Irish/British,,Police and Criminal Evidence Act 1984 (section 1),,Arrest,True,
Person and Vehicle search,2026-07-19T14:30:00+00:00,False,,53.777993,-1.719643,Male,18-24,White - English/Welsh/Scottish/Northern Irish/British,,Misuse of Drugs Act 1971 (section 23),Controlled drugs,A no further action disposal,True,
Person search,2026-07-19T15:50:00+00:00,True,,53.794796,-1.538030,Male,25-34,,,Police and Criminal Evidence Act 1984 (section 1),,Arrest,False,
Person search,2026-07-19T16:25:00+00:00,True,,53.683004,-1.498450,Female,10-17,,,Misuse of Drugs Act 1971 (section 23),Controlled drugs,Community resolution,True,
Person search,2026-07-19T16:55:00+00:00,False,,53.794080,-1.544009,Male,over 34,White - Any other White background,,Police and Criminal Evidence Act 1984 (section 1),Stolen goods,A no further action disposal,True,
Person search,2026-07-19T17:03:00+00:00,False,,53.793535,-1.546803,Male,25-34,White - Any other White background,,Police and Criminal Evidence Act 1984 (section 1),Stolen goods,A no further action disposal,True,
Person search,2026-07-19T17:30:00+00:00,True,,53.683004,-1.498450,Female,over 34,White - English/Welsh/Scottish/Northern Irish/British,,Misuse of Drugs Act 1971 (section 23),Controlled drugs,Community resolution,True,
Person search,2026-07-19T17:35:00+00:00,False,,,,Male,over 34,White - English/Welsh/Scottish/Northern Irish/British,,Police and Criminal Evidence Act 1984 (section 1),,A no further action disposal,True,
Person and Vehicle search,2026-07-19T18:00:00+00:00,False,,53.776510,-1.704555,Male,18-24,White - English/Welsh/Scottish/Northern Irish/British,,Misuse of Drugs Act 1971 (section 23),Controlled drugs,Arrest,True,
Person and Vehicle search,2026-07-19T18:00:00+00:00,False,,53.776510,-1.704555,Male,18-24,,,Misuse of Drugs Act 1971 (section 23),Controlled drugs,Arrest,True,
Person and Vehicle search,2026-07-19T18:00:00+00:00,False,,53.776510,-1.704555,Male,18-24,White - English/Welsh/Scottish/Northern Irish/British,,Misuse of Drugs Act 1971 (section 23),Controlled drugs,Arrest,True,
Person search,2026-07-19T18:30:00+00:00,False,,53.678445,-1.528858,Male,10-17,White - English/Welsh/Scottish/Northern Irish/British,,Police and Criminal Evidence Act 1984 (section 1),Controlled drugs,A no further action disposal,True,
Person search,2026-07-19T18:43:00+00:00,False,,53.704821,-1.857509,Male,over 34,White - English/Welsh/Scottish/Northern Irish/British,,Police and Criminal Evidence Act 1984 (section 1),Offensive weapons,A no further action disposal,True,
Person search,2026-07-19T18:50:00+00:00,False,,53.790990,-1.563376,Female,25-34,White - English/Welsh/Scottish/Northern Irish/British,,Misuse of Drugs Act 1971 (section 23),Controlled drugs,A no further action disposal,True,
Person search,2026-07-19T18:50:00+00:00,False,,53.790990,-1.563376,Male,25-34,White - English/Welsh/Scottish/Northern Irish/British,,Misuse of Drugs Act 1971 (section 23),Controlled drugs,A no further action disposal,True,
Person search,2026-07-19T19:15:00+00:00,False,,53.794688,-1.544559,Male,10-17,,,Misuse of Drugs Act 1971 (section 23),Controlled drugs,Community resolution,True,
Person and Vehicle search,2026-07-19T19:30:00+00:00,False,,53.690697,-1.611949,Male,18-24,,,Misuse of Drugs Act 1971 (section 23),Controlled drugs,Arrest,True,
Person search,2026-07-19T19:30:00+00:00,False,,53.794688,-1.544559,Male,10-17,,,Misuse of Drugs Act 1971 (section 23),Controlled drugs,A no further action disposal,True,
Person and Vehicle search,2026-07-19T19:40:00+00:00,False,,53.679847,-1.545178,Male,18-24,,,Misuse of Drugs Act 1971 (section 23),Controlled drugs,Summons / charged by post,False,
Person search,2026-07-19T19:40:00+00:00,False,,53.794688,-1.544559,Male,10-17,,,Misuse of Drugs Act 1971 (section 23),Controlled drugs,Community resolution,True,
Person and Vehicle search,2026-07-19T19:40:00+00:00,False,,53.679847,-1.545178,Male,18-24,,,Misuse of Drugs Act 1971 (section 23),Controlled drugs,A no further action disposal,True,
Person search,2026-07-19T20:25:00+00:00,False,,53.648014,-1.734816,Male,over 34,White - English/Welsh/Scottish/Northern Irish/British,,Police and Criminal Evidence Act 1984 (section 1),,A no further action disposal,True,
Person search,2026-07-19T20:25:00+00:00,False,,53.804558,-1.564632,Male,10-17,,,Police and Criminal Evidence Act 1984 (section 1),,A no further action disposal,True,
Person search,2026-07-19T20:37:00+00:00,False,,53.804558,-1.564632,Male,10-17,Black/African/Caribbean/Black British - Any other Black/African/Caribbean background,,Police and Criminal Evidence Act 1984 (section 1),,A no further action disposal,True,
Person and Vehicle search,2026-07-19T21:00:00+00:00,False,,53.620029,-1.569132,Male,18-24,,,Misuse of Drugs Act 1971 (section 23),Controlled drugs,Arrest,True,
Person and Vehicle search,2026-07-19T21:00:00+00:00,False,,53.620029,-1.569132,Male,over 34,,,Misuse of Drugs Act 1971 (section 23),Controlled drugs,Arrest,True,
Person search,2026-07-19T21:04:00+00:00,False,,53.804680,-1.578874,Male,10-17,White - English/Welsh/Scottish/Northern Irish/British,,Misuse of Drugs Act 1971 (section 23),Controlled drugs,A no further action disposal,True,
Person search,2026-07-19T22:05:00+00:00,False,,,,Male,over 34,White - English/Welsh/Scottish/Northern Irish/British,,Misuse of Drugs Act 1971 (section 23),Controlled drugs,A no further action disposal,True,
Person and Vehicle search,2026-07-19T23:15:00+00:00,False,,53.824553,-1.771895,Male,25-34,,,Misuse of Drugs Act 1971 (section 23),Controlled drugs,Summons / charged by post,True,
Person and Vehicle search,2026-07-19T23:15:00+00:00,False,,53.820479,-1.775092,Male,25-34,,,Misuse of Drugs Act 1971 (section 23),Controlled drugs,A no further action disposal,True,
Person and Vehicle search,2026-07-19T23:50:00+00:00,False,,53.553349,-1.669401,Male,over 34,Other ethnic group - Not stated,,Misuse of Drugs Act 1971 (section 23),Controlled drugs,Arrest,True,
Person and Vehicle search,2026-07-20T01:13:00+00:00,False,,53.806198,-1.459672,Male,10-17,White - English/Welsh/Scottish/Northern Irish/British,,Police and Criminal Evidence Act 1984 (section 1),Stolen goods,A no further action disposal,True,
Person search,2026-07-20T01:15:00+00:00,False,,53.806198,-1.459672,Male,10-17,White - English/Welsh/Scottish/Northern Irish/British,,Police and Criminal Evidence Act 1984 (section 1),Controlled drugs,A no further action disposal,False,
Person and Vehicle search,2026-07-20T01:15:00+00:00,False,,53.806198,-1.459672,Male,10-17,White - English/Welsh/Scottish/Northern Irish/British,,Police and Criminal Evidence Act 1984 (section 1),Stolen goods,A no further action disposal,True,
Person search,2026-07-20T02:08:00+00:00,False,,53.636818,-1.795866,Male,over 34,,,Police and Criminal Evidence Act 1984 (section 1),Articles for use in criminal damage,A no further action disposal,True,
Person and Vehicle search,2026-07-20T03:02:00+00:00,False,,53.882948,-1.737030,Male,25-34,,,Misuse of Drugs Act 1971 (section 23),Controlled drugs,Community resolution,True,
Vehicle search,2026-07-20T10:30:00+00:00,False,,53.668491,-1.503481,,,,,Police and Criminal Evidence Act 1984 (section 1),Stolen goods,A no further action disposal,True,
Person search,2026-07-20T13:00:00+00:00,False,,53.790014,-1.511090,Female,over 34,White - English/Welsh/Scottish/Northern Irish/British,,Misuse of Drugs Act 1971 (section 23),Controlled drugs,A no further action disposal,True,
Person search,2026-07-20T13:00:00+00:00,False,,53.790014,-1.511090,Male,over 34,White - English/Welsh/Scottish/Northern Irish/British,,Misuse of Drugs Act 1971 (section 23),Controlled drugs,Arrest,True,
Person search,2026-07-20T13:10:00+00:00,False,,53.794939,-1.542628,Male,over 34,White - Irish,,Misuse of Drugs Act 1971 (section 23),Controlled drugs,A no further action disposal,True,
Person search,2026-07-20T13:25:00+00:00,False,,53.806605,-1.787116,Male,25-34,,,Misuse of Drugs Act 1971 (section 23),Controlled drugs,A no further action disposal,True,
Person search,2026-07-20T13:30:00+00:00,False,,53.813980,-1.795083,Male,25-34,,,Misuse of Drugs Act 1971 (section 23),Controlled drugs,A no further action disposal,True,
Person search,2026-07-20T13:33:00+00:00,False,,53.797144,-1.536183,Male,over 34,White - English/Welsh/Scottish/Northern Irish/British,,Misuse of Drugs Act 1971 (section 23),Controlled drugs,A no further action disposal,True,
Person and Vehicle search,2026-07-20T13:40:00+00:00,False,,53.792273,-1.577920,Male,18-24,,,Misuse of Drugs Act 1971 (section 23),Controlled drugs,Summons / charged by post,False,
Vehicle search,2026-07-20T13:45:00+00:00,False,,53.794350,-1.590894,,,,,Police and Criminal Evidence Act 1984 (section 1),,A no further action disposal,True,
Person and Vehicle search,2026-07-20T13:55:00+00:00,False,,53.791087,-1.575382,Male,18-24,,,Misuse of Drugs Act 1971 (section 23),Controlled drugs,A no further action disposal,True,
Person search,2026-07-20T14:10:00+00:00,False,,53.796033,-1.541964,Male,18-24,White - English/Welsh/Scottish/Northern Irish/British,,Police and Criminal Evidence Act 1984 (section 1),Stolen goods,Arrest,False,
Person and Vehicle search,2026-07-20T16:05:00+00:00,False,,53.800146,-1.788956,Male,18-24,,,Misuse of Drugs Act 1971 (section 23),Controlled drugs,Arrest,True,
Person and Vehicle search,2026-07-20T16:50:00+00:00,False,,53.708936,-1.335886,Male,over 34,White - English/Welsh/Scottish/Northern Irish/British,,Misuse of Drugs Act 1971 (section 23),Controlled drugs,Arrest,False,
Person search,2026-07-20T17:00:00+00:00,False,,53.703280,-1.266173,Male,over 34,White - Any other White background,,Misuse of Drugs Act 1971 (section 23),Controlled drugs,A no further action disposal,True,
Person search,2026-07-20T17:26:00+00:00,False,,53.794870,-1.773771,Male,10-17,,,Police and Criminal Evidence Act 1984 (section 1),,A no further action disposal,True,
Person search,2026-07-20T18:30:00+00:00,False,,53.794688,-1.544559,Female,25-34,White - English/Welsh/Scottish/Northern Irish/British,,Police and Criminal Evidence Act 1984 (section 1),,A no further action disposal,True,
Person search,2026-07-20T19:30:00+00:00,False,,,,Male,10-17,White - English/Welsh/Scottish/Northern Irish/British,,Police and Criminal Evidence Act 1984 (section 1),Article for use in theft,Arrest,True,
Person and Vehicle search,2026-07-20T19:30:00+00:00,False,,53.805392,-1.486878,Male,25-34,Asian/Asian British - Any other Asian background,,Misuse of Drugs Act 1971 (section 23),Controlled drugs,A no further action disposal,True,
Person search,2026-07-20T19:40:00+00:00,False,,53.769323,-1.706274,Male,18-24,White - English/Welsh/Scottish/Northern Irish/British,,Misuse of Drugs Act 1971 (section 23),Controlled drugs,A no further action disposal,True,
Person search,2026-07-20T19:40:00+00:00,False,,53.769323,-1.706274,Male,18-24,White - English/Welsh/Scottish/Northern Irish/British,,Misuse of Drugs Act 1971 (section 23),Controlled drugs,Community resolution,True,
Person and Vehicle search,2026-07-20T19:45:00+00:00,False,,53.769323,-1.706274,,,White - English/Welsh/Scottish/Northern Irish/British,,Misuse of Drugs Act 1971 (section 23),Controlled drugs,A no further action disposal,True,
Person search,2026-07-20T19:50:00+00:00,False,,53.769323,-1.706274,Male,18-24,Other ethnic group - Not stated,,Misuse of Drugs Act 1971 (section 23),Controlled drugs,A no further action disposal,True,
Person search,2026-07-20T20:11:00+00:00,False,,53.768911,-1.706580,Male,18-24,White - English/Welsh/Scottish/Northern Irish/British,,Misuse of Drugs Act 1971 (section 23),Controlled drugs,Community resolution,True,
Person and Vehicle search,2026-07-20T21:30:00+00:00,False,,53.868711,-1.918193,Male,over 34,,,Misuse of Drugs Act 1971 (section 23),Controlled drugs,A no further action disposal,True,
Person and Vehicle search,2026-07-20T21:30:00+00:00,False,,53.868711,-1.918193,Male,25-34,,,Misuse of Drugs Act 1971 (section 23),Controlled drugs,A no further action disposal,True,
Person search,2026-07-20T21:38:00+00:00,False,,53.794939,-1.542628,,,White - Any other White background,,Misuse of Drugs Act 1971 (section 23),Controlled drugs,A no further action disposal,True,
Person and Vehicle search,2026-07-20T22:35:00+00:00,False,,53.817375,-1.517657,Male,18-24,,,Misuse of Drugs Act 1971 (section 23),Controlled drugs,A no further action disposal,True,
Person and Vehicle search,2026-07-20T23:48:00+00:00,False,,53.756553,-1.763845,Male,18-24,Other ethnic group - Not stated,,Misuse of Drugs Act 1971 (section 23),Controlled drugs,A no further action disposal,True,
Person search,2026-07-20T23:48:00+00:00,False,,53.756553,-1.763845,Male,18-24,,,Misuse of Drugs Act 1971 (section 23),Controlled drugs,A no further action disposal,True,
Person and Vehicle search,2026-07-20T23:55:00+00:00,False,,53.827783,-1.481075,Female,18-24,White - English/Welsh/Scottish/Northern Irish/British,,Misuse of Drugs Act 1971 (section 23),Controlled drugs,A no further action disposal,True,
Person search,2026-07-21T00:30:00+00:00,False,,53.812391,-1.534799,Male,18-24,,,Police and Criminal Evidence Act 1984 (section 1),Stolen goods,A no further action disposal,True,
Vehicle search,2026-07-21T04:35:00+00:00,False,,,,,,,,Misuse of Drugs Act 1971 (section 23),Controlled drugs,A no further action disposal,True,
Person search,2026-07-21T07:15:00+00:00,False,,53.822499,-1.491728,Male,18-24,White - English/Welsh/Scottish/Northern Irish/British,,Police and Criminal Evidence Act 1984 (section 1),Article for use in theft,A no further action disposal,True,
Person search,2026-07-21T07:19:00+00:00,False,,53.796237,-1.755820,Male,25-34,White - English/Welsh/Scottish/Northern Irish/British,,Police and Criminal Evidence Act 1984 (section 1),Stolen goods,Arrest,True,
Person and Vehicle search,2026-07-21T08:30:00+00:00,False,,53.689295,-1.631814,Male,over 34,,,Misuse of Drugs Act 1971 (section 23),Controlled drugs,A no further action disposal,True,
Person search,2026-07-21T08:30:00+00:00,False,,,,Female,over 34,White - English/Welsh/Scottish/Northern Irish/British,,Misuse of Drugs Act 1971 (section 23),Controlled drugs,Arrest,True,
Person search,2026-07-21T12:04:00+00:00,False,,53.651678,-1.782102,Female,25-34,,,Police and Criminal Evidence Act 1984 (section 1),Stolen goods,A no further action disposal,True,
Person search,2026-07-21T12:34:00+00:00,False,,53.793468,-1.538500,Male,over 34,Asian/Asian British - Any other Asian background,,Police and Criminal Evidence Act 1984 (section 1),Offensive weapons,A no further action disposal,True,
Person search,2026-07-21T13:10:00+00:00,False,,53.808980,-1.547669,Male,10-17,,,Misuse of Drugs Act 1971 (section 23),Controlled drugs,A no further action disposal,True,
Person search,2026-07-21T15:40:00+00:00,False,,53.672078,-1.521360,Male,10-17,White - English/Welsh/Scottish/Northern Irish/British,,Misuse of Drugs Act 1971 (section 23),Controlled drugs,A no further action disposal,True,
Person search,2026-07-21T15:40:00+00:00,False,,53.672078,-1.521360,Male,10-17,White - English/Welsh/Scottish/Northern Irish/British,,Misuse of Drugs Act 1971 (section 23),Controlled drugs,A no further action disposal,True,
Person search,2026-07-21T17:02:00+00:00,False,,53.672171,-1.499956,Male,10-17,White - Any other White background,,Misuse of Drugs Act 1971 (section 23),Controlled drugs,A no further action disposal,True,
Person and Vehicle search,2026-07-21T18:00:00+00:00,False,,53.652082,-1.787017,Male,over 34,White - English/Welsh/Scottish/Northern Irish/British,,Misuse of Drugs Act 1971 (section 23),Controlled drugs,A no further action disposal,True,
Person search,2026-07-21T18:59:00+00:00,False,,53.785141,-1.791399,Male,10-17,,,Police and Criminal Evidence Act 1984 (section 1),,Arrest,True,
Person search,2026-07-21T19:22:00+00:00,False,,53.829937,-1.952712,Male,10-17,White - English/Welsh/Scottish/Northern Irish/British,,Police and Criminal Evidence Act 1984 (section 1),Articles for use in criminal damage,A no further action disposal,True,
Person and Vehicle search,2026-07-21T20:15:00+00:00,False,,53.829098,-1.536772,Female,25-34,,,Misuse of Drugs Act 1971 (section 23),Controlled drugs,A no further action disposal,True,
Person and Vehicle search,2026-07-21T20:25:00+00:00,False,,53.716607,-1.633818,Male,over 34,White - English/Welsh/Scottish/Northern Irish/British,,Misuse of Drugs Act 1971 (section 23),Controlled drugs,Community resolution,True,
Person search,2026-07-21T20:33:00+00:00,False,,,,Male,18-24,,,Misuse of Drugs Act 1971 (section 23),Controlled drugs,A no further action disposal,True,
Person and Vehicle search,2026-07-21T23:00:00+00:00,False,,53.808548,-1.763827,Male,18-24,Other ethnic group - Arab,,Misuse of Drugs Act 1971 (section 23),Controlled drugs,Arrest,True,
Person and Vehicle search,2026-07-22T00:10:00+00:00,False,,53.724964,-1.945267,Male,10-17,White - English/Welsh/Scottish/Northern Irish/British,,Police and Criminal Evidence Act 1984 (section 1),Article for use in theft,Arrest,True,
Person search,2026-07-22T00:10:00+00:00,False,,53.724964,-1.945267,Male,18-24,White - English/Welsh/Scottish/Northern Irish/British,,Police and Criminal Evidence Act 1984 (section 1),Article for use in theft,Arrest,True,
Person and Vehicle search,2026-07-22T00:10:00+00:00,False,,53.724964,-1.945267,Male,18-24,White - English/Welsh/Scottish/Northern Irish/British,,Police and Criminal Evidence Act 1984 (section 1),Article for use in theft,Arrest,True,
Person search,2026-07-22T00:10:00+00:00,False,,53.634763,-1.839476,Male,25-34,White - English/Welsh/Scottish/Northern Irish/British,,Police and Criminal Evidence Act 1984 (section 1),Article for use in theft,Arrest,True,
Person and Vehicle search,2026-07-22T00:10:00+00:00,False,,53.724964,-1.945267,Male,25-34,White - English/Welsh/Scottish/Northern Irish/British,,Police and Criminal Evidence Act 1984 (section 1),Article for use in theft,Arrest,True,
Person and Vehicle search,2026-07-22T00:30:00+00:00,False,,53.800927,-1.529051,Male,18-24,White - English/Welsh/Scottish/Northern Irish/British,,Misuse of Drugs Act 1971 (section 23),Controlled drugs,Community resolution,True,
Person and Vehicle search,2026-07-22T00:55:00+00:00,False,,53.800927,-1.529051,Male,25-34,White - English/Welsh/Scottish/Northern Irish/British,,Misuse of Drugs Act 1971 (section 23),Controlled drugs,A no further action disposal,True,
Person search,2026-07-22T01:20:00+00:00,False,,53.808783,-1.783415,Male,25-34,,,Misuse of Drugs Act 1971 (section 23),Controlled drugs,Arrest,True,
Person and Vehicle search,2026-07-22T01:20:00+00:00,False,,53.808783,-1.783415,Male,over 34,,,Misuse of Drugs Act 1971 (section 23),Controlled drugs,Community resolution,True,
Person search,2026-07-22T01:25:00+00:00,False,,53.650841,-1.781441,Male,over 34,Other ethnic group - Not stated,,Police and Criminal Evidence Act 1984 (section 1),Article for use in theft,A no further action disposal,True,
Person search,2026-07-22T01:31:00+00:00,False,,53.808783,-1.783415,Male,over 34,,,Misuse of Drugs Act 1971 (section 23),Controlled drugs,Community resolution,True,
Person search,2026-07-22T01:45:00+00:00,False,,53.683602,-1.526120,Male,18-24,Other ethnic group - Not stated,,Police and Criminal Evidence Act 1984 (section 1),Offensive weapons,A no further action disposal,True,
Person search,2026-07-22T02:05:00+00:00,False,,53.789033,-1.717186,,,White - English/Welsh/Scottish/Northern Irish/British,,Misuse of Drugs Act 1971 (section 23),Controlled drugs,A no further action disposal,True,
Person and Vehicle search,2026-07-22T02:05:00+00:00,False,,53.789033,-1.717186,Male,18-24,,,Misuse of Drugs Act 1971 (section 23),Controlled drugs,Community resolution,True,
Person search,2026-07-22T02:08:00+00:00,False,,53.789033,-1.717186,,,White - English/Welsh/Scottish/Northern Irish/British,,Misuse of Drugs Act 1971 (section 23),Controlled drugs,A no further action disposal,True,
Person and Vehicle search,2026-07-22T02:25:00+00:00,False,,53.821491,-1.766841,Male,18-24,White - English/Welsh/Scottish/Northern Irish/British,,Misuse of Drugs Act 1971 (section 23),Controlled drugs,Community resolution,True,
Person and Vehicle search,2026-07-22T02:35:00+00:00,False,,53.819594,-1.763902,Male,18-24,White - English/Welsh/Scottish/Northern Irish/British,,Misuse of Drugs Act 1971 (section 23),Controlled drugs,Community resolution,True,
Person and Vehicle search,2026-07-22T02:35:00+00:00,False,,53.819594,-1.763902,Male,25-34,,,Misuse of Drugs Act 1971 (section 23),Controlled drugs,Community resolution,False,
Person search,2026-07-22T02:49:00+00:00,False,,53.793742,-1.771758,,,Other ethnic group - Not stated,,Police and Criminal Evidence Act 1984 (section 1),,A no further action disposal,True,
Person search,2026-07-22T02:50:00+00:00,False,,53.794732,-1.762887,Male,25-34,,,Police and Criminal Evidence Act 1984 (section 1),Offensive weapons,A no further action disposal,True,
Person search,2026-07-22T03:20:00+00:00,False,,53.782837,-1.811230,Male,18-24,,,Police and Criminal Evidence Act 1984 (section 1),Article for use in theft,A no further action disposal,True,
Person search,2026-07-22T03:25:00+00:00,False,,53.867529,-1.912599,Male,10-17,White - English/Welsh/Scottish/Northern Irish/British,,Police and Criminal Evidence Act 1984 (section 1),Article for use in theft,A no further action disposal,True,
Person search,2026-07-22T03:30:00+00:00,False,,53.782837,-1.811230,Male,10-17,,,Police and Criminal Evidence Act 1984 (section 1),Article for use in theft,A no further action disposal,True,
Person search,2026-07-22T03:30:00+00:00,False,,53.782837,-1.811230,Male,10-17,,,Police and Criminal Evidence Act 1984 (section 1),Article for use in theft,Community resolution,False,
Person search,2026-07-22T03:30:00+00:00,False,,53.867529,-1.912599,Male,10-17,White - Any other White background,,Police and Criminal Evidence Act 1984 (section 1),Article for use in theft,A no further action disposal,True,
Person search,2026-07-22T07:02:00+00:00,False,,53.796355,-1.536859,Male,over 34,White - English/Welsh/Scottish/Northern Irish/British,,Police and Criminal Evidence Act 1984 (section 1),Offensive weapons,Arrest,False,
Person and Vehicle search,2026-07-22T11:30:00+00:00,False,,53.734194,-1.573363,Male,25-34,White - English/Welsh/Scottish/Northern Irish/British,,Misuse of Drugs Act 1971 (section 23),Controlled drugs,A no further action disposal,True,
Person and Vehicle search,2026-07-22T11:30:00+00:00,False,,53.806080,-1.739454,Female,18-24,,,Misuse of Drugs Act 1971 (section 23),Controlled drugs,Summons / charged by post,True,
Person and Vehicle search,2026-07-22T11:37:00+00:00,False,,,,Male,18-24,,,Misuse of Drugs Act 1971 (section 23),Controlled drugs,A no further action disposal,True,
Person search,2026-07-22T12:10:00+00:00,False,,53.797743,-1.547061,Male,25-34,White - English/Welsh/Scottish/Northern Irish/British,,Misuse of Drugs Act 1971 (section 23),Controlled drugs,Summons / charged by post,True,
Person search,2026-07-22T12:24:00+00:00,False,,53.644390,-1.783138,Male,over 34,,,Police and Criminal Evidence Act 1984 (section 1),Offensive weapons,A no further action disposal,True,
Person search,2026-07-22T12:25:00+00:00,True,,53.797743,-1.547061,Female,,White - English/Welsh/Scottish/Northern Irish/British,,Misuse of Drugs Act 1971 (section 23),Controlled drugs,Summons / charged by post,True,
Person search,2026-07-22T12:38:00+00:00,False,,53.792539,-1.754065,Male,over 34,,,Misuse of Drugs Act 1971 (section 23),Controlled drugs,Summons / charged by post,True,
Person and Vehicle search,2026-07-22T13:00:00+00:00,False,,53.710855,-1.476620,Male,25-34,White - English/Welsh/Scottish/Northern Irish/British,,Misuse of Drugs Act 1971 (section 23),Controlled drugs,Arrest,True,
Person search,2026-07-22T13:10:00+00:00,False,,53.846325,-1.552389,Male,25-34,White - English/Welsh/Scottish/Northern Irish/British,,Police and Criminal Evidence Act 1984 (section 1),Controlled drugs,Community resolution,False,
Person search,2026-07-22T13:42:00+00:00,False,,53.805616,-1.684823,Male,25-34,,,,,,,
Person and Vehicle search,2026-07-22T14:45:00+00:00,False,,53.710721,-1.625582,Male,25-34,,,Misuse of Drugs Act 1971 (section 23),Controlled drugs,Arrest,False,
Person search,2026-07-22T16:30:00+00:00,True,,53.683036,-1.667948,,,Other ethnic group - Not stated,,Misuse of Drugs Act 1971 (section 23),Controlled drugs,A no further action disposal,True,
Person search,2026-07-22T16:35:00+00:00,False,,53.722470,-1.862253,Female,10-17,White - Any other White background,,Police and Criminal Evidence Act 1984 (section 1),Stolen goods,Arrest,True,
Person search,2026-07-22T16:45:00+00:00,False,,53.706110,-1.640256,Male,25-34,,,Misuse of Drugs Act 1971 (section 23),Controlled drugs,Community resolution,True,
Vehicle search,2026-07-22T16:50:00+00:00,False,,53.706849,-1.640841,,,,,Misuse of Drugs Act 1971 (section 23),Controlled drugs,Community resolution,True,
Person and Vehicle search,2026-07-22T17:00:00+00:00,False,,53.706110,-1.640256,Male,18-24,,,Misuse of Drugs Act 1971 (section 23),Controlled drugs,A no further action disposal,True,
Person and Vehicle search,2026-07-22T18:45:00+00:00,False,,53.809888,-1.513308,Male,25-34,,,Misuse of Drugs Act 1971 (section 23),Controlled drugs,Community resolution,True,
Person and Vehicle search,2026-07-22T18:57:00+00:00,False,,53.867697,-1.668526,Male,18-24,Other ethnic group - Not stated,,Police and Criminal Evidence Act 1984 (section 1),,A no further action disposal,True,
Person and Vehicle search,2026-07-22T19:00:00+00:00,False,,53.712142,-1.675385,Male,25-34,Asian/Asian British - Any other Asian background,,Misuse of Drugs Act 1971 (section 23),Controlled drugs,A no further action disposal,True,
Person and Vehicle search,2026-07-22T19:15:00+00:00,False,,53.681423,-1.503011,Male,18-24,,,Misuse of Drugs Act 1971 (section 23),Controlled drugs,Summons / charged by post,True,
Person and Vehicle search,2026-07-22T19:15:00+00:00,False,,53.681423,-1.503011,Male,25-34,,,Misuse of Drugs Act 1971 (section 23),Controlled drugs,A no further action disposal,True,
Person and Vehicle search,2026-07-22T19:18:00+00:00,False,,53.659706,-1.793485,Male,over 34,Asian/Asian British - Any other Asian background,,Misuse of Drugs Act 1971 (section 23),Controlled drugs,A no further action disposal,True,
Person search,2026-07-22T19:25:00+00:00,False,,53.659706,-1.793485,Male,25-34,Other ethnic group - Arab,,Misuse of Drugs Act 1971 (section 23),Controlled drugs,Community resolution,True,
Person search,2026-07-22T19:30:00+00:00,False,,53.659706,-1.793485,Male,over 34,Asian/Asian British - Any other Asian background,,Misuse of Drugs Act 1971 (section 23),Controlled drugs,A no further action disposal,True,
Person search,2026-07-22T19:30:00+00:00,False,,53.659706,-1.793485,Male,18-24,Asian/Asian British - Any other Asian background,,Misuse of Drugs Act 1971 (section 23),Controlled drugs,A no further action disposal,True,
Person and Vehicle search,2026-07-22T19:40:00+00:00,False,,53.745688,-1.604270,Male,over 34,White - English/Welsh/Scottish/Northern Irish/British,,Misuse of Drugs Act 1971 (section 23),Controlled drugs,A no further action disposal,True,
Person search,2026-07-22T19:40:00+00:00,False,,53.745688,-1.604270,Male,over 34,White - English/Welsh/Scottish/Northern Irish/British,,Misuse of Drugs Act 1971 (section 23),Controlled drugs,A no further action disposal,True,
Person and Vehicle search,2026-07-22T20:27:00+00:00,False,,,,Male,over 34,Other ethnic group - Not stated,,Misuse of Drugs Act 1971 (section 23),Controlled drugs,Arrest,True,
Person and Vehicle search,2026-07-22T21:40:00+00:00,False,,53.806605,-1.787116,Male,25-34,White - Any other White background,,Misuse of Drugs Act 1971 (section 23),Controlled drugs,Community resolution,True,
Person search,2026-07-22T22:22:00+00:00,False,,53.766505,-1.765307,Male,18-24,,,Misuse of Drugs Act 1971 (section 23),Controlled drugs,A no further action disposal,True,
Person and Vehicle search,2026-07-22T22:26:00+00:00,False,,53.766505,-1.765307,Male,18-24,,,Misuse of Drugs Act 1971 (section 23),Controlled drugs,A no further action disposal,True,
Person search,2026-07-22T22:30:00+00:00,False,,53.706550,-1.885331,Male,18-24,White - English/Welsh/Scottish/Northern Irish/British,,Police and Criminal Evidence Act 1984 (section 1),Stolen goods,A no further action disposal,True,
Person search,2026-07-22T22:32:00+00:00,False,,53.706550,-1.885331,Female,18-24,White - English/Welsh/Scottish/Northern Irish/British,,Police and Criminal Evidence Act 1984 (section 1),Stolen goods,A no further action disposal,True,
Person search,2026-07-22T22:51:00+00:00,False,,53.706550,-1.885331,Male,18-24,White - English/Welsh/Scottish/Northern Irish/British,,Police and Criminal Evidence Act 1984 (section 1),Article for use in theft,A no further action disposal,True,
Person and Vehicle search,2026-07-22T22:52:00+00:00,False,,53.792767,-1.769486,Female,over 34,,,Misuse of Drugs Act 1971 (section 23),Controlled drugs,A no further action disposal,True,
Person search,2026-07-22T22:52:00+00:00,False,,53.792767,-1.769486,Male,over 34,,,Misuse of Drugs Act 1971 (section 23),Controlled drugs,Community resolution,True,
Person and Vehicle search,2026-07-22T23:08:00+00:00,False,,53.724833,-1.372009,Male,over 34,White - English/Welsh/Scottish/Northern Irish/British,,Misuse of Drugs Act 1971 (section 23),Controlled drugs,A no further action disposal,True,
Person and Vehicle search,2026-07-22T23:08:00+00:00,False,,53.724833,-1.372009,Female,over 34,White - English/Welsh/Scottish/Northern Irish/British,,Misuse of Drugs Act 1971 (section 23),Controlled drugs,A no further action disposal,True,
Person and Vehicle search,2026-07-22T23:15:00+00:00,False,,53.715132,-1.883823,Male,25-34,,,Police and Criminal Evidence Act 1984 (section 1),Offensive weapons,A no further action disposal,True,
Person search,2026-07-22T23:20:00+00:00,False,,53.715132,-1.883823,Male,18-24,,,,,,,
Person search,2026-07-22T23:40:00+00:00,False,,53.724833,-1.372009,Female,over 34,White - English/Welsh/Scottish/Northern Irish/British,,Misuse of Drugs Act 1971 (section 23),Controlled drugs,A no further action disposal,True,
Person and Vehicle search,2026-07-22T23:55:00+00:00,False,,53.813111,-1.442179,Female,18-24,White - English/Welsh/Scottish/Northern Irish/British,,Misuse of Drugs Act 1971 (section 23),Controlled drugs,A no further action disposal,True,
Person search,2026-07-23T00:24:00+00:00,False,,53.814246,-1.510813,Male,25-34,,,Police and Criminal Evidence Act 1984 (section 1),Article for use in theft,A no further action disposal,True,
Person search,2026-07-23T00:29:00+00:00,True,,53.813485,-1.513646,,,,,Police and Criminal Evidence Act 1984 (section 1),Article for use in theft,A no further action disposal,True,
Person search,2026-07-23T00:35:00+00:00,False,,53.673156,-1.488425,Male,18-24,White - English/Welsh/Scottish/Northern Irish/British,,Police and Criminal Evidence Act 1984 (section 1),Controlled drugs,A no further action disposal,True,
Vehicle search,2026-07-23T01:10:00+00:00,False,,53.701170,-1.638269,,,,,Misuse of Drugs Act 1971 (section 23),Controlled drugs,Community resolution,True,
Person and Vehicle search,2026-07-23T01:10:00+00:00,False,,53.790319,-1.762973,,,,,Misuse of Drugs Act 1971 (section 23),Controlled drugs,A no further action disposal,True,
Person search,2026-07-23T01:12:00+00:00,False,,53.790319,-1.762973,,,,,Misuse of Drugs Act 1971 (section 23),Controlled drugs,A no further action disposal,True,
Person search,2026-07-23T01:14:00+00:00,False,,53.790319,-1.762973,,,,,Misuse of Drugs Act 1971 (section 23),Controlled drugs,A no further action disposal,True,
Person search,2026-07-23T01:15:00+00:00,False,,53.774940,-1.802237,Male,18-24,,,Misuse of Drugs Act 1971 (section 23),Controlled drugs,A no further action disposal,True,
Person search,2026-07-23T01:40:00+00:00,False,,53.816571,-1.532505,Male,18-24,Other ethnic group - Arab,,Misuse of Drugs Act 1971 (section 23),Controlled drugs,Community resolution,True,
Person search,2026-07-23T02:03:00+00:00,False,,53.782075,-1.757480,Male,18-24,White - English/Welsh/Scottish/Northern Irish/British,,Misuse of Drugs Act 1971 (section 23),Controlled drugs,Arrest,True,
Person search,2026-07-23T03:20:00+00:00,False,,,,Male,10-17,,,Police and Criminal Evidence Act 1984 (section 1),Article for use in theft,Arrest,True,
Person search,2026-07-23T03:25:00+00:00,False,,53.759405,-1.570711,Male,18-24,White - English/Welsh/Scottish/Northern Irish/British,,Police and Criminal Evidence Act 1984 (section 1),Article for use in theft,Arrest,True,
Person search,2026-07-23T04:30:00+00:00,False,,53.774940,-1.802237,Male,25-34,,,Misuse of Drugs Act 1971 (section 23),Controlled drugs,Community resolution,True,
Person and Vehicle search,2026-07-23T04:30:00+00:00,False,,53.774940,-1.802237,Male,25-34,,,Misuse of Drugs Act 1971 (section 23),Controlled drugs,Community resolution,True,
Person search,2026-07-23T04:30:00+00:00,False,,53.774940,-1.802237,Female,18-24,White - English/Welsh/Scottish/Northern Irish/British,,Misuse of Drugs Act 1971 (section 23),Controlled drugs,A no further action disposal,True,
Person and Vehicle search,2026-07-23T04:30:00+00:00,False,,53.774940,-1.802237,Female,18-24,White - English/Welsh/Scottish/Northern Irish/British,,Misuse of Drugs Act 1971 (section 23),Controlled drugs,A no further action disposal,True,
Person search,2026-07-23T05:13:00+00:00,False,,53.734194,-1.573363,Male,25-34,White - English/Welsh/Scottish/Northern Irish/British,,Police and Criminal Evidence Act 1984 (section 1),Article for use in theft,Arrest,True,
Person search,2026-07-23T06:30:00+00:00,False,,53.794586,-1.749740,Male,18-24,Asian/Asian British - Any other Asian background,,Police and Criminal Evidence Act 1984 (section 1),,A no further action disposal,True,
Person search,2026-07-23T07:50:00+00:00,False,,53.657988,-1.782523,Male,over 34,White - English/Welsh/Scottish/Northern Irish/British,,Misuse of Drugs Act 1971 (section 23),Controlled drugs,A no further action disposal,True,
Person and Vehicle search,2026-07-23T08:00:00+00:00,False,,53.872602,-1.894688,Male,25-34,,,Misuse of Drugs Act 1971 (section 23),Controlled drugs,Arrest,True,
Person search,2026-07-23T09:45:00+00:00,False,,53.800683,-1.542763,Male,25-34,,,Misuse of Drugs Act 1971 (section 23),Controlled drugs,A no further action disposal,True,
Person search,2026-07-23T12:30:00+00:00,False,,53.656080,-1.780929,Male,18-24,White - English/Welsh/Scottish/Northern Irish/British,,Police and Criminal Evidence Act 1984 (section 1),Stolen goods,Arrest,True,
Person search,2026-07-23T13:18:00+00:00,False,,53.776836,-1.543670,,,White - English/Welsh/Scottish/Northern Irish/British,,Misuse of Drugs Act 1971 (section 23),Controlled drugs,A no further action disposal,True,
Person and Vehicle search,2026-07-23T13:22:00+00:00,False,,53.850576,-1.538116,Male,18-24,,,Misuse of Drugs Act 1971 (section 23),,Arrest,True,
Person and Vehicle search,2026-07-23T13:30:00+00:00,False,,53.683829,-1.489507,Male,25-34,,,Misuse of Drugs Act 1971 (section 23),Controlled drugs,A no further action disposal,True,
Person and Vehicle search,2026-07-23T14:37:00+00:00,False,,53.816625,-1.604482,Female,18-24,White - English/Welsh/Scottish/Northern Irish/British,,Misuse of Drugs Act 1971 (section 23),Controlled drugs,A no further action disposal,True,
Vehicle search,2026-07-23T14:55:00+00:00,False,,,,Male,18-24,,,Misuse of Drugs Act 1971 (section 23),Controlled drugs,Summons / charged by post,False,
Person and Vehicle search,2026-07-23T15:24:00+00:00,False,,53.762181,-1.804967,Male,over 34,Other ethnic group - Not stated,,Misuse of Drugs Act 1971 (section 23),Controlled drugs,A no further action disposal,True,
Person search,2026-07-23T15:24:00+00:00,False,,53.762181,-1.804967,Male,over 34,White - English/Welsh/Scottish/Northern Irish/British,,Misuse of Drugs Act 1971 (section 23),Controlled drugs,A no further action disposal,True,
Person search,2026-07-23T15:50:00+00:00,False,,53.709157,-2.102996,Male,over 34,,,Misuse of Drugs Act 1971 (section 23),Controlled drugs,A no further action disposal,True,
Person and Vehicle search,2026-07-23T18:03:00+00:00,False,,53.828753,-1.718180,Male,18-24,White - English/Welsh/Scottish/Northern Irish/British,,Misuse of Drugs Act 1971 (section 23),Controlled drugs,Arrest,True,
Person search,2026-07-23T18:58:00+00:00,False,,53.656967,-1.784344,Male,over 34,White - English/Welsh/Scottish/Northern Irish/British,,Misuse of Drugs Act 1971 (section 23),Controlled drugs,A no further action disposal,True,
Person search,2026-07-23T19:00:00+00:00,False,,53.656967,-1.784344,Male,25-34,White - English/Welsh/Scottish/Northern Irish/British,,Misuse of Drugs Act 1971 (section 23),Controlled drugs,A no further action disposal,True,
Person search,2026-07-23T19:20:00+00:00,False,,53.798265,-1.545097,Male,over 34,White - English/Welsh/Scottish/Northern Irish/British,,Police and Criminal Evidence Act 1984 (section 1),Offensive weapons,A no further action disposal,True,
Vehicle search,2026-07-23T20:00:00+00:00,False,,53.792600,-1.542077,,,,,Misuse of Drugs Act 1971 (section 23),Controlled drugs,Community resolution,True,
Person and Vehicle search,2026-07-23T20:00:00+00:00,False,,53.841581,-1.794097,Male,18-24,White - English/Welsh/Scottish/Northern Irish/British,,Misuse of Drugs Act 1971 (section 23),Controlled drugs,Summons / charged by post,True,
Person search,2026-07-23T20:00:00+00:00,False,,53.792600,-1.542077,Male,18-24,,,Misuse of Drugs Act 1971 (section 23),Controlled drugs,Community resolution,True,
Person search,2026-07-23T20:45:00+00:00,False,,,,Male,18-24,,,Misuse of Drugs Act 1971 (section 23),Controlled drugs,Community resolution,True,
Person and Vehicle search,2026-07-23T20:46:00+00:00,False,,53.774940,-1.802237,Male,18-24,,,Misuse of Drugs Act 1971 (section 23),Controlled drugs,Community resolution,False,
Person and Vehicle search,2026-07-23T20:49:00+00:00,False,,53.774940,-1.802237,Male,18-24,,,Misuse of Drugs Act 1971 (section 23),Controlled drugs,Community resolution,True,
Person search,2026-07-23T22:05:00+00:00,False,,,,Male,over 34,White - English/Welsh/Scottish/Northern Irish/British,,Misuse of Drugs Act 1971 (section 23),Controlled drugs,A no further action disposal,True,
Person search,2026-07-23T22:15:00+00:00,False,,53.588059,-1.678209,Male,10-17,,,Police and Criminal Evidence Act 1984 (section 1),Article for use in theft,Arrest,False,
Person and Vehicle search,2026-07-23T22:43:00+00:00,False,,53.677600,-1.777185,,18-24,,,Misuse of Drugs Act 1971 (section 23),Controlled drugs,Community resolution,True,
Person and Vehicle search,2026-07-23T23:05:00+00:00,False,,53.729412,-1.400937,Male,10-17,White - English/Welsh/Scottish/Northern Irish/British,,Misuse of Drugs Act 1971 (section 23),Controlled drugs,A no further action disposal,True,
Person and Vehicle search,2026-07-23T23:40:00+00:00,False,,53.657795,-1.780285,Male,25-34,,,Misuse of Drugs Act 1971 (section 23),Controlled drugs,A no further action disposal,True,
Person and Vehicle search,2026-07-24T00:00:00+00:00,False,,53.712722,-1.651336,Male,18-24,,,Misuse of Drugs Act 1971 (section 23),Controlled drugs,Community resolution,True,
Person and Vehicle search,2026-07-24T00:25:00+00:00,False,,53.669620,-1.524794,Female,over 34,White - English/Welsh/Scottish/Northern Irish/British,,Misuse of Drugs Act 1971 (section 23),Controlled drugs,Summons / charged by post,False,
Person search,2026-07-24T00:30:00+00:00,False,,53.715132,-1.883823,Female,18-24,White - English/Welsh/Scottish/Northern Irish/British,,Police and Criminal Evidence Act 1984 (section 1),Controlled drugs,Community resolution,False,
Person search,2026-07-24T00:35:00+00:00,False,,53.715132,-1.883823,Female,18-24,White - English/Welsh/Scottish/Northern Irish/British,,Police and Criminal Evidence Act 1984 (section 1),Article for use in theft,A no further action disposal,True,
Person and Vehicle search,2026-07-24T00:45:00+00:00,False,,53.669713,-1.503361,Female,25-34,White - English/Welsh/Scottish/Northern Irish/British,,Misuse of Drugs Act 1971 (section 23),Controlled drugs,A no further action disposal,True,
Person and Vehicle search,2026-07-24T00:50:00+00:00,False,,53.715132,-1.883823,Male,25-34,,,Police and Criminal Evidence Act 1984 (section 1),Article for use in theft,A no further action disposal,True,
Person search,2026-07-24T01:30:00+00:00,False,,,,Male,over 34,,,Police and Criminal Evidence Act 1984 (section 1),Offensive weapons,A no further action disposal,True,
Person search,2026-07-24T02:05:00+00:00,False,,53.715239,-2.096829,Male,10-17,White - English/Welsh/Scottish/Northern Irish/British,,Police and Criminal Evidence Act 1984 (section 1),Article for use in theft,A no further action disposal,True,
Person search,2026-07-24T08:20:00+00:00,False,,53.794979,-1.534339,Male,over 34,White - English/Welsh/Scottish/Northern Irish/British,,Misuse of Drugs Act 1971 (section 23),Controlled drugs,A no further action disposal,True,
Person search,2026-07-24T08:25:00+00:00,False,,53.680293,-1.492865,Male,over 34,White - English/Welsh/Scottish/Northern Irish/British,,Misuse of Drugs Act 1971 (section 23),Controlled drugs,A no further action disposal,True,
Person and Vehicle search,2026-07-24T08:50:00+00:00,False,,53.789141,-1.767457,Male,over 34,,,Misuse of Drugs Act 1971 (section 23),Controlled drugs,A no further action disposal,True,
Person search,2026-07-24T10:40:00+00:00,False,,53.794694,-1.534874,Male,18-24,White - English/Welsh/Scottish/Northern Irish/British,,Misuse of Drugs Act 1971 (section 23),Controlled drugs,Arrest,True,
Person search,2026-07-24T10:45:00+00:00,False,,53.794939,-1.542628,Male,over 34,White - Irish,,Misuse of Drugs Act 1971 (section 23),Controlled drugs,Community resolution,True,
Person and Vehicle search,2026-07-24T11:00:00+00:00,False,,53.690182,-1.482722,Male,25-34,,,Misuse of Drugs Act 1971 (section 23),Controlled drugs,Arrest,True,
Person and Vehicle search,2026-07-24T11:00:00+00:00,False,,53.690182,-1.482722,Male,over 34,White - English/Welsh/Scottish/Northern Irish/British,,Misuse of Drugs Act 1971 (section 23),Controlled drugs,Arrest,True,
Person and Vehicle search,2026-07-24T12:50:00+00:00,False,,53.816602,-1.504573,Male,18-24,White - English/Welsh/Scottish/Northern Irish/British,,Misuse of Drugs Act 1971 (section 23),Controlled drugs,Arrest,True,
Person and Vehicle search,2026-07-24T12:50:00+00:00,False,,53.816602,-1.504573,Male,18-24,White - English/Welsh/Scottish/Northern Irish/British,,Misuse of Drugs Act 1971 (section 23),Controlled drugs,A no further action disposal,True,
Person and Vehicle search,2026-07-24T12:50:00+00:00,False,,53.816602,-1.504573,Male,18-24,White - English/Welsh/Scottish/Northern Irish/British,,Misuse of Drugs Act 1971 (section 23),Controlled drugs,A no further action disposal,True,
Person and Vehicle search,2026-07-24T12:53:00+00:00,False,,53.773441,-1.531285,Male,18-24,White - English/Welsh/Scottish/Northern Irish/British,,Misuse of Drugs Act 1971 (section 23),Controlled drugs,A no further action disposal,True,
Person search,2026-07-24T12:53:00+00:00,False,,53.773441,-1.531285,Male,18-24,,,,,,,
Person search,2026-07-24T13:35:00+00:00,False,,53.806579,-1.508609,Male,over 34,White - English/Welsh/Scottish/Northern Irish/British,,Police and Criminal Evidence Act 1984 (section 1),Offensive weapons,Arrest,False,
Person and Vehicle search,2026-07-24T14:00:00+00:00,False,,53.733137,-1.906875,Male,25-34,White - English/Welsh/Scottish/Northern Irish/British,,Misuse of Drugs Act 1971 (section 23),Controlled drugs,Arrest,True,
Person search,2026-07-24T14:23:00+00:00,False,,53.732651,-1.876090,Male,10-17,White - English/Welsh/Scottish/Northern Irish/British,,Police and Criminal Evidence Act 1984 (section 1),Offensive weapons,Arrest,True,
Person and Vehicle search,2026-07-24T14:49:00+00:00,False,,53.856280,-1.542006,Male,25-34,Other ethnic group - Arab,,Misuse of Drugs Act 1971 (section 23),Controlled drugs,A no further action disposal,True,
Person search,2026-07-24T14:50:00+00:00,False,,53.856623,-1.542458,,,,,Misuse of Drugs Act 1971 (section 23),Controlled drugs,A no further action disposal,True,
Person search,2026-07-24T14:50:00+00:00,False,,53.856623,-1.542458,,,,,Misuse of Drugs Act 1971 (section 23),Controlled drugs,A no further action disposal,True,
Person search,2026-07-24T14:50:00+00:00,False,,53.856623,-1.542458,,,,,Misuse of Drugs Act 1971 (section 23),Controlled drugs,A no further action disposal,True,
Person search,2026-07-24T14:50:00+00:00,False,,53.856623,-1.542458,,,,,Misuse of Drugs Act 1971 (section 23),Controlled drugs,A no further action disposal,True,
Person search,2026-07-24T15:40:00+00:00,True,,53.796355,-1.536859,Male,over 34,White - English/Welsh/Scottish/Northern Irish/British,,Misuse of Drugs Act 1971 (section 23),Controlled drugs,A no further action disposal,True,
Person and Vehicle search,2026-07-24T16:00:00+00:00,False,,53.799838,-1.717675,Male,25-34,,,Misuse of Drugs Act 1971 (section 23),Controlled drugs,Summons / charged by post,True,
Person and Vehicle search,2026-07-24T16:30:00+00:00,False,,53.784455,-1.817491,Male,over 34,,,Misuse of Drugs Act 1971 (section 23),Controlled drugs,Arrest,True,
Person search,2026-07-24T16:50:00+00:00,False,,53.741102,-2.016946,Male,10-17,White - English/Welsh/Scottish/Northern Irish/British,,Misuse of Drugs Act 1971 (section 23),Controlled drugs,Community resolution,True,
Person and Vehicle search,2026-07-24T17:30:00+00:00,False,,53.589764,-1.291345,Male,25-34,White - English/Welsh/Scottish/Northern Irish/British,,Misuse of Drugs Act 1971 (section 23),Controlled drugs,A no further action disposal,True,
Person search,2026-07-24T18:11:00+00:00,True,,53.795405,-1.539876,Male,18-24,,,Misuse of Drugs Act 1971 (section 23),Controlled drugs,A no further action disposal,True,
Person search,2026-07-24T18:20:00+00:00,False,,53.835036,-1.778129,Male,over 34,,,Misuse of Drugs Act 1971 (section 23),Controlled drugs,A no further action disposal,True,
Person search,2026-07-24T18:30:00+00:00,False,,53.835036,-1.778129,Male,25-34,White - English/Welsh/Scottish/Northern Irish/British,,Misuse of Drugs Act 1971 (section 23),Controlled drugs,A no further action disposal,True,
Person search,2026-07-24T18:35:00+00:00,True,,53.796697,-1.546359,Male,over 34,White - English/Welsh/Scottish/Northern Irish/British,,Police and Criminal Evidence Act 1984 (section 1),Offensive weapons,Arrest,True,
Person search,2026-07-24T18:50:00+00:00,False,,53.774506,-1.761499,,,Asian/Asian British - Any other Asian background,,Misuse of Drugs Act 1971 (section 23),Controlled drugs,A no further action disposal,True,
Person search,2026-07-24T19:10:00+00:00,False,,53.794964,-1.537330,Male,over 34,,,Misuse of Drugs Act 1971 (section 23),Controlled drugs,A no further action disposal,True,
Person search,2026-07-24T19:14:00+00:00,False,,53.812391,-1.575941,Male,10-17,,,Police and Criminal Evidence Act 1984 (section 1),Offensive weapons,A no further action disposal,True,
Person search,2026-07-24T19:15:00+00:00,False,,53.813186,-1.515487,Male,25-34,,,Misuse of Drugs Act 1971 (section 23),Controlled drugs,A no further action disposal,True,
Person and Vehicle search,2026-07-24T19:18:00+00:00,False,,53.812163,-1.575184,Male,over 34,,,Police and Criminal Evidence Act 1984 (section 1),Offensive weapons,A no further action disposal,True,
Person search,2026-07-24T19:20:00+00:00,True,,53.807194,-1.509452,Male,18-24,White - English/Welsh/Scottish/Northern Irish/British,,Misuse of Drugs Act 1971 (section 23),Controlled drugs,Arrest,True,
Person and Vehicle search,2026-07-24T19:24:00+00:00,False,,53.836338,-1.787209,Male,18-24,,,Misuse of Drugs Act 1971 (section 23),Controlled drugs,A no further action disposal,True,
Person search,2026-07-24T19:25:00+00:00,True,,53.813186,-1.515487,Male,18-24,,,Misuse of Drugs Act 1971 (section 23),Controlled drugs,A no further action disposal,True,
Person and Vehicle search,2026-07-24T21:00:00+00:00,False,,53.679651,-1.511268,Male,25-34,,,Misuse of Drugs Act 1971 (section 23),Controlled drugs,A no further action disposal,True,
Person search,2026-07-24T21:15:00+00:00,False,,53.793833,-1.753982,Male,10-17,White - English/Welsh/Scottish/Northern Irish/British,,Misuse of Drugs Act 1971 (section 23),Controlled drugs,Arrest,True,
Person search,2026-07-24T22:00:00+00:00,True,,,,Male,25-34,White - English/Welsh/Scottish/Northern Irish/British,,Misuse of Drugs Act 1971 (section 23),Controlled drugs,A no further action disposal,True,
Person search,2026-07-24T22:16:00+00:00,False,,53.815814,-1.523036,Male,18-24,,,,,,,
Person search,2026-07-24T22:30:00+00:00,False,,53.794939,-1.542628,Female,25-34,White - English/Welsh/Scottish/Northern Irish/British,,Misuse of Drugs Act 1971 (section 23),Controlled drugs,Community resolution,True,
Person search,2026-07-24T22:30:00+00:00,False,,53.794939,-1.542628,Female,18-24,White - English/Welsh/Scottish/Northern Irish/British,,Misuse of Drugs Act 1971 (section 23),Controlled drugs,Community resolution,True,
Person and Vehicle search,2026-07-24T22:50:00+00:00,False,,53.786603,-1.789707,Male,over 34,,,Misuse of Drugs Act 1971 (section 23),Controlled drugs,Community resolution,True,
Person search,2026-07-24T22:55:00+00:00,False,,53.786603,-1.789707,,over 34,,,Misuse of Drugs Act 1971 (section 23),Controlled drugs,A no further action disposal,True,
Person and Vehicle search,2026-07-24T22:55:00+00:00,False,,53.786603,-1.789707,Male,over 34,,,Misuse of Drugs Act 1971 (section 23),Controlled drugs,Community resolution,True,
Person search,2026-07-24T23:05:00+00:00,False,,53.763605,-1.702036,Male,25-34,,,Misuse of Drugs Act 1971 (section 23),Controlled drugs,Arrest,False,
Person search,2026-07-24T23:08:00+00:00,False,,53.767261,-1.708260,Male,18-24,,,Police and Criminal Evidence Act 1984 (section 1),Offensive weapons,A no further action disposal,True,
Person search,2026-07-24T23:10:00+00:00,False,,,,Male,25-34,,,Misuse of Drugs Act 1971 (section 23),Controlled drugs,A no further action disposal,True,
Person and Vehicle search,2026-07-24T23:25:00+00:00,False,,53.769774,-1.703221,Male,over 34,White - English/Welsh/Scottish/Northern Irish/British,,Misuse of Drugs Act 1971 (section 23),Controlled drugs,A no further action disposal,True,
Person and Vehicle search,2026-07-24T23:35:00+00:00,False,,53.690981,-1.503777,,,,,Misuse of Drugs Act 1971 (section 23),Controlled drugs,A no further action disposal,True,
Person and Vehicle search,2026-07-24T23:40:00+00:00,False,,53.817323,-1.513648,Male,25-34,,,Misuse of Drugs Act 1971 (section 23),Controlled drugs,A no further action disposal,True,
Person search,2026-07-24T23:40:00+00:00,False,,,,Male,25-34,,,Misuse of Drugs Act 1971 (section 23),Controlled drugs,A no further action disposal,True,
Person and Vehicle search,2026-07-24T23:40:00+00:00,False,,53.793535,-1.546803,Male,25-34,White - English/Welsh/Scottish/Northern Irish/British,,Misuse of Drugs Act 1971 (section 23),Controlled drugs,Community resolution,True,
Person search,2026-07-24T23:45:00+00:00,False,,53.796033,-1.541964,,,White - English/Welsh/Scottish/Northern Irish/British,,Misuse of Drugs Act 1971 (section 23),Controlled drugs,A no further action disposal,True,
Person search,2026-07-24T23:45:00+00:00,False,,53.793535,-1.546803,Male,18-24,White - English/Welsh/Scottish/Northern Irish/British,,Misuse of Drugs Act 1971 (section 23),Controlled drugs,A no further action disposal,True,
Person search,2026-07-24T23:46:00+00:00,False,,53.849764,-1.766909,,,White - English/Welsh/Scottish/Northern Irish/British,,Misuse of Drugs Act 1971 (section 23),Controlled drugs,A no further action disposal,True,
Person and Vehicle search,2026-07-24T23:46:00+00:00,False,,53.849764,-1.766909,Male,18-24,,,Misuse of Drugs Act 1971 (section 23),Controlled drugs,A no further action disposal,True,
Person search,2026-07-24T23:48:00+00:00,False,,53.793535,-1.546803,Male,18-24,White - English/Welsh/Scottish/Northern Irish/British,,Misuse of Drugs Act 1971 (section 23),Controlled drugs,Community resolution,True,
Person and Vehicle search,2026-07-24T23:50:00+00:00,False,,53.849764,-1.766909,,,White - English/Welsh/Scottish/Northern Irish/British,,Misuse of Drugs Act 1971 (section 23),Controlled drugs,A no further action disposal,True,
Person search,2026-07-24T23:50:00+00:00,False,,53.849764,-1.766909,,,White - English/Welsh/Scottish/Northern Irish/British,,Misuse of Drugs Act 1971 (section 23),Controlled drugs,A no further action disposal,True,
Person and Vehicle search,2026-07-25T00:15:00+00:00,False,,53.680293,-1.492865,Male,25-34,,,Misuse of Drugs Act 1971 (section 23),Controlled drugs,A no further action disposal,True,
Person and Vehicle search,2026-07-25T00:15:00+00:00,False,,53.680293,-1.492865,Male,25-34,White - English/Welsh/Scottish/Northern Irish/British,,Misuse of Drugs Act 1971 (section 23),Controlled drugs,A no further action disposal,True,
Person and Vehicle search,2026-07-25T00:20:00+00:00,False,,53.823075,-1.543559,Male,18-24,White - English/Welsh/Scottish/Northern Irish/British,,Misuse of Drugs Act 1971 (section 23),Controlled drugs,Summons / charged by post,False,
Person search,2026-07-25T00:27:00+00:00,False,,53.828414,-1.548144,Male,10-17,,,Misuse of Drugs Act 1971 (section 23),Controlled drugs,Community resolution,True,
Person search,2026-07-25T00:38:00+00:00,False,,53.728366,-1.729870,Male,25-34,White - English/Welsh/Scottish/Northern Irish/British,,Police and Criminal Evidence Act 1984 (section 1),Controlled drugs,Arrest,False,
Person search,2026-07-25T01:00:00+00:00,False,,53.747031,-1.893500,Male,10-17,White - English/Welsh/Scottish/Northern Irish/British,,Police and Criminal Evidence Act 1984 (section 1),Article for use in theft,A no further action disposal,True,
Person search,2026-07-25T01:30:00+00:00,False,,53.784548,-1.736689,Male,25-34,,,Misuse of Drugs Act 1971 (section 23),Controlled drugs,A no further action disposal,True,
Person and Vehicle search,2026-07-25T01:30:00+00:00,False,,53.784548,-1.736689,Male,18-24,,,Misuse of Drugs Act 1971 (section 23),Controlled drugs,A no further action disposal,False,
Person search,2026-07-25T01:30:00+00:00,False,,53.784548,-1.736689,Male,25-34,,,Misuse of Drugs Act 1971 (section 23),Controlled drugs,A no further action disposal,True,
Person and Vehicle search,2026-07-25T03:20:00+00:00,False,,53.850102,-1.842074,Female,18-24,,,Misuse of Drugs Act 1971 (section 23),Controlled drugs,A no further action disposal,True,
Person and Vehicle search,2026-07-25T03:20:00+00:00,False,,53.850102,-1.842074,Male,25-34,,,Misuse of Drugs Act 1971 (section 23),Controlled drugs,A no further action disposal,True,
Person and Vehicle search,2026-07-25T04:20:00+00:00,False,,53.722875,-1.862570,,,White - English/Welsh/Scottish/Northern Irish/British,,Misuse of Drugs Act 1971 (section 23),Controlled drugs,A no further action disposal,True,
Person search,2026-07-25T07:30:00+00:00,False,,53.647829,-1.499488,Male,over 34,White - English/Welsh/Scottish/Northern Irish/British,,Misuse of Drugs Act 1971 (section 23),Controlled drugs,A no further action disposal,True,
Person and Vehicle search,2026-07-25T08:15:00+00:00,False,,53.665900,-1.821635,Male,over 34,White - English/Welsh/Scottish/Northern Irish/British,,Misuse of Drugs Act 1971 (section 23),Controlled drugs,Summons / charged by post,False,
Person and Vehicle search,2026-07-25T08:25:00+00:00,True,,53.705602,-1.864656,Male,25-34,White - English/Welsh/Scottish/Northern Irish/British,,Misuse of Drugs Act 1971 (section 23),Controlled drugs,Arrest,True,
Person and Vehicle search,2026-07-25T08:30:00+00:00,True,,53.726287,-1.865228,Male,18-24,,,Misuse of Drugs Act 1971 (section 23),Controlled drugs,Arrest,True,
Person search,2026-07-25T08:39:00+00:00,False,,53.707106,-1.674091,Female,over 34,White - English/Welsh/Scottish/Northern Irish/British,,Police and Criminal Evidence Act 1984 (section 1),,Arrest,True,
Person and Vehicle search,2026-07-25T08:48:00+00:00,False,,53.765631,-1.764113,Female,over 34,,,Misuse of Drugs Act 1971 (section 23),Controlled drugs,Arrest,True,
Person search,2026-07-25T09:35:00+00:00,False,,53.800938,-1.543535,Male,over 34,Other ethnic group - Not stated,,Police and Criminal Evidence Act 1984 (section 1),Stolen goods,Arrest,True,
Person and Vehicle search,2026-07-25T10:20:00+00:00,False,,,,Male,18-24,,,Misuse of Drugs Act 1971 (section 23),Controlled drugs,A no further action disposal,True,
Person and Vehicle search,2026-07-25T10:50:00+00:00,False,,53.770205,-1.763693,Male,over 34,White - English/Welsh/Scottish/Northern Irish/British,,Misuse of Drugs Act 1971 (section 23),Controlled drugs,Arrest,False,
Person and Vehicle search,2026-07-25T10:55:00+00:00,False,,53.807784,-1.537994,Male,18-24,White - English/Welsh/Scottish/Northern Irish/British,,Misuse of Drugs Act 1971 (section 23),Controlled drugs,A no further action disposal,True,
Person and Vehicle search,2026-07-25T11:20:00+00:00,False,,53.794071,-1.715437,Male,over 34,White - English/Welsh/Scottish/Northern Irish/British,,Misuse of Drugs Act 1971 (section 23),Controlled drugs,Arrest,True,
Person search,2026-07-25T12:35:00+00:00,False,,53.834563,-1.774971,Male,18-24,,,Misuse of Drugs Act 1971 (section 23),Controlled drugs,Arrest,False,
Person and Vehicle search,2026-07-25T15:15:00+00:00,False,,53.624677,-1.885492,Male,over 34,White - English/Welsh/Scottish/Northern Irish/British,,Misuse of Drugs Act 1971 (section 23),Controlled drugs,Arrest,True,
Person and Vehicle search,2026-07-25T16:00:00+00:00,False,,53.636646,-1.376722,Male,18-24,White - Any other White background,,Police and Criminal Evidence Act 1984 (section 1),Offensive weapons,A no further action disposal,True,
Person and Vehicle search,2026-07-25T16:10:00+00:00,False,,53.796058,-1.719249,Male,over 34,,,Misuse of Drugs Act 1971 (section 23),Controlled drugs,Summons / charged by post,True,
Person and Vehicle search,2026-07-25T16:20:00+00:00,False,,53.727450,-1.356965,Male,over 34,White - English/Welsh/Scottish/Northern Irish/British,,Police and Criminal Evidence Act 1984 (section 1),Article for use in theft,A no further action disposal,True,
Person search,2026-07-25T16:30:00+00:00,False,,53.636646,-1.376722,Male,10-17,White - English/Welsh/Scottish/Northern Irish/British,,Police and Criminal Evidence Act 1984 (section 1),Offensive weapons,A no further action disposal,True,
Person search,2026-07-25T16:40:00+00:00,True,,53.794796,-1.538030,Male,10-17,Other ethnic group - Not stated,,Misuse of Drugs Act 1971 (section 23),Controlled drugs,A no further action disposal,True,
Person search,2026-07-25T16:45:00+00:00,True,,53.794796,-1.538030,Male,10-17,,,Misuse of Drugs Act 1971 (section 23),Controlled drugs,A no further action disposal,True,
Person search,2026-07-25T16:54:00+00:00,True,,,,,,Black/African/Caribbean/Black British - Any other Black/African/Caribbean background,,Misuse of Drugs Act 1971 (section 23),Controlled drugs,A no further action disposal,True,
Person search,2026-07-25T16:55:00+00:00,True,,,,,,,,Misuse of Drugs Act 1971 (section 23),Controlled drugs,A no further action disposal,True,
Person search,2026-07-25T16:59:00+00:00,True,,,,,,Black/African/Caribbean/Black British - Any other Black/African/Caribbean background,,Misuse of Drugs Act 1971 (section 23),Controlled drugs,A no further action disposal,True,
Person search,2026-07-25T17:00:00+00:00,True,,,,Male,10-17,,,Misuse of Drugs Act 1971 (section 23),Controlled drugs,A no further action disposal,True,
Person search,2026-07-25T17:15:00+00:00,True,,53.795405,-1.539876,Male,25-34,,,Police and Criminal Evidence Act 1984 (section 1),Stolen goods,A no further action disposal,True,
Person search,2026-07-25T17:20:00+00:00,False,,53.723875,-1.856292,Male,10-17,White - English/Welsh/Scottish/Northern Irish/British,,Police and Criminal Evidence Act 1984 (section 1),Stolen goods,A no further action disposal,True,
Person and Vehicle search,2026-07-25T17:25:00+00:00,False,,53.855974,-1.520290,Male,25-34,Other ethnic group - Arab,,Misuse of Drugs Act 1971 (section 23),Controlled drugs,A no further action disposal,True,
Person search,2026-07-25T17:30:00+00:00,False,,53.855974,-1.520290,Male,10-17,Black/African/Caribbean/Black British - Any other Black/African/Caribbean background,,Misuse of Drugs Act 1971 (section 23),Controlled drugs,A no further action disposal,True,
Person search,2026-07-25T17:33:00+00:00,False,,53.861081,-1.526065,,,Asian/Asian British - Any other Asian background,,Misuse of Drugs Act 1971 (section 23),Controlled drugs,A no further action disposal,True,
Person search,2026-07-25T17:33:00+00:00,False,,53.861081,-1.526065,,,,,Misuse of Drugs Act 1971 (section 23),Controlled drugs,A no further action disposal,True,
Person search,2026-07-25T17:33:00+00:00,False,,53.861081,-1.526065,,,Black/African/Caribbean/Black British - Any other Black/African/Caribbean background,,Misuse of Drugs Act 1971 (section 23),Controlled drugs,A no further action disposal,True,
Person search,2026-07-25T17:33:00+00:00,False,,53.861081,-1.526065,,,White - Any other White background,,Misuse of Drugs Act 1971 (section 23),Controlled drugs,A no further action disposal,True,
Person search,2026-07-25T17:50:00+00:00,True,,53.808733,-1.516526,Male,25-34,Asian/Asian British - Any other Asian background,,Misuse of Drugs Act 1971 (section 23),Controlled drugs,A no further action disposal,True,
Person and Vehicle search,2026-07-25T17:51:00+00:00,False,,53.641734,-1.806354,Male,over 34,,,Misuse of Drugs Act 1971 (section 23),Controlled drugs,A no further action disposal,True,
Person search,2026-07-25T18:20:00+00:00,False,,53.636736,-1.374846,Male,18-24,White - Any other White background,,Police and Criminal Evidence Act 1984 (section 1),Controlled drugs,A no further action disposal,True,
Person search,2026-07-25T18:36:00+00:00,False,,,,Male,18-24,White - English/Welsh/Scottish/Northern Irish/British,,Police and Criminal Evidence Act 1984 (section 1),,A no further action disposal,True,
Person search,2026-07-25T18:55:00+00:00,False,,53.641561,-1.841779,Male,10-17,,,Police and Criminal Evidence Act 1984 (section 1),Offensive weapons,Arrest,True,
Person search,2026-07-25T19:00:00+00:00,False,,53.641561,-1.841779,Male,10-17,White - English/Welsh/Scottish/Northern Irish/British,,Police and Criminal Evidence Act 1984 (section 1),,A no further action disposal,True,
Person and Vehicle search,2026-07-25T20:00:00+00:00,False,,53.814990,-1.487080,Male,18-24,,,Misuse of Drugs Act 1971 (section 23),Controlled drugs,Community resolution,True,
Person search,2026-07-25T20:00:00+00:00,False,,53.814990,-1.487080,Male,,,,Misuse of Drugs Act 1971 (section 23),Controlled drugs,A no further action disposal,True,
Person search,2026-07-25T20:00:00+00:00,False,,53.814990,-1.487080,Male,18-24,,,Misuse of Drugs Act 1971 (section 23),Controlled drugs,Community resolution,True,
Person and Vehicle search,2026-07-25T20:15:00+00:00,False,,53.764149,-1.760010,Male,18-24,,,Firearms Act 1968 (section 47),Firearms,A no further action disposal,True,
Person search,2026-07-25T20:15:00+00:00,False,,53.813699,-1.491698,Male,18-24,Asian/Asian British - Any other Asian background,,Misuse of Drugs Act 1971 (section 23),Controlled drugs,A no further action disposal,True,
Person and Vehicle search,2026-07-25T20:15:00+00:00,False,,53.767013,-1.753835,Male,18-24,,,Firearms Act 1968 (section 47),Firearms,A no further action disposal,True,
Person and Vehicle search,2026-07-25T20:15:00+00:00,False,,53.813699,-1.491698,Male,18-24,,,Misuse of Drugs Act 1971 (section 23),Controlled drugs,Community resolution,True,
Person search,2026-07-25T20:15:00+00:00,False,,53.764149,-1.760010,Male,18-24,,,Firearms Act 1968 (section 47),Firearms,A no further action disposal,True,
Person search,2026-07-25T20:15:00+00:00,False,,53.813699,-1.491698,Male,18-24,,,Misuse of Drugs Act 1971 (section 23),Controlled drugs,A no further action disposal,True,
Person and Vehicle search,2026-07-25T20:30:00+00:00,False,,53.837017,-1.761175,Male,over 34,,,Misuse of Drugs Act 1971 (section 23),Controlled drugs,Community resolution,False,
Person and Vehicle search,2026-07-25T20:30:00+00:00,False,,53.837017,-1.761175,Male,over 34,,,Misuse of Drugs Act 1971 (section 23),Controlled drugs,A no further action disposal,True,
Person search,2026-07-25T20:45:00+00:00,True,,,,Male,over 34,,,Misuse of Drugs Act 1971 (section 23),Controlled drugs,A no further action disposal,True,
Person and Vehicle search,2026-07-25T20:57:00+00:00,True,,53.826704,-1.562261,Male,25-34,,,Police and Criminal Evidence Act 1984 (section 1),,A no further action disposal,True,
Person search,2026-07-25T21:20:00+00:00,False,,53.793833,-1.753982,Male,10-17,White - English/Welsh/Scottish/Northern Irish/British,,Misuse of Drugs Act 1971 (section 23),Controlled drugs,Arrest,True,
Person search,2026-07-25T21:30:00+00:00,True,,53.809852,-1.508874,Male,18-24,Asian/Asian British - Any other Asian background,,Misuse of Drugs Act 1971 (section 23),Controlled drugs,A no further action disposal,True,
Person search,2026-07-25T21:40:00+00:00,True,,53.809074,-1.516598,Male,18-24,,,Misuse of Drugs Act 1971 (section 23),Controlled drugs,Caution (simple or conditional),True,
Person search,2026-07-25T21:40:00+00:00,True,,53.809074,-1.516598,Male,25-34,,,Misuse of Drugs Act 1971 (section 23),Controlled drugs,A no further action disposal,True,
Person search,2026-07-25T21:40:00+00:00,True,,,,Male,over 34,,,Misuse of Drugs Act 1971 (section 23),Controlled drugs,A no further action disposal,True,
Person search,2026-07-25T21:49:00+00:00,True,,53.796033,-1.541964,Male,18-24,White - Any other White background,,Misuse of Drugs Act 1971 (section 23),Controlled drugs,Community resolution,True,
Vehicle search,2026-07-25T21:50:00+00:00,False,,53.727077,-1.874833,,,,,Police and Criminal Evidence Act 1984 (section 1),Stolen goods,A no further action disposal,True,
Person search,2026-07-25T21:51:00+00:00,False,,,,Female,25-34,White - English/Welsh/Scottish/Northern Irish/British,,Misuse of Drugs Act 1971 (section 23),Controlled drugs,A no further action disposal,True,
Person search,2026-07-25T22:12:00+00:00,False,,53.787237,-1.797793,,,,,Misuse of Drugs Act 1971 (section 23),Controlled drugs,A no further action disposal,True,
Person and Vehicle search,2026-07-25T22:25:00+00:00,False,,53.800230,-1.766151,Male,over 34,,,Misuse of Drugs Act 1971 (section 23),Controlled drugs,Summons / charged by post,True,
Person search,2026-07-25T22:30:00+00:00,False,,53.692778,-1.630678,Male,over 34,,,Misuse of Drugs Act 1971 (section 23),Controlled drugs,A no further action disposal,True,
Person search,2026-07-25T22:30:00+00:00,False,,53.692778,-1.630678,Male,18-24,,,Misuse of Drugs Act 1971 (section 23),Controlled drugs,A no further action disposal,True,
Person and Vehicle search,2026-07-25T22:40:00+00:00,False,,53.686038,-1.724554,Female,18-24,,,Misuse of Drugs Act 1971 (section 23),Controlled drugs,A no further action disposal,True,
Person search,2026-07-25T22:40:00+00:00,False,,53.686038,-1.724554,Male,10-17,,,Misuse of Drugs Act 1971 (section 23),Controlled drugs,A no further action disposal,True,
Person search,2026-07-25T22:40:00+00:00,False,,53.686038,-1.724554,Male,10-17,White - English/Welsh/Scottish/Northern Irish/British,,Misuse of Drugs Act 1971 (section 23),Controlled drugs,A no further action disposal,True,
Person search,2026-07-25T22:40:00+00:00,False,,53.686038,-1.724554,Female,18-24,,,Misuse of Drugs Act 1971 (section 23),Controlled drugs,A no further action disposal,True,
Person search,2026-07-25T23:50:00+00:00,False,,,,Male,18-24,,,Misuse of Drugs Act 1971 (section 23),Controlled drugs,A no further action disposal,True,
Person and Vehicle search,2026-07-26T00:10:00+00:00,False,,53.801814,-1.802369,Male,25-34,,,Misuse of Drugs Act 1971 (section 23),Controlled drugs,A no further action disposal,True,
Person search,2026-07-26T00:40:00+00:00,False,,53.794460,-1.541951,Male,18-24,White - English/Welsh/Scottish/Northern Irish/British,,Misuse of Drugs Act 1971 (section 23),Controlled drugs,Community resolution,True,
Person search,2026-07-26T00:45:00+00:00,False,,53.794460,-1.541951,Male,18-24,,,Misuse of Drugs Act 1971 (section 23),Controlled drugs,A no further action disposal,True,
Person and Vehicle search,2026-07-26T01:01:00+00:00,False,,53.781192,-1.805926,Male,25-34,,,Misuse of Drugs Act 1971 (section 23),Controlled drugs,Community resolution,True,
Person and Vehicle search,2026-07-26T01:10:00+00:00,False,,53.790990,-1.563376,Male,25-34,,,Misuse of Drugs Act 1971 (section 23),Controlled drugs,A no further action disposal,True,
Person and Vehicle search,2026-07-26T01:30:00+00:00,False,,53.657914,-1.429324,Male,25-34,White - English/Welsh/Scottish/Northern Irish/British,,Misuse of Drugs Act 1971 (section 23),Controlled drugs,A no further action disposal,True,
Person search,2026-07-26T01:50:00+00:00,False,,53.768363,-1.759334,,,,,Misuse of Drugs Act 1971 (section 23),Controlled drugs,A no further action disposal,True,
Person search,2026-07-26T01:50:00+00:00,False,,53.767736,-1.760278,,,,,Misuse of Drugs Act 1971 (section 23),Controlled drugs,A no further action disposal,True,
Person and Vehicle search,2026-07-26T01:50:00+00:00,False,,53.767736,-1.760278,,,,,Misuse of Drugs Act 1971 (section 23),Controlled drugs,A no further action disposal,True,
Person and Vehicle search,2026-07-26T01:50:00+00:00,False,,53.768363,-1.759334,,,,,Misuse of Drugs Act 1971 (section 23),Controlled drugs,A no further action disposal,True,
Person search,2026-07-26T02:10:00+00:00,False,,53.800631,-1.746867,Male,25-34,White - English/Welsh/Scottish/Northern Irish/British,,Police and Criminal Evidence Act 1984 (section 1),Offensive weapons,A no further action disposal,True,
Person search,2026-07-26T02:10:00+00:00,False,,53.800631,-1.746867,Male,18-24,,,Police and Criminal Evidence Act 1984 (section 1),Offensive weapons,A no further action disposal,True,
Vehicle search,2026-07-26T04:45:00+00:00,False,,53.868125,-1.915366,,,,,Police and Criminal Evidence Act 1984 (section 1),Offensive weapons,A no further action disposal,True,
Person search,2026-07-26T07:58:00+00:00,False,,53.809888,-1.513308,Male,25-34,Asian/Asian British - Any other Asian background,,Misuse of Drugs Act 1971 (section 23),Controlled drugs,A no further action disposal,True,
Person search,2026-07-26T08:23:00+00:00,False,,53.796746,-1.803046,Male,25-34,White - English/Welsh/Scottish/Northern Irish/British,,Police and Criminal Evidence Act 1984 (section 1),Article for use in theft,Arrest,True,
Person search,2026-07-26T08:30:00+00:00,False,,53.811248,-1.507370,Male,25-34,Asian/Asian British - Any other Asian background,,Misuse of Drugs Act 1971 (section 23),Controlled drugs,,True,
Person search,2026-07-26T08:52:00+00:00,False,,53.720655,-1.862441,Male,25-34,White - English/Welsh/Scottish/Northern Irish/British,,Misuse of Drugs Act 1971 (section 23),Controlled drugs,A no further action disposal,True,
Person search,2026-07-26T09:45:00+00:00,True,,53.723952,-1.350153,Male,over 34,White - Any other White background,,Misuse of Drugs Act 1971 (section 23),Controlled drugs,A no further action disposal,True,
Person search,2026-07-26T09:45:00+00:00,True,,53.723700,-1.349975,Male,over 34,White - Any other White background,,Misuse of Drugs Act 1971 (section 23),Controlled drugs,Summons / charged by post,True,
Person search,2026-07-26T10:40:00+00:00,False,,53.763556,-1.799090,Male,25-34,White - English/Welsh/Scottish/Northern Irish/British,,Misuse of Drugs Act 1971 (section 23),Controlled drugs,Arrest,True,
Person search,2026-07-26T11:10:00+00:00,False,,53.797144,-1.536183,Male,10-17,White - English/Welsh/Scottish/Northern Irish/British,,Misuse of Drugs Act 1971 (section 23),Controlled drugs,A no further action disposal,True,
Person search,2026-07-26T11:50:00+00:00,False,,53.800683,-1.542763,Male,over 34,,,Police and Criminal Evidence Act 1984 (section 1),,Community resolution,False,
Person search,2026-07-26T12:20:00+00:00,False,,53.796355,-1.536859,Female,over 34,,,Police and Criminal Evidence Act 1984 (section 1),Offensive weapons,Arrest,False,
Person search,2026-07-26T12:46:00+00:00,False,,53.680293,-1.492865,Male,25-34,White - English/Welsh/Scottish/Northern Irish/British,,Misuse of Drugs Act 1971 (section 23),Controlled drugs,A no further action disposal,True,
Person and Vehicle search,2026-07-26T13:20:00+00:00,False,,53.801673,-1.722355,Male,10-17,,,Misuse of Drugs Act 1971 (section 23),Controlled drugs,A no further action disposal,True,
Person search,2026-07-26T13:30:00+00:00,False,,53.680293,-1.492865,Male,over 34,White - English/Welsh/Scottish/Northern Irish/British,,Misuse of Drugs Act 1971 (section 23),Controlled drugs,A no further action disposal,True,
Person search,2026-07-26T13:55:00+00:00,False,,53.806659,-1.584472,Male,over 34,White - English/Welsh/Scottish/Northern Irish/British,,Misuse of Drugs Act 1971 (section 23),Controlled drugs,Arrest,True,
Person and Vehicle search,2026-07-26T14:00:00+00:00,False,,53.783861,-1.765337,Male,18-24,,,Misuse of Drugs Act 1971 (section 23),Controlled drugs,Arrest,False,
Person search,2026-07-26T14:18:00+00:00,False,,53.682461,-1.837826,Female,10-17,White - English/Welsh/Scottish/Northern Irish/British,,Police and Criminal Evidence Act 1984 (section 1),Offensive weapons,A no further action disposal,True,
Person and Vehicle search,2026-07-26T15:45:00+00:00,False,,53.811855,-1.491280,Male,over 34,White - English/Welsh/Scottish/Northern Irish/British,,Police and Criminal Evidence Act 1984 (section 1),Offensive weapons,A no further action disposal,True,
Person and Vehicle search,2026-07-26T16:48:00+00:00,False,,53.809074,-1.516598,Male,over 34,,,Misuse of Drugs Act 1971 (section 23),Controlled drugs,A no further action disposal,True,
Person and Vehicle search,2026-07-26T17:00:00+00:00,False,,53.809074,-1.516598,Male,18-24,,,Misuse of Drugs Act 1971 (section 23),Controlled drugs,A no further action disposal,True,
Person search,2026-07-26T17:14:00+00:00,False,,53.809074,-1.516598,Male,25-34,,,Misuse of Drugs Act 1971 (section 23),Controlled drugs,Arrest,True,
Person and Vehicle search,2026-07-26T17:15:00+00:00,False,,53.809074,-1.516598,Female,18-24,,,Misuse of Drugs Act 1971 (section 23),Controlled drugs,A no further action disposal,True,
Person search,2026-07-26T17:40:00+00:00,False,,53.793041,-1.753288,,,Asian/Asian British - Any other Asian background,,Misuse of Drugs Act 1971 (section 23),Controlled drugs,A no further action disposal,True,
Person and Vehicle search,2026-07-26T17:40:00+00:00,False,,53.722342,-1.646210,Male,10-17,White - English/Welsh/Scottish/Northern Irish/British,,Misuse of Drugs Act 1971 (section 23),Controlled drugs,Community resolution,True,
Person and Vehicle search,2026-07-26T17:40:00+00:00,False,,53.722342,-1.646210,Male,10-17,White - English/Welsh/Scottish/Northern Irish/British,,Misuse of Drugs Act 1971 (section 23),Controlled drugs,A no further action disposal,True,
Person search,2026-07-26T17:45:00+00:00,False,,53.793041,-1.753288,Female,18-24,,,Misuse of Drugs Act 1971 (section 23),Controlled drugs,A no further action disposal,True,
Person and Vehicle search,2026-07-26T19:05:00+00:00,False,,53.795734,-1.822573,Male,25-34,White - English/Welsh/Scottish/Northern Irish/British,,Misuse of Drugs Act 1971 (section 23),Controlled drugs,Summons / charged by post,True,
Person search,2026-07-26T19:05:00+00:00,False,,53.795734,-1.822573,Female,18-24,,,Misuse of Drugs Act 1971 (section 23),Controlled drugs,Community resolution,True,
Person search,2026-07-26T19:10:00+00:00,False,,53.809647,-1.507221,Male,18-24,,,Police and Criminal Evidence Act 1984 (section 1),Offensive weapons,Arrest,True,
Person and Vehicle search,2026-07-26T19:40:00+00:00,False,,53.824645,-1.538082,Male,over 34,,,Misuse of Drugs Act 1971 (section 23),Controlled drugs,Arrest,True,
Person and Vehicle search,2026-07-26T20:37:00+00:00,False,,53.787373,-1.725864,Male,25-34,,,Misuse of Drugs Act 1971 (section 23),Controlled drugs,Arrest,True,
Person search,2026-07-26T20:37:00+00:00,False,,53.787373,-1.725864,Female,10-17,White - English/Welsh/Scottish/Northern Irish/British,,Misuse of Drugs Act 1971 (section 23),Controlled drugs,A no further action disposal,True,
Person search,2026-07-26T20:37:00+00:00,False,,53.787373,-1.725864,Female,10-17,White - English/Welsh/Scottish/Northern Irish/British,,Misuse of Drugs Act 1971 (section 23),Controlled drugs,A no further action disposal,True,
Person and Vehicle search,2026-07-26T20:45:00+00:00,False,,53.793591,-1.741550,Male,25-34,,,Misuse of Drugs Act 1971 (section 23),Controlled drugs,Community resolution,True,
Person and Vehicle search,2026-07-26T20:45:00+00:00,False,,53.793591,-1.741550,Male,25-34,,,Misuse of Drugs Act 1971 (section 23),Controlled drugs,Arrest,True,
Person and Vehicle search,2026-07-26T20:45:00+00:00,False,,53.793591,-1.741550,Male,18-24,,,Misuse of Drugs Act 1971 (section 23),Controlled drugs,A no further action disposal,True,
Person and Vehicle search,2026-07-26T20:45:00+00:00,False,,53.793591,-1.741550,Male,25-34,,,Misuse of Drugs Act 1971 (section 23),Controlled drugs,A no further action disposal,True,
Person search,2026-07-26T20:50:00+00:00,False,,53.805034,-1.569547,Male,18-24,,,Misuse of Drugs Act 1971 (section 23),Controlled drugs,A no further action disposal,True,
Person and Vehicle search,2026-07-26T20:50:00+00:00,False,,53.805034,-1.569547,Male,18-24,,,Misuse of Drugs Act 1971 (section 23),Controlled drugs,A no further action disposal,True,
Person search,2026-07-26T20:50:00+00:00,False,,53.805034,-1.569547,Male,25-34,White - Any other White background,,Misuse of Drugs Act 1971 (section 23),Controlled drugs,A no further action disposal,True,
Person search,2026-07-26T20:50:00+00:00,False,,53.805034,-1.569547,Male,25-34,White - Any other White background,,Misuse of Drugs Act 1971 (section 23),Controlled drugs,A no further action disposal,True,
Person search,2026-07-26T21:10:00+00:00,False,,53.613472,-1.700327,Male,18-24,White - English/Welsh/Scottish/Northern Irish/British,,Police and Criminal Evidence Act 1984 (section 1),Article for use in theft,A no further action disposal,True,
Person and Vehicle search,2026-07-26T21:15:00+00:00,False,,53.792735,-1.772259,Male,25-34,,,Misuse of Drugs Act 1971 (section 23),Controlled drugs,A no further action disposal,True,
Person search,2026-07-26T21:30:00+00:00,False,,53.714731,-1.353568,Female,10-17,White - English/Welsh/Scottish/Northern Irish/British,,Police and Criminal Evidence Act 1984 (section 1),Offensive weapons,A no further action disposal,True,
Person search,2026-07-26T22:00:00+00:00,False,,53.809074,-1.516598,Male,over 34,Asian/Asian British - Any other Asian background,,Misuse of Drugs Act 1971 (section 23),Controlled drugs,A no further action disposal,True,
Person search,2026-07-26T22:11:00+00:00,False,,53.810387,-1.516583,Male,25-34,White - English/Welsh/Scottish/Northern Irish/British,,Misuse of Drugs Act 1971 (section 23),Controlled drugs,A no further action disposal,True,
Person search,2026-07-26T22:15:00+00:00,False,,53.828414,-1.548144,Male,10-17,White - English/Welsh/Scottish/Northern Irish/British,,Misuse of Drugs Act 1971 (section 23),Controlled drugs,A no further action disposal,True,
Person search,2026-07-26T22:30:00+00:00,False,,53.828414,-1.548144,Female,10-17,White - English/Welsh/Scottish/Northern Irish/British,,Misuse of Drugs Act 1971 (section 23),Controlled drugs,A no further action disposal,True,
Person and Vehicle search,2026-07-26T22:35:00+00:00,False,,53.828414,-1.548144,Male,over 34,White - English/Welsh/Scottish/Northern Irish/British,,Misuse of Drugs Act 1971 (section 23),Controlled drugs,A no further action disposal,True,
Vehicle search,2026-07-26T22:35:00+00:00,False,,53.828414,-1.548144,Male,10-17,,,Misuse of Drugs Act 1971 (section 23),Controlled drugs,A no further action disposal,True,
Person and Vehicle search,2026-07-27T00:00:00+00:00,False,,53.801066,-1.602125,Male,18-24,,,Police and Criminal Evidence Act 1984 (section 1),,A no further action disposal,True,
Person search,2026-07-27T00:00:00+00:00,False,,53.864822,-1.910491,Male,over 34,White - English/Welsh/Scottish/Northern Irish/British,,Police and Criminal Evidence Act 1984 (section 1),Article for use in theft,A no further action disposal,True,
Person search,2026-07-27T00:00:00+00:00,False,,53.636122,-1.827840,Male,over 34,,,Misuse of Drugs Act 1971 (section 23),Controlled drugs,,True,
Person and Vehicle search,2026-07-27T00:00:00+00:00,False,,53.633108,-1.832404,Female,25-34,,,Misuse of Drugs Act 1971 (section 23),Controlled drugs,A no further action disposal,True,
Person search,2026-07-27T00:13:00+00:00,False,,53.801066,-1.602125,Male,10-17,,,Police and Criminal Evidence Act 1984 (section 1),,A no further action disposal,True,
Person search,2026-07-27T00:18:00+00:00,False,,53.805628,-1.682469,Male,18-24,,,Police and Criminal Evidence Act 1984 (section 1),Offensive weapons,A no further action disposal,True,
Person search,2026-07-27T00:45:00+00:00,False,,53.805569,-1.806679,Male,18-24,,,Misuse of Drugs Act 1971 (section 23),Controlled drugs,Community resolution,True,
Person search,2026-07-27T00:45:00+00:00,False,,53.805569,-1.806679,Male,18-24,,,Misuse of Drugs Act 1971 (section 23),Controlled drugs,A no further action disposal,True,
Person and Vehicle search,2026-07-27T01:26:00+00:00,False,,53.709160,-1.672802,Male,25-34,Other ethnic group - Not stated,,Police and Criminal Evidence Act 1984 (section 1),Offensive weapons,A no further action disposal,True,
Person search,2026-07-27T01:50:00+00:00,False,,53.824577,-1.731273,Female,25-34,,,Misuse of Drugs Act 1971 (section 23),Controlled drugs,Community resolution,True,
Person and Vehicle search,2026-07-27T01:50:00+00:00,False,,53.824577,-1.731273,Male,25-34,,,Misuse of Drugs Act 1971 (section 23),Controlled drugs,A no further action disposal,True,
Person and Vehicle search,2026-07-27T01:55:00+00:00,False,,53.701385,-1.663002,Male,18-24,,,Misuse of Drugs Act 1971 (section 23),Controlled drugs,A no further action disposal,True,
Person search,2026-07-27T02:00:00+00:00,False,,53.770205,-1.763693,Male,25-34,White - Any other White background,,Police and Criminal Evidence Act 1984 (section 1),Article for use in theft,A no further action disposal,True,
Person and Vehicle search,2026-07-27T04:10:00+00:00,False,,53.703108,-1.605897,Male,over 34,White - English/Welsh/Scottish/Northern Irish/British,,Police and Criminal Evidence Act 1984 (section 1),Article for use in theft,Arrest,True,
Person and Vehicle search,2026-07-27T07:00:00+00:00,True,,53.677534,-1.664207,Male,25-34,Other ethnic group - Not stated,,Misuse of Drugs Act 1971 (section 23),Controlled drugs,Community resolution,True,
Person search,2026-07-27T07:53:00+00:00,False,,53.686908,-1.494845,Male,over 34,,,Misuse of Drugs Act 1971 (section 23),Controlled drugs,A no further action disposal,True,
Person search,2026-07-27T08:55:00+00:00,False,,53.809852,-1.508874,Male,18-24,,,Misuse of Drugs Act 1971 (section 23),Controlled drugs,A no further action disposal,True,
Person search,2026-07-27T09:30:00+00:00,False,,53.792539,-1.754065,Male,18-24,,,Misuse of Drugs Act 1971 (section 23),Controlled drugs,Arrest,True,
Person search,2026-07-27T10:15:00+00:00,False,,53.672487,-1.754915,Male,over 34,White - English/Welsh/Scottish/Northern Irish/British,,Police and Criminal Evidence Act 1984 (section 1),Offensive weapons,Arrest,True,
Person search,2026-07-27T12:15:00+00:00,False,,53.795324,-1.762444,Male,over 34,Other ethnic group - Not stated,,Police and Criminal Evidence Act 1984 (section 1),Stolen goods,A no further action disposal,True,
Person and Vehicle search,2026-07-27T12:34:00+00:00,False,,53.708536,-1.340028,Male,18-24,White - English/Welsh/Scottish/Northern Irish/British,,Misuse of Drugs Act 1971 (section 23),,Arrest,False,
Person and Vehicle search,2026-07-27T14:00:00+00:00,False,,53.685085,-1.330250,Male,over 34,White - English/Welsh/Scottish/Northern Irish/British,,Misuse of Drugs Act 1971 (section 23),Controlled drugs,A no further action disposal,True,
Person and Vehicle search,2026-07-27T14:10:00+00:00,False,,53.768587,-1.763566,Male,18-24,White - Any other White background,,Misuse of Drugs Act 1971 (section 23),Controlled drugs,A no further action disposal,True,
Person search,2026-07-27T14:10:00+00:00,False,,53.774506,-1.761499,Male,18-24,,,Misuse of Drugs Act 1971 (section 23),Controlled drugs,A no further action disposal,True,
Person search,2026-07-27T14:45:00+00:00,False,,53.809171,-1.553210,Male,over 34,White - English/Welsh/Scottish/Northern Irish/British,,Police and Criminal Evidence Act 1984 (section 1),Offensive weapons,A no further action disposal,True,
Person and Vehicle search,2026-07-27T16:05:00+00:00,True,,53.710574,-1.903379,Male,18-24,,,Misuse of Drugs Act 1971 (section 23),Controlled drugs,A no further action disposal,True,
Person and Vehicle search,2026-07-27T16:50:00+00:00,False,,53.803881,-1.576437,Male,25-34,White - English/Welsh/Scottish/Northern Irish/British,,Misuse of Drugs Act 1971 (section 23),Controlled drugs,Community resolution,True,
Person and Vehicle search,2026-07-27T17:30:00+00:00,False,,53.835036,-1.778129,Female,25-34,,,Misuse of Drugs Act 1971 (section 23),Controlled drugs,Arrest,True,
Person search,2026-07-27T19:13:00+00:00,False,,53.692153,-1.631880,Male,over 34,White - English/Welsh/Scottish/Northern Irish/British,,Misuse of Drugs Act 1971 (section 23),Controlled drugs,A no further action disposal,True,
Person search,2026-07-27T19:14:00+00:00,False,,53.692153,-1.631880,Female,over 34,White - English/Welsh/Scottish/Northern Irish/British,,Misuse of Drugs Act 1971 (section 23),Controlled drugs,A no further action disposal,True,
Person search,2026-07-27T19:50:00+00:00,False,,53.713285,-1.622866,Male,10-17,Asian/Asian British - Any other Asian background,,Police and Criminal Evidence Act 1984 (section 1),Stolen goods,A no further action disposal,True,
Person and Vehicle search,2026-07-27T19:55:00+00:00,False,,53.830388,-1.537806,Male,over 34,,,Misuse of Drugs Act 1971 (section 23),,Community resolution,True,
Person and Vehicle search,2026-07-27T19:59:00+00:00,False,,53.807146,-1.566959,Male,18-24,,,Misuse of Drugs Act 1971 (section 23),Controlled drugs,A no further action disposal,True,
Person search,2026-07-27T20:20:00+00:00,False,,53.797493,-1.722018,Male,25-34,,,Misuse of Drugs Act 1971 (section 23),Controlled drugs,Arrest,True,
Person search,2026-07-27T20:20:00+00:00,False,,53.797493,-1.722018,Male,18-24,,,Misuse of Drugs Act 1971 (section 23),Controlled drugs,Arrest,True,
Person search,2026-07-27T20:30:00+00:00,False,,53.788072,-1.754121,Male,18-24,,,Misuse of Drugs Act 1971 (section 23),Controlled drugs,Arrest,True,
Person search,2026-07-27T20:30:00+00:00,False,,53.797190,-1.723159,Male,25-34,,,Misuse of Drugs Act 1971 (section 23),Controlled drugs,Arrest,True,
Person search,2026-07-27T20:45:00+00:00,False,,53.643663,-1.778729,Male,25-34,White - English/Welsh/Scottish/Northern Irish/British,,Police and Criminal Evidence Act 1984 (section 1),Offensive weapons,Arrest,False,
Person search,2026-07-27T21:10:00+00:00,False,,53.815529,-1.603713,Male,18-24,Other ethnic group - Not stated,,Police and Criminal Evidence Act 1984 (section 1),Offensive weapons,Arrest,False,
Person search,2026-07-27T23:00:00+00:00,False,,53.674198,-1.527785,Male,25-34,Asian/Asian British - Any other Asian background,,Police and Criminal Evidence Act 1984 (section 1),Article for use in theft,A no further action disposal,True,
Person search,2026-07-27T23:33:00+00:00,False,,53.770062,-1.898297,Male,25-34,,,Misuse of Drugs Act 1971 (section 23),Controlled drugs,A no further action disposal,True,
Person search,2026-07-27T23:33:00+00:00,False,,53.770062,-1.898297,Male,25-34,,,Misuse of Drugs Act 1971 (section 23),Controlled drugs,Community resolution,True,
Person search,2026-07-27T23:33:00+00:00,False,,53.770062,-1.898297,Male,25-34,,,Misuse of Drugs Act 1971 (section 23),Controlled drugs,A no further action disposal,True,
Person search,2026-07-27T23:35:00+00:00,False,,53.770062,-1.898297,Male,18-24,,,Misuse of Drugs Act 1971 (section 23),Controlled drugs,Arrest,False,
Person search,2026-07-28T00:00:00+00:00,False,,53.789302,-1.781208,Male,over 34,,,Misuse of Drugs Act 1971 (section 23),Controlled drugs,A no further action disposal,True,
Person and Vehicle search,2026-07-28T01:00:00+00:00,False,,53.774506,-1.761499,Male,25-34,,,Misuse of Drugs Act 1971 (section 23),Controlled drugs,Community resolution,True,
Person search,2026-07-28T01:23:00+00:00,False,,,,Male,18-24,,,Misuse of Drugs Act 1971 (section 23),Controlled drugs,A no further action disposal,True,
Person search,2026-07-28T01:30:00+00:00,False,,53.797550,-1.536202,Male,10-17,White - English/Welsh/Scottish/Northern Irish/British,,Police and Criminal Evidence Act 1984 (section 1),Offensive weapons,A no further action disposal,True,
Person search,2026-07-28T01:58:00+00:00,False,,53.864822,-1.910491,Male,10-17,White - Any other White background,,Police and Criminal Evidence Act 1984 (section 1),Controlled drugs,Arrest,True,
Person search,2026-07-28T02:00:00+00:00,False,,53.759989,-1.784652,,18-24,,,Misuse of Drugs Act 1971 (section 23),Controlled drugs,Community resolution,True,
Person and Vehicle search,2026-07-28T02:12:00+00:00,False,,53.759989,-1.784652,Male,25-34,,,Misuse of Drugs Act 1971 (section 23),Controlled drugs,A no further action disposal,True,
Person and Vehicle search,2026-07-28T04:46:00+00:00,False,,53.719527,-1.874416,Male,25-34,,,Misuse of Drugs Act 1971 (section 23),Controlled drugs,Community resolution,True,
Person search,2026-07-28T09:15:00+00:00,False,,53.807916,-1.776085,Male,over 34,,,Police and Criminal Evidence Act 1984 (section 1),,A no further action disposal,True,
Person search,2026-07-28T09:40:00+00:00,False,,53.717907,-1.345943,Female,over 34,White - English/Welsh/Scottish/Northern Irish/British,,Misuse of Drugs Act 1971 (section 23),Controlled drugs,Arrest,False,
Person and Vehicle search,2026-07-28T10:00:00+00:00,False,,53.765046,-1.773173,,,Other ethnic group - Not stated,,Misuse of Drugs Act 1971 (section 23),Controlled drugs,A no further action disposal,True,
Person search,2026-07-28T12:00:00+00:00,False,,53.646644,-1.782083,Male,10-17,,,Misuse of Drugs Act 1971 (section 23),Controlled drugs,A no further action disposal,True,
Person search,2026-07-28T12:00:00+00:00,False,,53.650294,-1.782442,Female,over 34,,,Misuse of Drugs Act 1971 (section 23),Controlled drugs,A no further action disposal,True,
Person search,2026-07-28T12:00:00+00:00,False,,53.646644,-1.782083,Male,10-17,,,Misuse of Drugs Act 1971 (section 23),Controlled drugs,A no further action disposal,True,
Person search,2026-07-28T12:00:00+00:00,False,,53.646644,-1.782083,Male,10-17,,,Misuse of Drugs Act 1971 (section 23),Controlled drugs,A no further action disposal,True,
Person search,2026-07-28T12:00:00+00:00,False,,53.646644,-1.782083,Male,10-17,,,Misuse of Drugs Act 1971 (section 23),Controlled drugs,A no further action disposal,True,
Person and Vehicle search,2026-07-28T12:04:00+00:00,False,,53.677038,-1.492496,Male,25-34,White - English/Welsh/Scottish/Northern Irish/British,,Misuse of Drugs Act 1971 (section 23),Controlled drugs,A no further action disposal,True,
Person and Vehicle search,2026-07-28T12:04:00+00:00,False,,53.677038,-1.492496,Female,18-24,White - English/Welsh/Scottish/Northern Irish/British,,Misuse of Drugs Act 1971 (section 23),Controlled drugs,Community resolution,True,
Person search,2026-07-28T12:07:00+00:00,False,,53.646644,-1.782083,Male,10-17,,,Misuse of Drugs Act 1971 (section 23),Controlled drugs,A no further action disposal,True,
Person and Vehicle search,2026-07-28T12:20:00+00:00,False,,53.695944,-1.476548,Male,over 34,,,Misuse of Drugs Act 1971 (section 23),Controlled drugs,A no further action disposal,True,
Person search,2026-07-28T12:45:00+00:00,True,,53.867697,-1.668526,Male,over 34,,,Police and Criminal Evidence Act 1984 (section 1),Stolen goods,A no further action disposal,True,
Person search,2026-07-28T14:00:00+00:00,True,,53.680468,-1.655887,Male,10-17,,,Police and Criminal Evidence Act 1984 (section 1),Article for use in theft,A no further action disposal,True,
Person search,2026-07-28T14:00:00+00:00,True,,53.680468,-1.655887,Male,10-17,,,Police and Criminal Evidence Act 1984 (section 1),Article for use in theft,A no further action disposal,True,
Person search,2026-07-28T14:25:00+00:00,False,,53.688724,-1.322015,Female,over 34,White - English/Welsh/Scottish/Northern Irish/British,,Misuse of Drugs Act 1971 (section 23),Controlled drugs,Arrest,True,
Person search,2026-07-28T14:25:00+00:00,False,,53.688724,-1.322015,Male,over 34,White - English/Welsh/Scottish/Northern Irish/British,,Misuse of Drugs Act 1971 (section 23),Controlled drugs,Arrest,True,
Person search,2026-07-28T14:30:00+00:00,True,,53.680468,-1.655887,Male,10-17,White - English/Welsh/Scottish/Northern Irish/British,,Police and Criminal Evidence Act 1984 (section 1),Stolen goods,A no further action disposal,True,
Person search,2026-07-28T14:30:00+00:00,True,,53.680468,-1.655887,Male,10-17,,,Police and Criminal Evidence Act 1984 (section 1),Stolen goods,A no further action disposal,True,
Person search,2026-07-28T15:20:00+00:00,False,,53.767292,-1.814289,Male,10-17,White - English/Welsh/Scottish/Northern Irish/British,,Police and Criminal Evidence Act 1984 (section 1),Articles for use in criminal damage,A no further action disposal,True,
Person search,2026-07-28T15:20:00+00:00,False,,53.766446,-1.814019,Male,10-17,White - English/Welsh/Scottish/Northern Irish/British,,Police and Criminal Evidence Act 1984 (section 1),Articles for use in criminal damage,A no further action disposal,True,
Person search,2026-07-28T15:20:00+00:00,False,,53.766446,-1.814019,Male,10-17,White - English/Welsh/Scottish/Northern Irish/British,,Police and Criminal Evidence Act 1984 (section 1),Articles for use in criminal damage,A no further action disposal,True,
Person search,2026-07-28T15:20:00+00:00,False,,53.593187,-1.298676,Male,10-17,White - English/Welsh/Scottish/Northern Irish/British,,Misuse of Drugs Act 1971 (section 23),Controlled drugs,A no further action disposal,True,
Person search,2026-07-28T15:20:00+00:00,False,,53.767292,-1.814289,Male,10-17,White - English/Welsh/Scottish/Northern Irish/British,,Police and Criminal Evidence Act 1984 (section 1),Articles for use in criminal damage,A no further action disposal,True,
Person search,2026-07-28T15:20:00+00:00,False,,53.766446,-1.814019,Male,10-17,White - English/Welsh/Scottish/Northern Irish/British,,Police and Criminal Evidence Act 1984 (section 1),Articles for use in criminal damage,A no further action disposal,True,
Person and Vehicle search,2026-07-28T15:35:00+00:00,False,,53.593187,-1.298676,Male,18-24,White - English/Welsh/Scottish/Northern Irish/British,,Misuse of Drugs Act 1971 (section 23),Controlled drugs,A no further action disposal,True,
Person and Vehicle search,2026-07-28T17:50:00+00:00,False,,53.867518,-1.909071,Male,18-24,White - English/Welsh/Scottish/Northern Irish/British,,Misuse of Drugs Act 1971 (section 23),Controlled drugs,A no further action disposal,True,
Person search,2026-07-28T17:57:00+00:00,True,,53.803544,-1.524785,Male,over 34,,,Police and Criminal Evidence Act 1984 (section 1),,Arrest,True,
Person search,2026-07-28T18:03:00+00:00,False,,53.868156,-1.909648,Male,18-24,White - English/Welsh/Scottish/Northern Irish/British,,Misuse of Drugs Act 1971 (section 23),Controlled drugs,A no further action disposal,True,
Person search,2026-07-28T18:05:00+00:00,False,,53.868156,-1.909648,Male,18-24,White - English/Welsh/Scottish/Northern Irish/British,,Misuse of Drugs Act 1971 (section 23),Controlled drugs,A no further action disposal,True,
Vehicle search,2026-07-28T18:06:00+00:00,False,,53.868156,-1.909648,,,,,Misuse of Drugs Act 1971 (section 23),Controlled drugs,A no further action disposal,True,
Person search,2026-07-28T18:45:00+00:00,False,,53.813980,-1.795083,Male,25-34,White - English/Welsh/Scottish/Northern Irish/British,,Misuse of Drugs Act 1971 (section 23),Controlled drugs,A no further action disposal,True,
Person search,2026-07-28T19:06:00+00:00,False,,53.810734,-1.522486,Male,25-34,,,Misuse of Drugs Act 1971 (section 23),Controlled drugs,Community resolution,True,
Person search,2026-07-28T20:34:00+00:00,False,,53.787411,-1.612590,Male,over 34,White - English/Welsh/Scottish/Northern Irish/British,,Misuse of Drugs Act 1971 (section 23),Controlled drugs,Arrest,True,
Person and Vehicle search,2026-07-28T20:45:00+00:00,False,,53.810130,-1.710363,Male,18-24,,,Misuse of Drugs Act 1971 (section 23),Controlled drugs,Community resolution,True,
Person search,2026-07-28T20:45:00+00:00,False,,53.606953,-1.352041,Male,18-24,White - English/Welsh/Scottish/Northern Irish/British,,Police and Criminal Evidence Act 1984 (section 1),Offensive weapons,Arrest,False,
Person and Vehicle search,2026-07-28T22:00:00+00:00,False,,53.695944,-1.476548,Male,over 34,,,Misuse of Drugs Act 1971 (section 23),Controlled drugs,A no further action disposal,True,
Person and Vehicle search,2026-07-28T22:07:00+00:00,False,,53.781478,-1.738468,Female,18-24,,,Misuse of Drugs Act 1971 (section 23),Controlled drugs,Community resolution,True,
Person search,2026-07-28T22:09:00+00:00,False,,53.781478,-1.738468,Male,18-24,,,Misuse of Drugs Act 1971 (section 23),Controlled drugs,Community resolution,True,
Person search,2026-07-28T22:12:00+00:00,False,,53.781478,-1.738468,Male,18-24,White - English/Welsh/Scottish/Northern Irish/British,,Misuse of Drugs Act 1971 (section 23),Controlled drugs,Community resolution,True,
Person and Vehicle search,2026-07-28T22:15:00+00:00,True,,53.695944,-1.476548,Male,25-34,,,Misuse of Drugs Act 1971 (section 23),Controlled drugs,A no further action disposal,True,
Person search,2026-07-28T22:15:00+00:00,False,,53.695944,-1.476548,Female,25-34,White - English/Welsh/Scottish/Northern Irish/British,,Misuse of Drugs Act 1971 (section 23),Controlled drugs,A no further action disposal,True,
Person and Vehicle search,2026-07-28T22:15:00+00:00,False,,53.781478,-1.738468,Female,18-24,,,Misuse of Drugs Act 1971 (section 23),Controlled drugs,Community resolution,True,
Person and Vehicle search,2026-07-28T22:20:00+00:00,False,,53.802280,-1.488602,Male,over 34,White - English/Welsh/Scottish/Northern Irish/British,,Police and Criminal Evidence Act 1984 (section 1),Article for use in theft,Summons / charged by post,False,
Person and Vehicle search,2026-07-28T22:43:00+00:00,False,,53.796257,-1.800862,Male,18-24,White - English/Welsh/Scottish/Northern Irish/British,,Misuse of Drugs Act 1971 (section 23),Offensive weapons,Arrest,True,
Person search,2026-07-28T22:45:00+00:00,False,,,,Male,over 34,Other ethnic group - Not stated,,Misuse of Drugs Act 1971 (section 23),Controlled drugs,A no further action disposal,True,
Person search,2026-07-28T22:50:00+00:00,True,,53.810289,-1.510206,Male,18-24,Other ethnic group - Not stated,,Misuse of Drugs Act 1971 (section 23),Controlled drugs,A no further action disposal,True,
Person search,2026-07-28T22:50:00+00:00,False,,53.861813,-1.912140,Male,over 34,White - English/Welsh/Scottish/Northern Irish/British,,Police and Criminal Evidence Act 1984 (section 1),,Arrest,True,
Person search,2026-07-28T22:50:00+00:00,True,,53.680293,-1.492865,Male,over 34,White - English/Welsh/Scottish/Northern Irish/British,,Police and Criminal Evidence Act 1984 (section 1),Article for use in theft,A no further action disposal,True,
Person and Vehicle search,2026-07-28T23:40:00+00:00,False,,53.804195,-1.576237,Male,25-34,Asian/Asian British - Any other Asian background,,Misuse of Drugs Act 1971 (section 23),Controlled drugs,A no further action disposal,True,
Person search,2026-07-28T23:45:00+00:00,False,,53.653046,-1.764091,Male,over 34,White - English/Welsh/Scottish/Northern Irish/British,,Misuse of Drugs Act 1971 (section 23),Controlled drugs,Community resolution,True,
Person and Vehicle search,2026-07-29T00:00:00+00:00,False,,53.806368,-1.836195,Male,25-34,,,Misuse of Drugs Act 1971 (section 23),Controlled drugs,A no further action disposal,True,
Person and Vehicle search,2026-07-29T00:00:00+00:00,False,,53.806368,-1.836195,Female,25-34,,,Misuse of Drugs Act 1971 (section 23),Controlled drugs,A no further action disposal,True,
Person and Vehicle search,2026-07-29T00:00:00+00:00,False,,53.793791,-1.755348,Male,18-24,,,Misuse of Drugs Act 1971 (section 23),Controlled drugs,A no further action disposal,True,
Person and Vehicle search,2026-07-29T01:32:00+00:00,False,,53.793791,-1.755348,Male,18-24,,,Misuse of Drugs Act 1971 (section 23),Controlled drugs,Arrest,False,
Person search,2026-07-29T01:32:00+00:00,False,,53.793791,-1.755348,Male,18-24,,,Misuse of Drugs Act 1971 (section 23),Controlled drugs,A no further action disposal,True,
Person and Vehicle search,2026-07-29T03:00:00+00:00,False,,53.650405,-1.525297,Male,25-34,White - English/Welsh/Scottish/Northern Irish/British,,Police and Criminal Evidence Act 1984 (section 1),Article for use in theft,Arrest,True,
Person search,2026-07-29T04:00:00+00:00,False,,53.822928,-1.600581,Male,18-24,Black/African/Caribbean/Black British - Any other Black/African/Caribbean background,,Police and Criminal Evidence Act 1984 (section 1),,Arrest,False,
Person search,2026-07-29T04:00:00+00:00,False,,53.823725,-1.602366,Male,25-34,White - English/Welsh/Scottish/Northern Irish/British,,Police and Criminal Evidence Act 1984 (section 1),Offensive weapons,Arrest,True,
Person search,2026-07-29T04:00:00+00:00,False,,53.822928,-1.600581,Male,10-17,White - English/Welsh/Scottish/Northern Irish/British,,Police and Criminal Evidence Act 1984 (section 1),Offensive weapons,Arrest,False,
Person search,2026-07-29T06:58:00+00:00,False,,53.835898,-1.787591,Female,over 34,White - English/Welsh/Scottish/Northern Irish/British,,Misuse of Drugs Act 1971 (section 23),Controlled drugs,Arrest,True,
Person and Vehicle search,2026-07-29T06:59:00+00:00,False,,53.835794,-1.794825,Male,25-34,,,Misuse of Drugs Act 1971 (section 23),Controlled drugs,Arrest,True,
Person search,2026-07-29T08:11:00+00:00,False,,53.783876,-1.572192,Male,10-17,White - English/Welsh/Scottish/Northern Irish/British,,Misuse of Drugs Act 1971 (section 23),Controlled drugs,A no further action disposal,True,
Person and Vehicle search,2026-07-29T09:03:00+00:00,False,,53.792735,-1.772259,Male,18-24,,,Misuse of Drugs Act 1971 (section 23),Controlled drugs,Summons / charged by post,True,
Person and Vehicle search,2026-07-29T09:10:00+00:00,False,,53.760746,-1.795873,Male,over 34,White - English/Welsh/Scottish/Northern Irish/British,,Misuse of Drugs Act 1971 (section 23),Controlled drugs,A no further action disposal,True,
Person and Vehicle search,2026-07-29T09:30:00+00:00,False,,53.760746,-1.795873,Male,over 34,White - English/Welsh/Scottish/Northern Irish/British,,Misuse of Drugs Act 1971 (section 23),Controlled drugs,A no further action disposal,True,
Person search,2026-07-29T10:35:00+00:00,True,,53.794979,-1.534339,Male,over 34,White - English/Welsh/Scottish/Northern Irish/British,,Misuse of Drugs Act 1971 (section 23),Controlled drugs,Arrest,True,
Person and Vehicle search,2026-07-29T11:27:00+00:00,False,,53.775557,-1.780081,Male,over 34,White - English/Welsh/Scottish/Northern Irish/British,,Misuse of Drugs Act 1971 (section 23),Controlled drugs,Arrest,True,
Person and Vehicle search,2026-07-29T12:05:00+00:00,False,,53.608234,-1.556224,Male,10-17,White - English/Welsh/Scottish/Northern Irish/British,,Misuse of Drugs Act 1971 (section 23),Controlled drugs,Arrest,True,
Person and Vehicle search,2026-07-29T12:15:00+00:00,False,,53.716915,-1.535868,,,White - English/Welsh/Scottish/Northern Irish/British,,Misuse of Drugs Act 1971 (section 23),Controlled drugs,Arrest,True,
Person search,2026-07-29T12:52:00+00:00,False,,53.796033,-1.541964,Male,25-34,White - English/Welsh/Scottish/Northern Irish/British,,Police and Criminal Evidence Act 1984 (section 1),Offensive weapons,Arrest,False,
Person and Vehicle search,2026-07-29T13:14:00+00:00,False,,53.800673,-1.753987,Male,25-34,,,Misuse of Drugs Act 1971 (section 23),Controlled drugs,Community resolution,True,
Person search,2026-07-29T13:14:00+00:00,False,,53.800673,-1.753987,Female,18-24,,,Misuse of Drugs Act 1971 (section 23),Controlled drugs,A no further action disposal,True,
Person search,2026-07-29T13:14:00+00:00,False,,53.800673,-1.753987,Female,18-24,,,Misuse of Drugs Act 1971 (section 23),Controlled drugs,A no further action disposal,True,
Person search,2026-07-29T14:35:00+00:00,False,,53.779876,-1.557178,Female,25-34,White - English/Welsh/Scottish/Northern Irish/British,,Misuse of Drugs Act 1971 (section 23),Controlled drugs,A no further action disposal,True,
Person search,2026-07-29T14:37:00+00:00,False,,53.779876,-1.557178,Male,over 34,White - English/Welsh/Scottish/Northern Irish/British,,Misuse of Drugs Act 1971 (section 23),Controlled drugs,A no further action disposal,True,
Person search,2026-07-29T14:37:00+00:00,False,,53.779876,-1.557178,Female,18-24,White - English/Welsh/Scottish/Northern Irish/British,,Misuse of Drugs Act 1971 (section 23),Controlled drugs,A no further action disposal,True,
Person search,2026-07-29T14:40:00+00:00,False,,53.779876,-1.557178,Male,over 34,White - English/Welsh/Scottish/Northern Irish/British,,Misuse of Drugs Act 1971 (section 23),Controlled drugs,A no further action disposal,True,
Person search,2026-07-29T14:40:00+00:00,False,,53.779876,-1.557178,Male,over 34,White - English/Welsh/Scottish/Northern Irish/British,,Misuse of Drugs Act 1971 (section 23),Controlled drugs,A no further action disposal,True,
Person and Vehicle search,2026-07-29T14:40:00+00:00,True,,53.721056,-1.866910,Male,10-17,,,Misuse of Drugs Act 1971 (section 23),Controlled drugs,A no further action disposal,True,
Person and Vehicle search,2026-07-29T14:40:00+00:00,True,,53.721056,-1.866910,Male,10-17,,,Misuse of Drugs Act 1971 (section 23),Controlled drugs,A no further action disposal,True,
Person and Vehicle search,2026-07-29T14:40:00+00:00,True,,53.721056,-1.866910,Male,10-17,,,Misuse of Drugs Act 1971 (section 23),Controlled drugs,A no further action disposal,True,
Person search,2026-07-29T16:10:00+00:00,False,,53.691952,-1.303306,Male,10-17,,,Police and Criminal Evidence Act 1984 (section 1),,A no further action disposal,True,
Person and Vehicle search,2026-07-29T17:30:00+00:00,False,,53.725642,-1.886507,Male,18-24,Other ethnic group - Not stated,,Police and Criminal Evidence Act 1984 (section 1),Offensive weapons,A no further action disposal,False,
Person and Vehicle search,2026-07-29T17:40:00+00:00,False,,53.726287,-1.865228,Male,25-34,,,Misuse of Drugs Act 1971 (section 23),Controlled drugs,A no further action disposal,True,
Person search,2026-07-29T17:45:00+00:00,False,,53.810387,-1.516583,Male,over 34,White - English/Welsh/Scottish/Northern Irish/British,,Misuse of Drugs Act 1971 (section 23),Controlled drugs,Arrest,True,
Person and Vehicle search,2026-07-29T18:40:00+00:00,True,,53.728390,-1.884650,Male,25-34,White - Any other White background,,Misuse of Drugs Act 1971 (section 23),Controlled drugs,Summons / charged by post,False,
Person search,2026-07-29T19:15:00+00:00,False,,53.872436,-1.899677,Male,over 34,,,Misuse of Drugs Act 1971 (section 23),Controlled drugs,A no further action disposal,True,
Person search,2026-07-29T20:09:00+00:00,False,,53.801462,-1.893484,Male,10-17,,,Police and Criminal Evidence Act 1984 (section 1),Stolen goods,A no further action disposal,True,
Person search,2026-07-29T22:45:00+00:00,False,,53.668984,-1.473658,Male,18-24,,,Misuse of Drugs Act 1971 (section 23),Controlled drugs,A no further action disposal,True,
Person and Vehicle search,2026-07-29T22:50:00+00:00,False,,53.668984,-1.473658,Male,18-24,,,Misuse of Drugs Act 1971 (section 23),Controlled drugs,A no further action disposal,True,
Person search,2026-07-29T23:00:00+00:00,False,,53.870562,-1.917810,Male,18-24,,,,,,,
Person and Vehicle search,2026-07-29T23:00:00+00:00,False,,53.870562,-1.917810,Male,18-24,,,Misuse of Drugs Act 1971 (section 23),Controlled drugs,A no further action disposal,True,
Person and Vehicle search,2026-07-29T23:21:00+00:00,False,,53.870562,-1.917810,Male,10-17,,,Misuse of Drugs Act 1971 (section 23),Controlled drugs,Summons / charged by post,True,
Person and Vehicle search,2026-07-30T00:50:00+00:00,False,,53.728760,-1.776930,Male,18-24,,,Misuse of Drugs Act 1971 (section 23),Controlled drugs,A no further action disposal,True,
Person and Vehicle search,2026-07-30T00:55:00+00:00,False,,53.743042,-1.767712,Male,18-24,,,Misuse of Drugs Act 1971 (section 23),Controlled drugs,A no further action disposal,True,
Person and Vehicle search,2026-07-30T01:10:00+00:00,False,,53.796236,-1.598557,,,Other ethnic group - Not stated,,Misuse of Drugs Act 1971 (section 23),Controlled drugs,A no further action disposal,True,
Person search,2026-07-30T01:43:00+00:00,False,,53.796236,-1.598557,Male,18-24,,,Misuse of Drugs Act 1971 (section 23),Controlled drugs,A no further action disposal,True,
Person and Vehicle search,2026-07-30T02:05:00+00:00,False,,53.774097,-1.729486,Male,over 34,,,Misuse of Drugs Act 1971 (section 23),Controlled drugs,A no further action disposal,True,
Vehicle search,2026-07-30T02:15:00+00:00,False,,53.702542,-1.853487,,,,,Police and Criminal Evidence Act 1984 (section 1),Stolen goods,A no further action disposal,True,
Person and Vehicle search,2026-07-30T02:15:00+00:00,False,,53.769721,-1.746461,Male,over 34,,,Misuse of Drugs Act 1971 (section 23),Controlled drugs,Arrest,False,
Person search,2026-07-30T03:56:00+00:00,False,,53.809158,-1.466286,Male,18-24,White - English/Welsh/Scottish/Northern Irish/British,,Police and Criminal Evidence Act 1984 (section 1),Controlled drugs,Community resolution,False,
Person search,2026-07-30T04:50:00+00:00,False,,53.665806,-1.429263,Male,18-24,White - English/Welsh/Scottish/Northern Irish/British,,Police and Criminal Evidence Act 1984 (section 1),Article for use in theft,Arrest,True,
Person and Vehicle search,2026-07-30T08:45:00+00:00,False,,53.797469,-1.428206,Male,over 34,,,Misuse of Drugs Act 1971 (section 23),Controlled drugs,Community resolution,True,
Person search,2026-07-30T09:20:00+00:00,False,,53.795934,-1.514365,Male,over 34,,,Police and Criminal Evidence Act 1984 (section 1),Stolen goods,A no further action disposal,True,
Person search,2026-07-30T09:25:00+00:00,False,,53.795934,-1.514365,Male,over 34,White - English/Welsh/Scottish/Northern Irish/British,,Police and Criminal Evidence Act 1984 (section 1),Stolen goods,A no further action disposal,True,
Person search,2026-07-30T09:50:00+00:00,False,,53.695944,-1.476548,Male,over 34,White - English/Welsh/Scottish/Northern Irish/British,,Misuse of Drugs Act 1971 (section 23),Controlled drugs,A no further action disposal,True,
Person and Vehicle search,2026-07-30T10:00:00+00:00,False,,53.797225,-1.587951,Male,over 34,Asian/Asian British - Any other Asian background,,Misuse of Drugs Act 1971 (section 23),Controlled drugs,A no further action disposal,True,
Person search,2026-07-30T10:00:00+00:00,False,,53.797225,-1.587951,Male,18-24,White - English/Welsh/Scottish/Northern Irish/British,,Misuse of Drugs Act 1971 (section 23),Controlled drugs,Community resolution,True,
Person and Vehicle search,2026-07-30T10:45:00+00:00,False,,53.840145,-1.503095,Male,over 34,Asian/Asian British - Any other Asian background,,Misuse of Drugs Act 1971 (section 23),Controlled drugs,Community resolution,True,
Person and Vehicle search,2026-07-30T10:45:00+00:00,False,,53.840145,-1.503095,,,Asian/Asian British - Any other Asian background,,Misuse of Drugs Act 1971 (section 23),Controlled drugs,A no further action disposal,True,
Person and Vehicle search,2026-07-30T10:45:00+00:00,False,,53.840145,-1.503095,Male,over 34,Other ethnic group - Arab,,Misuse of Drugs Act 1971 (section 23),Controlled drugs,A no further action disposal,True,
Person search,2026-07-30T11:00:00+00:00,False,,53.678445,-1.528858,Male,over 34,White - English/Welsh/Scottish/Northern Irish/British,,Misuse of Drugs Act 1971 (section 23),Controlled drugs,Community resolution,True,
Person search,2026-07-30T11:05:00+00:00,False,,53.815775,-1.517645,Male,over 34,Asian/Asian British - Any other Asian background,,Police and Criminal Evidence Act 1984 (section 1),,A no further action disposal,True,
Person search,2026-07-30T11:15:00+00:00,False,,53.678445,-1.528858,Female,over 34,White - English/Welsh/Scottish/Northern Irish/British,,Misuse of Drugs Act 1971 (section 23),Controlled drugs,A no further action disposal,True,
Person search,2026-07-30T13:30:00+00:00,False,,53.672171,-1.499956,Male,25-34,,,Misuse of Drugs Act 1971 (section 23),Controlled drugs,Community resolution,True,
Person search,2026-07-30T13:50:00+00:00,True,,53.684149,-1.497119,Male,over 34,White - English/Welsh/Scottish/Northern Irish/British,,Police and Criminal Evidence Act 1984 (section 1),,A no further action disposal,True,
Person search,2026-07-30T14:20:00+00:00,False,,53.684261,-1.498042,Male,over 34,White - English/Welsh/Scottish/Northern Irish/British,,Misuse of Drugs Act 1971 (section 23),Controlled drugs,Community resolution,True,
Person search,2026-07-30T14:30:00+00:00,True,,53.682711,-1.499317,Female,over 34,White - English/Welsh/Scottish/Northern Irish/British,,Police and Criminal Evidence Act 1984 (section 1),Stolen goods,A no further action disposal,True,
Person search,2026-07-30T14:40:00+00:00,False,,53.682711,-1.499317,Male,over 34,White - English/Welsh/Scottish/Northern Irish/British,,Police and Criminal Evidence Act 1984 (section 1),Stolen goods,A no further action disposal,True,
Person search,2026-07-30T14:56:00+00:00,False,,53.809440,-1.509198,Male,10-17,Other ethnic group - Not stated,,Police and Criminal Evidence Act 1984 (section 1),Offensive weapons,Arrest,True,
Person and Vehicle search,2026-07-30T15:12:00+00:00,False,,53.783880,-1.756832,Female,18-24,,,Misuse of Drugs Act 1971 (section 23),Controlled drugs,Summons / charged by post,True,
Person search,2026-07-30T15:20:00+00:00,False,,53.702488,-1.733277,Male,18-24,,,Misuse of Drugs Act 1971 (section 23),Controlled drugs,A no further action disposal,True,
Person search,2026-07-30T15:50:00+00:00,True,,53.793833,-1.753982,Male,over 34,White - English/Welsh/Scottish/Northern Irish/British,,Misuse of Drugs Act 1971 (section 23),Controlled drugs,A no further action disposal,True,
Person search,2026-07-30T15:52:00+00:00,False,,53.848669,-1.592402,Male,18-24,White - English/Welsh/Scottish/Northern Irish/British,,Misuse of Drugs Act 1971 (section 23),Controlled drugs,A no further action disposal,True,
Person search,2026-07-30T15:55:00+00:00,True,,53.793833,-1.753982,Female,18-24,White - English/Welsh/Scottish/Northern Irish/British,,Misuse of Drugs Act 1971 (section 23),Controlled drugs,A no further action disposal,True,
Person and Vehicle search,2026-07-30T16:00:00+00:00,False,,53.851961,-1.587782,Male,over 34,White - English/Welsh/Scottish/Northern Irish/British,,Misuse of Drugs Act 1971 (section 23),Controlled drugs,Arrest,True,
Person search,2026-07-30T16:01:00+00:00,False,,53.793833,-1.753982,Male,25-34,White - English/Welsh/Scottish/Northern Irish/British,,Misuse of Drugs Act 1971 (section 23),Controlled drugs,A no further action disposal,True,
Person search,2026-07-30T16:12:00+00:00,False,,53.794126,-1.612771,Male,25-34,White - English/Welsh/Scottish/Northern Irish/British,,Misuse of Drugs Act 1971 (section 23),Controlled drugs,Arrest,True,
Person search,2026-07-30T16:22:00+00:00,True,,53.798721,-1.549222,Male,25-34,White - English/Welsh/Scottish/Northern Irish/British,,Police and Criminal Evidence Act 1984 (section 1),,Arrest,True,
Person search,2026-07-30T16:35:00+00:00,False,,53.706482,-1.855458,Male,10-17,,,Misuse of Drugs Act 1971 (section 23),Controlled drugs,A no further action disposal,True,
Person search,2026-07-30T16:41:00+00:00,False,,53.655820,-1.837625,Male,10-17,,,Misuse of Drugs Act 1971 (section 23),Controlled drugs,A no further action disposal,True,
Person search,2026-07-30T16:45:00+00:00,True,,53.684903,-1.498957,Female,10-17,White - English/Welsh/Scottish/Northern Irish/British,,Misuse of Drugs Act 1971 (section 23),Controlled drugs,A no further action disposal,True,
Person search,2026-07-30T16:45:00+00:00,True,,53.684903,-1.498957,Female,10-17,White - English/Welsh/Scottish/Northern Irish/British,,Misuse of Drugs Act 1971 (section 23),Controlled drugs,Community resolution,True,
Person search,2026-07-30T17:20:00+00:00,False,,53.790196,-1.760196,Male,25-34,Other ethnic group - Arab,,Police and Criminal Evidence Act 1984 (section 1),,A no further action disposal,True,
Person search,2026-07-30T17:22:00+00:00,False,,53.790196,-1.760196,Male,over 34,White - English/Welsh/Scottish/Northern Irish/British,,Misuse of Drugs Act 1971 (section 23),Controlled drugs,A no further action disposal,True,
Person search,2026-07-30T18:14:00+00:00,False,,53.770062,-1.898297,Female,18-24,White - English/Welsh/Scottish/Northern Irish/British,,Misuse of Drugs Act 1971 (section 23),Controlled drugs,A no further action disposal,True,
Person and Vehicle search,2026-07-30T18:17:00+00:00,False,,53.774520,-1.898438,Female,18-24,White - English/Welsh/Scottish/Northern Irish/British,,Misuse of Drugs Act 1971 (section 23),Controlled drugs,Caution (simple or conditional),True,
Person search,2026-07-30T18:17:00+00:00,False,,53.770062,-1.898297,Male,18-24,,,Misuse of Drugs Act 1971 (section 23),Controlled drugs,Community resolution,True,
Person search,2026-07-30T18:22:00+00:00,True,,53.647428,-1.782941,Male,over 34,White - English/Welsh/Scottish/Northern Irish/British,,Misuse of Drugs Act 1971 (section 23),Controlled drugs,A no further action disposal,True,
Person and Vehicle search,2026-07-30T18:25:00+00:00,False,,,,Male,over 34,White - English/Welsh/Scottish/Northern Irish/British,,Police and Criminal Evidence Act 1984 (section 1),Stolen goods,Arrest,True,
Person and Vehicle search,2026-07-30T20:30:00+00:00,False,,53.809158,-1.466286,Male,25-34,,,Misuse of Drugs Act 1971 (section 23),Controlled drugs,A no further action disposal,True,
Person search,2026-07-30T20:45:00+00:00,False,,53.804357,-1.894145,Male,10-17,White - English/Welsh/Scottish/Northern Irish/British,,Police and Criminal Evidence Act 1984 (section 1),Stolen goods,Community resolution,True,
Person and Vehicle search,2026-07-30T21:10:00+00:00,False,,53.697534,-1.385577,Male,25-34,,,Misuse of Drugs Act 1971 (section 23),Controlled drugs,A no further action disposal,True,
Person search,2026-07-30T21:10:00+00:00,True,,53.682897,-1.483720,Female,25-34,,,Misuse of Drugs Act 1971 (section 23),Controlled drugs,A no further action disposal,True,
Person search,2026-07-30T22:00:00+00:00,False,,53.796355,-1.536859,Male,10-17,White - English/Welsh/Scottish/Northern Irish/British,,Misuse of Drugs Act 1971 (section 23),Controlled drugs,A no further action disposal,True,
Person search,2026-07-30T22:56:00+00:00,False,,53.775069,-1.746823,Male,18-24,White - Any other White background,,Police and Criminal Evidence Act 1984 (section 1),Article for use in theft,A no further action disposal,True,
Person search,2026-07-30T22:56:00+00:00,False,,53.775069,-1.746823,Male,18-24,White - Any other White background,,Police and Criminal Evidence Act 1984 (section 1),Article for use in theft,A no further action disposal,True,
Person and Vehicle search,2026-07-30T23:25:00+00:00,False,,53.803521,-1.492823,Female,18-24,,,Misuse of Drugs Act 1971 (section 23),Controlled drugs,Arrest,True,
Person search,2026-07-30T23:30:00+00:00,False,,53.727532,-1.693106,,10-17,White - English/Welsh/Scottish/Northern Irish/British,,Police and Criminal Evidence Act 1984 (section 1),Controlled drugs,Community resolution,False,
Person search,2026-07-30T23:30:00+00:00,False,,53.727532,-1.693106,Male,10-17,White - English/Welsh/Scottish/Northern Irish/British,,Police and Criminal Evidence Act 1984 (section 1),Article for use in theft,A no further action disposal,True,
Person search,2026-07-30T23:34:00+00:00,False,,53.726821,-1.692884,Male,10-17,White - English/Welsh/Scottish/Northern Irish/British,,Police and Criminal Evidence Act 1984 (section 1),Article for use in theft,A no further action disposal,True,
Person search,2026-07-30T23:35:00+00:00,False,,53.726821,-1.692884,Male,10-17,White - English/Welsh/Scottish/Northern Irish/British,,Police and Criminal Evidence Act 1984 (section 1),Article for use in theft,A no further action disposal,True,
Person search,2026-07-30T23:35:00+00:00,False,,53.778854,-1.751489,Male,over 34,White - English/Welsh/Scottish/Northern Irish/British,,Police and Criminal Evidence Act 1984 (section 1),Article for use in theft,A no further action disposal,True,
Person search,2026-07-30T23:37:00+00:00,False,,53.781732,-1.752292,Male,18-24,White - English/Welsh/Scottish/Northern Irish/British,,Police and Criminal Evidence Act 1984 (section 1),Article for use in theft,A no further action disposal,True,
Person search,2026-07-30T23:56:00+00:00,False,,53.775069,-1.746823,Male,10-17,Black/African/Caribbean/Black British - Any other Black/African/Caribbean background,,Police and Criminal Evidence Act 1984 (section 1),Controlled drugs,Community resolution,False,
Person search,2026-07-31T00:22:00+00:00,False,,53.799680,-1.779439,Male,over 34,,,Misuse of Drugs Act 1971 (section 23),Controlled drugs,A no further action disposal,True,
Person and Vehicle search,2026-07-31T00:22:00+00:00,False,,53.799680,-1.779439,Male,over 34,,,Misuse of Drugs Act 1971 (section 23),Controlled drugs,A no further action disposal,True,
Person and Vehicle search,2026-07-31T00:22:00+00:00,False,,53.799680,-1.779439,Male,over 34,White - Any other White background,,Misuse of Drugs Act 1971 (section 23),Controlled drugs,A no further action disposal,True,
Person search,2026-07-31T00:30:00+00:00,False,,53.788815,-1.756880,Male,18-24,,,Misuse of Drugs Act 1971 (section 23),Controlled drugs,A no further action disposal,True,
Person and Vehicle search,2026-07-31T00:50:00+00:00,False,,53.640110,-1.745408,Male,over 34,Other ethnic group - Arab,,Misuse of Drugs Act 1971 (section 23),Controlled drugs,A no further action disposal,True,
Vehicle search,2026-07-31T08:20:00+00:00,False,,53.900601,-1.474268,,,,,Police and Criminal Evidence Act 1984 (section 1),,A no further action disposal,True,
Person search,2026-07-31T10:16:00+00:00,False,,53.861483,-1.844373,Male,over 34,White - English/Welsh/Scottish/Northern Irish/British,,Police and Criminal Evidence Act 1984 (section 1),,Arrest,False,
Vehicle search,2026-07-31T11:20:00+00:00,False,,53.697534,-1.385577,,,,,Police and Criminal Evidence Act 1984 (section 1),Article for use in theft,A no further action disposal,True,
Vehicle search,2026-07-31T11:28:00+00:00,False,,53.808448,-1.549619,,,,,Misuse of Drugs Act 1971 (section 23),Controlled drugs,A no further action disposal,True,
Vehicle search,2026-07-31T13:05:00+00:00,False,,53.642709,-1.787836,,,,,Misuse of Drugs Act 1971 (section 23),Controlled drugs,A no further action disposal,True,
Person search,2026-07-31T14:10:00+00:00,False,,53.793791,-1.755348,Male,18-24,Asian/Asian British - Any other Asian background,,Misuse of Drugs Act 1971 (section 23),Controlled drugs,Community resolution,True,
Person search,2026-07-31T14:25:00+00:00,False,,53.816013,-1.748399,Male,18-24,Black/African/Caribbean/Black British - Any other Black/African/Caribbean background,,Misuse of Drugs Act 1971 (section 23),Controlled drugs,Caution (simple or conditional),True,
Person and Vehicle search,2026-07-31T14:25:00+00:00,False,,53.816013,-1.748399,Male,18-24,Asian/Asian British - Any other Asian background,,Misuse of Drugs Act 1971 (section 23),Controlled drugs,A no further action disposal,True,
Person search,2026-07-31T14:25:00+00:00,False,,53.816013,-1.748399,Male,10-17,,,Misuse of Drugs Act 1971 (section 23),Controlled drugs,A no further action disposal,True,
Person search,2026-07-31T14:25:00+00:00,False,,53.816013,-1.748399,Male,18-24,,,Misuse of Drugs Act 1971 (section 23),Controlled drugs,A no further action disposal,True,
Person search,2026-07-31T16:00:00+00:00,True,,53.796278,-1.537756,Male,over 34,White - English/Welsh/Scottish/Northern Irish/British,,Misuse of Drugs Act 1971 (section 23),Controlled drugs,Arrest,False,
Person search,2026-07-31T16:00:00+00:00,False,,53.796355,-1.536859,Male,18-24,White - English/Welsh/Scottish/Northern Irish/British,,Misuse of Drugs Act 1971 (section 23),Controlled drugs,A no further action disposal,True,
Person search,2026-07-31T16:01:00+00:00,False,,53.796355,-1.536859,Male,18-24,White - English/Welsh/Scottish/Northern Irish/British,,Misuse of Drugs Act 1971 (section 23),Controlled drugs,A no further action disposal,True,
Vehicle search,2026-07-31T16:20:00+00:00,False,,,,,,,,Misuse of Drugs Act 1971 (section 23),Controlled drugs,A no further action disposal,True,
Person search,2026-07-31T16:45:00+00:00,False,,53.680584,-1.699200,Female,over 34,White - English/Welsh/Scottish/Northern Irish/British,,Misuse of Drugs Act 1971 (section 23),Controlled drugs,A no further action disposal,True,
Person and Vehicle search,2026-07-31T16:45:00+00:00,False,,,,Male,25-34,Other ethnic group - Not stated,,Misuse of Drugs Act 1971 (section 23),Controlled drugs,Arrest,True,
Person and Vehicle search,2026-07-31T16:50:00+00:00,False,,53.680584,-1.699200,Female,over 34,White - English/Welsh/Scottish/Northern Irish/British,,Misuse of Drugs Act 1971 (section 23),Controlled drugs,A no further action disposal,True,
Person search,2026-07-31T17:10:00+00:00,False,,53.793056,-1.752028,Female,over 34,White - English/Welsh/Scottish/Northern Irish/British,,Police and Criminal Evidence Act 1984 (section 1),Offensive weapons,Arrest,False,
Person and Vehicle search,2026-07-31T17:21:00+00:00,False,,53.809561,-1.519128,Male,over 34,White - English/Welsh/Scottish/Northern Irish/British,,Misuse of Drugs Act 1971 (section 23),,A no further action disposal,True,
Person search,2026-07-31T17:30:00+00:00,False,,53.781732,-1.752292,Male,10-17,White - Any other White background,,Misuse of Drugs Act 1971 (section 23),Controlled drugs,A no further action disposal,True,
Person search,2026-07-31T17:33:00+00:00,False,,53.809852,-1.508874,Male,25-34,Other ethnic group - Not stated,,Misuse of Drugs Act 1971 (section 23),Controlled drugs,Community resolution,True,
Person and Vehicle search,2026-07-31T17:50:00+00:00,False,,53.730763,-1.566204,Male,25-34,White - Irish,,Police and Criminal Evidence Act 1984 (section 1),Stolen goods,A no further action disposal,True,
Person and Vehicle search,2026-07-31T17:53:00+00:00,False,,53.779769,-1.755187,Male,18-24,,,Misuse of Drugs Act 1971 (section 23),Controlled drugs,A no further action disposal,True,
Person and Vehicle search,2026-07-31T17:53:00+00:00,False,,53.779769,-1.755187,Male,18-24,,,Misuse of Drugs Act 1971 (section 23),Controlled drugs,A no further action disposal,True,
Person and Vehicle search,2026-07-31T18:20:00+00:00,False,,53.662778,-1.561962,Female,25-34,White - English/Welsh/Scottish/Northern Irish/British,,Misuse of Drugs Act 1971 (section 23),Controlled drugs,A no further action disposal,True,
Person search,2026-07-31T18:51:00+00:00,False,,53.725651,-1.373680,Male,over 34,White - English/Welsh/Scottish/Northern Irish/British,,Misuse of Drugs Act 1971 (section 23),Controlled drugs,A no further action disposal,True,
Person and Vehicle search,2026-07-31T19:08:00+00:00,False,,53.858609,-1.918578,Male,18-24,Other ethnic group - Not stated,,Police and Criminal Evidence Act 1984 (section 1),Offensive weapons,A no further action disposal,True,
Person and Vehicle search,2026-07-31T19:10:00+00:00,False,,53.858609,-1.918578,Male,18-24,,,Police and Criminal Evidence Act 1984 (section 1),Offensive weapons,A no further action disposal,True,
Person search,2026-07-31T19:10:00+00:00,False,,53.858609,-1.918578,Male,18-24,,,Police and Criminal Evidence Act 1984 (section 1),,A no further action disposal,True,
Person and Vehicle search,2026-07-31T19:15:00+00:00,False,,53.777687,-1.568173,Male,18-24,White - Any other White background,,Police and Criminal Evidence Act 1984 (section 1),Stolen goods,A no further action disposal,True,
Person search,2026-07-31T19:15:00+00:00,False,,53.726213,-1.371863,Female,over 34,White - English/Welsh/Scottish/Northern Irish/British,,Misuse of Drugs Act 1971 (section 23),Controlled drugs,A no further action disposal,True,
Person search,2026-07-31T19:20:00+00:00,False,,53.777687,-1.568173,Female,25-34,,,,,,,
Person search,2026-07-31T19:20:00+00:00,False,,53.777687,-1.568173,,over 34,,,,,,,
Person and Vehicle search,2026-07-31T19:34:00+00:00,False,,53.778298,-1.756531,Male,18-24,White - English/Welsh/Scottish/Northern Irish/British,,Misuse of Drugs Act 1971 (section 23),Controlled drugs,Summons / charged by post,True,
Person and Vehicle search,2026-07-31T19:34:00+00:00,False,,53.778298,-1.756531,Male,over 34,White - English/Welsh/Scottish/Northern Irish/British,,Misuse of Drugs Act 1971 (section 23),Controlled drugs,Summons / charged by post,True,
Person search,2026-07-31T20:05:00+00:00,True,,53.646628,-1.783005,Male,18-24,White - English/Welsh/Scottish/Northern Irish/British,,Misuse of Drugs Act 1971 (section 23),Controlled drugs,A no further action disposal,True,
Person search,2026-07-31T20:24:00+00:00,False,,53.865172,-1.898174,Male,18-24,White - English/Welsh/Scottish/Northern Irish/British,,Police and Criminal Evidence Act 1984 (section 1),Offensive weapons,A no further action disposal,True,
Person search,2026-07-31T20:30:00+00:00,True,,53.796001,-1.533508,Male,over 34,White - English/Welsh/Scottish/Northern Irish/British,,Misuse of Drugs Act 1971 (section 23),Controlled drugs,A no further action disposal,True,
Person and Vehicle search,2026-07-31T20:45:00+00:00,False,,53.804797,-1.636664,Male,25-34,,,Misuse of Drugs Act 1971 (section 23),Controlled drugs,A no further action disposal,True,
Person search,2026-07-31T21:00:00+00:00,True,,,,,18-24,White - Any other White background,,Misuse of Drugs Act 1971 (section 23),Controlled drugs,Community resolution,True,
Person search,2026-07-31T21:28:00+00:00,True,,53.817260,-1.515987,Male,over 34,Asian/Asian British - Any other Asian background,,Misuse of Drugs Act 1971 (section 23),Controlled drugs,A no further action disposal,True,
Person search,2026-07-31T21:30:00+00:00,True,,53.795405,-1.539876,Male,18-24,,,Misuse of Drugs Act 1971 (section 23),Controlled drugs,Community resolution,True,
Person search,2026-07-31T21:35:00+00:00,False,,53.795405,-1.539876,Male,18-24,,,Misuse of Drugs Act 1971 (section 23),Controlled drugs,A no further action disposal,True,
Person and Vehicle search,2026-07-31T21:38:00+00:00,False,,53.646201,-1.780663,Male,over 34,,,Misuse of Drugs Act 1971 (section 23),Controlled drugs,A no further action disposal,True,
Person and Vehicle search,2026-07-31T21:38:00+00:00,False,,53.646201,-1.780663,,,Black/African/Caribbean/Black British - Any other Black/African/Caribbean background,,Misuse of Drugs Act 1971 (section 23),Controlled drugs,A no further action disposal,True,
Person search,2026-07-31T21:40:00+00:00,True,,53.795405,-1.539876,Male,18-24,,,Misuse of Drugs Act 1971 (section 23),Controlled drugs,Community resolution,True,
Person search,2026-07-31T21:45:00+00:00,True,,53.809074,-1.516598,Male,18-24,Other ethnic group - Arab,,Misuse of Drugs Act 1971 (section 23),Controlled drugs,A no further action disposal,True,
Person search,2026-07-31T22:58:00+00:00,False,,53.793833,-1.753982,,18-24,White - English/Welsh/Scottish/Northern Irish/British,,Misuse of Drugs Act 1971 (section 23),Controlled drugs,Community resolution,True,
Person search,2026-07-31T22:59:00+00:00,False,,53.793833,-1.753982,,,White - English/Welsh/Scottish/Northern Irish/British,,Misuse of Drugs Act 1971 (section 23),Controlled drugs,A no further action disposal,True,
