Crime ID,Month,Reported by,Falls within,Longitude,Latitude,Location,LSOA code,LSOA name,Crime type,Last outcome category,Context
4e399d30ba1f90e282f7cdb573b7ff141a2f594eae6961fdfb924005b401df99,2026-07,Cumbria Constabulary,Cumbria Constabulary,-3.384917,54.861382,On or near Greenrow Meadows,E01019126,Allerdale 001A,Criminal damage and arson,Under investigation,
cef0e2fead96150d95deee7b003a72ac46615b289957d8e8d06f8b615b137600,2026-07,Cumbria Constabulary,Cumbria Constabulary,-3.387217,54.868015,On or near Eden Street,E01019126,Allerdale 001A,Other theft,Under investigation,
6d291856956a6ff9301fd1e63b1657e91068a7c954d8d7f54da31063f11365f6,2026-07,Cumbria Constabulary,Cumbria Constabulary,-3.387217,54.868015,On or near Eden Street,E01019126,Allerdale 001A,Violence and sexual offences,Unable to prosecute suspect,
1b14007204f78b3465b3fcecc0bd50d65c326f4a1dfdaa286e9033d6bc1913c0,2026-07,Cumbria Constabulary,Cumbria Constabulary,-3.387651,54.869763,On or near Church Terrace,E01019126,Allerdale 001A,Violence and sexual offences,Unable to prosecute suspect,
046b4cfe22cf460764bb1bf0edf868d78814d9cb4fe247cd39f684bd584b9066,2026-07,Cumbria Constabulary,Cumbria Constabulary,-3.389616,54.867988,On or near Station Road,E01019126,Allerdale 001A,Violence and sexual offences,Under investigation,
ca9974a7f38d57f2330d3e39331cdee6838677c145c7b8da0e8eef34bb2f282b,2026-07,Cumbria Constabulary,Cumbria Constabulary,-3.384917,54.861382,On or near Greenrow Meadows,E01019126,Allerdale 001A,Violence and sexual offences,Under investigation,
6b1d3d9f544a34090b36c8995898e650a19e4eae8bf28bbe7314d513d9180fae,2026-07,Cumbria Constabulary,Cumbria Constabulary,-3.386670,54.868884,On or near Wampool Street,E01019126,Allerdale 001A,Violence and sexual offences,Unable to prosecute suspect,
3d8a037bfc9d126fbf5ef4b4e4ff68d526764d01c529fa8b403033874ddbd5ae,2026-07,Cumbria Constabulary,Cumbria Constabulary,-3.388373,54.863553,On or near The Crofts,E01019126,Allerdale 001A,Violence and sexual offences,Under investigation,
96a63a5b0bd8c047f4c9c4ac68519a86a9d49842a68a726184c0eac437d2b58e,2026-07,Cumbria Constabulary,Cumbria Constabulary,-3.387651,54.869763,On or near Church Terrace,E01019126,Allerdale 001A,Violence and sexual offences,Under investigation,
73bd5f71fb512b7c6e5bb37485ed7779f8dec86d02bb5a9995a9427b1bfc196d,2026-07,Cumbria Constabulary,Cumbria Constabulary,-3.384917,54.861382,On or near Greenrow Meadows,E01019126,Allerdale 001A,Violence and sexual offences,Under investigation,
9a5aea0ecaa035fc6beeddb970046585d83d3c2ae66079ba4fc85be2ff5b66f6,2026-07,Cumbria Constabulary,Cumbria Constabulary,-3.388373,54.863553,On or near The Crofts,E01019126,Allerdale 001A,Violence and sexual offences,Under investigation,
c243df1c9c0b01288d371ff13b6fa712949387734aa501e4140df88ea3efa4a3,2026-07,Cumbria Constabulary,Cumbria Constabulary,-3.387217,54.868015,On or near Eden Street,E01019126,Allerdale 001A,Other crime,Further action is not in the public interest,
ffb2af58ee5d390fba8fabf9b3ee4b53cb142633424f5922d5f466a28203a2f4,2026-07,Cumbria Constabulary,Cumbria Constabulary,-3.383459,54.877045,On or near Parking Area,E01019127,Allerdale 001B,Burglary,Under investigation,
851a513a55e18cbfc25707620592406c330d33d6d7c9c1a6f0cb2a5aeea68529,2026-07,Cumbria Constabulary,Cumbria Constabulary,-3.379406,54.875186,On or near Meadow View Park,E01019127,Allerdale 001B,Public order,Under investigation,
2a05e0a130b45c7f8101f0501fceea09ae7eed0cb0f38fe7b1984d209aca1ec6,2026-07,Cumbria Constabulary,Cumbria Constabulary,-3.379226,54.878127,On or near Skinburness Drive,E01019127,Allerdale 001B,Public order,Awaiting court outcome,
cb8c69d7db0d5e03c3af6839c7d7902a8f4ef70ee2eee01c9f7ea0557911de5b,2026-07,Cumbria Constabulary,Cumbria Constabulary,-3.379406,54.875186,On or near Meadow View Park,E01019127,Allerdale 001B,Public order,Under investigation,
1972ed56c0084dcb63079bb95cb9507ee950c90c53d343550f02f81f934e092d,2026-07,Cumbria Constabulary,Cumbria Constabulary,-3.364702,54.872669,On or near Airport/Airfield,E01019127,Allerdale 001B,Violence and sexual offences,Unable to prosecute suspect,
2661403808283634d063c558e2e01335f41261451681cd30f3ac8465cb67695f,2026-07,Cumbria Constabulary,Cumbria Constabulary,-3.364702,54.872669,On or near Airport/Airfield,E01019127,Allerdale 001B,Violence and sexual offences,Unable to prosecute suspect,
66e66359ed97c83da485f6dbfb9fb8042d5014019fcb843f9142d9cc6c5cb4c6,2026-07,Cumbria Constabulary,Cumbria Constabulary,-3.379406,54.875186,On or near Meadow View Park,E01019127,Allerdale 001B,Violence and sexual offences,Awaiting court outcome,
f314b9d4093ac4e8128804b559e7f78022a5775ad0d2cf63304d9929ea551671,2026-07,Cumbria Constabulary,Cumbria Constabulary,-3.379406,54.875186,On or near Meadow View Park,E01019127,Allerdale 001B,Violence and sexual offences,Under investigation,
69d59a61d2464847e06979540f474ef06ae65ec17766ceb33b28984d9174ce4b,2026-07,Cumbria Constabulary,Cumbria Constabulary,-3.379406,54.875186,On or near Meadow View Park,E01019127,Allerdale 001B,Violence and sexual offences,Unable to prosecute suspect,
94e2bb905dce7c1a603e0740a8f74bc85b9b1cec6ee2283b41c2b45c704e19c3,2026-07,Cumbria Constabulary,Cumbria Constabulary,-3.379406,54.875186,On or near Meadow View Park,E01019127,Allerdale 001B,Violence and sexual offences,Unable to prosecute suspect,
1f19d644de70ddffc3821e77db2dbaf36776f58572bc82219b75f9b6a9143a89,2026-07,Cumbria Constabulary,Cumbria Constabulary,-3.379406,54.875186,On or near Meadow View Park,E01019127,Allerdale 001B,Violence and sexual offences,Unable to prosecute suspect,
f217b5fb27531d289e4356446fa31be4398a661c6c947e80d4683fe0ee3d2631,2026-07,Cumbria Constabulary,Cumbria Constabulary,-3.379406,54.875186,On or near Meadow View Park,E01019127,Allerdale 001B,Violence and sexual offences,Under investigation,
b59362de426726c2d6e7f220a40abe6ad8f71b8ea065574cc1841a1df81d22f9,2026-07,Cumbria Constabulary,Cumbria Constabulary,-3.386082,54.870494,On or near Supermarket,E01019127,Allerdale 001B,Violence and sexual offences,Under investigation,
b36ec91de4af919847de749c5a6c1812134e92e0fa8482ebb08fad8fcaa03e21,2026-07,Cumbria Constabulary,Cumbria Constabulary,-3.156957,54.811464,On or near B5304,E01019132,Allerdale 001C,Burglary,Investigation complete; no suspect identified,
a852aebe51b4793b089da6b6f9d5d100c5bb60f54620b3e7bc89150f44a69478,2026-07,Cumbria Constabulary,Cumbria Constabulary,-3.170144,54.846153,On or near Kingsgarth,E01019132,Allerdale 001C,Burglary,Investigation complete; no suspect identified,
16e98faf3f11aa5b5848d8d2397c86ada0ccd52ddefb4b458dbab1b5ef7408f6,2026-07,Cumbria Constabulary,Cumbria Constabulary,-3.203049,54.895260,On or near Chestnut Grove,E01019132,Allerdale 001C,Burglary,Unable to prosecute suspect,
7b2cbc9ae5f412a2786a2960dff7b638ba2d4202adf9d4b076601761217435d5,2026-07,Cumbria Constabulary,Cumbria Constabulary,-3.203497,54.881666,On or near Airport/Airfield,E01019132,Allerdale 001C,Public order,Unable to prosecute suspect,
0d1673739b1509e05ba2fb8e143f69920eabb2e187d78dcdbd70cb943ea2d951,2026-07,Cumbria Constabulary,Cumbria Constabulary,-3.177003,54.846905,On or near West End Close,E01019132,Allerdale 001C,Violence and sexual offences,Unable to prosecute suspect,
ec6075fbd47115558bee98ce649c8f06ee0f4137cc14cce2bbc2c22ccae943af,2026-07,Cumbria Constabulary,Cumbria Constabulary,-3.177003,54.846905,On or near West End Close,E01019132,Allerdale 001C,Violence and sexual offences,Action to be taken by another organisation,
cfee1894ae387b7613f28ed7dda60cc0057612371b9a0521ffdf73f0d4417bec,2026-07,Cumbria Constabulary,Cumbria Constabulary,-3.177003,54.846905,On or near West End Close,E01019132,Allerdale 001C,Violence and sexual offences,Unable to prosecute suspect,
00f251172791df991f18b054c6b06e091497f2c4889550303b5a18c4151673fe,2026-07,Cumbria Constabulary,Cumbria Constabulary,-3.225144,54.791086,On or near Conference/Exhibition Centre,E01019132,Allerdale 001C,Violence and sexual offences,Under investigation,
,2026-07,Cumbria Constabulary,Cumbria Constabulary,-3.172363,54.824940,On or near Burnside,E01019135,Allerdale 001E,Anti-social behaviour,,
fb6bebf9ac63701c5f89fc0232afddc9961a25be744f5cf67e20559c923d3509,2026-07,Cumbria Constabulary,Cumbria Constabulary,-3.172654,54.822071,On or near Glen Helen Close,E01019135,Allerdale 001E,Criminal damage and arson,Under investigation,
a4545bd7e27f28f11f0036294a3bc4a68b27816d90fd382e2dc3cbf137b76118,2026-07,Cumbria Constabulary,Cumbria Constabulary,-3.169244,54.824198,On or near Park Road,E01019135,Allerdale 001E,Criminal damage and arson,Investigation complete; no suspect identified,
e61d80f8186697b6e3d06d28a5e38cbe6dd1e0e7475abebcddf6f4bac2343a04,2026-07,Cumbria Constabulary,Cumbria Constabulary,-3.176339,54.822484,On or near Langdale,E01019135,Allerdale 001E,Possession of weapons,Investigation complete; no suspect identified,
25ab214b37c5e157e15bff08570bb22e6e5371b02fe5f4a2c84eb930bd138744,2026-07,Cumbria Constabulary,Cumbria Constabulary,-3.172709,54.829368,On or near Station Hill,E01019135,Allerdale 001E,Public order,Awaiting court outcome,
2c41d4e24f42d8e5278642f6b1c264e2dd659297beb09a40702de96640b2dfc2,2026-07,Cumbria Constabulary,Cumbria Constabulary,-3.175018,54.829004,On or near Woodside Park,E01019135,Allerdale 001E,Public order,Under investigation,
3eb48703256d1a8c5a279e680e72b198a6d58b45fec2a56be34d119721e5778a,2026-07,Cumbria Constabulary,Cumbria Constabulary,-3.176896,54.823450,On or near Rydal Close,E01019135,Allerdale 001E,Violence and sexual offences,Under investigation,
1b2b93acd1c1ac6f3e827ef10c7f4f37e58d7def8ed20f6e84c6c6875feb5283,2026-07,Cumbria Constabulary,Cumbria Constabulary,-3.175659,54.823722,On or near Wampool Place,E01019135,Allerdale 001E,Violence and sexual offences,Under investigation,
171c4fe4afaf5aef504d71a2fdf1fbe6b34e860576da04d485251ac8dc8c3e9e,2026-07,Cumbria Constabulary,Cumbria Constabulary,-3.177138,54.823735,On or near Caldew Close,E01019135,Allerdale 001E,Violence and sexual offences,Under investigation,
9911342f786bdd833078b015fffcc1527165a551f608d5dd62b90eeda5b58252,2026-07,Cumbria Constabulary,Cumbria Constabulary,-3.171905,54.828477,On or near Fell View,E01019135,Allerdale 001E,Violence and sexual offences,Under investigation,
dd184e09f70056c887568b32264731ed865f4347fc64f00c666d4f244f15568b,2026-07,Cumbria Constabulary,Cumbria Constabulary,-3.175018,54.829004,On or near Woodside Park,E01019135,Allerdale 001E,Violence and sexual offences,Under investigation,
f157a0fa1c4f6ab75c0d85f7eb16368998ec4f485416ec0dbf731e939aa3d3b3,2026-07,Cumbria Constabulary,Cumbria Constabulary,-3.175659,54.823722,On or near Wampool Place,E01019135,Allerdale 001E,Violence and sexual offences,Under investigation,
656a77ff2b21d5381b8794c6475e6d50700751dafb6f757d56c78c6eaac6b7ad,2026-07,Cumbria Constabulary,Cumbria Constabulary,-3.172709,54.829368,On or near Station Hill,E01019135,Allerdale 001E,Other crime,Awaiting court outcome,
d7277cdedcd4ee7f430a69f93932affa2225cc48839d168fcc1989e86fc013ae,2026-07,Cumbria Constabulary,Cumbria Constabulary,-3.175659,54.823722,On or near Wampool Place,E01019135,Allerdale 001E,Other crime,Under investigation,
,2026-07,Cumbria Constabulary,Cumbria Constabulary,-3.152110,54.828127,On or near Kirkland Fold,E01019136,Allerdale 001F,Anti-social behaviour,,
b0c113893b4cb0cc88e3afc4e8a76a13950432fe1eb2815589270a168f8a6bb8,2026-07,Cumbria Constabulary,Cumbria Constabulary,-3.160270,54.826620,On or near Supermarket,E01019136,Allerdale 001F,Shoplifting,Under investigation,
0f585157aab9892f09e2b00efb8528c7e79143f698576e5335585d1cb16818ed,2026-07,Cumbria Constabulary,Cumbria Constabulary,-3.160270,54.826620,On or near Supermarket,E01019136,Allerdale 001F,Shoplifting,Under investigation,
010411ec72eed1aceed6ec6fab435ad5fe093eaa89ec1717e5b9efb1bb8a537f,2026-07,Cumbria Constabulary,Cumbria Constabulary,-3.152110,54.828127,On or near Kirkland Fold,E01019136,Allerdale 001F,Violence and sexual offences,Under investigation,
b469bc28fca6030aaa37e0305d589dc467167a5c91eecbdb40cf19d0e84c8f76,2026-07,Cumbria Constabulary,Cumbria Constabulary,-3.149430,54.821466,On or near Scholars Green,E01019136,Allerdale 001F,Violence and sexual offences,Under investigation,
10b55eeaa569b551975d28f70795c472e86dbf28b2161f7616bce96ded6ff884,2026-07,Cumbria Constabulary,Cumbria Constabulary,-3.149430,54.821466,On or near Scholars Green,E01019136,Allerdale 001F,Violence and sexual offences,Under investigation,
cce6db97d63d4d454dc7914bd331b2f8674040755e95ebbffe346cfbffae1735,2026-07,Cumbria Constabulary,Cumbria Constabulary,-3.150330,54.828503,On or near Orchard Road,E01019136,Allerdale 001F,Violence and sexual offences,Investigation complete; no suspect identified,
f071cb47b8470bf984e4840701c26e1d014fcdb526cfe8bd41ec8a135cec7dc0,2026-07,Cumbria Constabulary,Cumbria Constabulary,-3.161534,54.825089,On or near Wheatsheaf Lane,E01019137,Allerdale 001G,Criminal damage and arson,Investigation complete; no suspect identified,
a7694d6e26a212d9f54ba02424f144ed59fbb80801b591034b2fad3460367bb7,2026-07,Cumbria Constabulary,Cumbria Constabulary,-3.162497,54.822312,On or near Park Square,E01019137,Allerdale 001G,Criminal damage and arson,Investigation complete; no suspect identified,
30faccd213abff1155bafc0a6c31d40b3042da6d194c2148b4c9dd04fcc76b11,2026-07,Cumbria Constabulary,Cumbria Constabulary,-3.158375,54.824041,On or near Brookside,E01019137,Allerdale 001G,Public order,Unable to prosecute suspect,
43f70e9053da4456aee94eadeaa5c6bf6d35f784fc2b6d8fc889d3eb2c3f77d0,2026-07,Cumbria Constabulary,Cumbria Constabulary,-3.161289,54.824678,On or near Market Place,E01019137,Allerdale 001G,Shoplifting,Under investigation,
afcffe90db6831244b32338e418a9b59d4546735cc264890d0ccc37a42181c2b,2026-07,Cumbria Constabulary,Cumbria Constabulary,-3.161289,54.824678,On or near Market Place,E01019137,Allerdale 001G,Shoplifting,Under investigation,
7bc4c7f35f9cabc29ea9a924042ce6a5889f6880e817479b54de988800cf070d,2026-07,Cumbria Constabulary,Cumbria Constabulary,-3.161289,54.824678,On or near Market Place,E01019137,Allerdale 001G,Violence and sexual offences,Under investigation,
98a06a1d737bfb696adf7cda6ce23b7106a1eba5841c50f5ad5e0d930829d348,2026-07,Cumbria Constabulary,Cumbria Constabulary,-3.158358,54.823430,On or near Laurel Terrace,E01019137,Allerdale 001G,Violence and sexual offences,Under investigation,
e5b11955b0cd7acdf7da234464c130fa6fd79a77daec80dac60e39202d810a2a,2026-07,Cumbria Constabulary,Cumbria Constabulary,-3.158899,54.826013,On or near Plaskett'S Lane,E01019137,Allerdale 001G,Violence and sexual offences,Under investigation,
9c125233ecf777d3a926b2deebd72b11e6a317b1f1e1aadb2eb77ef350ec5fcc,2026-07,Cumbria Constabulary,Cumbria Constabulary,-3.158899,54.826013,On or near Plaskett'S Lane,E01019137,Allerdale 001G,Violence and sexual offences,Under investigation,
bfd4a6ff4956d5f8e783a93e07ad373c89200964199881de1ee636db3ab05470,2026-07,Cumbria Constabulary,Cumbria Constabulary,-3.161289,54.824678,On or near Market Place,E01019137,Allerdale 001G,Violence and sexual offences,Under investigation,
93b61fffe8cd6e9c79e663d3fcb95546cd5f8df442ef6633b2df25613d0b590b,2026-07,Cumbria Constabulary,Cumbria Constabulary,-3.157818,54.819787,On or near Banks Crescent,E01019137,Allerdale 001G,Violence and sexual offences,Unable to prosecute suspect,
e9655945ff9e13a5c2ed6316efc593e682e3b4bf49100e0f26a048228dfd138f,2026-07,Cumbria Constabulary,Cumbria Constabulary,-3.135173,54.607041,On or near Spoonygreen Lane,E01019083,Allerdale 002A,Criminal damage and arson,Unable to prosecute suspect,
4aee34a8ad648648e77e742b27e54d5fec19870b2989e029c4210eba0801b97c,2026-07,Cumbria Constabulary,Cumbria Constabulary,-3.155724,54.710991,On or near Water Bank,E01019083,Allerdale 002A,Other theft,Investigation complete; no suspect identified,
0f5c95e847012e16aaf873dd9e8c57819508c2f37408fcb131c7ba589cc658d3,2026-07,Cumbria Constabulary,Cumbria Constabulary,-3.186689,54.642918,On or near Parking Area,E01019083,Allerdale 002A,Public order,Under investigation,
eee113f3c7f63f811821dcecc9a627658f7ca110b2bb11ad21902be6364bb8dc,2026-07,Cumbria Constabulary,Cumbria Constabulary,-3.184146,54.738190,On or near Sun Croft,E01019083,Allerdale 002A,Violence and sexual offences,Further investigation is not in the public interest,
03c9c09a55723df52d8c8209022dce9b5de3df03e2783359459d1932f3086008,2026-07,Cumbria Constabulary,Cumbria Constabulary,-3.130264,54.604768,On or near Calvert Way,E01019083,Allerdale 002A,Violence and sexual offences,Under investigation,
12a8eef84017a37382440eb4c1a458b4b10206d563bb50493a43a30ce12d4c20,2026-07,Cumbria Constabulary,Cumbria Constabulary,-3.184146,54.738190,On or near Sun Croft,E01019083,Allerdale 002A,Violence and sexual offences,Unable to prosecute suspect,
a40364ed08e059bbb4c0df7ecf049169831ca3efeda2bd0fac5b586badd095ee,2026-07,Cumbria Constabulary,Cumbria Constabulary,-3.188658,54.762303,On or near Carlislegate Lane,E01019083,Allerdale 002A,Violence and sexual offences,Unable to prosecute suspect,
946a1daa861de08179ab4f0d08bba4fe26bc0b0a77e6c417faa80527ba821253,2026-07,Cumbria Constabulary,Cumbria Constabulary,-3.184146,54.738190,On or near Sun Croft,E01019083,Allerdale 002A,Violence and sexual offences,Action to be taken by another organisation,
,2026-07,Cumbria Constabulary,Cumbria Constabulary,-3.205839,54.948920,On or near Acremire Lane,E01019107,Allerdale 002B,Anti-social behaviour,,
282ca121ba6aef5dbd3e4bc268e3e5109eee5735bc3afacb64bd8f48c03752ac,2026-07,Cumbria Constabulary,Cumbria Constabulary,-3.249350,54.915076,On or near Moricambe Crescent,E01019107,Allerdale 002B,Criminal damage and arson,Investigation complete; no suspect identified,
97974d8129e693dc38db4a8d7a49c43ec695c55ffb69d2919b48203aa37341ed,2026-07,Cumbria Constabulary,Cumbria Constabulary,-3.119110,54.903540,On or near Parking Area,E01019107,Allerdale 002B,Criminal damage and arson,Under investigation,
77cf25aab50b98584fce926b0c1889ec1f66d7c07968156053e779d405af1d58,2026-07,Cumbria Constabulary,Cumbria Constabulary,-3.119110,54.903540,On or near Parking Area,E01019107,Allerdale 002B,Criminal damage and arson,Unable to prosecute suspect,
dbeba39f3fd05b8b18069c49dc4b6aabc7fd20d3148f72a5241bc9001163346f,2026-07,Cumbria Constabulary,Cumbria Constabulary,-3.249350,54.915076,On or near Moricambe Crescent,E01019107,Allerdale 002B,Violence and sexual offences,Under investigation,
8efec1be7ac7ea4895dc10bf714f65a2ea3b6821e0007b080628db374c993fe9,2026-07,Cumbria Constabulary,Cumbria Constabulary,-3.119110,54.903540,On or near Parking Area,E01019107,Allerdale 002B,Violence and sexual offences,Unable to prosecute suspect,
3751d72aa3b27b756acef4fcf2b38622fc86c282b3971ae5fcbcd30ba49f1668,2026-07,Cumbria Constabulary,Cumbria Constabulary,-3.119110,54.903540,On or near Parking Area,E01019107,Allerdale 002B,Violence and sexual offences,Under investigation,
a3fcd4903993bc83a2303090af7dc44e931a2cf56f211428e2b90ab5196b35fa,2026-07,Cumbria Constabulary,Cumbria Constabulary,-3.119110,54.903540,On or near Parking Area,E01019107,Allerdale 002B,Violence and sexual offences,Under investigation,
a461e1578846a6ee543e32fafd0e0b7905eac830a859b6e906fe8e0cd4aed987,2026-07,Cumbria Constabulary,Cumbria Constabulary,-3.249350,54.915076,On or near Moricambe Crescent,E01019107,Allerdale 002B,Violence and sexual offences,Under investigation,
0fef4d0fbd82a5aa2b5d9e0ae4b75c3a2416eb36c383d658f6a8dbd0ec5081be,2026-07,Cumbria Constabulary,Cumbria Constabulary,-3.249350,54.915076,On or near Moricambe Crescent,E01019107,Allerdale 002B,Violence and sexual offences,Under investigation,
c7f5649cfaee51dc60327611201575f5a1e036c8af4472d1c1217914ba47f2b7,2026-07,Cumbria Constabulary,Cumbria Constabulary,-3.119110,54.903540,On or near Parking Area,E01019107,Allerdale 002B,Violence and sexual offences,Under investigation,
7914f1718dfedf319a0fd281294d04a22afe4c81cea0a2fba885eecd1aad5159,2026-07,Cumbria Constabulary,Cumbria Constabulary,-3.078438,54.899540,On or near Oaks Lane,E01019107,Allerdale 002B,Violence and sexual offences,Unable to prosecute suspect,
19aa6391a8e312433b32ebaa12e926058fc1bb9bafb76c0f9a94162c3bbc7c9d,2026-07,Cumbria Constabulary,Cumbria Constabulary,-3.119110,54.903540,On or near Parking Area,E01019107,Allerdale 002B,Violence and sexual offences,Under investigation,
29b4dd60a3cc29aaf53147eb109f3f511476d25131bfb37569a9f90b124f8728,2026-07,Cumbria Constabulary,Cumbria Constabulary,-3.119110,54.903540,On or near Parking Area,E01019107,Allerdale 002B,Violence and sexual offences,Under investigation,
78f42f65e038ff6bbf8aa4b0f791d15c9bb59c180739a945c97248b5fb560e67,2026-07,Cumbria Constabulary,Cumbria Constabulary,-3.119110,54.903540,On or near Parking Area,E01019107,Allerdale 002B,Violence and sexual offences,Unable to prosecute suspect,
81ba96bf0d14cd432b87518c0b89cdd63f21d0c0cc82a0b4ae586d5b28093379,2026-07,Cumbria Constabulary,Cumbria Constabulary,-3.187045,54.947524,On or near Scotch Street,E01019107,Allerdale 002B,Violence and sexual offences,Investigation complete; no suspect identified,
008a554389cd05ab7483d8079d51eb0d6e76821f1f646a8c24076f4dcb35d9df,2026-07,Cumbria Constabulary,Cumbria Constabulary,-3.249350,54.915076,On or near Moricambe Crescent,E01019107,Allerdale 002B,Violence and sexual offences,Under investigation,
2e0205e57bec5a8d172ac5ca5d36f346f7311a5d7347532aa845cf7a167fb0c2,2026-07,Cumbria Constabulary,Cumbria Constabulary,-3.119110,54.903540,On or near Parking Area,E01019107,Allerdale 002B,Violence and sexual offences,Unable to prosecute suspect,
c9687e9523e3eb2ddf712cf6825831402b613641f8d9b8060c6eaa8d56b95eac,2026-07,Cumbria Constabulary,Cumbria Constabulary,-3.249350,54.915076,On or near Moricambe Crescent,E01019107,Allerdale 002B,Violence and sexual offences,Under investigation,
259e025c735af1af96d18da5d01b8005a7f69bdd31dce0342f51e755b38f6f3f,2026-07,Cumbria Constabulary,Cumbria Constabulary,-3.119110,54.903540,On or near Parking Area,E01019107,Allerdale 002B,Violence and sexual offences,Unable to prosecute suspect,
62165ff344ddb0f6fcc0efb2d6af10cd3bde84d431f0d16efa270038e383e431,2026-07,Cumbria Constabulary,Cumbria Constabulary,-3.171559,54.933079,On or near Mill Lane,E01019107,Allerdale 002B,Violence and sexual offences,Under investigation,
8d6b36ff820152a34c7c682abbdc19d355c759116f3ef302190a2cf1096b949a,2026-07,Cumbria Constabulary,Cumbria Constabulary,-3.119110,54.903540,On or near Parking Area,E01019107,Allerdale 002B,Violence and sexual offences,Under investigation,
8d1f2647ee5f43cdaa70c688cda8e12f1b65a3135acdbea7ae63051065199446,2026-07,Cumbria Constabulary,Cumbria Constabulary,-3.084317,54.872968,On or near Airport/Airfield,E01019130,Allerdale 002C,Violence and sexual offences,Under investigation,
44c81e427cefdead125843f9c5620324186c19365c806540735784f54d618162,2026-07,Cumbria Constabulary,Cumbria Constabulary,-3.082788,54.755854,On or near Parking Area,E01019131,Allerdale 002D,Violence and sexual offences,Under investigation,
d3cbaf5e81995fc9c54c25f38484fe0fedca70ba8a51306e3d1b347a943e3479,2026-07,Cumbria Constabulary,Cumbria Constabulary,-3.056204,54.796735,On or near Parking Area,E01019131,Allerdale 002D,Violence and sexual offences,Under investigation,
9839d5bc6d333188ebfaf26318d68cc84b000441e538f916ce840ff33ef6566a,2026-07,Cumbria Constabulary,Cumbria Constabulary,-3.082788,54.755854,On or near Parking Area,E01019131,Allerdale 002D,Violence and sexual offences,Under investigation,
0bd2445d2f073d1bae81abf82f905d8df87956373db559c7de47f7579c542f72,2026-07,Cumbria Constabulary,Cumbria Constabulary,-3.068151,54.819140,On or near Sports/Recreation Area,E01019131,Allerdale 002D,Violence and sexual offences,Investigation complete; no suspect identified,
a84f0f19299dc1f1244ab0328ffca2c94713848ab68008d948eb415f5a10a77e,2026-07,Cumbria Constabulary,Cumbria Constabulary,-3.314320,54.769724,On or near Park Road,E01019081,Allerdale 003A,Criminal damage and arson,Investigation complete; no suspect identified,
fd43b83d7d9455b3a6909ee6bbbf43a03b4e8185fe19876cf6e45c56a57bb7e7,2026-07,Cumbria Constabulary,Cumbria Constabulary,-3.234943,54.776158,On or near Crummock Close,E01019081,Allerdale 003A,Public order,Unable to prosecute suspect,
82553a1fac0d732b77570cc1dee18e8b1e5f714cae110c723a93fce9569da71a,2026-07,Cumbria Constabulary,Cumbria Constabulary,-3.314320,54.769724,On or near Park Road,E01019081,Allerdale 003A,Violence and sexual offences,Unable to prosecute suspect,
bdf42038680ab2b129e0e348bd8cfcad2235b0a8eb5f9b60275e83327adf7dd9,2026-07,Cumbria Constabulary,Cumbria Constabulary,-3.315752,54.766446,On or near B5299,E01019081,Allerdale 003A,Violence and sexual offences,Unable to prosecute suspect,
940e099ec77ca0e5aa0191694de07b83bb0ee06aa2d37517f89c331f6fc94e2a,2026-07,Cumbria Constabulary,Cumbria Constabulary,-3.315752,54.766446,On or near B5299,E01019081,Allerdale 003A,Violence and sexual offences,Investigation complete; no suspect identified,
a830958a8cd6703660ccc73fe8acab1e3e5640a9f6eccd4c42e5442e27c79305,2026-07,Cumbria Constabulary,Cumbria Constabulary,-3.234943,54.776158,On or near Crummock Close,E01019081,Allerdale 003A,Violence and sexual offences,Unable to prosecute suspect,
831004dcc4620ecf1897d22301ffaa4796947fd258399a3fd24f74f0d5a0c6d5,2026-07,Cumbria Constabulary,Cumbria Constabulary,-3.234943,54.776158,On or near Crummock Close,E01019081,Allerdale 003A,Violence and sexual offences,Under investigation,
34ed0bc77f5c4c96074872f0da9661ef10f7a5307147808af77420d8028cd3b2,2026-07,Cumbria Constabulary,Cumbria Constabulary,-3.322139,54.764957,On or near Bedford Square,E01019082,Allerdale 003B,Bicycle theft,Unable to prosecute suspect,
dfd1419f9aadf5ed40b9ecc2323d78073a7d19b3753ac59652771bfbeffe3913,2026-07,Cumbria Constabulary,Cumbria Constabulary,-3.332676,54.763804,On or near Petrol Station,E01019082,Allerdale 003B,Other theft,Under investigation,
dffab875968d5d2829f0fbe1dc8b200b96ef7c11c99e0f1598a652a210fdac7a,2026-07,Cumbria Constabulary,Cumbria Constabulary,-3.332676,54.763804,On or near Petrol Station,E01019082,Allerdale 003B,Other theft,Unable to prosecute suspect,
f12834edac017f6723d5f7b6486d2cda072be9b41cd14d604d62129fa6ec2613,2026-07,Cumbria Constabulary,Cumbria Constabulary,-3.334912,54.757313,On or near Arkleby Road,E01019082,Allerdale 003B,Other theft,Under investigation,
d8c51e390fb26c349b165b2edc2f61e85e3eab632491bf97a26e261bf2f06d35,2026-07,Cumbria Constabulary,Cumbria Constabulary,-3.329806,54.766050,On or near St Mungo'S Park,E01019082,Allerdale 003B,Possession of weapons,Under investigation,
04a176bc4ee5832139034f1b0d8d7673b6f7f56d0cedbe147a607360e744b388,2026-07,Cumbria Constabulary,Cumbria Constabulary,-3.329806,54.766050,On or near St Mungo'S Park,E01019082,Allerdale 003B,Public order,Unable to prosecute suspect,
d5fe5f0107ac02e11f0636692d4003e46316f68d2f1f6e4a1620edc64f7256a2,2026-07,Cumbria Constabulary,Cumbria Constabulary,-3.330189,54.763503,On or near Pringle,E01019082,Allerdale 003B,Shoplifting,Under investigation,
07e0933b44ceec97385ecd0b334a7e68e26224c944c746faf7a50557529b8404,2026-07,Cumbria Constabulary,Cumbria Constabulary,-3.330189,54.763503,On or near Pringle,E01019082,Allerdale 003B,Shoplifting,Investigation complete; no suspect identified,
7fe2e24cc536619f955d23c3d7f4bb76f37ea5dd76d922ae1a5b86954ca3f03e,2026-07,Cumbria Constabulary,Cumbria Constabulary,-3.328369,54.765347,On or near St Kentigerns Way,E01019082,Allerdale 003B,Violence and sexual offences,Under investigation,
06dabcb09c67fc61dc63a233e22c3071b24d6257a0b103d105f40e422cc7f6a9,2026-07,Cumbria Constabulary,Cumbria Constabulary,-3.429739,54.771016,On or near Brewery Street,E01019102,Allerdale 003C,Criminal damage and arson,Under investigation,
1b78fbff1f54d46b450fcbb919869d7a04d94b2c15400ed05ae055cdc1ad91d6,2026-07,Cumbria Constabulary,Cumbria Constabulary,-3.431388,54.768399,On or near Parking Area,E01019102,Allerdale 003C,Criminal damage and arson,Under investigation,
292a24ba917fd269d2e8e3ad0cbde025f50f982a27527d5614371d51ca9a51f8,2026-07,Cumbria Constabulary,Cumbria Constabulary,-3.430543,54.781036,On or near Parking Area,E01019102,Allerdale 003C,Public order,Unable to prosecute suspect,
9d66af40eebc38dd296e52cfc89a5b321ad7abebbdc1d9efc095af5218b5d008,2026-07,Cumbria Constabulary,Cumbria Constabulary,-3.419065,54.827986,On or near Parking Area,E01019102,Allerdale 003C,Violence and sexual offences,Unable to prosecute suspect,
984be058bb4d2eef133f0ba40655a418519a8a6a6cd5a5f26b0a946ba551cfb7,2026-07,Cumbria Constabulary,Cumbria Constabulary,-3.429453,54.774354,On or near The Square,E01019102,Allerdale 003C,Violence and sexual offences,Under investigation,
c9e3be4de654fc731c707fb233c33cbc98409c414bebb05035f0c63b6dc250bb,2026-07,Cumbria Constabulary,Cumbria Constabulary,-3.292226,54.844645,On or near Main Street,E01019102,Allerdale 003C,Violence and sexual offences,Under investigation,
35fdcd263a1a33adfe5bde69b3e4b6906423d26e0b43d326a3bb12a66d2bbeb4,2026-07,Cumbria Constabulary,Cumbria Constabulary,-3.292226,54.844645,On or near Main Street,E01019102,Allerdale 003C,Violence and sexual offences,Under investigation,
0117de7908a0ed428fcf1ea972c42d98bfc383620bb820063582091b96fecd06,2026-07,Cumbria Constabulary,Cumbria Constabulary,-3.429047,54.808699,On or near Parking Area,E01019102,Allerdale 003C,Violence and sexual offences,Under investigation,
320861fd830946641a28a86baa9be66c1a4de01e97a88f6f34dc517015649aee,2026-07,Cumbria Constabulary,Cumbria Constabulary,-3.426033,54.777027,On or near Moss Lane,E01019102,Allerdale 003C,Violence and sexual offences,Under investigation,
0c1e80b02f724fcfa93ba95c08ab9840593669dc7201b39fa126f40e09fa1a4b,2026-07,Cumbria Constabulary,Cumbria Constabulary,-3.284872,54.844040,On or near Friars Garth,E01019102,Allerdale 003C,Violence and sexual offences,Under investigation,
0ec94ecfdabb551cc9e2daa858130eb97bbf1d90f194a89676a120afaf820cea,2026-07,Cumbria Constabulary,Cumbria Constabulary,-3.430543,54.781036,On or near Parking Area,E01019102,Allerdale 003C,Violence and sexual offences,Under investigation,
9962589932c11faf2fd9a4cb827a3c1fb6b5d4855a9ceae85c0b926e79e881ac,2026-07,Cumbria Constabulary,Cumbria Constabulary,-3.284872,54.844040,On or near Friars Garth,E01019102,Allerdale 003C,Violence and sexual offences,Under investigation,
043face94ad40b6811d0d8bdb3a92ef6b7e78004c7ec552b3a543eee0913b389,2026-07,Cumbria Constabulary,Cumbria Constabulary,-3.347032,54.789560,On or near B5301,E01019128,Allerdale 003D,Burglary,Under investigation,
802aebc05b9543d4fb5a638b00a430ee50121755174775bc7668f9697282957b,2026-07,Cumbria Constabulary,Cumbria Constabulary,-3.274296,54.795540,On or near Gillmorend Brow,E01019128,Allerdale 003D,Drugs,Under investigation,
6d9067f7490cc7d33401ae2993d0f942730fdd17db13a00e43e365e8b7f91324,2026-07,Cumbria Constabulary,Cumbria Constabulary,-3.367945,54.751898,On or near Sports/Recreation Area,E01019128,Allerdale 003D,Other theft,Unable to prosecute suspect,
17b2dbd1b008434138ca93d572dc017106d98e445ec0d0230064efd298543cab,2026-07,Cumbria Constabulary,Cumbria Constabulary,-3.367945,54.751898,On or near Sports/Recreation Area,E01019128,Allerdale 003D,Vehicle crime,Unable to prosecute suspect,
19f7172fd449362ce3ac0e777c5de942cbf04891737cb6f59fb8349bb3ed8480,2026-07,Cumbria Constabulary,Cumbria Constabulary,-3.373240,54.730593,On or near Sports/Recreation Area,E01019133,Allerdale 003E,Violence and sexual offences,Under investigation,
a71c85fa31738346eb7562cec07d7437a54e2b8a524a2ea56c3a6171a172485b,2026-07,Cumbria Constabulary,Cumbria Constabulary,-3.273500,54.740529,On or near Cross Lonning,E01019133,Allerdale 003E,Violence and sexual offences,Unable to prosecute suspect,
39bc30c5ef2c114558b5556d1edb1f21fa6dc7ff29b0ec0dc0434fbe0d2a9e7b,2026-07,Cumbria Constabulary,Cumbria Constabulary,-3.442340,54.713149,On or near Church Street,E01019093,Allerdale 004A,Violence and sexual offences,Under investigation,
,2026-07,Cumbria Constabulary,Cumbria Constabulary,-3.444051,54.709740,On or near Croft Crescent,E01019094,Allerdale 004B,Anti-social behaviour,,
a2d480f80630acc36c32ff6a07abe83eafe0e6293a125ae6a6e4f2e2b615baca,2026-07,Cumbria Constabulary,Cumbria Constabulary,-3.447829,54.727356,On or near Dearham Bridge Road,E01019094,Allerdale 004B,Other theft,Under investigation,
eb93d69cd3426a948f7baca7c68022db0bdbf26d509f39ff257e9a02be8ff990,2026-07,Cumbria Constabulary,Cumbria Constabulary,-3.448471,54.708339,On or near Greenlands Road,E01019094,Allerdale 004B,Violence and sexual offences,Unable to prosecute suspect,
0f645a5a76e2e2821a9606d488beee06571a71960e5b68922f16b1da04e57eee,2026-07,Cumbria Constabulary,Cumbria Constabulary,-3.436959,54.732186,On or near The Crofts,E01019094,Allerdale 004B,Violence and sexual offences,Under investigation,
d431ef040d417b5a8266d7ae3f2af670fef686205bdeca9b9e023492f39262ad,2026-07,Cumbria Constabulary,Cumbria Constabulary,-3.433757,54.733401,On or near Old Road,E01019094,Allerdale 004B,Other crime,Under investigation,
d3b400b4c37cb4e5b819a5c1da20984fdfa727200f80e4d6e5308843082e5ffd,2026-07,Cumbria Constabulary,Cumbria Constabulary,-3.488495,54.709859,On or near Derwent Avenue,E01019096,Allerdale 004C,Other theft,Under investigation,
3d200b055ff561e7f09106c9c2cea9f1f157cd823ecb08e83c3ddafdbbc2b8af,2026-07,Cumbria Constabulary,Cumbria Constabulary,-3.488443,54.711001,On or near Abbotsford Place,E01019096,Allerdale 004C,Other theft,Investigation complete; no suspect identified,
4a80c1810c0a49427ee3d01d8ce6dd002c8d4ef63b18ccd3d5cac361928772d0,2026-07,Cumbria Constabulary,Cumbria Constabulary,-3.483831,54.712208,On or near Meadow Way,E01019096,Allerdale 004C,Vehicle crime,Under investigation,
b1850fbb5dab2fe1029ed46aa5e7b1f63302f4ac0dab4bce0da9b5a18b550242,2026-07,Cumbria Constabulary,Cumbria Constabulary,-3.483577,54.711636,On or near Meadow Close,E01019096,Allerdale 004C,Vehicle crime,Investigation complete; no suspect identified,
6a5843cbf0dba3b152cecdaa8a90eeb962a8ca1ac537b13390c1dd9dc5e2d288,2026-07,Cumbria Constabulary,Cumbria Constabulary,-3.487731,54.710192,On or near Rydal Avenue,E01019096,Allerdale 004C,Violence and sexual offences,Unable to prosecute suspect,
6c11d92895f93e2a7ac262df2936d99a9a09187566eaaae2c0af4619cbb15223,2026-07,Cumbria Constabulary,Cumbria Constabulary,-3.481588,54.709889,On or near Oakland Avenue,E01019096,Allerdale 004C,Violence and sexual offences,Under investigation,
6ca1ea6f10fc2defed12eda5c090a3047a318b0fca4319c4219b94917f5f697b,2026-07,Cumbria Constabulary,Cumbria Constabulary,-3.490927,54.709739,On or near Victory Crescent,E01019096,Allerdale 004C,Violence and sexual offences,Under investigation,
,2026-07,Cumbria Constabulary,Cumbria Constabulary,-3.493584,54.713184,On or near Selby Terrace,E01019114,Allerdale 004D,Anti-social behaviour,,
,2026-07,Cumbria Constabulary,Cumbria Constabulary,-3.493845,54.719427,On or near Macan Street,E01019114,Allerdale 004D,Anti-social behaviour,,
3bdce6bb7959c352c0b981bfbc37958df69bc7b6a2a22c74ee404229f69a88c4,2026-07,Cumbria Constabulary,Cumbria Constabulary,-3.497294,54.715709,On or near Kirkby Street,E01019114,Allerdale 004D,Criminal damage and arson,Unable to prosecute suspect,
1660cd02c9b20341f0e60dddce15c9c22787f0dc857449e313d5320893377fb8,2026-07,Cumbria Constabulary,Cumbria Constabulary,-3.497294,54.715709,On or near Kirkby Street,E01019114,Allerdale 004D,Possession of weapons,Unable to prosecute suspect,
4611236a50baac739203e6971fe8181d006256b54ce4d337e1ac177b9c6a808e,2026-07,Cumbria Constabulary,Cumbria Constabulary,-3.496477,54.713328,On or near Back Lane,E01019114,Allerdale 004D,Shoplifting,Unable to prosecute suspect,
6aca1cebd99044e9bd36b7b6b52b30ddaaee6aac853b6bf5088828421985a78c,2026-07,Cumbria Constabulary,Cumbria Constabulary,-3.499164,54.715048,On or near High Street,E01019114,Allerdale 004D,Violence and sexual offences,Under investigation,
3bf5acd7f5324c7006e4e289f92b8841ab096d5cb2545cf99789178013268920,2026-07,Cumbria Constabulary,Cumbria Constabulary,-3.496102,54.714537,On or near Parking Area,E01019114,Allerdale 004D,Violence and sexual offences,Under investigation,
e71485f09a2bf307ef63b08dbdcc5685c9a3f7df3eda4f3d93bad2ced9daa203,2026-07,Cumbria Constabulary,Cumbria Constabulary,-3.496102,54.714537,On or near Parking Area,E01019114,Allerdale 004D,Violence and sexual offences,Under investigation,
b26d27bc545c4833bb3ecbbc070626b8f8f1f50e5a22d307964a7d7017ef6efd,2026-07,Cumbria Constabulary,Cumbria Constabulary,-3.494646,54.713369,On or near Lawson Street,E01019114,Allerdale 004D,Violence and sexual offences,Under investigation,
73e680789e6aa4460e27599ad5e9a30c8797e80cd455d53e08e3475623f3be9b,2026-07,Cumbria Constabulary,Cumbria Constabulary,-3.497294,54.715709,On or near Kirkby Street,E01019114,Allerdale 004D,Violence and sexual offences,Unable to prosecute suspect,
f3a5b74082f4a091e52e1337e106086dc53050e91ff2166d51e4ff58655c3ff2,2026-07,Cumbria Constabulary,Cumbria Constabulary,-3.496102,54.714537,On or near Parking Area,E01019114,Allerdale 004D,Violence and sexual offences,Unable to prosecute suspect,
51c38cb69811e9ebd546fb4c32e92d832ae9eca7e04ce27c09e3995a0baf0eee,2026-07,Cumbria Constabulary,Cumbria Constabulary,-3.495112,54.715889,On or near Church Street,E01019114,Allerdale 004D,Violence and sexual offences,Under investigation,
62077771ade943126ce2562e1cf24437aec8620c342dad731d944d3d1fd1702e,2026-07,Cumbria Constabulary,Cumbria Constabulary,-3.486149,54.716838,On or near Sports/Recreation Area,E01019114,Allerdale 004D,Violence and sexual offences,Under investigation,
03214cd299ba3dc537acd38a44b4a4c7d82986c7c4f19498e2246649010a57e8,2026-07,Cumbria Constabulary,Cumbria Constabulary,-3.486149,54.716838,On or near Sports/Recreation Area,E01019114,Allerdale 004D,Violence and sexual offences,Under investigation,
,2026-07,Cumbria Constabulary,Cumbria Constabulary,-3.502201,54.714471,On or near Bridge Street,E01019115,Allerdale 004E,Anti-social behaviour,,
,2026-07,Cumbria Constabulary,Cumbria Constabulary,-3.496979,54.713897,On or near Senhouse Street,E01019115,Allerdale 004E,Anti-social behaviour,,
5d294f692abcd1175442614384601898540517050bb550bf64bd47514ba7af94,2026-07,Cumbria Constabulary,Cumbria Constabulary,-3.500879,54.714415,On or near Well Lane,E01019115,Allerdale 004E,Burglary,Investigation complete; no suspect identified,
36d8f55cd84072bac4eccec37557385dee06880a7fd17ba2a22534d35d358042,2026-07,Cumbria Constabulary,Cumbria Constabulary,-3.496896,54.716271,On or near Eaglesfield Street,E01019115,Allerdale 004E,Criminal damage and arson,Unable to prosecute suspect,
18de0b040d35ca164917c117aa8f003da3f92a7e19045438e402ac0660a7fa3a,2026-07,Cumbria Constabulary,Cumbria Constabulary,-3.498903,54.711341,On or near Supermarket,E01019115,Allerdale 004E,Criminal damage and arson,Local resolution,
14697e4a28dfb9f8f0c009c25e4838659feded7692d077127903261675dd7663,2026-07,Cumbria Constabulary,Cumbria Constabulary,-3.498621,54.713805,On or near Catherine Street,E01019115,Allerdale 004E,Drugs,Local resolution,
6c0b57764ea00521dff9b879874a3b0a19452c4f735023571b0d3a5cc9ff61b4,2026-07,Cumbria Constabulary,Cumbria Constabulary,-3.495701,54.712484,On or near Station Street,E01019115,Allerdale 004E,Public order,Further investigation is not in the public interest,
242381c686970a25c2bf44d3d170951bc0a51d75467c4f5da48e2bf4263cb4b6,2026-07,Cumbria Constabulary,Cumbria Constabulary,-3.502206,54.715037,On or near South Quay,E01019115,Allerdale 004E,Public order,Under investigation,
517f60a63fd0092dd32dfa81e99428155b57896498c3f6fd33758023613a7a4d,2026-07,Cumbria Constabulary,Cumbria Constabulary,-3.498903,54.711341,On or near Supermarket,E01019115,Allerdale 004E,Shoplifting,Local resolution,
528b8454af49fd9014441e097d6ed0eb65e92c0a46d0605c47b7787f9725ce2c,2026-07,Cumbria Constabulary,Cumbria Constabulary,-3.496979,54.713897,On or near Senhouse Street,E01019115,Allerdale 004E,Shoplifting,Under investigation,
4cf8d0fce1476150653490528592bee824a5b893b981b17bcefe0e779fd3865c,2026-07,Cumbria Constabulary,Cumbria Constabulary,-3.497284,54.712896,On or near Mill Street,E01019115,Allerdale 004E,Violence and sexual offences,Under investigation,
525ceee4e765c98509a54482c01e319d6c5048d7d38e4d2da94805f1844d5589,2026-07,Cumbria Constabulary,Cumbria Constabulary,-3.500879,54.714415,On or near Well Lane,E01019115,Allerdale 004E,Violence and sexual offences,Under investigation,
3fc961acd45262921226c6cffe896bdd575bc91f8190ee523d779a67b173c9ab,2026-07,Cumbria Constabulary,Cumbria Constabulary,-3.498903,54.711341,On or near Supermarket,E01019115,Allerdale 004E,Violence and sexual offences,Under investigation,
1229f163ae764aa07a70ed44e022336cc0f3d2d16604145132016edb619db0bd,2026-07,Cumbria Constabulary,Cumbria Constabulary,-3.500879,54.714415,On or near Well Lane,E01019115,Allerdale 004E,Violence and sexual offences,Under investigation,
9d95b0b2074b9a5d1cbae9943ca3aae4feb6edc4dba39a9e26deb479b0b15eb1,2026-07,Cumbria Constabulary,Cumbria Constabulary,-3.498621,54.713805,On or near Catherine Street,E01019115,Allerdale 004E,Violence and sexual offences,Under investigation,
4b543f229fca1bea6078f6c5ad967b9550596ba54e7149132b9fa28bed31cbdf,2026-07,Cumbria Constabulary,Cumbria Constabulary,-3.480489,54.706128,On or near Galloway Close,E01019095,Allerdale 005A,Criminal damage and arson,Under investigation,
29d3397da10ad1195d3e270b3975271c191da51e6fad5858fa2b8393f6fd491f,2026-07,Cumbria Constabulary,Cumbria Constabulary,-3.480922,54.708217,On or near Main Street,E01019095,Allerdale 005A,Criminal damage and arson,Investigation complete; no suspect identified,
76fb643c2e7ba6813e30ea93c5da110f9c34fbfafda3b6db6c02d6b04e2ddf57,2026-07,Cumbria Constabulary,Cumbria Constabulary,-3.478169,54.707630,On or near Moorside Drive,E01019095,Allerdale 005A,Drugs,Under investigation,
9acd20c70a7ace85ca526e453837c1f5a76d1f619ff5839c136d7fbfc824d0e5,2026-07,Cumbria Constabulary,Cumbria Constabulary,-3.483399,54.708043,On or near Pecklewell Lane,E01019095,Allerdale 005A,Other theft,Unable to prosecute suspect,
283a8e02de7ef1fca1d614f365b4bf5936f96886f91f8fff7be09717366423a7,2026-07,Cumbria Constabulary,Cumbria Constabulary,-3.483399,54.708043,On or near Pecklewell Lane,E01019095,Allerdale 005A,Public order,Unable to prosecute suspect,
8afc7999b267fa490e06cb468c7ec03572d924960a9b1ba2527d0fd8069c55e1,2026-07,Cumbria Constabulary,Cumbria Constabulary,-3.482030,54.705822,On or near Ismay Close,E01019095,Allerdale 005A,Public order,Under investigation,
5b78772c9650615755abfd311288703a28b11a6d79cd4614332d636c521f24eb,2026-07,Cumbria Constabulary,Cumbria Constabulary,-3.483399,54.708043,On or near Pecklewell Lane,E01019095,Allerdale 005A,Violence and sexual offences,Under investigation,
123f7d9541a512d68dd12b97dde0600271ac80c2088eb6c906340971aed07b6d,2026-07,Cumbria Constabulary,Cumbria Constabulary,-3.482030,54.705822,On or near Ismay Close,E01019095,Allerdale 005A,Violence and sexual offences,Under investigation,
f4eafd23988c29ee18e6e45068a28d77c20c53e1a101506cacf7af5d57938da3,2026-07,Cumbria Constabulary,Cumbria Constabulary,-3.484854,54.708771,On or near Brooklands Avenue,E01019095,Allerdale 005A,Violence and sexual offences,Under investigation,
7e53397f2fd0c664ddd9a0ae0d48498c5e12c1230b5691fb175f311a8004d9df,2026-07,Cumbria Constabulary,Cumbria Constabulary,-3.484025,54.708179,On or near Pecklewell Terrace,E01019095,Allerdale 005A,Violence and sexual offences,Unable to prosecute suspect,
150f6fc784ae5931914ced4fae585c461c910e5ae9de35bad5c5a8732afd629c,2026-07,Cumbria Constabulary,Cumbria Constabulary,-3.485502,54.708233,On or near Greenwood Terrace,E01019095,Allerdale 005A,Violence and sexual offences,Under investigation,
0a8b2a19c37bb50d03d0b69f696692da60e3c5f37a2b984716cc10543093cfbf,2026-07,Cumbria Constabulary,Cumbria Constabulary,-3.484854,54.708771,On or near Brooklands Avenue,E01019095,Allerdale 005A,Violence and sexual offences,Under investigation,
04f0952751d26f6aeb9866aaf32b6c101615352f54671608ce6884fb99f39e61,2026-07,Cumbria Constabulary,Cumbria Constabulary,-3.485732,54.705192,On or near Buttermere Road,E01019097,Allerdale 005B,Burglary,Under investigation,
e4d7a22095601149e8f8da4781caa51a34ae15c140c51ed83fb529a18cdc9b1b,2026-07,Cumbria Constabulary,Cumbria Constabulary,-3.497553,54.708408,On or near New Bridge Street,E01019097,Allerdale 005B,Other theft,Investigation complete; no suspect identified,
5182d3c51d235a55dddde376b20819ccb2951b5c0f013a5a20e70e07c5b9f9ce,2026-07,Cumbria Constabulary,Cumbria Constabulary,-3.486962,54.708269,On or near Grasmere Terrace,E01019097,Allerdale 005B,Possession of weapons,Unable to prosecute suspect,
5bb4e2e08ecede0eef8a1088ada941ec628c2fd143912601ce7aca4da57c5061,2026-07,Cumbria Constabulary,Cumbria Constabulary,-3.486962,54.708269,On or near Grasmere Terrace,E01019097,Allerdale 005B,Possession of weapons,Under investigation,
a135873c089406d4ba7d111b4882f24b573ede18238198d7b2aad189776d7541,2026-07,Cumbria Constabulary,Cumbria Constabulary,-3.486962,54.708269,On or near Grasmere Terrace,E01019097,Allerdale 005B,Public order,Investigation complete; no suspect identified,
3214666ad2cbc13d94699c30fdbcb9fe1e75ed32598f603126c823f2b5c77c55,2026-07,Cumbria Constabulary,Cumbria Constabulary,-3.492864,54.705428,On or near Mosedale Crescent,E01019097,Allerdale 005B,Public order,Under investigation,
838f1f1ffecf30f3c67bbbefe0d86a22d271b90766fc63c57c6e879fb4a61917,2026-07,Cumbria Constabulary,Cumbria Constabulary,-3.490470,54.706167,On or near The Arches,E01019097,Allerdale 005B,Public order,Unable to prosecute suspect,
a842c6d21c1865ae4feee71f502655a3c85b5e9b3a39d6efca1d4d6f6c42b581,2026-07,Cumbria Constabulary,Cumbria Constabulary,-3.490470,54.706167,On or near The Arches,E01019097,Allerdale 005B,Public order,Unable to prosecute suspect,
85b4a90a6d35e817239e2c0664ac4d73ab625896bbcd0a8c17a28998c69ee938,2026-07,Cumbria Constabulary,Cumbria Constabulary,-3.486962,54.708269,On or near Grasmere Terrace,E01019097,Allerdale 005B,Vehicle crime,Under investigation,
92fa6408cb61e962d5ccb9d6d4ebec4bc3de739bafe5fa8db033f46f96f467ce,2026-07,Cumbria Constabulary,Cumbria Constabulary,-3.486962,54.708269,On or near Grasmere Terrace,E01019097,Allerdale 005B,Vehicle crime,Under investigation,
71e5ace11e7d0cee15b5fc49da88f04310908471cb7e2e1eb70265f2787bd4a0,2026-07,Cumbria Constabulary,Cumbria Constabulary,-3.492163,54.707036,On or near Centenary Close,E01019097,Allerdale 005B,Violence and sexual offences,Unable to prosecute suspect,
83343f3529602078ede3e36e2be6ae4daa60c13f0ee0d0e8642fde60657e462e,2026-07,Cumbria Constabulary,Cumbria Constabulary,-3.492163,54.707036,On or near Centenary Close,E01019097,Allerdale 005B,Violence and sexual offences,Unable to prosecute suspect,
bc9435292fe925e0e4694fc4b187a017bd320fdd004bf02dc2a9b3670e042435,2026-07,Cumbria Constabulary,Cumbria Constabulary,-3.492163,54.707036,On or near Centenary Close,E01019097,Allerdale 005B,Violence and sexual offences,Unable to prosecute suspect,
08bc78e621dc63fb55000728f8982cbdad9bdb587332a985fe635ae2b080f0f3,2026-07,Cumbria Constabulary,Cumbria Constabulary,-3.483878,54.705439,On or near Loweswater Road,E01019097,Allerdale 005B,Violence and sexual offences,Unable to prosecute suspect,
dfa39d7bb72ba1088620db9a9ac7164e60220ca93f4ca28fc1fa497b13936457,2026-07,Cumbria Constabulary,Cumbria Constabulary,-3.488388,54.707802,On or near Fletcher Crescent,E01019097,Allerdale 005B,Violence and sexual offences,Under investigation,
e8d2f1847b85c8a90a56d12e5dbdf5b4857146bec9175a8566e3186bf11f7f94,2026-07,Cumbria Constabulary,Cumbria Constabulary,-3.486743,54.705683,On or near Melbreak Avenue,E01019097,Allerdale 005B,Violence and sexual offences,Unable to prosecute suspect,
42b8a9327bc60e1eea2a58d40b558346684c0b24d225f724888bb24c9d0169df,2026-07,Cumbria Constabulary,Cumbria Constabulary,-3.483878,54.705439,On or near Loweswater Road,E01019097,Allerdale 005B,Violence and sexual offences,Unable to prosecute suspect,
dc644f995136b1f5a2572a6aff7169c8ef20d986ff6534410952f11f8c2d0e1c,2026-07,Cumbria Constabulary,Cumbria Constabulary,-3.495026,54.707666,On or near Windermere Avenue,E01019097,Allerdale 005B,Violence and sexual offences,Unable to prosecute suspect,
a54e36834e1739bfeb811954ffec14e7088f3937c94224f67c3ee360ea51eec7,2026-07,Cumbria Constabulary,Cumbria Constabulary,-3.492163,54.707036,On or near Centenary Close,E01019097,Allerdale 005B,Violence and sexual offences,Unable to prosecute suspect,
5cf7833afd12fb2a6109df733a0181edfaa6715a243fbb900489b63e57e43c61,2026-07,Cumbria Constabulary,Cumbria Constabulary,-3.487809,54.705975,On or near Festival Crescent,E01019097,Allerdale 005B,Violence and sexual offences,Under investigation,
b8ae6e30f8489d1ca670d0996959c6988732826ee065ca7b5325457c9b37dee2,2026-07,Cumbria Constabulary,Cumbria Constabulary,-3.490470,54.706167,On or near The Arches,E01019097,Allerdale 005B,Violence and sexual offences,Under investigation,
871f1764e0d0e715b2b7260874be575cecd94e41b021f5107852c0b2a6db2ec1,2026-07,Cumbria Constabulary,Cumbria Constabulary,-3.485732,54.705192,On or near Buttermere Road,E01019097,Allerdale 005B,Violence and sexual offences,Under investigation,
75d89cacaf6cbbcfc1461cf1b034398e653f5e4f28f28053b6705a14fa79980d,2026-07,Cumbria Constabulary,Cumbria Constabulary,-3.492163,54.707036,On or near Centenary Close,E01019097,Allerdale 005B,Violence and sexual offences,Investigation complete; no suspect identified,
ee8badad45a735b843846b7c215b591a3876965f96cd51826eb2a53f1d4ddce7,2026-07,Cumbria Constabulary,Cumbria Constabulary,-3.491589,54.706612,On or near Ullswater Road,E01019097,Allerdale 005B,Violence and sexual offences,Under investigation,
6e3a39a350b696ae815127e3467edad736c8b5598f88d93a72d1462d2bcffc51,2026-07,Cumbria Constabulary,Cumbria Constabulary,-3.483878,54.705439,On or near Loweswater Road,E01019097,Allerdale 005B,Violence and sexual offences,Unable to prosecute suspect,
7335ee4f926dcdc8b1a36de896f079cad9d6963856f1114b0d47a57ccfad6665,2026-07,Cumbria Constabulary,Cumbria Constabulary,-3.492864,54.705428,On or near Mosedale Crescent,E01019097,Allerdale 005B,Violence and sexual offences,Under investigation,
7d78f689ab44ff8b49ac817ae36695f2da848335d3890c4299fef1ecb7e1db94,2026-07,Cumbria Constabulary,Cumbria Constabulary,-3.502361,54.707054,On or near Collins Terrace,E01019098,Allerdale 005C,Burglary,Unable to prosecute suspect,
4899962fc9456e7ad694e1b6f593c24657d381a9281fb9c53a1530fd18ed64f9,2026-07,Cumbria Constabulary,Cumbria Constabulary,-3.495346,54.706215,On or near Alne Road,E01019098,Allerdale 005C,Criminal damage and arson,Under investigation,
94adb71b106153424a23874424c952afd54c2072d4cbe0dff216f5f9cd341552,2026-07,Cumbria Constabulary,Cumbria Constabulary,-3.502361,54.707054,On or near Collins Terrace,E01019098,Allerdale 005C,Criminal damage and arson,Investigation complete; no suspect identified,
6f6612cc80611ce54adad0d290f9e5f500ca276fd2936974af0fc871eed68676,2026-07,Cumbria Constabulary,Cumbria Constabulary,-3.492638,54.706015,On or near Ewanrigg Road,E01019098,Allerdale 005C,Public order,Under investigation,
9fa79beea25709106163dca3e20beedc6e76cdd458c296b231753c278e1edb24,2026-07,Cumbria Constabulary,Cumbria Constabulary,-3.492638,54.706015,On or near Ewanrigg Road,E01019098,Allerdale 005C,Public order,Under investigation,
3097a15cd7279331e8ee2323381c75413ed884d5423a9fb13bedfa28e786532a,2026-07,Cumbria Constabulary,Cumbria Constabulary,-3.492638,54.706015,On or near Ewanrigg Road,E01019098,Allerdale 005C,Public order,Under investigation,
ce5aa34a12f8f5cda03e443724224ed20d6f99b1079e53cac38b786e8c194c97,2026-07,Cumbria Constabulary,Cumbria Constabulary,-3.492638,54.706015,On or near Ewanrigg Road,E01019098,Allerdale 005C,Public order,Under investigation,
fc0fc2be9f972475c9c97e5f7c164bba257c88cfc3a7502612aa9c0492098e7f,2026-07,Cumbria Constabulary,Cumbria Constabulary,-3.475141,54.685782,On or near Seaton Road,E01019098,Allerdale 005C,Vehicle crime,Investigation complete; no suspect identified,
08fdc5f27979aea439024c935e18c3a4e77ee08019d17cdc5e6f8c6755a5a878,2026-07,Cumbria Constabulary,Cumbria Constabulary,-3.495346,54.706215,On or near Alne Road,E01019098,Allerdale 005C,Violence and sexual offences,Under investigation,
b6299395b58a98575c259e0fb57bf581a0ff3c693209f6e1e33521fca7872d2c,2026-07,Cumbria Constabulary,Cumbria Constabulary,-3.470866,54.687245,On or near Lowlands View,E01019098,Allerdale 005C,Violence and sexual offences,Under investigation,
87a6ecd5da8fba4a77adfca56aeefba899e009c7b642ae5556f659d3a9760b0e,2026-07,Cumbria Constabulary,Cumbria Constabulary,-3.495346,54.706215,On or near Alne Road,E01019098,Allerdale 005C,Violence and sexual offences,Under investigation,
2fb8f002be9f4117a892d64c7e133622bb9a5a4ebcbb707177708c4daeeffcfc,2026-07,Cumbria Constabulary,Cumbria Constabulary,-3.495346,54.706215,On or near Alne Road,E01019098,Allerdale 005C,Violence and sexual offences,Under investigation,
2996066753b4708003713ab04788c2cd0ded6c2e61e42c0a2f22e51dfe9e5b56,2026-07,Cumbria Constabulary,Cumbria Constabulary,-3.468666,54.688189,On or near The Avenue,E01019098,Allerdale 005C,Violence and sexual offences,Under investigation,
bc20b5192d200fdfc340357e696a77732ec70a2e7f76b418fde9d88969b671bc,2026-07,Cumbria Constabulary,Cumbria Constabulary,-3.469093,54.689694,On or near Heatherfields,E01019098,Allerdale 005C,Violence and sexual offences,Under investigation,
e34d28107e7a5a7ab5ad9cfea8bfdfad9087f80b2fb17bcb4e92b71be08d6db3,2026-07,Cumbria Constabulary,Cumbria Constabulary,-3.495346,54.706215,On or near Alne Road,E01019098,Allerdale 005C,Violence and sexual offences,Under investigation,
cfe5c770a74ca89ce96c9907c8693db62699ca505f53af4d3818e6b190afc752,2026-07,Cumbria Constabulary,Cumbria Constabulary,-3.470866,54.687245,On or near Lowlands View,E01019098,Allerdale 005C,Violence and sexual offences,Under investigation,
fb689ffba9d694cee46ed8b5f567adae44ddeeca29e4e1a76250b26b33f5e86f,2026-07,Cumbria Constabulary,Cumbria Constabulary,-3.521188,54.687941,On or near Sports/Recreation Area,E01019099,Allerdale 005D,Bicycle theft,Investigation complete; no suspect identified,
c743c7b19e8b231f3c33c5bad683742ab0508cd21979ba10e24123696e0b2800,2026-07,Cumbria Constabulary,Cumbria Constabulary,-3.519535,54.686914,On or near West Lane,E01019099,Allerdale 005D,Criminal damage and arson,Under investigation,
da592f3055721697bf810475a11f1535036447eabf3c4e217e82b80e03558125,2026-07,Cumbria Constabulary,Cumbria Constabulary,-3.519535,54.686914,On or near West Lane,E01019099,Allerdale 005D,Criminal damage and arson,Under investigation,
923b89eb4c32532c15f1026cb072516a2e44946683273e00933e1b29268abcd5,2026-07,Cumbria Constabulary,Cumbria Constabulary,-3.518367,54.688870,On or near Sand Lane,E01019099,Allerdale 005D,Public order,Under investigation,
9c17916c5c0fda3d9bbe0837198bf6bd8c0037f40a032b7a862dd81deda58535,2026-07,Cumbria Constabulary,Cumbria Constabulary,-3.516511,54.691536,On or near School Drive,E01019099,Allerdale 005D,Violence and sexual offences,Unable to prosecute suspect,
22684bff1c2837bc322e818c22239c707d88d2722ace2ded35706a1af20e7ab4,2026-07,Cumbria Constabulary,Cumbria Constabulary,-3.511382,54.684617,On or near Flimby Brow,E01019099,Allerdale 005D,Violence and sexual offences,Unable to prosecute suspect,
11d6d8f3941082a31b0c2e627f9aa9c8cdba442d9997c35a64bd505d94eb5b57,2026-07,Cumbria Constabulary,Cumbria Constabulary,-3.511382,54.684617,On or near Flimby Brow,E01019099,Allerdale 005D,Violence and sexual offences,Unable to prosecute suspect,
85193f6e9f8d06fcc8b3219d49d963fa16d05ce09b6c95cf7563538ea588046e,2026-07,Cumbria Constabulary,Cumbria Constabulary,-3.516511,54.691536,On or near School Drive,E01019099,Allerdale 005D,Violence and sexual offences,Under investigation,
2f0b55a3e897f9b3fded3059c4ff9f1da92ed27c11b3a1a405731af555ca703d,2026-07,Cumbria Constabulary,Cumbria Constabulary,-3.519535,54.686914,On or near West Lane,E01019099,Allerdale 005D,Violence and sexual offences,Under investigation,
ba14feabfee9cb8c09ba2409489c016c536faaad9a915c524d84405c71e776a5,2026-07,Cumbria Constabulary,Cumbria Constabulary,-3.518232,54.687335,On or near St Nicholas Avenue,E01019099,Allerdale 005D,Violence and sexual offences,Under investigation,
189dec749ba2b9eb6845bcd47d8065496eb55d79c545fbcedb31beec24454d59,2026-07,Cumbria Constabulary,Cumbria Constabulary,-3.518232,54.687335,On or near St Nicholas Avenue,E01019099,Allerdale 005D,Violence and sexual offences,Under investigation,
642cb4dbfca2ff496bd2d666dcb502ae2c025aaa9900521c6078a788aaaa390c,2026-07,Cumbria Constabulary,Cumbria Constabulary,-3.518232,54.687335,On or near St Nicholas Avenue,E01019099,Allerdale 005D,Violence and sexual offences,Under investigation,
78b2705678afcfdc2ca1c6d98ae5f3b037d689b0bc09fd955ec5d28e81fc77f0,2026-07,Cumbria Constabulary,Cumbria Constabulary,-3.518232,54.687335,On or near St Nicholas Avenue,E01019099,Allerdale 005D,Violence and sexual offences,Under investigation,
abcade3991364b552fd160c6c563e209f20010e912d3772c3cf2b69e05a9b5c1,2026-07,Cumbria Constabulary,Cumbria Constabulary,-3.518232,54.687335,On or near St Nicholas Avenue,E01019099,Allerdale 005D,Violence and sexual offences,Under investigation,
0470d88fdc3b0970134d4d7bd99255265e32b3bf2437963441101c05886e9720,2026-07,Cumbria Constabulary,Cumbria Constabulary,-3.518232,54.687335,On or near St Nicholas Avenue,E01019099,Allerdale 005D,Violence and sexual offences,Under investigation,
44cdfe1240bce391067db70d9437d8bfb682169b198d27e175d6dff4633fd0ca,2026-07,Cumbria Constabulary,Cumbria Constabulary,-3.509224,54.705046,On or near Parking Area,E01019099,Allerdale 005D,Violence and sexual offences,Under investigation,
d50b00dc299a1ceca87f03c227d2dc1720cb0ec1489e64841c75f83d6dd5cc69,2026-07,Cumbria Constabulary,Cumbria Constabulary,-3.433340,54.671005,On or near Ghyll Bank,E01019084,Allerdale 006A,Criminal damage and arson,Under investigation,
f9d420730f4d7aac07dca9a7f8ceb9c2488ea770a678f01645da8c86b19ee81b,2026-07,Cumbria Constabulary,Cumbria Constabulary,-3.437825,54.667132,On or near Coldgill Avenue,E01019084,Allerdale 006A,Violence and sexual offences,Under investigation,
fea3152fe138ad797d8ee44a7783fc8cc0df9a21d69513909c3af2e76308e391,2026-07,Cumbria Constabulary,Cumbria Constabulary,-3.433170,54.672346,On or near Kirklea,E01019084,Allerdale 006A,Violence and sexual offences,Under investigation,
5d0f204d5233b3bd9994dbd8612ea5a82abb14d42ca4ef051a7959ea14cc5907,2026-07,Cumbria Constabulary,Cumbria Constabulary,-3.435435,54.672356,On or near Fletcher Close,E01019084,Allerdale 006A,Violence and sexual offences,Under investigation,
ed04368c844acd4ff6195eeb8589b2b5ef93af53af6ce8c44993b37e23228573,2026-07,Cumbria Constabulary,Cumbria Constabulary,-3.382461,54.659589,On or near Parking Area,E01019085,Allerdale 006B,Violence and sexual offences,Under investigation,
96479583966f2173561d20a9bb1e243be7d301a78be0ef4fff97d5a0e05242ab,2026-07,Cumbria Constabulary,Cumbria Constabulary,-3.388686,54.663913,On or near Sonnet Way,E01019085,Allerdale 006B,Violence and sexual offences,Under investigation,
de1a68b0c849ca03aa0a577c9c452825b0e353fd5815ae8c1d17d3bedb9fa8d6,2026-07,Cumbria Constabulary,Cumbria Constabulary,-3.432269,54.673166,On or near Main Street,E01019085,Allerdale 006B,Other crime,Under investigation,
0f9eba0b0067f26937dd76ee218e6ded2655dd41b7ad06dbbb32ee2c93529bf3,2026-07,Cumbria Constabulary,Cumbria Constabulary,-3.432269,54.673166,On or near Main Street,E01019085,Allerdale 006B,Other crime,Further investigation is not in the public interest,
4d851aca9fddfae08c20b74c8c29a52be4a3fdc8931ea449c4bad29eb08e189c,2026-07,Cumbria Constabulary,Cumbria Constabulary,-3.387342,54.703168,On or near Highcroft Close,E01019086,Allerdale 006C,Violence and sexual offences,Under investigation,
d7519057e8aeac090f5c41fa288f749ecb77d161ba3a80509fc45bf55d293b2f,2026-07,Cumbria Constabulary,Cumbria Constabulary,-3.387342,54.703168,On or near Highcroft Close,E01019086,Allerdale 006C,Violence and sexual offences,Under investigation,
4f0ddaaeb87a30c0a08007c13d76e60fd4a0b773f14a1fb4dc761d56d8b9a217,2026-07,Cumbria Constabulary,Cumbria Constabulary,-3.381374,54.669120,On or near Dovers Lane,E01019086,Allerdale 006C,Violence and sexual offences,Under investigation,
,2026-07,Cumbria Constabulary,Cumbria Constabulary,-3.364214,54.662367,On or near Station Street,E01019088,Allerdale 006D,Anti-social behaviour,,
248d4fba2e2bbfed2142874c8cace1ad3da77b83f97ae19e2c5cc4d288638c36,2026-07,Cumbria Constabulary,Cumbria Constabulary,-3.367559,54.664082,On or near Bridge Street Close,E01019088,Allerdale 006D,Criminal damage and arson,Investigation complete; no suspect identified,
9125e6e3590cf47c140a86e174b57648677ab2abf71df8f869cf4356de93c1b6,2026-07,Cumbria Constabulary,Cumbria Constabulary,-3.367559,54.664082,On or near Bridge Street Close,E01019088,Allerdale 006D,Criminal damage and arson,Unable to prosecute suspect,
2aa2070ce7fc4d41677e7c740b176eb979df46c00c3527048a02fe2b030a2b9c,2026-07,Cumbria Constabulary,Cumbria Constabulary,-3.369325,54.666794,On or near Back Lane,E01019088,Allerdale 006D,Public order,Under investigation,
d2e88e908bb872185ca3edc42c8a99b7adce6f022cf56c12b95efb46f2ee022c,2026-07,Cumbria Constabulary,Cumbria Constabulary,-3.367559,54.664082,On or near Bridge Street Close,E01019088,Allerdale 006D,Public order,Under investigation,
f2d8d1fc1475feae4d5229570c037bb771d0b6d53acde405e62a88fdb3b24da9,2026-07,Cumbria Constabulary,Cumbria Constabulary,-3.362725,54.663264,On or near Croftside,E01019088,Allerdale 006D,Public order,Unable to prosecute suspect,
0e805ff714ece7a8eb17993df2bc02609a57b365b81fd8891eee21f24f52dbe4,2026-07,Cumbria Constabulary,Cumbria Constabulary,-3.365812,54.662861,On or near Shopping Area,E01019088,Allerdale 006D,Public order,Under investigation,
8d704d7f64db738326b5cc6b256eb9e4eed6f9ce54fce5303848c84be782e22c,2026-07,Cumbria Constabulary,Cumbria Constabulary,-3.370351,54.663214,On or near Crown Street,E01019088,Allerdale 006D,Public order,Unable to prosecute suspect,
172c2a3824ff0d596feeb3b55a0e2d919386fdf8e1080c9af33852d3295ab087,2026-07,Cumbria Constabulary,Cumbria Constabulary,-3.365812,54.662861,On or near Shopping Area,E01019088,Allerdale 006D,Violence and sexual offences,Under investigation,
4df64b95816deb5b6339232cb99a3383e58cbfe6488076841cc4d793762747e2,2026-07,Cumbria Constabulary,Cumbria Constabulary,-3.365727,54.664489,On or near Waterloo Street,E01019088,Allerdale 006D,Violence and sexual offences,Investigation complete; no suspect identified,
a380ed46c6e92dc002641a6f29a2e872833389f54d286e9fc0fe455e1b195b39,2026-07,Cumbria Constabulary,Cumbria Constabulary,-3.362915,54.661986,On or near Challoner Court,E01019088,Allerdale 006D,Violence and sexual offences,Under investigation,
6d5b20090f4b634b119532826f11a6fc81c055e9bc6177aeb4f12be7b9600719,2026-07,Cumbria Constabulary,Cumbria Constabulary,-3.368259,54.663705,On or near Low Sand Lane,E01019088,Allerdale 006D,Violence and sexual offences,Under investigation,
95a3a121bf637f0bd54e0f5eac799e2c7ceb4a36014a6d525325f1cdc936b9ca,2026-07,Cumbria Constabulary,Cumbria Constabulary,-3.362725,54.663264,On or near Croftside,E01019088,Allerdale 006D,Violence and sexual offences,Under investigation,
a1f2af9800fa7e38b51815bd08d655cf382ba4c4730ca300de03455e3e66e2d2,2026-07,Cumbria Constabulary,Cumbria Constabulary,-3.362342,54.660159,On or near Rubbybanks Road,E01019088,Allerdale 006D,Violence and sexual offences,Unable to prosecute suspect,
de8af347a21c5543ead79a6344b10800ff106ce7a130b3e26b7ba2309ac2b6ad,2026-07,Cumbria Constabulary,Cumbria Constabulary,-3.371927,54.665335,On or near Gote Road,E01019088,Allerdale 006D,Violence and sexual offences,Under investigation,
570f7a4c74ce6432f150235570f10b466680054e6e80f71fe227ab4ece81d150,2026-07,Cumbria Constabulary,Cumbria Constabulary,-3.362725,54.663264,On or near Croftside,E01019088,Allerdale 006D,Violence and sexual offences,Under investigation,
ae20db19e06ac95188bfbedff7d028fa16ddb69d33571279e37002f104e34a04,2026-07,Cumbria Constabulary,Cumbria Constabulary,-3.364214,54.662367,On or near Station Street,E01019088,Allerdale 006D,Violence and sexual offences,Under investigation,
5527ce1943ccdf1597311039c71e72a81b6860ea13692b4cbef3c477105719b0,2026-07,Cumbria Constabulary,Cumbria Constabulary,-3.440201,54.650603,On or near Chapel Terrace,E01019091,Allerdale 006E,Violence and sexual offences,Under investigation,
,2026-07,Cumbria Constabulary,Cumbria Constabulary,-3.359924,54.658775,On or near Etterby Close,E01019078,Allerdale 007A,Anti-social behaviour,,
4e0c951eed2c5d7c6bb1db1c5a3a3dbe5c8a4a08d35feb1d2d2c6d2816d90619,2026-07,Cumbria Constabulary,Cumbria Constabulary,-3.361285,54.663793,On or near Market Street,E01019078,Allerdale 007A,Other theft,Investigation complete; no suspect identified,
4034c99a365339333ff1d6570f418f230f76f80ee2f05b663289dd9f123f0921,2026-07,Cumbria Constabulary,Cumbria Constabulary,-3.360571,54.652620,On or near Simonscales Lane,E01019078,Allerdale 007A,Public order,Under investigation,
a01239ccbc7bf3b584565cd6adcf90358b4046c838d0607c2f7ae7177c8a3bab,2026-07,Cumbria Constabulary,Cumbria Constabulary,-3.360478,54.663748,On or near Old Hall Went,E01019078,Allerdale 007A,Public order,Under investigation,
32dc8564835efdcdcd686befa828df039354ac658f2946c794ff2bc98973966b,2026-07,Cumbria Constabulary,Cumbria Constabulary,-3.360597,54.663621,On or near Parking Area,E01019078,Allerdale 007A,Violence and sexual offences,Under investigation,
adbf7e4a476c06652f3993b1e17580ca4bc3a56e9f084f041140aa4b52d5e123,2026-07,Cumbria Constabulary,Cumbria Constabulary,-3.360571,54.652620,On or near Simonscales Lane,E01019078,Allerdale 007A,Violence and sexual offences,Under investigation,
f8fb6c174ba179035dc0317305a4d43e43e554f0d81cfbe17cca4744ccf36c38,2026-07,Cumbria Constabulary,Cumbria Constabulary,-3.361179,54.655984,On or near Caldecote Avenue,E01019078,Allerdale 007A,Violence and sexual offences,Under investigation,
27cba00a72779141d81299f5492fa1a557380764d992f17b3196bae4d7fc7ff8,2026-07,Cumbria Constabulary,Cumbria Constabulary,-3.362647,54.655832,On or near Greyrigg Avenue,E01019078,Allerdale 007A,Violence and sexual offences,Unable to prosecute suspect,
68cbfce1253da013820d31fadc43625b300fc2cb94775ee49eceb920a7358d98,2026-07,Cumbria Constabulary,Cumbria Constabulary,-3.364979,54.655564,On or near Dale Close,E01019078,Allerdale 007A,Violence and sexual offences,Under investigation,
290699f3d338698d95416472c46ae6ca53143f1964fe272cca824820557825ca,2026-07,Cumbria Constabulary,Cumbria Constabulary,-3.358231,54.658677,On or near Culgarth Avenue,E01019078,Allerdale 007A,Violence and sexual offences,Unable to prosecute suspect,
3b2b7fe3228a67292c5d3551f41c2e47e6873c4e25eec754bf054d2cc87986e7,2026-07,Cumbria Constabulary,Cumbria Constabulary,-3.353403,54.664070,On or near Pinfold Close,E01019079,Allerdale 007B,Public order,Under investigation,
933a9996b63c805938cdec7c9030713f720bf9160c4ab4c1557d690455dc1104,2026-07,Cumbria Constabulary,Cumbria Constabulary,-3.348133,54.665054,On or near Langdale Drive,E01019079,Allerdale 007B,Violence and sexual offences,Investigation complete; no suspect identified,
6753a5bbe2537b1e777bb62f2b741f0c700052fba88f3a210cad71763259711f,2026-07,Cumbria Constabulary,Cumbria Constabulary,-3.353403,54.664070,On or near Pinfold Close,E01019079,Allerdale 007B,Violence and sexual offences,Unable to prosecute suspect,
9a25d32969f2d275de4c0e37a5148770971566cac830b85527b2fc7925d4c412,2026-07,Cumbria Constabulary,Cumbria Constabulary,-3.352499,54.660188,On or near Bellbrigg Lonning,E01019080,Allerdale 007C,Violence and sexual offences,Unable to prosecute suspect,
91d448fb206537ca05e4edc2d908c7e2b573d4cc5fc345d07a98abb7073d0d3f,2026-07,Cumbria Constabulary,Cumbria Constabulary,-3.356093,54.663824,On or near St Helens Street,E01019080,Allerdale 007C,Violence and sexual offences,Under investigation,
049da1b01e43416949886393a52bc50ca4db0daee794973784bb7713a11c6314,2026-07,Cumbria Constabulary,Cumbria Constabulary,-3.350239,54.657041,On or near Strawberry How Road,E01019080,Allerdale 007C,Violence and sexual offences,Under investigation,
566f93c237ab22e63cee88179a6e483d73830506f98521698e96ed112bdb90b3,2026-07,Cumbria Constabulary,Cumbria Constabulary,-3.360894,54.664139,On or near Market Place,E01019080,Allerdale 007C,Violence and sexual offences,Unable to prosecute suspect,
c781f047792ec4c432c8d02f03b44d1c24079ba52c958dc7dea2951c91ec26cb,2026-07,Cumbria Constabulary,Cumbria Constabulary,-3.369124,54.659903,On or near A5086,E01019087,Allerdale 007D,Violence and sexual offences,Unable to prosecute suspect,
eef42869d615e1aa241353018071b84464c7088792e6d603cab42ab18a1b4af0,2026-07,Cumbria Constabulary,Cumbria Constabulary,-3.375409,54.661476,On or near Honister Drive,E01019087,Allerdale 007D,Violence and sexual offences,Under investigation,
b9c8a520fd5ebd20b66eb983a6e49cc5d6412b0f5b6ebe4b7863aaff62cecb19,2026-07,Cumbria Constabulary,Cumbria Constabulary,-3.369124,54.659903,On or near A5086,E01019087,Allerdale 007D,Violence and sexual offences,Unable to prosecute suspect,
b88a6c482e817a2262abb4213e15944bd50d9b41afd0d05c5738d9819525ac1c,2026-07,Cumbria Constabulary,Cumbria Constabulary,-3.369124,54.659903,On or near A5086,E01019087,Allerdale 007D,Violence and sexual offences,Unable to prosecute suspect,
9f2a89f8f240d450ceabe05256529340adc00c79c59499000b369f72dd7e1a67,2026-07,Cumbria Constabulary,Cumbria Constabulary,-3.304667,54.618041,On or near Sports/Recreation Area,E01019090,Allerdale 007E,Burglary,Under investigation,
5f3736d8fd7d851867469932537053f13a2f5afe95bb4a77858e10b074d351dc,2026-07,Cumbria Constabulary,Cumbria Constabulary,-3.304667,54.618041,On or near Sports/Recreation Area,E01019090,Allerdale 007E,Burglary,Under investigation,
9bde6f38d62721dc9eceead5f3643479b3b6ef3f265f39b64a1231a392ef8006,2026-07,Cumbria Constabulary,Cumbria Constabulary,-3.304667,54.618041,On or near Sports/Recreation Area,E01019090,Allerdale 007E,Burglary,Under investigation,
6352888e4e1929a163438a3f288fecaedb4a5439ca66bced1329778f5964f93c,2026-07,Cumbria Constabulary,Cumbria Constabulary,-3.318316,54.581206,On or near Parking Area,E01019090,Allerdale 007E,Other theft,Investigation complete; no suspect identified,
490a5a18f9f2d70c3475628bf165d3a9be58bef23ed9819566143c80fb554b36,2026-07,Cumbria Constabulary,Cumbria Constabulary,-3.421620,54.596187,On or near Parking Area,E01019090,Allerdale 007E,Public order,Unable to prosecute suspect,
73290ea908944223baf088683100c4f254eac97de0956f48de60cedf115098f7,2026-07,Cumbria Constabulary,Cumbria Constabulary,-3.265293,54.672590,On or near Further/Higher Educational Building,E01019090,Allerdale 007E,Public order,Unable to prosecute suspect,
4d7bf42d867bc68ec65a5b317e03cd443789675955b3aee9cf53e8a6c794a175,2026-07,Cumbria Constabulary,Cumbria Constabulary,-3.304667,54.618041,On or near Sports/Recreation Area,E01019090,Allerdale 007E,Vehicle crime,Under investigation,
46f7cc1039dfb9ba639f65d189c9171c922353437ead6d0c4f1684cef2ae06f5,2026-07,Cumbria Constabulary,Cumbria Constabulary,-3.280137,54.543463,On or near Parking Area,E01019090,Allerdale 007E,Violence and sexual offences,Under investigation,
a72e71fe0be06e35c74463f078dfa87742630dc1e1c31553e7360b9da57f5cd9,2026-07,Cumbria Constabulary,Cumbria Constabulary,-3.318316,54.581206,On or near Parking Area,E01019090,Allerdale 007E,Violence and sexual offences,Unable to prosecute suspect,
08557c0ee2086f5d1983621a4b2d1aee128417b5b54e609b2436496d82ddcb50,2026-07,Cumbria Constabulary,Cumbria Constabulary,-3.239939,54.666992,On or near Parking Area,E01019090,Allerdale 007E,Other crime,Awaiting court outcome,
,2026-07,Cumbria Constabulary,Cumbria Constabulary,-3.545013,54.644725,On or near Shopping Area,E01019116,Allerdale 008A,Anti-social behaviour,,
,2026-07,Cumbria Constabulary,Cumbria Constabulary,-3.545013,54.644725,On or near Shopping Area,E01019116,Allerdale 008A,Anti-social behaviour,,
,2026-07,Cumbria Constabulary,Cumbria Constabulary,-3.545013,54.644725,On or near Shopping Area,E01019116,Allerdale 008A,Anti-social behaviour,,
9918df9c6e680ed307be09d8c9818a96058123c4f3c8cbba9e11caf85422ba85,2026-07,Cumbria Constabulary,Cumbria Constabulary,-3.545013,54.644725,On or near Shopping Area,E01019116,Allerdale 008A,Burglary,Under investigation,
ce49bb2251fba5b01922f28bde262e323fe70595291879dd70ba7ce45532cfb1,2026-07,Cumbria Constabulary,Cumbria Constabulary,-3.540210,54.645436,On or near Hall Brow,E01019116,Allerdale 008A,Criminal damage and arson,Awaiting court outcome,
2db1ed1fbe2f609a61ecd85108ad6fe62caf87396cb3b41b1be920bcc4171ef2,2026-07,Cumbria Constabulary,Cumbria Constabulary,-3.540210,54.645436,On or near Hall Brow,E01019116,Allerdale 008A,Criminal damage and arson,Awaiting court outcome,
b59a444e40a75f7315f46a78fc3d5e9b6997b0b8dc9545f0019e1fc1ee814424,2026-07,Cumbria Constabulary,Cumbria Constabulary,-3.545759,54.641761,On or near Roper Street,E01019116,Allerdale 008A,Criminal damage and arson,Under investigation,
a678e62e27e9dbadc195bbce880e04577d2746a34b6075c124d08567009d995b,2026-07,Cumbria Constabulary,Cumbria Constabulary,-3.540210,54.645436,On or near Hall Brow,E01019116,Allerdale 008A,Other theft,Unable to prosecute suspect,
f2b0699a33f59f9dec5c2590cfb4eee934dbb82dc4acc2a2b1d44451bea10aff,2026-07,Cumbria Constabulary,Cumbria Constabulary,-3.542447,54.642297,On or near Shopping Area,E01019116,Allerdale 008A,Other theft,Under investigation,
970e6dca7b9edfd627006c28571d48819ad080be05a31be6459ec046a937cd9d,2026-07,Cumbria Constabulary,Cumbria Constabulary,-3.543411,54.641566,On or near Ritson Street,E01019116,Allerdale 008A,Public order,Under investigation,
a4cff0f17ab825e4e8e58ec948c187673ae95c6574cb883bad172a2d0ad2c1ee,2026-07,Cumbria Constabulary,Cumbria Constabulary,-3.545013,54.644725,On or near Shopping Area,E01019116,Allerdale 008A,Public order,Under investigation,
9075de8c8dbdc4d48caa338958cf38786acb907c120d85cd7876e3f448161e11,2026-07,Cumbria Constabulary,Cumbria Constabulary,-3.542920,54.642911,On or near Theatre/Concert Hall,E01019116,Allerdale 008A,Public order,Awaiting court outcome,
f8e9e1bf4be5f30f83dde60b0a21275497bcbd8e49910b1c1b70a2853ff5499c,2026-07,Cumbria Constabulary,Cumbria Constabulary,-3.540210,54.645436,On or near Hall Brow,E01019116,Allerdale 008A,Public order,Awaiting court outcome,
b1a38c049e0a80282a36d2c18470574b8f5b1eb7c38a0ec35f1e1bd1f183d65b,2026-07,Cumbria Constabulary,Cumbria Constabulary,-3.546121,54.643149,On or near Shopping Area,E01019116,Allerdale 008A,Public order,Under investigation,
92e3341457a5af9636ddd53b17ae7a3dc9db0fe77e6ac19a8122630ef550a069,2026-07,Cumbria Constabulary,Cumbria Constabulary,-3.546121,54.643149,On or near Shopping Area,E01019116,Allerdale 008A,Public order,Under investigation,
a9d16450d1d683caad08b8e620f367facde4518bcd6c020c4725d2d5ab63d259,2026-07,Cumbria Constabulary,Cumbria Constabulary,-3.545013,54.644725,On or near Shopping Area,E01019116,Allerdale 008A,Shoplifting,Under investigation,
8d7f5ecc9e8dacec44f857d800efbd52cdad1446d6d2d0922f5173a56cfbddef,2026-07,Cumbria Constabulary,Cumbria Constabulary,-3.545013,54.644725,On or near Shopping Area,E01019116,Allerdale 008A,Shoplifting,Under investigation,
d973aac9c6cd512b8db6292b95805a723376ce0a89e805f877167aada12b5096,2026-07,Cumbria Constabulary,Cumbria Constabulary,-3.545013,54.644725,On or near Shopping Area,E01019116,Allerdale 008A,Shoplifting,Under investigation,
c14ae47501964310c303c7ed620a7f1f4bac5986adff2e69b4fff4e38dae2641,2026-07,Cumbria Constabulary,Cumbria Constabulary,-3.546121,54.643149,On or near Shopping Area,E01019116,Allerdale 008A,Shoplifting,Awaiting court outcome,
96e43082e18138ea3d94d699d1ad9ab03d78acde4716f718a8982a67ce1f4092,2026-07,Cumbria Constabulary,Cumbria Constabulary,-3.546121,54.643149,On or near Shopping Area,E01019116,Allerdale 008A,Shoplifting,Under investigation,
fce9c1178a95f8e1d8370fea6a92a4063be6f4c0cb82368868d8b9a7c99ea069,2026-07,Cumbria Constabulary,Cumbria Constabulary,-3.546121,54.643149,On or near Shopping Area,E01019116,Allerdale 008A,Shoplifting,Awaiting court outcome,
93f789551b1009da9c157cb028d735e8231a0342227b5a49d53bdefc6ac5ae0e,2026-07,Cumbria Constabulary,Cumbria Constabulary,-3.546121,54.643149,On or near Shopping Area,E01019116,Allerdale 008A,Shoplifting,Unable to prosecute suspect,
22cf3d21ae272988b4c31998f911d8cc08e27af70555cc6db5747db52187d7ba,2026-07,Cumbria Constabulary,Cumbria Constabulary,-3.546121,54.643149,On or near Shopping Area,E01019116,Allerdale 008A,Shoplifting,Under investigation,
7f90e76f2b8c05e0714231894ed7e229cc68446dc732e7ce641df25be187c026,2026-07,Cumbria Constabulary,Cumbria Constabulary,-3.546121,54.643149,On or near Shopping Area,E01019116,Allerdale 008A,Shoplifting,Under investigation,
04414aa67f3297516af41ad668b149f9cb3400a653aca3e48a5f7a9407ecbf4d,2026-07,Cumbria Constabulary,Cumbria Constabulary,-3.545013,54.644725,On or near Shopping Area,E01019116,Allerdale 008A,Shoplifting,Under investigation,
b8478e3c9be2e4efbd5a2ead017d0d35cc563b8128ee8661b5cc01fff4d7ed25,2026-07,Cumbria Constabulary,Cumbria Constabulary,-3.542447,54.642297,On or near Shopping Area,E01019116,Allerdale 008A,Violence and sexual offences,Unable to prosecute suspect,
8c678b061cdca336927749999754f3a386a0b0766dfdfcc0cccad3e06490acbb,2026-07,Cumbria Constabulary,Cumbria Constabulary,-3.542920,54.642911,On or near Theatre/Concert Hall,E01019116,Allerdale 008A,Violence and sexual offences,Unable to prosecute suspect,
6d378ddbd8b279b62570afabbe941c52a27cb56c754b618a83911f52ffd42241,2026-07,Cumbria Constabulary,Cumbria Constabulary,-3.540210,54.645436,On or near Hall Brow,E01019116,Allerdale 008A,Violence and sexual offences,Awaiting court outcome,
c12d8ec4f20705cf627591467a0cd61a1994b72422e22f280182be2c78b51ebf,2026-07,Cumbria Constabulary,Cumbria Constabulary,-3.542050,54.640810,On or near Guard Street,E01019116,Allerdale 008A,Violence and sexual offences,Under investigation,
996646e11ea71ecd994a8f20c40898ccce82de3688d54ba1e90a44da436df3a3,2026-07,Cumbria Constabulary,Cumbria Constabulary,-3.545759,54.641761,On or near Roper Street,E01019116,Allerdale 008A,Violence and sexual offences,Under investigation,
5a83bcb6440a51800f1778bf97bfd520b88e4a90846dbaeac90d40cb9dced811,2026-07,Cumbria Constabulary,Cumbria Constabulary,-3.540210,54.645436,On or near Hall Brow,E01019116,Allerdale 008A,Violence and sexual offences,Awaiting court outcome,
09f3cd8d3305b4c7c12c8abdccbe3d207d80fa5ac7b566f472e681a5b7c7acbc,2026-07,Cumbria Constabulary,Cumbria Constabulary,-3.540186,54.640277,On or near Cross Hill,E01019116,Allerdale 008A,Violence and sexual offences,Under investigation,
1d8736fd8e6ae3a95ec15171f591a53dfd2e83c6de8824c6180d4baffa33a183,2026-07,Cumbria Constabulary,Cumbria Constabulary,-3.542447,54.642297,On or near Shopping Area,E01019116,Allerdale 008A,Violence and sexual offences,Unable to prosecute suspect,
e015832632172c58ceb14830cf5994409f428a99a4df4284c8eb4cd4783b1fdf,2026-07,Cumbria Constabulary,Cumbria Constabulary,-3.542447,54.642297,On or near Shopping Area,E01019116,Allerdale 008A,Violence and sexual offences,Unable to prosecute suspect,
87447c5b358f3062145a56ef68a626dbd5dba32d26dfd956e17f055922901e42,2026-07,Cumbria Constabulary,Cumbria Constabulary,-3.542474,54.641776,On or near Rosemary Lane,E01019116,Allerdale 008A,Violence and sexual offences,Investigation complete; no suspect identified,
9e572f209f582990332a85bdeffb7c494db9426f81a39d1058437a37c1bd8bfd,2026-07,Cumbria Constabulary,Cumbria Constabulary,-3.544584,54.642252,On or near St John'S Court,E01019116,Allerdale 008A,Violence and sexual offences,Under investigation,
15efe5dab28ba06800e3d3dd6a7f0cc7b39e8cb52a7a1ac42652a8f4bc613a15,2026-07,Cumbria Constabulary,Cumbria Constabulary,-3.546121,54.643149,On or near Shopping Area,E01019116,Allerdale 008A,Violence and sexual offences,Under investigation,
9ef4bba6f779193d0286a79283fda435d222e1948b1b54e7574e666ec294db3b,2026-07,Cumbria Constabulary,Cumbria Constabulary,-3.540210,54.645436,On or near Hall Brow,E01019116,Allerdale 008A,Violence and sexual offences,Under investigation,
6827762a56ac408d11fb1101e5e275a2888dc885c3dd5cb61fba17c058ac0cee,2026-07,Cumbria Constabulary,Cumbria Constabulary,-3.546121,54.643149,On or near Shopping Area,E01019116,Allerdale 008A,Violence and sexual offences,Under investigation,
39b9d63662245f503d5f27fbbb574ca8c5e949c2853d081673a26d7bbdb14a37,2026-07,Cumbria Constabulary,Cumbria Constabulary,-3.542920,54.642911,On or near Theatre/Concert Hall,E01019116,Allerdale 008A,Violence and sexual offences,Under investigation,
9d89018e398b7545f62bde615f7a906aa94f40056555e3f6a2a39f59fcaedeac,2026-07,Cumbria Constabulary,Cumbria Constabulary,-3.544584,54.642252,On or near St John'S Court,E01019116,Allerdale 008A,Violence and sexual offences,Under investigation,
1dfebe2511eace3bc43d84d496b74465963dc26c320d7cf5e46626708e442ab3,2026-07,Cumbria Constabulary,Cumbria Constabulary,-3.542447,54.642297,On or near Shopping Area,E01019116,Allerdale 008A,Violence and sexual offences,Awaiting court outcome,
3103f5ae88ed17d6c92891ef111b84d8c465aaf5e2394c2c719ff9906d187463,2026-07,Cumbria Constabulary,Cumbria Constabulary,-3.543411,54.641566,On or near Ritson Street,E01019116,Allerdale 008A,Violence and sexual offences,Under investigation,
3bf83606b08b9644a59c8c9fda27f8b1a4a1d6c79c9d446f118df06c378fc1c2,2026-07,Cumbria Constabulary,Cumbria Constabulary,-3.545759,54.641761,On or near Roper Street,E01019116,Allerdale 008A,Other crime,Under investigation,
19bb647e9fa6bc4a2b3cdc70bf243db5e45f64b8145f05054421888d77255586,2026-07,Cumbria Constabulary,Cumbria Constabulary,-3.548133,54.642252,On or near Parking Area,E01019118,Allerdale 008B,Burglary,Under investigation,
402eeecf41f4030a6fc69035dc673f9ecd32dd79206cc34952e8c810d40a8a47,2026-07,Cumbria Constabulary,Cumbria Constabulary,-3.549439,54.640330,On or near Brayton Street,E01019118,Allerdale 008B,Criminal damage and arson,Investigation complete; no suspect identified,
9f393f948191512f9d3cd18d550e8455261ddfa7f7b3293be582cbbd02280d69,2026-07,Cumbria Constabulary,Cumbria Constabulary,-3.549303,54.641230,On or near Hunter Street,E01019118,Allerdale 008B,Violence and sexual offences,Under investigation,
ac75a14949156a1462f3a91706a45ac8bb655fed761815957620369b6c6a7b23,2026-07,Cumbria Constabulary,Cumbria Constabulary,-3.547511,54.641379,On or near Parking Area,E01019118,Allerdale 008B,Violence and sexual offences,Unable to prosecute suspect,
8c99ff4205ab881af5d9857d3d8d5a29f05d45e81139264d8c56d628931babb7,2026-07,Cumbria Constabulary,Cumbria Constabulary,-3.549008,54.640829,On or near Brown Street,E01019118,Allerdale 008B,Violence and sexual offences,Under investigation,
,2026-07,Cumbria Constabulary,Cumbria Constabulary,-3.562491,54.650543,On or near Port Of Workington,E01019122,Allerdale 008C,Anti-social behaviour,,
,2026-07,Cumbria Constabulary,Cumbria Constabulary,-3.554079,54.657976,On or near Siddick Road,E01019122,Allerdale 008C,Anti-social behaviour,,
,2026-07,Cumbria Constabulary,Cumbria Constabulary,-3.550041,54.646371,On or near Derwent Street,E01019122,Allerdale 008C,Anti-social behaviour,,
df3d14b756c8776af9c850155b7441e7c923ad8d870b1695da252bc57293e0cc,2026-07,Cumbria Constabulary,Cumbria Constabulary,-3.562999,54.646006,On or near Marsh Street,E01019122,Allerdale 008C,Burglary,Under investigation,
29b29421a163479eaaa7634ce89f97e3bb781a9d2e3c55afcf863dec9db762f2,2026-07,Cumbria Constabulary,Cumbria Constabulary,-3.546708,54.649209,On or near Northside Road,E01019122,Allerdale 008C,Burglary,Unable to prosecute suspect,
e71eebbedffac020063ebbd699132a0ff6682375e3f52a435cf721324e73e533,2026-07,Cumbria Constabulary,Cumbria Constabulary,-3.559711,54.645950,On or near Harbour Terrace,E01019122,Allerdale 008C,Criminal damage and arson,Investigation complete; no suspect identified,
2d9533691a797f13d09ac29a4e985c67db8e5856bc6460f02bcbb433f6a69d1d,2026-07,Cumbria Constabulary,Cumbria Constabulary,-3.562491,54.650543,On or near Port Of Workington,E01019122,Allerdale 008C,Criminal damage and arson,Investigation complete; no suspect identified,
4581e47576b55ded5223e869b785d268190035c9db35ac54d1fb88daf6c4d9b1,2026-07,Cumbria Constabulary,Cumbria Constabulary,-3.562999,54.646006,On or near Marsh Street,E01019122,Allerdale 008C,Criminal damage and arson,Under investigation,
d2762b76f08fea122693d0bdcf38de7b3ade9e9f97230e0dca9ac2a23260d62c,2026-07,Cumbria Constabulary,Cumbria Constabulary,-3.551928,54.665401,On or near Shore Side,E01019122,Allerdale 008C,Other theft,Under investigation,
5272a9a7b804f5c2e95e7b045c6d58b7c64c70ed80fcff094339428874a23418,2026-07,Cumbria Constabulary,Cumbria Constabulary,-3.566799,54.653336,On or near Parking Area,E01019122,Allerdale 008C,Other theft,Investigation complete; no suspect identified,
7b56202ebb0a07abfa91e5c32a143e459d7f0aee08348b09fdeba93542253dbb,2026-07,Cumbria Constabulary,Cumbria Constabulary,-3.557593,54.645276,On or near Falcon Street,E01019122,Allerdale 008C,Other theft,Under investigation,
0ef26b9f0dfe2b9d65a989e9c4b26fd973e4cd0d420098b2c1877f9420916e05,2026-07,Cumbria Constabulary,Cumbria Constabulary,-3.554079,54.657976,On or near Siddick Road,E01019122,Allerdale 008C,Other theft,Unable to prosecute suspect,
e6715b022caf493c11262a5554b1c0a2943ed2148b49628bec5aa42b1f48a15f,2026-07,Cumbria Constabulary,Cumbria Constabulary,-3.552825,54.645427,On or near North Watt Street,E01019122,Allerdale 008C,Public order,Unable to prosecute suspect,
5dcf7d3f30dc3b0ff9c7fa46d4c9d809c1be1910fe8224dd674e11726c394c6b,2026-07,Cumbria Constabulary,Cumbria Constabulary,-3.557593,54.645276,On or near Falcon Street,E01019122,Allerdale 008C,Public order,Under investigation,
baa8c0cb23381a9aa4603c2fb956c00e2d506dad6a6b11f52404a763862df6c6,2026-07,Cumbria Constabulary,Cumbria Constabulary,-3.551733,54.664747,On or near Helder Street,E01019122,Allerdale 008C,Public order,Awaiting court outcome,
f987c2ffc9c06a6e5ecf784425dd405325c909a7b0e19a9a1a13425a8c2c8185,2026-07,Cumbria Constabulary,Cumbria Constabulary,-3.553346,54.655828,On or near Petrol Station,E01019122,Allerdale 008C,Public order,Unable to prosecute suspect,
81e3e135f0ee3f3d69538bf704c1295d7ffa014e7f3657b9309a03bf88d20f9a,2026-07,Cumbria Constabulary,Cumbria Constabulary,-3.553346,54.655828,On or near Petrol Station,E01019122,Allerdale 008C,Shoplifting,Awaiting court outcome,
a13d8efe01be55e1660afbc91ba351d2f343af6f7dd72c011fe5f49aa7607a8a,2026-07,Cumbria Constabulary,Cumbria Constabulary,-3.553346,54.655828,On or near Petrol Station,E01019122,Allerdale 008C,Shoplifting,Local resolution,
e8311208176767295186795691f3f680708ffa2692628e0cd8010a55c6660ba0,2026-07,Cumbria Constabulary,Cumbria Constabulary,-3.552148,54.648788,On or near New Bridge Road,E01019122,Allerdale 008C,Shoplifting,Investigation complete; no suspect identified,
94c6134bf7f30946e93e68c8d01fbb68fb855aa3c9f826fa4d701ee47f473b08,2026-07,Cumbria Constabulary,Cumbria Constabulary,-3.553346,54.655828,On or near Petrol Station,E01019122,Allerdale 008C,Shoplifting,Investigation complete; no suspect identified,
c4fec9a71434760e29653afe87436c340164241cff6c6ad10751fd70e0b58af0,2026-07,Cumbria Constabulary,Cumbria Constabulary,-3.552148,54.648788,On or near New Bridge Road,E01019122,Allerdale 008C,Shoplifting,Awaiting court outcome,
1c0dd991bf85ac7929bdbe1012517ad14ef4c13f44bb5b80c93d922381d0fc4c,2026-07,Cumbria Constabulary,Cumbria Constabulary,-3.552148,54.648788,On or near New Bridge Road,E01019122,Allerdale 008C,Shoplifting,Awaiting court outcome,
92d2b65b1b48025625505a9366db4db3fc6a2676e4a971a39f5f216518cbb2a3,2026-07,Cumbria Constabulary,Cumbria Constabulary,-3.553346,54.655828,On or near Petrol Station,E01019122,Allerdale 008C,Shoplifting,Investigation complete; no suspect identified,
217b51213bad73845f2756a9976e1def22bdc12a2e0024b3297fb8648192bf82,2026-07,Cumbria Constabulary,Cumbria Constabulary,-3.552148,54.648788,On or near New Bridge Road,E01019122,Allerdale 008C,Shoplifting,Under investigation,
fd1d7dfbb0515993541d8510d113fc528a0407e323de3ab856ac6d69dc9649ca,2026-07,Cumbria Constabulary,Cumbria Constabulary,-3.547346,54.650513,On or near Far Moss,E01019122,Allerdale 008C,Violence and sexual offences,Under investigation,
5777d98a2f1857eded3060a2f31e0240999d75d4a368272656fade00f4ee9bea,2026-07,Cumbria Constabulary,Cumbria Constabulary,-3.559711,54.645950,On or near Harbour Terrace,E01019122,Allerdale 008C,Violence and sexual offences,Under investigation,
0f2887ea126d0eba73b17684e48cdf08850c9ee8cf1ea16aad37adb875166e53,2026-07,Cumbria Constabulary,Cumbria Constabulary,-3.554079,54.657976,On or near Siddick Road,E01019122,Allerdale 008C,Violence and sexual offences,Under investigation,
dd1f066ff8fac118995522064f5b298335e49986847d2c2b5bb54980546850bb,2026-07,Cumbria Constabulary,Cumbria Constabulary,-3.549125,54.645124,On or near Wybrow Terrace,E01019122,Allerdale 008C,Violence and sexual offences,Under investigation,
5464fe4d6148a1937027a806b2ae9927af2edb350e1c72ee0c82d6cba5fb1929,2026-07,Cumbria Constabulary,Cumbria Constabulary,-3.549980,54.645185,On or near South William Street,E01019122,Allerdale 008C,Violence and sexual offences,Investigation complete; no suspect identified,
5ae55025b3e83210b219b53930e5937ad6ae5a7ec058fed0d311f885e1c76dcf,2026-07,Cumbria Constabulary,Cumbria Constabulary,-3.551928,54.665401,On or near Shore Side,E01019122,Allerdale 008C,Violence and sexual offences,Unable to prosecute suspect,
86062ed855068e4db845178a3f48e9c08dce9f46c5277f11c724447011621e1e,2026-07,Cumbria Constabulary,Cumbria Constabulary,-3.549125,54.645124,On or near Wybrow Terrace,E01019122,Allerdale 008C,Violence and sexual offences,Investigation complete; no suspect identified,
43d7edccea725dd20e6fc6b5de2dd87590faf17b94c0dd8904084c4326f4d6d3,2026-07,Cumbria Constabulary,Cumbria Constabulary,-3.549125,54.645124,On or near Wybrow Terrace,E01019122,Allerdale 008C,Violence and sexual offences,Unable to prosecute suspect,
db513c4036165eb3296f3b2254e193e478f11aacd84f0caab8a5d548738906e7,2026-07,Cumbria Constabulary,Cumbria Constabulary,-3.562999,54.646006,On or near Marsh Street,E01019122,Allerdale 008C,Violence and sexual offences,Under investigation,
0dd0e495745ce3906a0e16daf4d757a99948c665d6c3bf1f5a3a8ebecc82b6c7,2026-07,Cumbria Constabulary,Cumbria Constabulary,-3.550615,54.651280,On or near Burrow Walls,E01019122,Allerdale 008C,Violence and sexual offences,Unable to prosecute suspect,
ad0a909e69a2d5e2bb3d834c38a4c80618290bca79daebb5d491ed84ae353b33,2026-07,Cumbria Constabulary,Cumbria Constabulary,-3.557593,54.645276,On or near Falcon Street,E01019122,Allerdale 008C,Other crime,Under investigation,
8161b1c3ffb2d1ff8866ff51b89b49d4790ddc4eff9099195d4cb85b235eb9d0,2026-07,Cumbria Constabulary,Cumbria Constabulary,-3.523566,54.665311,On or near Hunter'S Drive,E01019123,Allerdale 008D,Drugs,Under investigation,
80aa97a11bfdcfb8bb4c0880b0620d3f319071cdc18aab948a7c92adc2076480,2026-07,Cumbria Constabulary,Cumbria Constabulary,-3.532189,54.678127,On or near St Helens Lane,E01019123,Allerdale 008D,Other theft,Under investigation,
fd298908437b197278a252b6737ffbf58f689f8690ad3450becf4586b5c59923,2026-07,Cumbria Constabulary,Cumbria Constabulary,-3.532189,54.678127,On or near St Helens Lane,E01019123,Allerdale 008D,Vehicle crime,Under investigation,
278d5a04aac7e8903ad7613f2e47466fbe459678ccae179d2adf2784d5fe1ac0,2026-07,Cumbria Constabulary,Cumbria Constabulary,-3.521347,54.665285,On or near Croftfield Road,E01019123,Allerdale 008D,Violence and sexual offences,Under investigation,
a4d754dee1eae18ac16500b7e9639ef46596aa94892ee1171574ec5bddbf7ace,2026-07,Cumbria Constabulary,Cumbria Constabulary,-3.522513,54.665342,On or near Hunter'S Close,E01019123,Allerdale 008D,Violence and sexual offences,Investigation complete; no suspect identified,
43a37df97b948c6001e92fe2ca4a724ab1a70f97082a705d7fc7ec9233f3c138,2026-07,Cumbria Constabulary,Cumbria Constabulary,-3.521706,54.666997,On or near Rose Beck,E01019123,Allerdale 008D,Violence and sexual offences,Under investigation,
127fd6f71374fc44e0b17b9be0020604c92c03cb324cde83d908a3603242ad27,2026-07,Cumbria Constabulary,Cumbria Constabulary,-3.521706,54.666997,On or near Rose Beck,E01019123,Allerdale 008D,Violence and sexual offences,Under investigation,
a566398405c9c953a18360c67ef7bc323312f1f13a6535dd23f0429bfb3085bb,2026-07,Cumbria Constabulary,Cumbria Constabulary,-3.520144,54.665031,On or near The Oaks,E01019123,Allerdale 008D,Violence and sexual offences,Under investigation,
5d7cc15bdffee5e38fe5c9943438a3b379ce907f195d1255887fbb5cae86295f,2026-07,Cumbria Constabulary,Cumbria Constabulary,-3.535573,54.649863,On or near Calva Road,E01019124,Allerdale 008E,Public order,Under investigation,
597a562e1efa062c2eb94d0e3c461eb49feafe3751cecff2eb6efae5d798d00d,2026-07,Cumbria Constabulary,Cumbria Constabulary,-3.530995,54.652994,On or near Coronation Avenue,E01019124,Allerdale 008E,Violence and sexual offences,Investigation complete; no suspect identified,
adf922dea6200d7818944d6141a72bd577a51519a35f5034eb85cf25b1b4780e,2026-07,Cumbria Constabulary,Cumbria Constabulary,-3.529651,54.656849,On or near Derwent Avenue,E01019124,Allerdale 008E,Violence and sexual offences,Under investigation,
,2026-07,Cumbria Constabulary,Cumbria Constabulary,-3.488141,54.665024,On or near Kitty'S Went,E01019125,Allerdale 008F,Anti-social behaviour,,
a3de0a8ca248e9ebc5b967fad2cfa66a63eff8b12116f3eb6d614408ebbc3634,2026-07,Cumbria Constabulary,Cumbria Constabulary,-3.525743,54.661136,On or near Petrol Station,E01019125,Allerdale 008F,Drugs,Local resolution,
418d0bcfe71854fc9366ef0aadb9684f28dd51d8e81e0e0fb08581df058d3f1b,2026-07,Cumbria Constabulary,Cumbria Constabulary,-3.522802,54.663146,On or near Huntington Place,E01019125,Allerdale 008F,Violence and sexual offences,Under investigation,
948b80002c78ff14828653101267a25480d17ce1136933ec84133e93ba677d4c,2026-07,Cumbria Constabulary,Cumbria Constabulary,-3.522802,54.663146,On or near Huntington Place,E01019125,Allerdale 008F,Violence and sexual offences,Under investigation,
a6fa0b93eab2395f7e7b382892528c8a2056a5c4a9fde0f3816072e3a5b597a0,2026-07,Cumbria Constabulary,Cumbria Constabulary,-3.522802,54.663146,On or near Huntington Place,E01019125,Allerdale 008F,Violence and sexual offences,Under investigation,
,2026-07,Cumbria Constabulary,Cumbria Constabulary,-3.562575,54.625871,On or near Supermarket,E01019111,Allerdale 009A,Anti-social behaviour,,
,2026-07,Cumbria Constabulary,Cumbria Constabulary,-3.561351,54.629715,On or near Northcote Street,E01019111,Allerdale 009A,Anti-social behaviour,,
74c33a7c38ed5e43a64a5b561aff219fece822af3973d4e6233ead3963311120,2026-07,Cumbria Constabulary,Cumbria Constabulary,-3.560112,54.631753,On or near Cross Street,E01019111,Allerdale 009A,Burglary,Investigation complete; no suspect identified,
cdc6d008a22a64f5c303b240193b0e066a6d51b4e8067e84e6672c3056d32fb6,2026-07,Cumbria Constabulary,Cumbria Constabulary,-3.561351,54.629715,On or near Northcote Street,E01019111,Allerdale 009A,Criminal damage and arson,Unable to prosecute suspect,
30be0150c49ec6a06d229fa20ed5043cd3b28c13ce145fd79c148b8f204abcf2,2026-07,Cumbria Constabulary,Cumbria Constabulary,-3.565081,54.631222,On or near Derwent Road,E01019111,Allerdale 009A,Criminal damage and arson,Unable to prosecute suspect,
70648a089656e05c5c5a1b522155d2dc6e13c9cffa6c789adc099ac25b544c46,2026-07,Cumbria Constabulary,Cumbria Constabulary,-3.562575,54.625871,On or near Supermarket,E01019111,Allerdale 009A,Drugs,Local resolution,
a04cb1c5d67bdaaf73c1a28b7b1ac28c4f469befaa182630fb8c75dc67091922,2026-07,Cumbria Constabulary,Cumbria Constabulary,-3.563929,54.627848,On or near A597,E01019111,Allerdale 009A,Other theft,Under investigation,
7a0e123d924f44b964c8e09f5138bee6cc339409aba63a7f7af30394fd5d5fde,2026-07,Cumbria Constabulary,Cumbria Constabulary,-3.559812,54.623093,On or near Garnet Crescent,E01019111,Allerdale 009A,Other theft,Unable to prosecute suspect,
925f5fe41fad7eda6d9ec3b1ec80b460c059bc0601bb9d001cb72eb4aa34dacf,2026-07,Cumbria Constabulary,Cumbria Constabulary,-3.565676,54.623323,On or near Salterbeck Terrace,E01019111,Allerdale 009A,Public order,Investigation complete; no suspect identified,
91665ecf49c080e74df36fe7390081af94e3f9cd1ceac6900f2bded468be189e,2026-07,Cumbria Constabulary,Cumbria Constabulary,-3.561351,54.629715,On or near Northcote Street,E01019111,Allerdale 009A,Public order,Investigation complete; no suspect identified,
8c8441dcd88027a24046c4b6534e6ac3430fd6e9134129c4c5dde1a3bb1d4cce,2026-07,Cumbria Constabulary,Cumbria Constabulary,-3.563929,54.627848,On or near A597,E01019111,Allerdale 009A,Shoplifting,Under investigation,
7f4d5c452f75a55b59bd4631bd8e8077973445af1ae3c7ed410bc87acceb51c8,2026-07,Cumbria Constabulary,Cumbria Constabulary,-3.563929,54.627848,On or near A597,E01019111,Allerdale 009A,Shoplifting,Under investigation,
b65b064765b35180b808c21227d5dcec314174bf23ff60122a79aee1f1be88d0,2026-07,Cumbria Constabulary,Cumbria Constabulary,-3.563929,54.627848,On or near A597,E01019111,Allerdale 009A,Shoplifting,Under investigation,
604eb3d783ab10b9258713f7cd550cf1e5ae5a5ad290c8f1003ecd403b4c022e,2026-07,Cumbria Constabulary,Cumbria Constabulary,-3.563929,54.627848,On or near A597,E01019111,Allerdale 009A,Shoplifting,Under investigation,
471200a91c291f8caa627138bfbc1746cf28cb3759dd4e5ec4b92a5072065db0,2026-07,Cumbria Constabulary,Cumbria Constabulary,-3.562575,54.625871,On or near Supermarket,E01019111,Allerdale 009A,Shoplifting,Under investigation,
7720bce1b1ea99bcc1116dfe0d6f437f207ed9c2c3ddae1a32efd3d1885409b1,2026-07,Cumbria Constabulary,Cumbria Constabulary,-3.563929,54.627848,On or near A597,E01019111,Allerdale 009A,Shoplifting,Further investigation is not in the public interest,
307bf600b36d30be49935391860abd6c9157befe945c46c51b9ab21dfbb15197,2026-07,Cumbria Constabulary,Cumbria Constabulary,-3.567011,54.631475,On or near Marsh Drive,E01019111,Allerdale 009A,Violence and sexual offences,Investigation complete; no suspect identified,
b5401f96dd8622f760120c29efc54ccc5bc13dc07b6fa56fd6768a0e105b0b82,2026-07,Cumbria Constabulary,Cumbria Constabulary,-3.560438,54.631362,On or near Beach Street,E01019111,Allerdale 009A,Violence and sexual offences,Unable to prosecute suspect,
bc35ec3416ad39056b2b60a520eec3a18cca9e90fbf295d83818998236f7f831,2026-07,Cumbria Constabulary,Cumbria Constabulary,-3.565676,54.623323,On or near Salterbeck Terrace,E01019111,Allerdale 009A,Violence and sexual offences,Under investigation,
f4651a8fd61a1e0d0c9359e59ff51425c1391779b4c1f5226860ef570bf39105,2026-07,Cumbria Constabulary,Cumbria Constabulary,-3.566246,54.628483,On or near Sleeper Mill Drive,E01019111,Allerdale 009A,Violence and sexual offences,Further investigation is not in the public interest,
1b26031bc94875919e19c90515259dcd38c91f2552d24162e1e6f5d98a06f43c,2026-07,Cumbria Constabulary,Cumbria Constabulary,-3.567011,54.631475,On or near Marsh Drive,E01019111,Allerdale 009A,Violence and sexual offences,Under investigation,
5d1f2ca3641352bf30151e7dfa2f7d83dacb971af4339a543f4f84a08438a6b5,2026-07,Cumbria Constabulary,Cumbria Constabulary,-3.559812,54.623093,On or near Garnet Crescent,E01019111,Allerdale 009A,Violence and sexual offences,Under investigation,
a53dac2fd0a7d2d7e17c46d3138441ed4362a53b53dcedccf3f8c0dac027bcec,2026-07,Cumbria Constabulary,Cumbria Constabulary,-3.559812,54.623093,On or near Garnet Crescent,E01019111,Allerdale 009A,Violence and sexual offences,Under investigation,
b3576731bece77c44e983da1b1bc1000e87f1ba9a450447418da7ad21de08212,2026-07,Cumbria Constabulary,Cumbria Constabulary,-3.567011,54.631475,On or near Marsh Drive,E01019111,Allerdale 009A,Violence and sexual offences,Under investigation,
4dbbd0b01b0ab3c71804dbf8a0b3383f315c70233a4ac5c0e8ec8a432d1e4f89,2026-07,Cumbria Constabulary,Cumbria Constabulary,-3.561398,54.630532,On or near Mossbay Road,E01019111,Allerdale 009A,Violence and sexual offences,Under investigation,
c1ceb198d3c699b15451e6150d1636d3d29612dfb72f22b2128cdb474d8e99d2,2026-07,Cumbria Constabulary,Cumbria Constabulary,-3.565676,54.623323,On or near Salterbeck Terrace,E01019111,Allerdale 009A,Violence and sexual offences,Unable to prosecute suspect,
5daef2e49eea877b28bc94af4dae3a78a5c6f567a067149ef45bdabaadde609e,2026-07,Cumbria Constabulary,Cumbria Constabulary,-3.560112,54.631753,On or near Cross Street,E01019111,Allerdale 009A,Violence and sexual offences,Under investigation,
6fcf3a26fcdee0fa6391963554de89ba48980728ef73e8b59bcd452a8ea987c0,2026-07,Cumbria Constabulary,Cumbria Constabulary,-3.559812,54.623093,On or near Garnet Crescent,E01019111,Allerdale 009A,Other crime,Under investigation,
,2026-07,Cumbria Constabulary,Cumbria Constabulary,-3.562961,54.622405,On or near Wether Riggs Road,E01019112,Allerdale 009B,Anti-social behaviour,,
,2026-07,Cumbria Constabulary,Cumbria Constabulary,-3.562961,54.622405,On or near Wether Riggs Road,E01019112,Allerdale 009B,Anti-social behaviour,,
d29dccf37dc4f02f24a5e7d994d07cd46c8aff1d567f957b2ee18b2058c1ec61,2026-07,Cumbria Constabulary,Cumbria Constabulary,-3.562961,54.622405,On or near Wether Riggs Road,E01019112,Allerdale 009B,Bicycle theft,Investigation complete; no suspect identified,
d252a6c12cab4c59e11f29fa75f367db7d6b708b5ab49d9eca335ced85cbfbb8,2026-07,Cumbria Constabulary,Cumbria Constabulary,-3.566167,54.620791,On or near Salterbeck Road,E01019112,Allerdale 009B,Burglary,Under investigation,
4a3c6c5f3190ad99e343ca7cd51ef8b947f1bd062fb15aac61235e1767054fe0,2026-07,Cumbria Constabulary,Cumbria Constabulary,-3.563420,54.621860,On or near Maple Close,E01019112,Allerdale 009B,Criminal damage and arson,Under investigation,
63dabb95731d77428a08d6a0f12da0b2342ee7675ad31c09791f4fe8a689abec,2026-07,Cumbria Constabulary,Cumbria Constabulary,-3.556709,54.619717,On or near Brierydale,E01019112,Allerdale 009B,Criminal damage and arson,Under investigation,
816ba9970c073e86de39206eef2bde1846390b85b429a628b7c5326115dfb7f1,2026-07,Cumbria Constabulary,Cumbria Constabulary,-3.564044,54.618733,On or near Salterbeck Drive,E01019112,Allerdale 009B,Criminal damage and arson,Investigation complete; no suspect identified,
b921489429ee9732f7aceecd3e7a81a37e327564520a4920215dad0aa6d60881,2026-07,Cumbria Constabulary,Cumbria Constabulary,-3.556709,54.619717,On or near Brierydale,E01019112,Allerdale 009B,Criminal damage and arson,Under investigation,
94c2fa966d92f454e4adf8d3c4171d669e6c4ebc8aad1d9d8657af390478ede6,2026-07,Cumbria Constabulary,Cumbria Constabulary,-3.563420,54.621860,On or near Maple Close,E01019112,Allerdale 009B,Public order,Unable to prosecute suspect,
765f57e2e47078ae07fe3607c6855ff26c5aa2b4a2c755697f319459af718072,2026-07,Cumbria Constabulary,Cumbria Constabulary,-3.558229,54.620983,On or near Pearl Road,E01019112,Allerdale 009B,Public order,Under investigation,
49e3d290f762f1c035975e65368e36833016fdfad192fa3d1f6f181ecc8bc9fc,2026-07,Cumbria Constabulary,Cumbria Constabulary,-3.562961,54.622405,On or near Wether Riggs Road,E01019112,Allerdale 009B,Violence and sexual offences,Under investigation,
39f6500e9a93b2e27fe0b517825084749b1aadc726597ca6a8833d8f1512b1df,2026-07,Cumbria Constabulary,Cumbria Constabulary,-3.555379,54.623015,On or near Emerald Close,E01019112,Allerdale 009B,Violence and sexual offences,Under investigation,
5ab16cc033ad05d7a30519a1ac352112fd55648f1c10b0d22a375a2c9b73df41,2026-07,Cumbria Constabulary,Cumbria Constabulary,-3.563263,54.618168,On or near Jackson Road,E01019112,Allerdale 009B,Violence and sexual offences,Under investigation,
32dbcaa5ae556e6b524204c24eb59c905dcc5daa487fa80c99f275f8485fa17f,2026-07,Cumbria Constabulary,Cumbria Constabulary,-3.565257,54.619265,On or near Cedar Court,E01019112,Allerdale 009B,Violence and sexual offences,Under investigation,
8b0c4235e10c82f04a087c1567624c04cbaa539d75d06dfae7c54d1cdd55c1bd,2026-07,Cumbria Constabulary,Cumbria Constabulary,-3.565168,54.620579,On or near Mona Road,E01019112,Allerdale 009B,Other crime,Under investigation,
b2d4011873a5b54986ea8ef3628bf2fd6270c10f2c13072a2b6a1dc4cbb43e99,2026-07,Cumbria Constabulary,Cumbria Constabulary,-3.565168,54.620579,On or near Mona Road,E01019112,Allerdale 009B,Other crime,Under investigation,
,2026-07,Cumbria Constabulary,Cumbria Constabulary,-3.558254,54.632181,On or near Davies Road,E01019113,Allerdale 009C,Anti-social behaviour,,
fccaf1f72641de9829af2f6050e0d5158b42ee25760af1cb66949035289da18e,2026-07,Cumbria Constabulary,Cumbria Constabulary,-3.551431,54.635280,On or near Laverock Terrace,E01019113,Allerdale 009C,Burglary,Under investigation,
c7fe9ee9732534d981a5731f1d0f8f51f7aca613470aadf9735fbbd8008fc3bf,2026-07,Cumbria Constabulary,Cumbria Constabulary,-3.556544,54.635682,On or near B5296,E01019113,Allerdale 009C,Criminal damage and arson,Investigation complete; no suspect identified,
644185f49a635d31dab51b61076348295da4143ba695b07bb0f13bf8abcc5ba3,2026-07,Cumbria Constabulary,Cumbria Constabulary,-3.557421,54.633495,On or near Moorbanks Road,E01019113,Allerdale 009C,Criminal damage and arson,Under investigation,
9e1f7c36eac4190bb758619cc2785a7f7ff4848a99de57cf56284e0030f6a2a2,2026-07,Cumbria Constabulary,Cumbria Constabulary,-3.557421,54.633495,On or near Moorbanks Road,E01019113,Allerdale 009C,Other theft,Under investigation,
cfe49165c11a01d02535e70154f715206b5a5d7ce76a7d645818560be2faa1da,2026-07,Cumbria Constabulary,Cumbria Constabulary,-3.558325,54.631192,On or near St Mary'S Court,E01019113,Allerdale 009C,Other theft,Unable to prosecute suspect,
5e4b6447f2cdc6053a03756171d17bcc96aa7094eb328e9540a0d7f56744cc41,2026-07,Cumbria Constabulary,Cumbria Constabulary,-3.557421,54.633495,On or near Moorbanks Road,E01019113,Allerdale 009C,Other theft,Investigation complete; no suspect identified,
f85db9ad2716273a4faadfd9efb8f5b8bfcc54b73a31a48052a4449f6aafdd7d,2026-07,Cumbria Constabulary,Cumbria Constabulary,-3.558254,54.632181,On or near Davies Road,E01019113,Allerdale 009C,Public order,Awaiting court outcome,
24ef41c4c2f15b2f32dfadf5a06b009204019a8d50ec097d4d2b84125a3c74bc,2026-07,Cumbria Constabulary,Cumbria Constabulary,-3.556544,54.635682,On or near B5296,E01019113,Allerdale 009C,Public order,Under investigation,
a8571cd66b4c404b83cdf25bc9a488047cf5ef6d4911b4ed1d72b0ea0e04343d,2026-07,Cumbria Constabulary,Cumbria Constabulary,-3.558254,54.632181,On or near Davies Road,E01019113,Allerdale 009C,Public order,Investigation complete; no suspect identified,
18c70fd9d483ce29130da3612baabaedb665e2089d9ebdd63bbfe3b27394b042,2026-07,Cumbria Constabulary,Cumbria Constabulary,-3.558520,54.629823,On or near Rowe Terrace,E01019113,Allerdale 009C,Public order,Investigation complete; no suspect identified,
2e6cc8649c716698716202446fd2f445519bc6d621e2d34e528ad62a8022885a,2026-07,Cumbria Constabulary,Cumbria Constabulary,-3.556544,54.635682,On or near B5296,E01019113,Allerdale 009C,Public order,Under investigation,
86f6a23a1f094bc61fab486dcc76082e04ad1161ef6a3611017d3ac0ccdc30d3,2026-07,Cumbria Constabulary,Cumbria Constabulary,-3.556544,54.635682,On or near B5296,E01019113,Allerdale 009C,Violence and sexual offences,Under investigation,
7c2fb46de3ec8cdf4b49156c12d6cadfc07455228e202cf498ef3d72dffc1b57,2026-07,Cumbria Constabulary,Cumbria Constabulary,-3.556772,54.629882,On or near Firth View Walk,E01019113,Allerdale 009C,Violence and sexual offences,Under investigation,
2423b94fc934418cf4ef16c4a352350783c98ec29add17b5a5247a1f305aa2d0,2026-07,Cumbria Constabulary,Cumbria Constabulary,-3.556772,54.629882,On or near Firth View Walk,E01019113,Allerdale 009C,Violence and sexual offences,Unable to prosecute suspect,
65073e55ed83afdf9a7990c7d5aa6f17f0cf795b8bf6c8d049cb154c162cf29a,2026-07,Cumbria Constabulary,Cumbria Constabulary,-3.556772,54.629882,On or near Firth View Walk,E01019113,Allerdale 009C,Violence and sexual offences,Unable to prosecute suspect,
8315f20983b124db58b29f93a74cb588692215bdf9ac065894c129a009278cda,2026-07,Cumbria Constabulary,Cumbria Constabulary,-3.563319,54.633761,On or near A597,E01019113,Allerdale 009C,Violence and sexual offences,Under investigation,
4187fd84cee853c79ba2473fefa4dcdb8b18246cbee379cd5a3c716d41f8a2d9,2026-07,Cumbria Constabulary,Cumbria Constabulary,-3.558254,54.632181,On or near Davies Road,E01019113,Allerdale 009C,Violence and sexual offences,Under investigation,
a77e2cc1f684aa13c053d9526764f3c047b1f7e7bc7b82cd8fd2a9026c4555b9,2026-07,Cumbria Constabulary,Cumbria Constabulary,-3.557655,54.631902,On or near Casson Road,E01019113,Allerdale 009C,Violence and sexual offences,Unable to prosecute suspect,
e6591f707a66742a6d433503546b7e959a4b87ece87ff450a8d64bda10a40fcf,2026-07,Cumbria Constabulary,Cumbria Constabulary,-3.556544,54.635682,On or near B5296,E01019113,Allerdale 009C,Violence and sexual offences,Under investigation,
ec7ee4e71c77aa346a5a2c63232084c44f5a18475d2794100bb4f099cd7cdb8e,2026-07,Cumbria Constabulary,Cumbria Constabulary,-3.558325,54.631192,On or near St Mary'S Court,E01019113,Allerdale 009C,Violence and sexual offences,Under investigation,
06e719f5d4abe50eb99facff0d10f34883d2423eb1bda1ddb0f881aef55d8b91,2026-07,Cumbria Constabulary,Cumbria Constabulary,-3.558325,54.631192,On or near St Mary'S Court,E01019113,Allerdale 009C,Violence and sexual offences,Under investigation,
2ec5cf293a88a233a3fcf3c019aa2e5e854ebaa519684e4508479f76e1eb2172,2026-07,Cumbria Constabulary,Cumbria Constabulary,-3.556544,54.635682,On or near B5296,E01019113,Allerdale 009C,Violence and sexual offences,Under investigation,
0c51ffc63d4b4a6411290321c28ad816dbea1350e3c6af9e36d1cd63de992952,2026-07,Cumbria Constabulary,Cumbria Constabulary,-3.555376,54.629441,On or near Westfield Bridge Court,E01019113,Allerdale 009C,Violence and sexual offences,Under investigation,
97163c5cc42bcb12f26f5d9cbc4df5b4f4032c190972558fc4e901e25f4919b4,2026-07,Cumbria Constabulary,Cumbria Constabulary,-3.556544,54.635682,On or near B5296,E01019113,Allerdale 009C,Violence and sexual offences,Under investigation,
f508dfa9045592f9a9036b87f3254829d09b8a09f2c323b17c6f878240bf3f20,2026-07,Cumbria Constabulary,Cumbria Constabulary,-3.558254,54.632181,On or near Davies Road,E01019113,Allerdale 009C,Violence and sexual offences,Under investigation,
,2026-07,Cumbria Constabulary,Cumbria Constabulary,-3.565967,54.640189,On or near Petrol Station,E01019120,Allerdale 009D,Anti-social behaviour,,
2a551d0000d6055d1d8691e5ceb1382f30cc12ec1584988b1a4247fc01afdc66,2026-07,Cumbria Constabulary,Cumbria Constabulary,-3.558799,54.641576,On or near Wesley Street,E01019120,Allerdale 009D,Criminal damage and arson,Under investigation,
88f43346057e2321fcee0f6ae3a32114db292a543c7ac84dcea2c4501c258a39,2026-07,Cumbria Constabulary,Cumbria Constabulary,-3.559563,54.641269,On or near Patterson Hill Close,E01019120,Allerdale 009D,Other theft,Investigation complete; no suspect identified,
237b12474aead2f29ec56b363381b05d9775257b51d319a1c4eacb0688467b87,2026-07,Cumbria Constabulary,Cumbria Constabulary,-3.565717,54.642151,On or near Derwent Drive,E01019120,Allerdale 009D,Other theft,Under investigation,
63f5a89fb5d7125918959da5eff63f41bfc803fbb7fdc608865af8e9df775891,2026-07,Cumbria Constabulary,Cumbria Constabulary,-3.556708,54.640371,On or near Bolton Street,E01019120,Allerdale 009D,Public order,Unable to prosecute suspect,
503747f98a52947b954d1df59b78900c3fcd732f1b9f3651328930fbc79b0a5c,2026-07,Cumbria Constabulary,Cumbria Constabulary,-3.551545,54.639889,On or near Fleet Street,E01019120,Allerdale 009D,Public order,Investigation complete; no suspect identified,
6d908af305acb998220284e630ecf8555777efdc1742f67eecd3a3c592f3bed6,2026-07,Cumbria Constabulary,Cumbria Constabulary,-3.565967,54.640189,On or near Petrol Station,E01019120,Allerdale 009D,Shoplifting,Under investigation,
8d889dfcf08777bcce502b5108549a02e4aa57e686cb85c5f554e806d5b55ef7,2026-07,Cumbria Constabulary,Cumbria Constabulary,-3.565967,54.640189,On or near Petrol Station,E01019120,Allerdale 009D,Shoplifting,Under investigation,
6080938b3ebec048c9162321bd85a47e0178b9819c8f228b51fb3de9455b8f6b,2026-07,Cumbria Constabulary,Cumbria Constabulary,-3.565967,54.640189,On or near Petrol Station,E01019120,Allerdale 009D,Shoplifting,Unable to prosecute suspect,
29ed60af0135255a387c08e345030e4450fb262b3a24e63cb71cb916b0635869,2026-07,Cumbria Constabulary,Cumbria Constabulary,-3.565717,54.642151,On or near Derwent Drive,E01019120,Allerdale 009D,Shoplifting,Awaiting court outcome,
ef949ce56b01531282d64f60a52754624af8f93c9a139741c83708d3b4a6a3fc,2026-07,Cumbria Constabulary,Cumbria Constabulary,-3.565967,54.640189,On or near Petrol Station,E01019120,Allerdale 009D,Shoplifting,Investigation complete; no suspect identified,
b98c741d6ac1a26a4dd0c2fdad2cfe71831796da29e22c0caf7fe6cc94595f4a,2026-07,Cumbria Constabulary,Cumbria Constabulary,-3.553748,54.637929,On or near Canning Street,E01019120,Allerdale 009D,Shoplifting,Under investigation,
22e56bdc18fc89270d910bdcff77bc032ed06c3c38dce91f6486d21038cc409f,2026-07,Cumbria Constabulary,Cumbria Constabulary,-3.559563,54.641269,On or near Patterson Hill Close,E01019120,Allerdale 009D,Vehicle crime,Under investigation,
716780aff677edca784e70036e85dd8d08198429e827a14aa4d153e9824b3440,2026-07,Cumbria Constabulary,Cumbria Constabulary,-3.562168,54.644148,On or near Havelock Road,E01019120,Allerdale 009D,Vehicle crime,Under investigation,
ab930766d2d52ce113fca6586769fd93f287a6be3548a1f53df533f6906bac66,2026-07,Cumbria Constabulary,Cumbria Constabulary,-3.551545,54.639889,On or near Fleet Street,E01019120,Allerdale 009D,Violence and sexual offences,Unable to prosecute suspect,
930d4c223e30158c92c9e8f0a3fcff0bd3fe04dcc174572dcf8631ac468479ff,2026-07,Cumbria Constabulary,Cumbria Constabulary,-3.559563,54.641269,On or near Patterson Hill Close,E01019120,Allerdale 009D,Violence and sexual offences,Under investigation,
03c659ae173f255622ec008fadfe067d085e35d9b5219c39ec2b3127daa07338,2026-07,Cumbria Constabulary,Cumbria Constabulary,-3.555415,54.641412,On or near Queen Street,E01019120,Allerdale 009D,Violence and sexual offences,Unable to prosecute suspect,
c1eaee4e3c2cf37fdc35d85683e5b589e5bee5a0fa60b30724481e622af92397,2026-07,Cumbria Constabulary,Cumbria Constabulary,-3.551545,54.639889,On or near Fleet Street,E01019120,Allerdale 009D,Violence and sexual offences,Under investigation,
9eaa94bd30a80ecb3d25946cc624a38779f52b67bda5bb572edc8b99cf24a170,2026-07,Cumbria Constabulary,Cumbria Constabulary,-3.551545,54.639889,On or near Fleet Street,E01019120,Allerdale 009D,Violence and sexual offences,Under investigation,
1d1acf89eb8e847cae7f6c1bb5cb2ea501ca456f5f0086a0a3687eb51f811a2a,2026-07,Cumbria Constabulary,Cumbria Constabulary,-3.555415,54.641412,On or near Queen Street,E01019120,Allerdale 009D,Violence and sexual offences,Unable to prosecute suspect,
c7d9ca5f91942d147ebc47d40bc4f9b081dd62279fac911249a6a6d2e9f432bb,2026-07,Cumbria Constabulary,Cumbria Constabulary,-3.556708,54.640371,On or near Bolton Street,E01019120,Allerdale 009D,Other crime,Unable to prosecute suspect,
72b631b8e6d424f853dbc672a2051815d14a9679349a6d04f3d69670af2f0eb6,2026-07,Cumbria Constabulary,Cumbria Constabulary,-3.547409,54.644814,On or near Finkle Street,E01019121,Allerdale 009E,Burglary,Under investigation,
28fdfa60cc9a9cf2f00ca629718e9fec21fe15dfcfa5abbcf7b27de517b4e73e,2026-07,Cumbria Constabulary,Cumbria Constabulary,-3.547204,54.644313,On or near Parking Area,E01019121,Allerdale 009E,Criminal damage and arson,Investigation complete; no suspect identified,
dbb739d33f5bd8a474f21cab0a7dbbcc22cf90f9c17088f42a09e488e5af3a3b,2026-07,Cumbria Constabulary,Cumbria Constabulary,-3.547204,54.644313,On or near Parking Area,E01019121,Allerdale 009E,Criminal damage and arson,Under investigation,
7d2e46ab6c8925bdf5c2fb690bc290c5b5f7dfc4f4b7f89360848024c4f941c9,2026-07,Cumbria Constabulary,Cumbria Constabulary,-3.557270,54.642099,On or near Senhouse Close,E01019121,Allerdale 009E,Drugs,Awaiting court outcome,
e0c35c0cb309566d6919270b3edad60c56f5886e7614ec441cd0ff7d03003284,2026-07,Cumbria Constabulary,Cumbria Constabulary,-3.557270,54.642099,On or near Senhouse Close,E01019121,Allerdale 009E,Drugs,Under investigation,
299ab1467664123908ac9ace7ec282548e852e43a558c0db4aaa3aebbc0d8211,2026-07,Cumbria Constabulary,Cumbria Constabulary,-3.551803,54.645036,On or near Fisher Street,E01019121,Allerdale 009E,Other theft,Under investigation,
068ce5ae741e4cda1ff4fa85f2481693e1768a42d4bae7d049c5a9a97a91bd48,2026-07,Cumbria Constabulary,Cumbria Constabulary,-3.557514,54.643219,On or near Wall Street,E01019121,Allerdale 009E,Public order,Offender given a caution,
aebd4f765b53644835da6c3c73a9c9619aed01951a022e4a8b211e1eab4ac540,2026-07,Cumbria Constabulary,Cumbria Constabulary,-3.551803,54.645036,On or near Fisher Street,E01019121,Allerdale 009E,Public order,Under investigation,
b060c8d5d02b542aff2ef9c551272d19b1e6cd22b4437dfd64d6555adbbf195f,2026-07,Cumbria Constabulary,Cumbria Constabulary,-3.551803,54.645036,On or near Fisher Street,E01019121,Allerdale 009E,Public order,Unable to prosecute suspect,
c83b43f048df034c704675ac59ec84cf48ca4aa100d057a2c4b79a311824eb19,2026-07,Cumbria Constabulary,Cumbria Constabulary,-3.551803,54.645036,On or near Fisher Street,E01019121,Allerdale 009E,Public order,Under investigation,
501ad29847f7752aaca36064e9441edff13e8e4df9e9a24a0bfd594d01aee0aa,2026-07,Cumbria Constabulary,Cumbria Constabulary,-3.556051,54.645089,On or near Dean Street,E01019121,Allerdale 009E,Shoplifting,Unable to prosecute suspect,
c6e9c60f7b2fda41a58790b223870c08aecdbf4a4cd33f8acaff07c92230e277,2026-07,Cumbria Constabulary,Cumbria Constabulary,-3.549651,54.643859,On or near Winifred Street,E01019121,Allerdale 009E,Vehicle crime,Under investigation,
84c80b1de60c37f76c1b99b26e205be3aa044e51d40ee01cc5b8600864f59f84,2026-07,Cumbria Constabulary,Cumbria Constabulary,-3.558202,54.642976,On or near Findlay Place,E01019121,Allerdale 009E,Violence and sexual offences,Unable to prosecute suspect,
1941d5cb7225c288019ffcbb9b84e727e3ebbee7a2d8fc1293a1372d520cf680,2026-07,Cumbria Constabulary,Cumbria Constabulary,-3.547204,54.644313,On or near Parking Area,E01019121,Allerdale 009E,Violence and sexual offences,Under investigation,
6541d28aec99690bf51c192dcd96e108220ba0761159e05b911b64852d528e28,2026-07,Cumbria Constabulary,Cumbria Constabulary,-3.547409,54.644814,On or near Finkle Street,E01019121,Allerdale 009E,Violence and sexual offences,Under investigation,
43fff14bfce88e46581b79f83d5e79a9d6cf507c2adf6ed3ccb4d2835fba4ba8,2026-07,Cumbria Constabulary,Cumbria Constabulary,-3.555355,54.644307,On or near York Street,E01019121,Allerdale 009E,Violence and sexual offences,Investigation complete; no suspect identified,
2dbe70ffc1d1e6c1db26c2e0f4219ca17b514bd9042f741f5e378a74617162c7,2026-07,Cumbria Constabulary,Cumbria Constabulary,-3.551803,54.645036,On or near Fisher Street,E01019121,Allerdale 009E,Violence and sexual offences,Under investigation,
06d1032088bc4c0dca4aff738a467c09f2fa44849aa4fa89b9aabbf59bfc9183,2026-07,Cumbria Constabulary,Cumbria Constabulary,-3.557514,54.643219,On or near Wall Street,E01019121,Allerdale 009E,Violence and sexual offences,Under investigation,
3788d99df0dfeb2b622e6dde03739574e01c93f53bd6670f7ec0bb85faee4536,2026-07,Cumbria Constabulary,Cumbria Constabulary,-3.551803,54.645036,On or near Fisher Street,E01019121,Allerdale 009E,Violence and sexual offences,Under investigation,
84e65e6cc550a06ef257cda7e71e80f304dd44b95eafffafc7a800a32e5e1732,2026-07,Cumbria Constabulary,Cumbria Constabulary,-3.555018,54.642379,On or near Whitfield Court,E01019121,Allerdale 009E,Violence and sexual offences,Unable to prosecute suspect,
7c9fccd791cffe228108b7888b30d4042d56b14e63efbbc37ffb59ec024aa305,2026-07,Cumbria Constabulary,Cumbria Constabulary,-3.554503,54.643105,On or near Hyde Street,E01019121,Allerdale 009E,Violence and sexual offences,Under investigation,
3c0e864ce718adddc771497947e5c573debf320a96406cf18e14fc61c12a4a80,2026-07,Cumbria Constabulary,Cumbria Constabulary,-3.548701,54.643736,On or near Bus/Coach Station,E01019121,Allerdale 009E,Violence and sexual offences,Under investigation,
0a528dff93caf8a1506e9e052f05b516014bd49d3ac9c1f2ee3cfae503690014,2026-07,Cumbria Constabulary,Cumbria Constabulary,-3.551803,54.645036,On or near Fisher Street,E01019121,Allerdale 009E,Violence and sexual offences,Under investigation,
ec4aaad64c31de6baf419f0f285445f8c04c4e0a5e453767cc464ba5d2b34772,2026-07,Cumbria Constabulary,Cumbria Constabulary,-3.557514,54.643219,On or near Wall Street,E01019121,Allerdale 009E,Other crime,Offender given a caution,
,2026-07,Cumbria Constabulary,Cumbria Constabulary,-3.558531,54.625635,On or near Richmond Croft,E01019108,Allerdale 010A,Anti-social behaviour,,
a5f7975f4f162171131bc19893cd8cf154c9e12ea05ef168fc0df69e1d229764,2026-07,Cumbria Constabulary,Cumbria Constabulary,-3.551983,54.629017,On or near Glenn Road,E01019108,Allerdale 010A,Burglary,Unable to prosecute suspect,
572e09b4682b01a071ac0fce02535bf23d17d17d7632cee3a3892e1b2dcacdab,2026-07,Cumbria Constabulary,Cumbria Constabulary,-3.551983,54.629017,On or near Glenn Road,E01019108,Allerdale 010A,Criminal damage and arson,Unable to prosecute suspect,
1797163c158aac33d24fba2cf1c6d9be4f7dfd635f7f71585851aec9ad0cc313,2026-07,Cumbria Constabulary,Cumbria Constabulary,-3.558531,54.625635,On or near Richmond Croft,E01019108,Allerdale 010A,Criminal damage and arson,Under investigation,
cb59bf530cbd80dee2528c73c32c6528142a7dacebcbd3dde008056c7d648bd6,2026-07,Cumbria Constabulary,Cumbria Constabulary,-3.557749,54.625852,On or near Richmond Road,E01019108,Allerdale 010A,Criminal damage and arson,Unable to prosecute suspect,
0ad6c87bfa2c1535b03947c741c4b3b047d60ee2112379720de7f62d2602f222,2026-07,Cumbria Constabulary,Cumbria Constabulary,-3.551983,54.629017,On or near Glenn Road,E01019108,Allerdale 010A,Criminal damage and arson,Unable to prosecute suspect,
ba1550ccbd2326159924863f364757d1eba0b259ae2e94a8b0a036bdd9cd47d6,2026-07,Cumbria Constabulary,Cumbria Constabulary,-3.558531,54.625635,On or near Richmond Croft,E01019108,Allerdale 010A,Criminal damage and arson,Under investigation,
a29cb4fdbfdc75b6bd2d97e0ee63bebb5a88c04a06898aee11c389caa928edb5,2026-07,Cumbria Constabulary,Cumbria Constabulary,-3.552514,54.630341,On or near Moorclose Croft,E01019108,Allerdale 010A,Other theft,Under investigation,
06bbd6dcf6a27b7c108348ba87a1a9ba60adba18aa13d277973a3589f2e2b47a,2026-07,Cumbria Constabulary,Cumbria Constabulary,-3.551983,54.629017,On or near Glenn Road,E01019108,Allerdale 010A,Shoplifting,Under investigation,
4c2d26ae76c96cedcc59aa70b616aadaaab14bd88effad44b637d03d3baa2a32,2026-07,Cumbria Constabulary,Cumbria Constabulary,-3.552514,54.630341,On or near Moorclose Croft,E01019108,Allerdale 010A,Violence and sexual offences,Unable to prosecute suspect,
d9a271e8c09683260bf604ee91fad4acecadde149693be179909942866e06b95,2026-07,Cumbria Constabulary,Cumbria Constabulary,-3.561876,54.626850,On or near Garth Road,E01019108,Allerdale 010A,Violence and sexual offences,Under investigation,
14d3cb18de0c882bfb40a379e859eb7a4f010468373a0aacbc006275269c9e9c,2026-07,Cumbria Constabulary,Cumbria Constabulary,-3.558220,54.627239,On or near Sarsfield Road,E01019108,Allerdale 010A,Violence and sexual offences,Under investigation,
31edb5402907b44e844920561e72eaddc74721107475a1582a0bdc8ccfa43236,2026-07,Cumbria Constabulary,Cumbria Constabulary,-3.551983,54.629017,On or near Glenn Road,E01019108,Allerdale 010A,Violence and sexual offences,Unable to prosecute suspect,
6fbb9b69802784625b06fadfcc2dd35ad403c5217b3adde94512aa968abb98cb,2026-07,Cumbria Constabulary,Cumbria Constabulary,-3.560334,54.625818,On or near Goodman Road,E01019108,Allerdale 010A,Violence and sexual offences,Under investigation,
68c5395e3e35e653de2791049c5c4a77fd6042ff9324d622e2ef21f3b6dca7a3,2026-07,Cumbria Constabulary,Cumbria Constabulary,-3.553517,54.633087,On or near Grasmere Avenue,E01019109,Allerdale 010B,Criminal damage and arson,Under investigation,
a9897a5c56e96da315c2973d07c84183a099e12ebfbd30db6a624ff2582696ba,2026-07,Cumbria Constabulary,Cumbria Constabulary,-3.553517,54.633087,On or near Grasmere Avenue,E01019109,Allerdale 010B,Criminal damage and arson,Under investigation,
456108fa2f6e1ecbec49c80394ec50bd19305d96f0ee847f9899b8eff460381f,2026-07,Cumbria Constabulary,Cumbria Constabulary,-3.549424,54.629742,On or near Furness Road,E01019109,Allerdale 010B,Public order,Under investigation,
23653028b1c96c19ea1760805bf1acd4aae277efaa5b0ab2fa5bd4449bde1d90,2026-07,Cumbria Constabulary,Cumbria Constabulary,-3.553517,54.633087,On or near Grasmere Avenue,E01019109,Allerdale 010B,Violence and sexual offences,Unable to prosecute suspect,
f49a14956e6ef8173c2ed8272ca0f1a73c911891f74903c10c780eac25aa34b5,2026-07,Cumbria Constabulary,Cumbria Constabulary,-3.550706,54.633321,On or near Loweswater Avenue,E01019109,Allerdale 010B,Violence and sexual offences,Unable to prosecute suspect,
3d193c3ee556990df41e7123aea1fe02cdafb252b0261464a287b9e058c9ec9e,2026-07,Cumbria Constabulary,Cumbria Constabulary,-3.550706,54.633321,On or near Loweswater Avenue,E01019109,Allerdale 010B,Violence and sexual offences,Unable to prosecute suspect,
5bcc9067d8b2b302fa8202902f03ca0736d72eae08e75e7d729ab2bba2c9ebae,2026-07,Cumbria Constabulary,Cumbria Constabulary,-3.553517,54.633087,On or near Grasmere Avenue,E01019109,Allerdale 010B,Violence and sexual offences,Under investigation,
64d2c8dae2fe01b0546aed120c1a971918457cd87788f663edef1644ec8da9d2,2026-07,Cumbria Constabulary,Cumbria Constabulary,-3.549358,54.631280,On or near Calder Drive,E01019109,Allerdale 010B,Violence and sexual offences,Under investigation,
2b91960ca44a233053c248535a1ba3885461caf8ca0b6cae3145f256f01a4d57,2026-07,Cumbria Constabulary,Cumbria Constabulary,-3.547306,54.629050,On or near Lady Court,E01019109,Allerdale 010B,Violence and sexual offences,Under investigation,
3f0040d80b412996d051f7e30a20a911439303df2e27ac60b277025b66b04abe,2026-07,Cumbria Constabulary,Cumbria Constabulary,-3.552262,54.632267,On or near Eskdale Crescent,E01019109,Allerdale 010B,Violence and sexual offences,Under investigation,
1a8898120014692bc8ba114c7b31e493e5ed8fe31e9992297c2777e578c34bb6,2026-07,Cumbria Constabulary,Cumbria Constabulary,-3.545305,54.629804,On or near Bowness Court,E01019110,Allerdale 010C,Criminal damage and arson,Investigation complete; no suspect identified,
c51df9c66e2a40ce3e24b7af8797edcf599c0cdc23b639b78ee9c0ba73c5d8fc,2026-07,Cumbria Constabulary,Cumbria Constabulary,-3.542877,54.632783,On or near Hunday Court,E01019110,Allerdale 010C,Public order,Under investigation,
46af39313b1927a09ec293b0b3ef9456cfb8c127a0853144d99ffc3b0d8f3374,2026-07,Cumbria Constabulary,Cumbria Constabulary,-3.547403,54.630340,On or near Sports/Recreation Area,E01019110,Allerdale 010C,Public order,Under investigation,
85d2107a55693c01af77f3cdc648698d8938f3de4a681db56cd25e806858d423,2026-07,Cumbria Constabulary,Cumbria Constabulary,-3.545305,54.629804,On or near Bowness Court,E01019110,Allerdale 010C,Public order,Unable to prosecute suspect,
493fcc4a91046ef2b0698396ed4465d70df916e9d6672b12b50385950449d7a0,2026-07,Cumbria Constabulary,Cumbria Constabulary,-3.547403,54.630340,On or near Sports/Recreation Area,E01019110,Allerdale 010C,Public order,Under investigation,
1fb20acab33ad450dd6e7261e432688dabfe34ea669ed032ae8eb77c7616c3f1,2026-07,Cumbria Constabulary,Cumbria Constabulary,-3.545305,54.629804,On or near Bowness Court,E01019110,Allerdale 010C,Public order,Unable to prosecute suspect,
c12f7ccdf93bfd2b99731663675966a4d2d3fe3cd74fcd7cb2f458ce64826478,2026-07,Cumbria Constabulary,Cumbria Constabulary,-3.541122,54.633075,On or near Charles Close,E01019110,Allerdale 010C,Public order,Under investigation,
9386eeecb567ed1de2cb7b9b64d1083bad8d48590a350cee029d581118b3b271,2026-07,Cumbria Constabulary,Cumbria Constabulary,-3.546526,54.632574,On or near Coniston Drive,E01019110,Allerdale 010C,Vehicle crime,Investigation complete; no suspect identified,
ab3360eae999e699464032e8852f6b78311a3fb9a5de96a635d553d1a4bb331d,2026-07,Cumbria Constabulary,Cumbria Constabulary,-3.547602,54.631950,On or near Coniston Close,E01019110,Allerdale 010C,Violence and sexual offences,Unable to prosecute suspect,
1482d1d4ccc72c6eb2df6d6a6ba56a78364e450c6503868a8f980fa128c9652f,2026-07,Cumbria Constabulary,Cumbria Constabulary,-3.546526,54.632574,On or near Coniston Drive,E01019110,Allerdale 010C,Violence and sexual offences,Under investigation,
e0910e42099c4af8609be13863ee6a8ab22c44be0fcd11e36e335fb847382a92,2026-07,Cumbria Constabulary,Cumbria Constabulary,-3.547403,54.630340,On or near Sports/Recreation Area,E01019110,Allerdale 010C,Violence and sexual offences,Unable to prosecute suspect,
8a672a182e0c004f55c73880996f24e4c7dc07ab19b4cc5b5801a1121ab7311e,2026-07,Cumbria Constabulary,Cumbria Constabulary,-3.547602,54.631950,On or near Coniston Close,E01019110,Allerdale 010C,Violence and sexual offences,Unable to prosecute suspect,
22928ec697f73ec8a7903ca825f89abdff1c7305fbff95ca538ca3749eb93b24,2026-07,Cumbria Constabulary,Cumbria Constabulary,-3.547602,54.631950,On or near Coniston Close,E01019110,Allerdale 010C,Violence and sexual offences,Under investigation,
ffa4f79b53db66af69cdd6e2b789780b217717afaed793496a8058b837dad536,2026-07,Cumbria Constabulary,Cumbria Constabulary,-3.544129,54.634331,On or near Mosedale Road,E01019110,Allerdale 010C,Violence and sexual offences,Awaiting court outcome,
b462c45106852bb9a783d48e3274339c688aa3b151b50360eca295f260c53f47,2026-07,Cumbria Constabulary,Cumbria Constabulary,-3.540502,54.632660,On or near Alexander Close,E01019110,Allerdale 010C,Other crime,Under investigation,
c0a5715422d9f9260467fe2bc775bb4210c52244791e8de754536c22ec49724f,2026-07,Cumbria Constabulary,Cumbria Constabulary,-3.546486,54.635604,On or near Ennerdale Avenue,E01019117,Allerdale 010D,Drugs,Awaiting court outcome,
e2cf6af3fd2ba9cd9d7052397c1e89dea175a18bff195cb968c65d7cbbf4c2ac,2026-07,Cumbria Constabulary,Cumbria Constabulary,-3.551650,54.636958,On or near Barnsdale Road,E01019117,Allerdale 010D,Other theft,Under investigation,
fb73aaff0c07f157721e2e7f6964721f27e5e734b6d258bce5240df4b6d7e402,2026-07,Cumbria Constabulary,Cumbria Constabulary,-3.544100,54.637261,On or near Eldred Road,E01019117,Allerdale 010D,Public order,Offender given a caution,
b05779f75366a88552ca45fde079561300e09aab2ddb4df9bfd5612a4bf56ff5,2026-07,Cumbria Constabulary,Cumbria Constabulary,-3.548510,54.638715,On or near New Grove,E01019117,Allerdale 010D,Public order,Under investigation,
62024a7927e3de3d69190b02880df13a0d538ceffd5953fbd9c497c6a90eaa70,2026-07,Cumbria Constabulary,Cumbria Constabulary,-3.548510,54.638715,On or near New Grove,E01019117,Allerdale 010D,Public order,Under investigation,
e3065d671842c25fce93e4224b39f728af2b2adb642fad59f5377a0667cffefe,2026-07,Cumbria Constabulary,Cumbria Constabulary,-3.543531,54.634500,On or near Scawfell Avenue,E01019117,Allerdale 010D,Violence and sexual offences,Under investigation,
598a211a16bf2fa80c1f8082d87a01486c822124e345fcd0d391a0d7e78651b4,2026-07,Cumbria Constabulary,Cumbria Constabulary,-3.548727,54.635872,On or near Whinlatter Gardens,E01019117,Allerdale 010D,Violence and sexual offences,Under investigation,
9ce757775e21b43012db35e522119a0051d175b4130bc457f486d5137b4a51cd,2026-07,Cumbria Constabulary,Cumbria Constabulary,-3.546486,54.635604,On or near Ennerdale Avenue,E01019117,Allerdale 010D,Violence and sexual offences,Awaiting court outcome,
83adb90a7c4ac5be3b692d1bdd6da63c174acd2dabdb9638a53c7d080ec15352,2026-07,Cumbria Constabulary,Cumbria Constabulary,-3.543531,54.634500,On or near Scawfell Avenue,E01019117,Allerdale 010D,Violence and sexual offences,Under investigation,
34bd2c7fc762566a184696dd0138280cb70d557f111ad6d72fed7c76c2fb777d,2026-07,Cumbria Constabulary,Cumbria Constabulary,-3.551815,54.635599,On or near Honister Drive,E01019117,Allerdale 010D,Violence and sexual offences,Under investigation,
a917ebda11233faa65be7f1ab81971cbbfa8b4531d219dbf2c8035bf79806154,2026-07,Cumbria Constabulary,Cumbria Constabulary,-3.546486,54.635604,On or near Ennerdale Avenue,E01019117,Allerdale 010D,Violence and sexual offences,Under investigation,
d0e49c0b6fef551d05013b2d6db3c64446a148fcea8f980e9d3e6e64a0f8cf1b,2026-07,Cumbria Constabulary,Cumbria Constabulary,-3.546486,54.635604,On or near Ennerdale Avenue,E01019117,Allerdale 010D,Violence and sexual offences,Under investigation,
44df25ce17b477ba415a0cc2e7e12ecd70bf6d4a65ba3bc9c28f30e136e93fb5,2026-07,Cumbria Constabulary,Cumbria Constabulary,-3.541467,54.635218,On or near Lorton Avenue,E01019117,Allerdale 010D,Violence and sexual offences,Unable to prosecute suspect,
9236f40f52d869dd3d0883656df3ea8a0a676159af211b8c9386171c2d0f8593,2026-07,Cumbria Constabulary,Cumbria Constabulary,-3.550505,54.636586,On or near Millrigg Street,E01019117,Allerdale 010D,Violence and sexual offences,Unable to prosecute suspect,
840597fa988376d4964ee37d1b8a5420c8e93b82c2f13840f13906871bd97b43,2026-07,Cumbria Constabulary,Cumbria Constabulary,-3.548510,54.638715,On or near New Grove,E01019117,Allerdale 010D,Violence and sexual offences,Under investigation,
b3b49ef4113f0f278018222c4bff4c7ec28879bd10efa767b7d4049c74fe4624,2026-07,Cumbria Constabulary,Cumbria Constabulary,-3.539353,54.635866,On or near Clifton Court,E01019119,Allerdale 010E,Violence and sexual offences,Under investigation,
7773fe4ef20620dbfe7d580657120ebb55935644c81311b9cf11d25e30ecea97,2026-07,Cumbria Constabulary,Cumbria Constabulary,-3.536782,54.633849,On or near Ruskin Drive,E01019119,Allerdale 010E,Violence and sexual offences,Under investigation,
2e6936ef51f811a1b1f45489daddad493527f5228d36f530abda6ceac925c538,2026-07,Cumbria Constabulary,Cumbria Constabulary,-3.538687,54.637519,On or near Newlands Park,E01019119,Allerdale 010E,Violence and sexual offences,Unable to prosecute suspect,
,2026-07,Cumbria Constabulary,Cumbria Constabulary,-3.486710,54.652575,On or near The Gavels,E01019089,Allerdale 011A,Anti-social behaviour,,
1536aeb022a12950c4bf0784d279f31096052ef25ddebb3ee7bcca0023f22d77,2026-07,Cumbria Constabulary,Cumbria Constabulary,-3.465917,54.644219,On or near Lostrigg Close,E01019089,Allerdale 011A,Public order,Under investigation,
3a904e98aa1be038ea39598028e6b0c0df4d5b78ecc1d30d0e0f5163e50a661a,2026-07,Cumbria Constabulary,Cumbria Constabulary,-3.465917,54.644219,On or near Lostrigg Close,E01019089,Allerdale 011A,Public order,Under investigation,
87443bad949b9a1a5e4c43948f5ca9c8713b598c9f01108041acfb1d8c5cccee,2026-07,Cumbria Constabulary,Cumbria Constabulary,-3.494767,54.652917,On or near Green Garth,E01019089,Allerdale 011A,Public order,Offender given a caution,
d5c98a6615d4461ee92a4ff16bd7ed8ab5ce13daeac106d399a0b51ac610af57,2026-07,Cumbria Constabulary,Cumbria Constabulary,-3.487815,54.652283,On or near Middlegate,E01019089,Allerdale 011A,Vehicle crime,Under investigation,
70d245b800ed8281079babcd09c8560fdb33810ac2f3c7587555cc0d7bf37de9,2026-07,Cumbria Constabulary,Cumbria Constabulary,-3.494767,54.652917,On or near Green Garth,E01019089,Allerdale 011A,Violence and sexual offences,Under investigation,
b4f321523df3d4aa7d7e062cc214b88af182f1e46f02490e12ab1128a47e9a4f,2026-07,Cumbria Constabulary,Cumbria Constabulary,-3.489729,54.651640,On or near Gatehead,E01019089,Allerdale 011A,Violence and sexual offences,Under investigation,
4bb6c55a870b6dafa95ec19a32c8e26882e22f95ba781a9dafda3f148e54b804,2026-07,Cumbria Constabulary,Cumbria Constabulary,-3.494767,54.652917,On or near Green Garth,E01019089,Allerdale 011A,Violence and sexual offences,Under investigation,
ca76e6e20346f012b653c78d451ea49e75514d6093fde7abc59917f8c1f52cd5,2026-07,Cumbria Constabulary,Cumbria Constabulary,-3.486710,54.652575,On or near The Gavels,E01019089,Allerdale 011A,Violence and sexual offences,Under investigation,
2a9d4a02990452a5b7966b99ce6a011c84f35080bcc0f734d39bcece28f930c1,2026-07,Cumbria Constabulary,Cumbria Constabulary,-3.487727,54.653677,On or near Hunter Bank,E01019089,Allerdale 011A,Violence and sexual offences,Under investigation,
fb93b6e6f336d6c88a45914ca1a680b9ff712a1e659d2ce46dd45baf7b7c17ce,2026-07,Cumbria Constabulary,Cumbria Constabulary,-3.487727,54.653677,On or near Hunter Bank,E01019089,Allerdale 011A,Violence and sexual offences,Under investigation,
399d9a34cb0932a576ba288e8bc1bc11379aeec45a3fd0a3ccfce0c6027d321d,2026-07,Cumbria Constabulary,Cumbria Constabulary,-3.486710,54.652575,On or near The Gavels,E01019089,Allerdale 011A,Violence and sexual offences,Under investigation,
1384bd19627299ba471df26740ab9b200cd000ee729d63ce6e3cb3b940743d1a,2026-07,Cumbria Constabulary,Cumbria Constabulary,-3.494767,54.652917,On or near Green Garth,E01019089,Allerdale 011A,Violence and sexual offences,Under investigation,
8dd37b2e2e88b423409fbe50cc7999232671354887eec8fc9a81d9c41cfd2027,2026-07,Cumbria Constabulary,Cumbria Constabulary,-3.489184,54.654100,On or near Rosemary Lane,E01019089,Allerdale 011A,Violence and sexual offences,Under investigation,
9dcec4265de6b12661a6d7e11f66638936876073a2069bceacdc4752111d229a,2026-07,Cumbria Constabulary,Cumbria Constabulary,-3.486710,54.652575,On or near The Gavels,E01019089,Allerdale 011A,Violence and sexual offences,Under investigation,
335e952d2ddd572d5aca8250ffb60fe6395a44a3652d2a5c3ba948e2b8c3d865,2026-07,Cumbria Constabulary,Cumbria Constabulary,-3.486710,54.652575,On or near The Gavels,E01019089,Allerdale 011A,Other crime,Under investigation,
40674d924a1fbd10c42e56b01ec3c1654aa1b1965e5aed3f6bd44450646e9e20,2026-07,Cumbria Constabulary,Cumbria Constabulary,-3.563047,54.614548,On or near Church Road,E01019100,Allerdale 011B,Criminal damage and arson,Unable to prosecute suspect,
e9a35d78212c37ec851bf63f44266d1a3bb083641274a681437b6c74623491d6,2026-07,Cumbria Constabulary,Cumbria Constabulary,-3.549634,54.615314,On or near Northfield Avenue,E01019100,Allerdale 011B,Criminal damage and arson,Under investigation,
6d8c38540c0f18f9945bbf59e156620ce6c4357b2b7f939fced6190edd5382b2,2026-07,Cumbria Constabulary,Cumbria Constabulary,-3.565623,54.613491,On or near Harrington,E01019100,Allerdale 011B,Criminal damage and arson,Under investigation,
265f4144ced5282193d5a28a58e659c00131c45b6760ce607bee446e8d1ea37c,2026-07,Cumbria Constabulary,Cumbria Constabulary,-3.541800,54.614560,On or near Harringdale Road,E01019100,Allerdale 011B,Other theft,Under investigation,
452efa685ce70db8733fc098079ef436753f2ad698fbe8d3c90d53c1dfff65a5,2026-07,Cumbria Constabulary,Cumbria Constabulary,-3.559192,54.616611,On or near Rectory Close,E01019100,Allerdale 011B,Other theft,Investigation complete; no suspect identified,
0fd936b778703edce77c8acf01058b3ed50d904a0f6cf602e71ac6247beb214c,2026-07,Cumbria Constabulary,Cumbria Constabulary,-3.554726,54.614422,On or near Dene Avenue,E01019100,Allerdale 011B,Other theft,Investigation complete; no suspect identified,
74439d17a91b012d295da1e14838890f49356d6ce5abaad01ddf3b96b7c1fe4d,2026-07,Cumbria Constabulary,Cumbria Constabulary,-3.559192,54.616611,On or near Rectory Close,E01019100,Allerdale 011B,Other theft,Investigation complete; no suspect identified,
504d94030b146fac97b818875fabadbd8e55ebaf5668fcbfdde9e01b78e539c3,2026-07,Cumbria Constabulary,Cumbria Constabulary,-3.559192,54.616611,On or near Rectory Close,E01019100,Allerdale 011B,Vehicle crime,Investigation complete; no suspect identified,
491a5637d945a46759963ecd9e089253b4dd0e0e477802724af670fef5b43998,2026-07,Cumbria Constabulary,Cumbria Constabulary,-3.557835,54.617159,On or near Beckstone Close,E01019100,Allerdale 011B,Violence and sexual offences,Under investigation,
17fbbcd180337a1581aee20d38d838f646e28f7d7bd61be3acd8212204b3e510,2026-07,Cumbria Constabulary,Cumbria Constabulary,-3.552470,54.615377,On or near The Meadows,E01019100,Allerdale 011B,Violence and sexual offences,Under investigation,
49208f73aa3c4bd64d16890fc4a899711747101d1ab2543f18205837b99be2e0,2026-07,Cumbria Constabulary,Cumbria Constabulary,-3.545259,54.612656,On or near Whins Close,E01019100,Allerdale 011B,Violence and sexual offences,Under investigation,
ebeb9ff647b1a1feabb8cf79ad8604762f8040be2c4e47a6f1cd069b569d6322,2026-07,Cumbria Constabulary,Cumbria Constabulary,-3.541800,54.614560,On or near Harringdale Road,E01019100,Allerdale 011B,Other crime,Under investigation,
0d8d3b0016eb2f2588c388941eef002a5641605e1d1269ac7cf4aff12d467a77,2026-07,Cumbria Constabulary,Cumbria Constabulary,-3.514669,54.611649,On or near Joseph Noble Road,E01019101,Allerdale 011C,Other theft,Under investigation,
124bba4000024ae9ea1eff4af1b93c909c734cf54c48bedfd1b90db4eae18a79,2026-07,Cumbria Constabulary,Cumbria Constabulary,-3.530548,54.603999,On or near Winscales Avenue,E01019101,Allerdale 011C,Vehicle crime,Unable to prosecute suspect,
89343b13950afdc7e9ed5fc2b369e7d84f63ca7db53b7da912b7e189993d1c57,2026-07,Cumbria Constabulary,Cumbria Constabulary,-3.530548,54.603999,On or near Winscales Avenue,E01019101,Allerdale 011C,Vehicle crime,Unable to prosecute suspect,
ba977a3edd873a9f4c014daccbe6472daa0939f9aef6fcc79fe2808f854bb52c,2026-07,Cumbria Constabulary,Cumbria Constabulary,-3.530548,54.603999,On or near Winscales Avenue,E01019101,Allerdale 011C,Violence and sexual offences,Under investigation,
96c1c38c45269cead32be8176b8d29d65978581be7e25a3f2b6849e43e187847,2026-07,Cumbria Constabulary,Cumbria Constabulary,-3.519170,54.643490,On or near Oak Drive,E01019129,Allerdale 011D,Other crime,Under investigation,
,2026-07,Cumbria Constabulary,Cumbria Constabulary,-3.244783,54.548197,On or near Parking Area,E01019092,Allerdale 012A,Anti-social behaviour,,
35e36990ce2ad8aa34c5dd86d6eee946b23baca7faad538a81e75df67b543047,2026-07,Cumbria Constabulary,Cumbria Constabulary,-3.148447,54.523620,On or near Parking Area,E01019092,Allerdale 012A,Burglary,Under investigation,
252338aa4e80fd1fd3ee315943dfc43181965de065396b0a61fa3028e983f47d,2026-07,Cumbria Constabulary,Cumbria Constabulary,-3.168442,54.513965,On or near Honister Pass,E01019092,Allerdale 012A,Violence and sexual offences,Under investigation,
91673bcdbf5edc2b7614ade0c7a1f1c0157e7440c254f188b05394e3cf72957b,2026-07,Cumbria Constabulary,Cumbria Constabulary,-3.155539,54.595245,On or near Ferry Terminal,E01019092,Allerdale 012A,Violence and sexual offences,Under investigation,
73ff587ebd58553bda317ced8367bf367ec0229133464f5d69b903d26d7b4878,2026-07,Cumbria Constabulary,Cumbria Constabulary,-3.190523,54.601772,On or near Croft Terrace,E01019092,Allerdale 012A,Violence and sexual offences,Investigation complete; no suspect identified,
e35207fb06fb9a7006970c339538d96b5baa6c4855d030234b6d10d998d67c7d,2026-07,Cumbria Constabulary,Cumbria Constabulary,-3.187359,54.606011,On or near Sports/Recreation Area,E01019092,Allerdale 012A,Violence and sexual offences,Under investigation,
9e9f8da5493b5a1e243a533f1d278df5b318101951fa46ec81d6bcd3d04239c0,2026-07,Cumbria Constabulary,Cumbria Constabulary,-3.167001,54.608535,On or near How Lane,E01019092,Allerdale 012A,Other crime,Under investigation,
a42fb9e4eda3ec98b19068c0bc8b3185ee88991b4dc8cdac5fb8befcc136abaf,2026-07,Cumbria Constabulary,Cumbria Constabulary,-3.140001,54.606584,On or near Hospital,E01019104,Allerdale 012C,Criminal damage and arson,Investigation complete; no suspect identified,
cf031cbaebe4fe569e839ab77620a2f4b64b42641a9efbb0492dc9a96a107c02,2026-07,Cumbria Constabulary,Cumbria Constabulary,-3.141481,54.603980,On or near Carding Mill Lane,E01019104,Allerdale 012C,Criminal damage and arson,Under investigation,
71d5f8a1cff1459c412c0a128ca165100a45ece334c73251629bdef7f33d48a8,2026-07,Cumbria Constabulary,Cumbria Constabulary,-3.137426,54.600099,On or near Poplar Street,E01019104,Allerdale 012C,Public order,Unable to prosecute suspect,
090027d61266458781c2779c069ef2be8968275c2093c58df150bd14e71f85c2,2026-07,Cumbria Constabulary,Cumbria Constabulary,-3.145288,54.605004,On or near High Hill,E01019104,Allerdale 012C,Public order,Unable to prosecute suspect,
90c53d3640f15ac3511c830b669c1b0b93665213eae34d0cb7a6ffae68d4969e,2026-07,Cumbria Constabulary,Cumbria Constabulary,-3.136332,54.598069,On or near Vendace Court,E01019104,Allerdale 012C,Violence and sexual offences,Under investigation,
63af51b4b096f5483a7c84ccf45d01cd04b73ad823a7d0d2719f8bd71af22bc5,2026-07,Cumbria Constabulary,Cumbria Constabulary,-3.136332,54.598069,On or near Vendace Court,E01019104,Allerdale 012C,Violence and sexual offences,Under investigation,
52fa142671302178087018258d4fce2414301857dd6ec48d8c926fb493cbaffc,2026-07,Cumbria Constabulary,Cumbria Constabulary,-3.138392,54.602571,On or near Stanger Street,E01019104,Allerdale 012C,Violence and sexual offences,Under investigation,
b8472362db4e440ad035592171a517be4a7ec8718a90c540698dcd5dedd822f2,2026-07,Cumbria Constabulary,Cumbria Constabulary,-3.136332,54.598069,On or near Vendace Court,E01019104,Allerdale 012C,Violence and sexual offences,Under investigation,
521a0549e9d6b86f448132a2b87d5447729b9307ad67b6c6344853c684b8dfcc,2026-07,Cumbria Constabulary,Cumbria Constabulary,-3.139704,54.602990,On or near Coleridge Court,E01019104,Allerdale 012C,Violence and sexual offences,Unable to prosecute suspect,
64d335233d24f849837af52bfe1e71e0c3575dec6503d1bfbf62110b08a0e868,2026-07,Cumbria Constabulary,Cumbria Constabulary,-3.092052,54.610978,On or near Parking Area,E01019106,Allerdale 012E,Public order,Investigation complete; no suspect identified,
,2026-07,Cumbria Constabulary,Cumbria Constabulary,-3.129131,54.600743,On or near Skiddaw Street,E01034068,Allerdale 012F,Anti-social behaviour,,
bf679509e09279bc47043274015d0aca6cd8b2af38c08ffc26db3cbe61db09bb,2026-07,Cumbria Constabulary,Cumbria Constabulary,-3.129131,54.600743,On or near Skiddaw Street,E01034068,Allerdale 012F,Criminal damage and arson,Investigation complete; no suspect identified,
68e941aa37e6cf7459362881a16909cde18c0491bfa68e2a2aa11001712cf43e,2026-07,Cumbria Constabulary,Cumbria Constabulary,-3.134904,54.601273,On or near Victoria Street,E01034068,Allerdale 012F,Other theft,Under investigation,
745496515016d1e781c8da1dd9e02d0d1d47b0f5ec4cd9d531a31d3db19d9a58,2026-07,Cumbria Constabulary,Cumbria Constabulary,-3.129131,54.600743,On or near Skiddaw Street,E01034068,Allerdale 012F,Possession of weapons,Under investigation,
0bfb9909fae96e2255cd4e6776e08307b1eb254102a324806bda677f40d7f659,2026-07,Cumbria Constabulary,Cumbria Constabulary,-3.129131,54.600743,On or near Skiddaw Street,E01034068,Allerdale 012F,Possession of weapons,Unable to prosecute suspect,
1982763e486ab27672e03228a3fc35a6c6e032d06f623130b534bf4477f8e973,2026-07,Cumbria Constabulary,Cumbria Constabulary,-3.133386,54.604577,On or near Station Avenue,E01034068,Allerdale 012F,Public order,Unable to prosecute suspect,
0500a86262b3586a0bceb4e3dd259c18aa453130a8d96c86e3f035e092125321,2026-07,Cumbria Constabulary,Cumbria Constabulary,-3.133386,54.604577,On or near Station Avenue,E01034068,Allerdale 012F,Public order,Unable to prosecute suspect,
8e86ca7c14f25cb444b4fafb8c81376040aca8674423e5f5ab345bb50ae723b1,2026-07,Cumbria Constabulary,Cumbria Constabulary,-3.137574,54.600970,On or near Shopping Area,E01034068,Allerdale 012F,Shoplifting,Investigation complete; no suspect identified,
92d7de55692345187a809edd968919c87a81e39523f262227afa23a7487e6cdf,2026-07,Cumbria Constabulary,Cumbria Constabulary,-3.136657,54.601419,On or near Bell Close,E01034068,Allerdale 012F,Shoplifting,Under investigation,
798edec318a6851e57054fe7b79729937c2a8e36593308105ff4b0487a0475ca,2026-07,Cumbria Constabulary,Cumbria Constabulary,-3.136657,54.601419,On or near Bell Close,E01034068,Allerdale 012F,Shoplifting,Under investigation,
50ef9d8873088ded631e767c1a7b3dab535bcc08638ae5d9c060c153e4fc551d,2026-07,Cumbria Constabulary,Cumbria Constabulary,-3.139597,54.601903,On or near Main Street,E01034068,Allerdale 012F,Violence and sexual offences,Unable to prosecute suspect,
1413a1fbcb5a24480cd07bdf87fc30c2ea4e80f8f5206a8eddae11b3c06c09c7,2026-07,Cumbria Constabulary,Cumbria Constabulary,-3.117000,54.603768,On or near A591,E01034068,Allerdale 012F,Violence and sexual offences,Under investigation,
fa6742385735b786d4ed65aef87c708d6e6c1384becf28a01a68bf39c03661b3,2026-07,Cumbria Constabulary,Cumbria Constabulary,-3.130244,54.604058,On or near Parking Area,E01034068,Allerdale 012F,Violence and sexual offences,Unable to prosecute suspect,
fcd6439552cfd3cf44ebe00854543c1e51002f2e459a04ea2bd4c7d99e8c8bc4,2026-07,Cumbria Constabulary,Cumbria Constabulary,0.851037,51.063964,On or near Orlestone View,E01024037,Ashford 014D,Violence and sexual offences,Under investigation,
,2026-07,Cumbria Constabulary,Cumbria Constabulary,-3.226724,54.169982,On or near Parking Area,E01019144,Barrow-in-Furness 001A,Anti-social behaviour,,
ffcea6b18bcc9fbadca5600ad944445e24282c9506093bd79a9e2e862b3be12b,2026-07,Cumbria Constabulary,Cumbria Constabulary,-3.203549,54.186951,On or near Dalton Road,E01019144,Barrow-in-Furness 001A,Other theft,Under investigation,
bcd3caa5d84d0e5580e77913d53ce4fdd4102012f6bb06a3a96bc2a15ad98a3f,2026-07,Cumbria Constabulary,Cumbria Constabulary,-3.207302,54.186878,On or near John Street,E01019144,Barrow-in-Furness 001A,Public order,Under investigation,
b01e917d4b64ee69eac0048ea8569f362a2787c00e42eb23393291b2cfcb3eed,2026-07,Cumbria Constabulary,Cumbria Constabulary,-3.204832,54.186246,On or near Blea Beck,E01019144,Barrow-in-Furness 001A,Violence and sexual offences,Unable to prosecute suspect,
3999b9bd52da03f741fad171f5594309718460daceff112af851a0b26be55e14,2026-07,Cumbria Constabulary,Cumbria Constabulary,-3.204832,54.186246,On or near Blea Beck,E01019144,Barrow-in-Furness 001A,Violence and sexual offences,Unable to prosecute suspect,
6cc2f252c9b6cfa17a56311ab72e241dca8d7c45cdc5d073b42c99fa7a35d486,2026-07,Cumbria Constabulary,Cumbria Constabulary,-3.217577,54.163154,On or near Hawthwaite Lane,E01019144,Barrow-in-Furness 001A,Violence and sexual offences,Unable to prosecute suspect,
00227bde4a5f66f286de9bb651eaf2e841143c4a8bdc0d219e5efd383ec85d6f,2026-07,Cumbria Constabulary,Cumbria Constabulary,-3.207302,54.186878,On or near John Street,E01019144,Barrow-in-Furness 001A,Violence and sexual offences,Under investigation,
e584df8e01aeead1401688199fae8702adf8f12db874a8810899ea729de74150,2026-07,Cumbria Constabulary,Cumbria Constabulary,-3.205398,54.187292,On or near Park Avenue,E01019144,Barrow-in-Furness 001A,Violence and sexual offences,Under investigation,
6aaf6f74a498b40798614150044985bcdb339b4c5fc87257662cf5348a0690f4,2026-07,Cumbria Constabulary,Cumbria Constabulary,-3.204724,54.188854,On or near Parking Area,E01019145,Barrow-in-Furness 001B,Vehicle crime,Investigation complete; no suspect identified,
e9cafb40e7aba72fcc57567df7a2e0e22ef8e7bb2b542e1c3e7250e0f25aa22f,2026-07,Cumbria Constabulary,Cumbria Constabulary,-3.213532,54.183499,On or near Avocet Crescent,E01019145,Barrow-in-Furness 001B,Violence and sexual offences,Under investigation,
2bde8bc5f455435d19ae68219bd48da92ce69d051702b13ed3ea510f1462203d,2026-07,Cumbria Constabulary,Cumbria Constabulary,-3.210399,54.185894,On or near Steel Street,E01019145,Barrow-in-Furness 001B,Violence and sexual offences,Under investigation,
7eddb106324aa51de9821f140194a46608572830a436a896d7377cba1c7b2e18,2026-07,Cumbria Constabulary,Cumbria Constabulary,-3.213532,54.183499,On or near Avocet Crescent,E01019145,Barrow-in-Furness 001B,Violence and sexual offences,Under investigation,
,2026-07,Cumbria Constabulary,Cumbria Constabulary,-3.185703,54.156668,On or near King'S Drive,E01019146,Barrow-in-Furness 001C,Anti-social behaviour,,
e22ce5957585f8674c4886f23d3c0c4d9cabd4744131e447f619bca171f01119,2026-07,Cumbria Constabulary,Cumbria Constabulary,-3.147646,54.172622,On or near Anchor Gardens,E01019146,Barrow-in-Furness 001C,Public order,Unable to prosecute suspect,
a018698c29e8f7e90ff25b5bf4809cd2e2a1a2442f33e287cc03243a47dd20d3,2026-07,Cumbria Constabulary,Cumbria Constabulary,-3.150371,54.173108,On or near The Green,E01019146,Barrow-in-Furness 001C,Public order,Unable to prosecute suspect,
038bb34cd5fec742fe668031e3907011fc4931763393558239991369ebe40fbb,2026-07,Cumbria Constabulary,Cumbria Constabulary,-3.172699,54.165792,On or near Broughton Road,E01019146,Barrow-in-Furness 001C,Violence and sexual offences,Under investigation,
878e3de29554307adb7076977bf76ac583eb21b503fca2a1d06b72aca4dfffac,2026-07,Cumbria Constabulary,Cumbria Constabulary,-3.146274,54.172338,On or near Railway Terrace,E01019146,Barrow-in-Furness 001C,Violence and sexual offences,Under investigation,
5df03bdfa210360c5774e2dab6c28d60da33be439b691be68ea286caf95f7aaf,2026-07,Cumbria Constabulary,Cumbria Constabulary,-3.179520,54.160027,On or near Cobden Street,E01019146,Barrow-in-Furness 001C,Violence and sexual offences,Under investigation,
3e38384a666d07087241103c24518afca43e404fef19c7cf07981bc1193f6f79,2026-07,Cumbria Constabulary,Cumbria Constabulary,-3.146511,54.173136,On or near Ulverston Road,E01019146,Barrow-in-Furness 001C,Violence and sexual offences,Under investigation,
7dafbfa92a346a78c03402a31a537abeaae9f48fbcf1b13606fd48b863f9f040,2026-07,Cumbria Constabulary,Cumbria Constabulary,-3.176209,54.179923,On or near Rakes Lane,E01019146,Barrow-in-Furness 001C,Other crime,Unable to prosecute suspect,
,2026-07,Cumbria Constabulary,Cumbria Constabulary,-3.183344,54.157734,On or near Rawlinson Street,E01019147,Barrow-in-Furness 001D,Anti-social behaviour,,
,2026-07,Cumbria Constabulary,Cumbria Constabulary,-3.182058,54.157189,On or near Nelson Street,E01019147,Barrow-in-Furness 001D,Anti-social behaviour,,
681cb8a15a98dd574d98845df3fe461333719615bb78b227faefcd0dd8c08ece,2026-07,Cumbria Constabulary,Cumbria Constabulary,-3.177616,54.158806,On or near Devonshire Street,E01019147,Barrow-in-Furness 001D,Burglary,Under investigation,
905c33f9bb1ef8f840467e61732179c9a6ae89523c124ea3e5cd0add9af986e3,2026-07,Cumbria Constabulary,Cumbria Constabulary,-3.177312,54.159941,On or near Ashworth Street,E01019147,Barrow-in-Furness 001D,Other theft,Investigation complete; no suspect identified,
26b6d5f120bdbe63bd6ed12f4ed6a53b48181798798e6ea1c59310eb9a616324,2026-07,Cumbria Constabulary,Cumbria Constabulary,-3.182582,54.156780,On or near Wellington Street,E01019147,Barrow-in-Furness 001D,Other theft,Under investigation,
00e1e55ffd6dd775776e7d2ca130b36ce59724797608f5cc8a24cdd9d59a4849,2026-07,Cumbria Constabulary,Cumbria Constabulary,-3.178913,54.157562,On or near Cleater Street,E01019147,Barrow-in-Furness 001D,Possession of weapons,Under investigation,
10b6663974bf76ffb2f2f0d9672b924461982f3accb2492e18148c2d09ed13e6,2026-07,Cumbria Constabulary,Cumbria Constabulary,-3.183344,54.157734,On or near Rawlinson Street,E01019147,Barrow-in-Furness 001D,Public order,Under investigation,
73105a3e0f30f290c727a8fba4441b18360ecd3865682a37cb9d03cbc0d8147b,2026-07,Cumbria Constabulary,Cumbria Constabulary,-3.182582,54.156780,On or near Wellington Street,E01019147,Barrow-in-Furness 001D,Shoplifting,Under investigation,
778fe0c4eb293aed022e1146679a0479612d6a349a1c7cceb876e41e4bee7b80,2026-07,Cumbria Constabulary,Cumbria Constabulary,-3.178913,54.157562,On or near Cleater Street,E01019147,Barrow-in-Furness 001D,Violence and sexual offences,Under investigation,
2e2d88ef33882069a41cb67b9a3599e4765f368552d38df84a92a08e1aa950f7,2026-07,Cumbria Constabulary,Cumbria Constabulary,-3.177321,54.159177,On or near Porter Street,E01019147,Barrow-in-Furness 001D,Violence and sexual offences,Under investigation,
c5d378eb5cb7eaad6514aeb7d80b0c3a0804ccbce9251d6843fee6f2df6ed426,2026-07,Cumbria Constabulary,Cumbria Constabulary,-3.182582,54.156780,On or near Wellington Street,E01019147,Barrow-in-Furness 001D,Violence and sexual offences,Under investigation,
,2026-07,Cumbria Constabulary,Cumbria Constabulary,-3.181195,54.148425,On or near Langdale Crescent,E01019148,Barrow-in-Furness 002A,Anti-social behaviour,,
2ef29db4d538500e75d5dfda19b664c9ca8a1b152c290115cd4f2a02fd8d9152,2026-07,Cumbria Constabulary,Cumbria Constabulary,-3.189668,54.145421,On or near Billings Road,E01019148,Barrow-in-Furness 002A,Criminal damage and arson,Under investigation,
8efa9421108dafd69930dbca606bf509b892742cf1eccc10a340ce87504b5fb5,2026-07,Cumbria Constabulary,Cumbria Constabulary,-3.189668,54.145421,On or near Billings Road,E01019148,Barrow-in-Furness 002A,Criminal damage and arson,Awaiting court outcome,
32666d59de493fc5faa98b1393c0c2202c0988ecd66f06fdf47595554887cfd9,2026-07,Cumbria Constabulary,Cumbria Constabulary,-3.184206,54.148243,On or near Calder Drive,E01019148,Barrow-in-Furness 002A,Public order,Unable to prosecute suspect,
eab26a9d27de907f7c5f61320cea191afd19061315d5d5d5ebe75bf57b2ff56f,2026-07,Cumbria Constabulary,Cumbria Constabulary,-3.189668,54.145421,On or near Billings Road,E01019148,Barrow-in-Furness 002A,Violence and sexual offences,Under investigation,
c3450ff85b650097bc45f677c96745cddd8ad02ddd70f1775aabbbb5d7bbf10e,2026-07,Cumbria Constabulary,Cumbria Constabulary,-3.189668,54.145421,On or near Billings Road,E01019148,Barrow-in-Furness 002A,Violence and sexual offences,Under investigation,
254cd5ade7382166d291305f346478978b28ed8aec81d416088ee71f75a9cd96,2026-07,Cumbria Constabulary,Cumbria Constabulary,-3.189668,54.145421,On or near Billings Road,E01019148,Barrow-in-Furness 002A,Violence and sexual offences,Awaiting court outcome,
53c65b54c91c07f3016f0af2367f2a567aaad8fc54920afc8116075588742329,2026-07,Cumbria Constabulary,Cumbria Constabulary,-3.189668,54.145421,On or near Billings Road,E01019148,Barrow-in-Furness 002A,Violence and sexual offences,Under investigation,
4dc38c67e3e39263e0b66354f51fd37d6a9add7b37c85fa3aa38e270536ad0ba,2026-07,Cumbria Constabulary,Cumbria Constabulary,-3.189229,54.150953,On or near Abbey Road,E01019148,Barrow-in-Furness 002A,Violence and sexual offences,Under investigation,
fdab253a0c14f59dd3eff2e92cec4f577e9b1e3a95e4fed0176d10057a99ec42,2026-07,Cumbria Constabulary,Cumbria Constabulary,-3.184206,54.148243,On or near Calder Drive,E01019148,Barrow-in-Furness 002A,Violence and sexual offences,Unable to prosecute suspect,
9921ac0f8a98c0ca15dba231e987fe7e769fce64156767c48b4c705e63ad7511,2026-07,Cumbria Constabulary,Cumbria Constabulary,-3.189668,54.145421,On or near Billings Road,E01019148,Barrow-in-Furness 002A,Violence and sexual offences,Under investigation,
4067d9416899d1b767006101cffe9c21280ee15ad98a8cb62e11825696f8a12a,2026-07,Cumbria Constabulary,Cumbria Constabulary,-3.189668,54.145421,On or near Billings Road,E01019148,Barrow-in-Furness 002A,Violence and sexual offences,Under investigation,
7709890f47c10c0f6c0a727c7c2442162249706912e54d01e9af826bbcffc917,2026-07,Cumbria Constabulary,Cumbria Constabulary,-3.189668,54.145421,On or near Billings Road,E01019148,Barrow-in-Furness 002A,Violence and sexual offences,Under investigation,
a49bba73489b5ebe55b2b80de46d833e3c645dd57f44877e8ce4b3c7a653230f,2026-07,Cumbria Constabulary,Cumbria Constabulary,-3.189668,54.145421,On or near Billings Road,E01019148,Barrow-in-Furness 002A,Violence and sexual offences,Under investigation,
,2026-07,Cumbria Constabulary,Cumbria Constabulary,-3.182856,54.156010,On or near Supermarket,E01019149,Barrow-in-Furness 002B,Anti-social behaviour,,
,2026-07,Cumbria Constabulary,Cumbria Constabulary,-3.178881,54.154281,On or near Dalton,E01019149,Barrow-in-Furness 002B,Anti-social behaviour,,
,2026-07,Cumbria Constabulary,Cumbria Constabulary,-3.177061,54.158128,On or near Parking Area,E01019149,Barrow-in-Furness 002B,Anti-social behaviour,,
,2026-07,Cumbria Constabulary,Cumbria Constabulary,-3.180438,54.153556,On or near Juniper Close,E01019149,Barrow-in-Furness 002B,Anti-social behaviour,,
25558eeb54a87ae7e68e28a186fcd73059b3cf0d386cc65f16a6676aec96706f,2026-07,Cumbria Constabulary,Cumbria Constabulary,-3.182856,54.156010,On or near Supermarket,E01019149,Barrow-in-Furness 002B,Bicycle theft,Under investigation,
7c0b1e5d5701b366ab215c4562e2a33b5e23740f1eed5e6a9130f7122e4e4ba5,2026-07,Cumbria Constabulary,Cumbria Constabulary,-3.180383,54.154842,On or near Romney Road,E01019149,Barrow-in-Furness 002B,Other theft,Investigation complete; no suspect identified,
4b5f0b860b9b1ea0a592f216b0bfd14b8ae70a8fa0be02bcae97fa24065a9dda,2026-07,Cumbria Constabulary,Cumbria Constabulary,-3.179277,54.156893,On or near Slater Street,E01019149,Barrow-in-Furness 002B,Public order,Unable to prosecute suspect,
edc091ea51d78a514fed8bb6b7f0d629cdc7e23245e1021799c2b949764a4b30,2026-07,Cumbria Constabulary,Cumbria Constabulary,-3.181537,54.156116,On or near Garden Terrace,E01019149,Barrow-in-Furness 002B,Public order,Unable to prosecute suspect,
b5cf43103fc4dfc9d56750ed4ae8a126912c53e888d6ffb7a67217514a88d288,2026-07,Cumbria Constabulary,Cumbria Constabulary,-3.182856,54.156010,On or near Supermarket,E01019149,Barrow-in-Furness 002B,Shoplifting,Under investigation,
4486b30368da637b3f5977b89818d4b12163e3552eeafa08eb6a44d20f90581c,2026-07,Cumbria Constabulary,Cumbria Constabulary,-3.182856,54.156010,On or near Supermarket,E01019149,Barrow-in-Furness 002B,Shoplifting,Under investigation,
92e1721b51bc755d838017d74f78333fbd0a06de86ae6b00f88a0a1f53e5bc3b,2026-07,Cumbria Constabulary,Cumbria Constabulary,-3.182856,54.156010,On or near Supermarket,E01019149,Barrow-in-Furness 002B,Shoplifting,Under investigation,
ce3856445417b035d68b2ba5dbba238d3b5134e32f46abebc551f41e2909fb43,2026-07,Cumbria Constabulary,Cumbria Constabulary,-3.182856,54.156010,On or near Supermarket,E01019149,Barrow-in-Furness 002B,Shoplifting,Under investigation,
163b83ab3fb8378de80d28b6895c6ab849875dbdb885908bb1d602544e2aea0b,2026-07,Cumbria Constabulary,Cumbria Constabulary,-3.182856,54.156010,On or near Supermarket,E01019149,Barrow-in-Furness 002B,Shoplifting,Under investigation,
dd4f79bf17119017cc2836f4ceb0526db17055ab861cb6c5bfe15c14057d2fba,2026-07,Cumbria Constabulary,Cumbria Constabulary,-3.182856,54.156010,On or near Supermarket,E01019149,Barrow-in-Furness 002B,Shoplifting,Under investigation,
504edfca6c73c07bb67e204463f127ddde280bfafb50fe9b2e342724d36d64bb,2026-07,Cumbria Constabulary,Cumbria Constabulary,-3.179277,54.156893,On or near Slater Street,E01019149,Barrow-in-Furness 002B,Violence and sexual offences,Unable to prosecute suspect,
0b50934c61f83e0b1073b2024b1b83f75c5b2060901ffea7bb2dda835502939d,2026-07,Cumbria Constabulary,Cumbria Constabulary,-3.182856,54.156010,On or near Supermarket,E01019149,Barrow-in-Furness 002B,Violence and sexual offences,Under investigation,
,2026-07,Cumbria Constabulary,Cumbria Constabulary,-3.176242,54.156231,On or near Nursery Gardens,E01019150,Barrow-in-Furness 002C,Anti-social behaviour,,
c82737d9a637cf627fe2565d7bbe6513d6afafc7bbab16e3f9dbc36a9805e6c8,2026-07,Cumbria Constabulary,Cumbria Constabulary,-3.177685,54.155830,On or near Beckside Road,E01019150,Barrow-in-Furness 002C,Criminal damage and arson,Investigation complete; no suspect identified,
3d34f816a2b286a4d0527d304d4fe3e19cc70383c2eeba577df733684cf32270,2026-07,Cumbria Constabulary,Cumbria Constabulary,-3.176260,54.156878,On or near Dale Terrace,E01019150,Barrow-in-Furness 002C,Criminal damage and arson,Investigation complete; no suspect identified,
9e3761437bb6fa382b549def34d024c400bfc7fc9acb4211a56e90464e979cc7,2026-07,Cumbria Constabulary,Cumbria Constabulary,-3.176242,54.156231,On or near Nursery Gardens,E01019150,Barrow-in-Furness 002C,Public order,Investigation complete; no suspect identified,
60018b3355115d2905dd5e22f8bcef65ec7fbe8f2617b727b62eaadf8105cfa8,2026-07,Cumbria Constabulary,Cumbria Constabulary,-3.172079,54.159039,On or near Crooklands Terrace,E01019150,Barrow-in-Furness 002C,Public order,Under investigation,
f371d666fad03ebcbb3d998cc352646d2ad860793415f9e59e53a405bc77461c,2026-07,Cumbria Constabulary,Cumbria Constabulary,-3.177225,54.156329,On or near Meadow Grove,E01019150,Barrow-in-Furness 002C,Shoplifting,Formal action is not in the public interest,
59eb7b6c0fd20e523c7b32c2420dbefdd2d2a522e5ec2baf3022d7750b26db54,2026-07,Cumbria Constabulary,Cumbria Constabulary,-3.174450,54.156624,On or near Sports/Recreation Area,E01019150,Barrow-in-Furness 002C,Violence and sexual offences,Under investigation,
fb5bbf776ac23de1936bd9741c4179bd147fa21245b73e82692ac41be9e7a143,2026-07,Cumbria Constabulary,Cumbria Constabulary,-3.176260,54.156878,On or near Dale Terrace,E01019150,Barrow-in-Furness 002C,Violence and sexual offences,Under investigation,
110323acbeb4b0b9c76b6d2fd3716abefadf299c7b57b7a1545bd4d06f1de2b7,2026-07,Cumbria Constabulary,Cumbria Constabulary,-3.172290,54.161060,On or near Briarcliffe Gardens,E01019150,Barrow-in-Furness 002C,Violence and sexual offences,Unable to prosecute suspect,
2b0282f65d435e398aba92fa3e11f2167639993dcd3b16843fc2dd1b56446a3c,2026-07,Cumbria Constabulary,Cumbria Constabulary,-3.172079,54.159039,On or near Crooklands Terrace,E01019150,Barrow-in-Furness 002C,Violence and sexual offences,Under investigation,
,2026-07,Cumbria Constabulary,Cumbria Constabulary,-3.175216,54.152457,On or near Brent Avenue,E01019151,Barrow-in-Furness 002D,Anti-social behaviour,,
,2026-07,Cumbria Constabulary,Cumbria Constabulary,-3.181075,54.151195,On or near Windermere Close,E01019151,Barrow-in-Furness 002D,Anti-social behaviour,,
c8ebb4f06f4efc614e1900c9ac1cb4ad14b661fa4b8a8ae17b5a24ce75003079,2026-07,Cumbria Constabulary,Cumbria Constabulary,-3.182348,54.150742,On or near Ruskin Avenue,E01019151,Barrow-in-Furness 002D,Possession of weapons,Unable to prosecute suspect,
76d48dbb3bb2b72c01c4fff911a155d0aa3fc3a55e41cf56706c1e63844f339a,2026-07,Cumbria Constabulary,Cumbria Constabulary,-3.179971,54.150604,On or near Coronation Drive,E01019151,Barrow-in-Furness 002D,Public order,Under investigation,
c9a1234f74afd7ac561727c66288821d8d5627e278199c1128ac422250f7f9ff,2026-07,Cumbria Constabulary,Cumbria Constabulary,-3.182348,54.150742,On or near Ruskin Avenue,E01019151,Barrow-in-Furness 002D,Violence and sexual offences,Under investigation,
0bd0ab797c45ef712cde643132914aae1188ecfaad6730b63b26e8621fa1c41a,2026-07,Cumbria Constabulary,Cumbria Constabulary,-3.182899,54.149631,On or near Coniston Avenue,E01019151,Barrow-in-Furness 002D,Violence and sexual offences,Under investigation,
8a9e8b5d7b390e4888bdc2ce2aedad741ea6d869f1e0e8d68d3e65a3f4d2a6d7,2026-07,Cumbria Constabulary,Cumbria Constabulary,-3.182348,54.150742,On or near Ruskin Avenue,E01019151,Barrow-in-Furness 002D,Violence and sexual offences,Awaiting court outcome,
66a838279031fe3028904e9e64f7f36ebf42aa80f0929967136cad5f5863e7e0,2026-07,Cumbria Constabulary,Cumbria Constabulary,-3.174695,54.153531,On or near Merlin Drive,E01019151,Barrow-in-Furness 002D,Other crime,Under investigation,
e0b76fe53eba0db3344f67c35810bbc5af21c5b6613cf19f1897ab1482a61ee7,2026-07,Cumbria Constabulary,Cumbria Constabulary,-3.214251,54.128538,On or near Lynter Court,E01019152,Barrow-in-Furness 003A,Public order,Under investigation,
5adca5a5c0776e8bbb1bdbeaac0fdd8ef359e953c4c5df1daa4f85d3b1bc996c,2026-07,Cumbria Constabulary,Cumbria Constabulary,-3.214251,54.128538,On or near Lynter Court,E01019152,Barrow-in-Furness 003A,Violence and sexual offences,Under investigation,
e5a51a402177863c2175bf278005031a7cf9f4fc9fc549d0d585d5da78588462,2026-07,Cumbria Constabulary,Cumbria Constabulary,-3.219768,54.129840,On or near Thorncliffe Road,E01019152,Barrow-in-Furness 003A,Violence and sexual offences,Unable to prosecute suspect,
0eceab3b7c073229b1743b9dfddf7ee2e1eb1628f49da9a62632cfce2da42b23,2026-07,Cumbria Constabulary,Cumbria Constabulary,-3.221723,54.135959,On or near Parking Area,E01019153,Barrow-in-Furness 003B,Public order,Under investigation,
f107c6c3bd6c9be8b141c2a70d9424a91a72822ea7cdfd95fafc32f3caec69a3,2026-07,Cumbria Constabulary,Cumbria Constabulary,-3.221058,54.137278,On or near Cross Lane,E01019153,Barrow-in-Furness 003B,Public order,Unable to prosecute suspect,
,2026-07,Cumbria Constabulary,Cumbria Constabulary,-3.200258,54.144210,On or near Breast Mill Beck Road,E01019154,Barrow-in-Furness 003C,Anti-social behaviour,,
5e407d544498af67eaa3cb79499d2b8a6114ecee409d8a8516d8e41e113cf97f,2026-07,Cumbria Constabulary,Cumbria Constabulary,-3.200258,54.144210,On or near Breast Mill Beck Road,E01019154,Barrow-in-Furness 003C,Other theft,Investigation complete; no suspect identified,
b10ab1fcacd66dc63252e2d7ffb91bae61fc8fde863efb7bea3fd878d4c15cad,2026-07,Cumbria Constabulary,Cumbria Constabulary,-3.203426,54.156312,On or near Thwaite Flat Road,E01019154,Barrow-in-Furness 003C,Violence and sexual offences,Awaiting court outcome,
a32ee2773621d3e8674051d6fb4b3ab74e9f4e4f849c6f2053c6af4b89314650,2026-07,Cumbria Constabulary,Cumbria Constabulary,-3.208796,54.139334,On or near Elterwater Crescent,E01019155,Barrow-in-Furness 003D,Criminal damage and arson,Unable to prosecute suspect,
b94a84bb6e12c23ea06f5436e7a2198888611ae176d0a0150ee0124a59b8239a,2026-07,Cumbria Constabulary,Cumbria Constabulary,-3.208921,54.138353,On or near Yewdale Avenue,E01019155,Barrow-in-Furness 003D,Drugs,Under investigation,
cbd789eadad426bb7ba55716b92cb8666ffa62e8970a7c2a49bce312091fc361,2026-07,Cumbria Constabulary,Cumbria Constabulary,-3.207899,54.136395,On or near Hospital,E01019155,Barrow-in-Furness 003D,Other theft,Under investigation,
360403d3baf608053ce29c64dbd7b0207308010adeaa8f07c6c5b1dfabfab019,2026-07,Cumbria Constabulary,Cumbria Constabulary,-3.207899,54.136395,On or near Hospital,E01019155,Barrow-in-Furness 003D,Other theft,Under investigation,
272d0c3ac22eac860d3f07a6bc25349cdbe3efd0bc58dc7e432c13b4ae39832d,2026-07,Cumbria Constabulary,Cumbria Constabulary,-3.207899,54.136395,On or near Hospital,E01019155,Barrow-in-Furness 003D,Other theft,Under investigation,
6db8a85db030094dda42b0d47c7eecf2ca41b414dd1e8c6a0cb4ef66c2809d2b,2026-07,Cumbria Constabulary,Cumbria Constabulary,-3.207899,54.136395,On or near Hospital,E01019155,Barrow-in-Furness 003D,Other theft,Under investigation,
dca8922573ff8af5a6363045f6e36cac16a1b1215e2ac13ee081e90f9332e755,2026-07,Cumbria Constabulary,Cumbria Constabulary,-3.207899,54.136395,On or near Hospital,E01019155,Barrow-in-Furness 003D,Other theft,Under investigation,
1bc5e7e7e01d3407e124847d41ef9c2158aed4f1be20b59cbf128968416898df,2026-07,Cumbria Constabulary,Cumbria Constabulary,-3.207899,54.136395,On or near Hospital,E01019155,Barrow-in-Furness 003D,Public order,Under investigation,
7451c41bf970941044ce62ed8e375a1b2c0673d75a49a3cbbcb60be65c3b53f4,2026-07,Cumbria Constabulary,Cumbria Constabulary,-3.215200,54.135845,On or near Portland Crescent,E01019155,Barrow-in-Furness 003D,Violence and sexual offences,Under investigation,
d781f6ebb34235e4619e8f8f34dbdda4cdfe1e73d0681f8621b0a903ce8ed56c,2026-07,Cumbria Constabulary,Cumbria Constabulary,-3.208796,54.139334,On or near Elterwater Crescent,E01019155,Barrow-in-Furness 003D,Violence and sexual offences,Unable to prosecute suspect,
003636de56970a57c44a55e102839ef77098aa84dd24dc0485179bb155176828,2026-07,Cumbria Constabulary,Cumbria Constabulary,-3.207315,54.133669,On or near Monks Croft Avenue,E01019155,Barrow-in-Furness 003D,Violence and sexual offences,Under investigation,
7426f449d9504fd677465cc91df50b5d65f591433fefee1a07b440c2e536f007,2026-07,Cumbria Constabulary,Cumbria Constabulary,-3.208370,54.136804,On or near Hospital,E01019155,Barrow-in-Furness 003D,Violence and sexual offences,Under investigation,
639cc0ada9c0232c410265443058fd328a1cb1b7de03cb42e7a9623381136da1,2026-07,Cumbria Constabulary,Cumbria Constabulary,-3.207899,54.136395,On or near Hospital,E01019155,Barrow-in-Furness 003D,Violence and sexual offences,Under investigation,
9b5800b4bff62a1b166f160e04dc5c23f7ed2d9beb68e937da5284699ec5bfc4,2026-07,Cumbria Constabulary,Cumbria Constabulary,-3.207899,54.136395,On or near Hospital,E01019155,Barrow-in-Furness 003D,Violence and sexual offences,Under investigation,
b272f6f54ad060da49c9910cbfe9bb642133542c68da3a60dea6f26393d9be7d,2026-07,Cumbria Constabulary,Cumbria Constabulary,-3.207899,54.136395,On or near Hospital,E01019155,Barrow-in-Furness 003D,Violence and sexual offences,Under investigation,
24907b75ce6f6dd306b5d6fefffe1dfe68024454d351e41c718aca67dc7c1307,2026-07,Cumbria Constabulary,Cumbria Constabulary,-3.212835,54.134008,On or near Dane Avenue,E01019155,Barrow-in-Furness 003D,Violence and sexual offences,Unable to prosecute suspect,
613770682522fb1df60ebd4aa722e5bb3dca0738c11a0ed05e0f120bbc36587d,2026-07,Cumbria Constabulary,Cumbria Constabulary,-3.207899,54.136395,On or near Hospital,E01019155,Barrow-in-Furness 003D,Violence and sexual offences,Under investigation,
d14934e65b9187b0e66f6b0c6b551c18d64bbf93b647973d29cbfdd78767bc62,2026-07,Cumbria Constabulary,Cumbria Constabulary,-3.208921,54.138353,On or near Yewdale Avenue,E01019155,Barrow-in-Furness 003D,Violence and sexual offences,Local resolution,
97c680a34de30ecf9240f6cb20862066b6e1de65f811a43e9b91f20c1898d509,2026-07,Cumbria Constabulary,Cumbria Constabulary,-3.198827,54.137591,On or near Abbey Approach,E01019163,Barrow-in-Furness 003F,Criminal damage and arson,Investigation complete; no suspect identified,
fad95546853d3936232d888d1073746dc74abd79480f09bffedf4624e3ce7014,2026-07,Cumbria Constabulary,Cumbria Constabulary,-3.198827,54.137591,On or near Abbey Approach,E01019163,Barrow-in-Furness 003F,Criminal damage and arson,Investigation complete; no suspect identified,
8c7a4c25be78ba24e5bbd9c411763f971162c4ab19ab7d34cada073c90a3b534,2026-07,Cumbria Constabulary,Cumbria Constabulary,-3.209702,54.130517,On or near Infield Park,E01019163,Barrow-in-Furness 003F,Criminal damage and arson,Under investigation,
d5d154790cb978ffe541b5b8f43016a55d0aa12f9e5f782f8cb03eac948ffe4a,2026-07,Cumbria Constabulary,Cumbria Constabulary,-3.202413,54.129295,On or near Rating Lane,E01019163,Barrow-in-Furness 003F,Violence and sexual offences,Unable to prosecute suspect,
add422ddcfe318ffdb5bbb90940f8515fa39f403e9000da485194fa687d88977,2026-07,Cumbria Constabulary,Cumbria Constabulary,-3.209702,54.130517,On or near Infield Park,E01019163,Barrow-in-Furness 003F,Violence and sexual offences,Offender given a caution,
623e00f3bc47a334eeaaa676894353a6146b8c459e5ef528a8d2ef333bd0778f,2026-07,Cumbria Constabulary,Cumbria Constabulary,-3.200225,54.140957,On or near Barrow Road,E01019163,Barrow-in-Furness 003F,Violence and sexual offences,Unable to prosecute suspect,
49a173c306b9f95dc3f94796267eb19e2f10d139e19eadb7d7a62acac403f8e7,2026-07,Cumbria Constabulary,Cumbria Constabulary,-3.202413,54.129295,On or near Rating Lane,E01019163,Barrow-in-Furness 003F,Violence and sexual offences,Unable to prosecute suspect,
e4286215edb996b7e44ebdf6375ab2e803e837b7c468ec6f27a2ce736b785780,2026-07,Cumbria Constabulary,Cumbria Constabulary,-3.200225,54.140957,On or near Barrow Road,E01019163,Barrow-in-Furness 003F,Violence and sexual offences,Unable to prosecute suspect,
4965d19d8b31ba0b3b449e8f7ec9edd482339023d45fac8524122073673a2800,2026-07,Cumbria Constabulary,Cumbria Constabulary,-3.200225,54.140957,On or near Barrow Road,E01019163,Barrow-in-Furness 003F,Violence and sexual offences,Unable to prosecute suspect,
568192cbccb663e26b7d8d6113e3bcbb51ec5e2ddeddd0c4cd29afea76890d17,2026-07,Cumbria Constabulary,Cumbria Constabulary,-3.209702,54.130517,On or near Infield Park,E01019163,Barrow-in-Furness 003F,Violence and sexual offences,Awaiting court outcome,
ff73f04b4b4e03fbed89871958a3e99fa24da2482b9b66bdcc4cfedb34764722,2026-07,Cumbria Constabulary,Cumbria Constabulary,-3.209702,54.130517,On or near Infield Park,E01019163,Barrow-in-Furness 003F,Violence and sexual offences,Under investigation,
6201ba90944be91ded3f538f35afd1d7618b083677114782841c78bb6a8ce09a,2026-07,Cumbria Constabulary,Cumbria Constabulary,-3.198827,54.137591,On or near Abbey Approach,E01019163,Barrow-in-Furness 003F,Violence and sexual offences,Under investigation,
,2026-07,Cumbria Constabulary,Cumbria Constabulary,-3.240992,54.114918,On or near Primrose Road,E01019156,Barrow-in-Furness 004A,Anti-social behaviour,,
e8d7d175c92e396a0b327e98196f11a0a139d4979cde34f21635e46a43c06684,2026-07,Cumbria Constabulary,Cumbria Constabulary,-3.229213,54.113394,On or near Grange Crescent,E01019156,Barrow-in-Furness 004A,Bicycle theft,Unable to prosecute suspect,
33850f41beba1dd4d94fe0ba652d6946d495cd3b815cab3ef126ba1394146282,2026-07,Cumbria Constabulary,Cumbria Constabulary,-3.234852,54.115772,On or near Willie Horne Way,E01019156,Barrow-in-Furness 004A,Burglary,Under investigation,
8685a1ef034ebe671fcf49656e9f64aea644ee97b4dfdbc7d0bc218bd14c69b5,2026-07,Cumbria Constabulary,Cumbria Constabulary,-3.233510,54.112829,On or near Hindpool Road,E01019156,Barrow-in-Furness 004A,Burglary,Investigation complete; no suspect identified,
e531465b2763cc2a6254ac2d1569d54521b724520b5fe48a2edb039386977ca3,2026-07,Cumbria Constabulary,Cumbria Constabulary,-3.234852,54.115772,On or near Willie Horne Way,E01019156,Barrow-in-Furness 004A,Burglary,Under investigation,
369883b321b9e9bb75accbf3864dfaff08f8cc05469b5b376ce7a77fd974f22a,2026-07,Cumbria Constabulary,Cumbria Constabulary,-3.234852,54.115772,On or near Willie Horne Way,E01019156,Barrow-in-Furness 004A,Burglary,Under investigation,
6a0569beba55440ca12a4185f82d2df4abe25d7eee37064da9f104edf837502d,2026-07,Cumbria Constabulary,Cumbria Constabulary,-3.241338,54.123939,On or near Andrews Way,E01019156,Barrow-in-Furness 004A,Criminal damage and arson,Awaiting court outcome,
88cb0b5de927206d9e527e2d965aa052c0195cd1b4add45bb8ef746dc1c6efa0,2026-07,Cumbria Constabulary,Cumbria Constabulary,-3.241338,54.123939,On or near Andrews Way,E01019156,Barrow-in-Furness 004A,Criminal damage and arson,Awaiting court outcome,
cc0ac2f23d642b0ccb4c4e70b7d36933c6c769f91ffd4ffbc1a401dd1255195d,2026-07,Cumbria Constabulary,Cumbria Constabulary,-3.241338,54.123939,On or near Andrews Way,E01019156,Barrow-in-Furness 004A,Criminal damage and arson,Awaiting court outcome,
4992b04f9442b229e64ca3c943671a5c9af9667d310ecc0a5ae2f82e93cd0add,2026-07,Cumbria Constabulary,Cumbria Constabulary,-3.241338,54.123939,On or near Andrews Way,E01019156,Barrow-in-Furness 004A,Criminal damage and arson,Awaiting court outcome,
ee2b1892722edb748c122c9e7c46197520faf2ca3f1ab9e6d460a84731ab1aa4,2026-07,Cumbria Constabulary,Cumbria Constabulary,-3.241338,54.123939,On or near Andrews Way,E01019156,Barrow-in-Furness 004A,Criminal damage and arson,Under investigation,
183ee743c679786dc87df30e1ff7e2c8aa5f10df7c07293ffe43bdf2c331e13a,2026-07,Cumbria Constabulary,Cumbria Constabulary,-3.237097,54.115633,On or near Steel Street,E01019156,Barrow-in-Furness 004A,Criminal damage and arson,Under investigation,
c19efbaa05d08b84ccfa50f8e922636d6b16176f3e0c9c0204f840019044c710,2026-07,Cumbria Constabulary,Cumbria Constabulary,-3.241338,54.123939,On or near Andrews Way,E01019156,Barrow-in-Furness 004A,Criminal damage and arson,Awaiting court outcome,
50984cf18342b72be62fc3ad64c0519d2380914312d600bda5122ebb3dc59c58,2026-07,Cumbria Constabulary,Cumbria Constabulary,-3.226355,54.118664,On or near Parking Area,E01019156,Barrow-in-Furness 004A,Drugs,Under investigation,
80a0f77c55a048b3eb912e31fa2ab5daa749e2e2b9c9e0261e95a68fd68f6762,2026-07,Cumbria Constabulary,Cumbria Constabulary,-3.230207,54.113879,On or near Parking Area,E01019156,Barrow-in-Furness 004A,Drugs,Awaiting court outcome,
ff30ebf5ba2afe054ff9da2a09e001c4787c81e4f4ac9b7792c2606aa8e2509a,2026-07,Cumbria Constabulary,Cumbria Constabulary,-3.234378,54.112694,On or near Petrol Station,E01019156,Barrow-in-Furness 004A,Possession of weapons,Awaiting court outcome,
0fd9e1a083b6590e79095f5a2b0aae4fd116a35cfceb6c882e21e25ee5982034,2026-07,Cumbria Constabulary,Cumbria Constabulary,-3.226355,54.118664,On or near Parking Area,E01019156,Barrow-in-Furness 004A,Possession of weapons,Under investigation,
155ebc0f329380b66b104b2434a1c9f046c0bef960ef03b6ab50a6e7b3e91128,2026-07,Cumbria Constabulary,Cumbria Constabulary,-3.226355,54.118664,On or near Parking Area,E01019156,Barrow-in-Furness 004A,Public order,Under investigation,
de0687033b04993db65952030b29b751473545763393f43c601b587b648661f0,2026-07,Cumbria Constabulary,Cumbria Constabulary,-3.228863,54.119654,On or near Elizabethan Way,E01019156,Barrow-in-Furness 004A,Public order,Unable to prosecute suspect,
ac2cb09a79f0b92e9219df1b74513d4c6c648f3bb9cd4ec3ff149366b5b05f7b,2026-07,Cumbria Constabulary,Cumbria Constabulary,-3.226355,54.118664,On or near Parking Area,E01019156,Barrow-in-Furness 004A,Public order,Under investigation,
844daedf7d5c49ae149b51fc136dbec4aa3213278aacdd98b1bc112f4b21aa60,2026-07,Cumbria Constabulary,Cumbria Constabulary,-3.234852,54.115772,On or near Willie Horne Way,E01019156,Barrow-in-Furness 004A,Public order,Under investigation,
52ed3e51ea8f88c71cd7fc98a22924df99fa2bb2b4cddd3b799710e92f279601,2026-07,Cumbria Constabulary,Cumbria Constabulary,-3.228949,54.117909,On or near Drake Street,E01019156,Barrow-in-Furness 004A,Public order,Unable to prosecute suspect,
b664f44a3afd79d38a94022ced0875761a8d9b933fca465c43ad305fa6e97f7e,2026-07,Cumbria Constabulary,Cumbria Constabulary,-3.234378,54.112694,On or near Petrol Station,E01019156,Barrow-in-Furness 004A,Public order,Under investigation,
b0bf22168343917df1a780ecdc8b1aa0563645325abe8fef2066b5c5b9bf5163,2026-07,Cumbria Constabulary,Cumbria Constabulary,-3.234378,54.112694,On or near Petrol Station,E01019156,Barrow-in-Furness 004A,Public order,Under investigation,
89150c4499288fdfd30d3df1cef46d2c3c454ab771b8472174066d08fe66d425,2026-07,Cumbria Constabulary,Cumbria Constabulary,-3.241338,54.123939,On or near Andrews Way,E01019156,Barrow-in-Furness 004A,Public order,Under investigation,
2b990d524c92b726df1e9fefd4ce7251f5b633ddc8a5d5d99c1173d192a665ae,2026-07,Cumbria Constabulary,Cumbria Constabulary,-3.238328,54.124060,On or near Walney Road,E01019156,Barrow-in-Furness 004A,Public order,Under investigation,
2dfcbd87bfde10600fb148ac7ab3bebfd7386f6f99906abca7c9e85d16426412,2026-07,Cumbria Constabulary,Cumbria Constabulary,-3.235667,54.115369,On or near Clive Street,E01019156,Barrow-in-Furness 004A,Public order,Unable to prosecute suspect,
056d2efec697822b92cdcbf1561f1c99a47f3297c9c1ce0950755df233a92cd6,2026-07,Cumbria Constabulary,Cumbria Constabulary,-3.237097,54.115633,On or near Steel Street,E01019156,Barrow-in-Furness 004A,Public order,Under investigation,
f45790572a610455fb53b4840566bed799af24922fb717beb2a4f30103d393df,2026-07,Cumbria Constabulary,Cumbria Constabulary,-3.236084,54.116560,On or near Calcutta Street,E01019156,Barrow-in-Furness 004A,Robbery,Under investigation,
87bcb537b555eb7245d916469485ab31eb51a330b3d3619c574ba4d0e5ada307,2026-07,Cumbria Constabulary,Cumbria Constabulary,-3.233450,54.111832,On or near Shopping Area,E01019156,Barrow-in-Furness 004A,Shoplifting,Under investigation,
1ac22266ef55d502bf785e5a34693f6a6953d654d25316776414d64181fdc4c8,2026-07,Cumbria Constabulary,Cumbria Constabulary,-3.234378,54.112694,On or near Petrol Station,E01019156,Barrow-in-Furness 004A,Shoplifting,Under investigation,
a30cccacdc40731e2055ed0436e1ae7eec49adc706544de504287df1fc2b836b,2026-07,Cumbria Constabulary,Cumbria Constabulary,-3.236307,54.113241,On or near Supermarket,E01019156,Barrow-in-Furness 004A,Shoplifting,Under investigation,
67cf646ed48590a6b9825805323c6ef5ad1f21139bc6bb71abc75b3ef76c2ed3,2026-07,Cumbria Constabulary,Cumbria Constabulary,-3.233450,54.111832,On or near Shopping Area,E01019156,Barrow-in-Furness 004A,Shoplifting,Investigation complete; no suspect identified,
ad6d0ac20a8daaadb1016fbe14bb2844822fbba0b9071a726c473b68d1852c4b,2026-07,Cumbria Constabulary,Cumbria Constabulary,-3.237097,54.115633,On or near Steel Street,E01019156,Barrow-in-Furness 004A,Shoplifting,Under investigation,
746a1313197ec60a99410bd3c9deb5f5330af55cc2719d6045c29ff244042125,2026-07,Cumbria Constabulary,Cumbria Constabulary,-3.236307,54.113241,On or near Supermarket,E01019156,Barrow-in-Furness 004A,Shoplifting,Under investigation,
1d97d0009707b784c51c3b570206980f18447616a64f69a761104775639ac79f,2026-07,Cumbria Constabulary,Cumbria Constabulary,-3.237097,54.115633,On or near Steel Street,E01019156,Barrow-in-Furness 004A,Shoplifting,Investigation complete; no suspect identified,
4df221247af3989b7a6ef64a71ecccd09cd8f0799d428d6e55f43ae9b1cba954,2026-07,Cumbria Constabulary,Cumbria Constabulary,-3.237097,54.115633,On or near Steel Street,E01019156,Barrow-in-Furness 004A,Shoplifting,Under investigation,
196e35cf7a39a7ae69b8e468107450508665d675b8485577b75a782322f09341,2026-07,Cumbria Constabulary,Cumbria Constabulary,-3.234378,54.112694,On or near Petrol Station,E01019156,Barrow-in-Furness 004A,Shoplifting,Awaiting court outcome,
2575ddb362303c7520a975c71311747ae8cf2f94b8d2501064064f70018f8fea,2026-07,Cumbria Constabulary,Cumbria Constabulary,-3.234378,54.112694,On or near Petrol Station,E01019156,Barrow-in-Furness 004A,Shoplifting,Investigation complete; no suspect identified,
9d5bf405095e8ba512e1c6be6651cfb5990b788d2c5b417fb9a967056dddcc62,2026-07,Cumbria Constabulary,Cumbria Constabulary,-3.237097,54.115633,On or near Steel Street,E01019156,Barrow-in-Furness 004A,Shoplifting,Under investigation,
15cd475b58f9207cd9582776a51c752a0c0b696238d00d1748ce4779e07c2e73,2026-07,Cumbria Constabulary,Cumbria Constabulary,-3.236307,54.113241,On or near Supermarket,E01019156,Barrow-in-Furness 004A,Shoplifting,Under investigation,
f67a6ea547ca6e2afb4c9f4791d2b45861138b5f5d13c0d446c73be04e3f2df4,2026-07,Cumbria Constabulary,Cumbria Constabulary,-3.234555,54.114005,On or near Parking Area,E01019156,Barrow-in-Furness 004A,Shoplifting,Under investigation,
8cdda20415fccc442e5b366df5396cb9dd2fc04e07fdad7ffc6928a1ec8de450,2026-07,Cumbria Constabulary,Cumbria Constabulary,-3.237097,54.115633,On or near Steel Street,E01019156,Barrow-in-Furness 004A,Shoplifting,Under investigation,
5191e3a3f5857e436dc3be00ad4ab58f144a683e0e9b8f611a13a1df4f4ad824,2026-07,Cumbria Constabulary,Cumbria Constabulary,-3.237097,54.115633,On or near Steel Street,E01019156,Barrow-in-Furness 004A,Shoplifting,Awaiting court outcome,
8652a1ca48b9b601427940464f11ac23c44f948f44d1d71e133a09197fb33003,2026-07,Cumbria Constabulary,Cumbria Constabulary,-3.234378,54.112694,On or near Petrol Station,E01019156,Barrow-in-Furness 004A,Shoplifting,Awaiting court outcome,
e8c1c0505f8af0eb94c3857f0ae0720ec909893758e9cb09f602c727f636098e,2026-07,Cumbria Constabulary,Cumbria Constabulary,-3.237097,54.115633,On or near Steel Street,E01019156,Barrow-in-Furness 004A,Shoplifting,Under investigation,
e727db7e2dd568bf0a2261ee530db7d8241a230ba9d311fb514433cd816f854a,2026-07,Cumbria Constabulary,Cumbria Constabulary,-3.234555,54.114005,On or near Parking Area,E01019156,Barrow-in-Furness 004A,Shoplifting,Under investigation,
5383c1671ff1268d78035d97683d05f5349d03d315da23fccea28d1caf0fa953,2026-07,Cumbria Constabulary,Cumbria Constabulary,-3.234378,54.112694,On or near Petrol Station,E01019156,Barrow-in-Furness 004A,Shoplifting,Under investigation,
1beb666fc1935db3e8d21bae62d653e58f1e094f616aaa3ae8926abc830e36be,2026-07,Cumbria Constabulary,Cumbria Constabulary,-3.228863,54.119654,On or near Elizabethan Way,E01019156,Barrow-in-Furness 004A,Vehicle crime,Unable to prosecute suspect,
2d60c50f80fe4af4191b3f7d6f7110255dcd3e8d90a75c427d8446dbf55f2aa9,2026-07,Cumbria Constabulary,Cumbria Constabulary,-3.234378,54.112694,On or near Petrol Station,E01019156,Barrow-in-Furness 004A,Vehicle crime,Investigation complete; no suspect identified,
eb07e40ad66f130e36cceca365b9e7a69d256a43bb236a074e13cc0dcbd77075,2026-07,Cumbria Constabulary,Cumbria Constabulary,-3.228949,54.117909,On or near Drake Street,E01019156,Barrow-in-Furness 004A,Violence and sexual offences,Under investigation,
53507eaaebb4406e7631eed81b5f0adfd9d6c54df5f08d12b6578de23095ba71,2026-07,Cumbria Constabulary,Cumbria Constabulary,-3.237097,54.115633,On or near Steel Street,E01019156,Barrow-in-Furness 004A,Violence and sexual offences,Under investigation,
5222a18bdda3b6be1b907c3fb45607ebd8f64fce8e4eea1303a6193faffe1927,2026-07,Cumbria Constabulary,Cumbria Constabulary,-3.229740,54.114144,On or near Wallace Street,E01019156,Barrow-in-Furness 004A,Violence and sexual offences,Investigation complete; no suspect identified,
2313455c1d0a154586c6bbfe915509bf3db5d66830b10957008e616f098864c4,2026-07,Cumbria Constabulary,Cumbria Constabulary,-3.234852,54.115772,On or near Willie Horne Way,E01019156,Barrow-in-Furness 004A,Violence and sexual offences,Under investigation,
74a9738b79f4ebfbdc30f4c81d8c531918b75e9807c11ff7ca98a4fc5c2e530d,2026-07,Cumbria Constabulary,Cumbria Constabulary,-3.235667,54.115369,On or near Clive Street,E01019156,Barrow-in-Furness 004A,Violence and sexual offences,Under investigation,
7ad405d11a710dc371b8ef179a50dbbc520d6b4086168a48979b63dbee70ac81,2026-07,Cumbria Constabulary,Cumbria Constabulary,-3.236084,54.116560,On or near Calcutta Street,E01019156,Barrow-in-Furness 004A,Violence and sexual offences,Under investigation,
27989d0a8c569a98f70ec1124628510a4690d553c27bc282d669484b52d246be,2026-07,Cumbria Constabulary,Cumbria Constabulary,-3.232308,54.114151,On or near Bus/Coach Station,E01019156,Barrow-in-Furness 004A,Violence and sexual offences,Unable to prosecute suspect,
a94df612947197d6798ace8a32a6b9a15c741bf4e7358f505d79fd1d4be39a87,2026-07,Cumbria Constabulary,Cumbria Constabulary,-3.241338,54.123939,On or near Andrews Way,E01019156,Barrow-in-Furness 004A,Violence and sexual offences,Awaiting court outcome,
b5caee5359896414d12cc75af9d9705ff5843203353fcc6c4a9ab4d5a8f1b84e,2026-07,Cumbria Constabulary,Cumbria Constabulary,-3.241338,54.123939,On or near Andrews Way,E01019156,Barrow-in-Furness 004A,Violence and sexual offences,Under investigation,
f49f3f7878763d71aa8a54af6794941f7070fe273d919653b328c430da0f68a7,2026-07,Cumbria Constabulary,Cumbria Constabulary,-3.238328,54.124060,On or near Walney Road,E01019156,Barrow-in-Furness 004A,Violence and sexual offences,Under investigation,
6b8130aa1c7b41f2ef9a2fc11a3733c79f02b7c9e33e069a3598be196f7c7c55,2026-07,Cumbria Constabulary,Cumbria Constabulary,-3.242545,54.121823,On or near Forge Close,E01019156,Barrow-in-Furness 004A,Violence and sexual offences,Under investigation,
c20d4014997d6b2efbdbc488dd976b2116c1cbd839d62ab692af9766561a7340,2026-07,Cumbria Constabulary,Cumbria Constabulary,-3.241338,54.123939,On or near Andrews Way,E01019156,Barrow-in-Furness 004A,Violence and sexual offences,Formal action is not in the public interest,
560dd0b3fbaba4bdf7c645e2e17a0d54db5659cf45dcccbb84340e617146d291,2026-07,Cumbria Constabulary,Cumbria Constabulary,-3.237097,54.115633,On or near Steel Street,E01019156,Barrow-in-Furness 004A,Violence and sexual offences,Under investigation,
67fdbf7abd599123a73838a20e8f2153c60fbfde878b7462fd3444e42ddd0182,2026-07,Cumbria Constabulary,Cumbria Constabulary,-3.230383,54.118802,On or near Raleigh Street,E01019156,Barrow-in-Furness 004A,Violence and sexual offences,Under investigation,
517e726a69f62bdc3113adf2878f325086749b9ed51b62a2060fefa17e2926d3,2026-07,Cumbria Constabulary,Cumbria Constabulary,-3.233063,54.118352,On or near Exmouth Street,E01019156,Barrow-in-Furness 004A,Violence and sexual offences,Unable to prosecute suspect,
1f25b67e4c02bb39d49deaacefa589ffc012508c8618779ebf2db5f26939cecf,2026-07,Cumbria Constabulary,Cumbria Constabulary,-3.241338,54.123939,On or near Andrews Way,E01019156,Barrow-in-Furness 004A,Violence and sexual offences,Under investigation,
a8ecda1e8df0d79b56b6dbd74e31567b62f04eda3a87acf00d96e6184a7da6a9,2026-07,Cumbria Constabulary,Cumbria Constabulary,-3.237097,54.115633,On or near Steel Street,E01019156,Barrow-in-Furness 004A,Violence and sexual offences,Under investigation,
2cb6e5d4800ff96631107061029a3ab11c9d4ac3f6f656a12de35ce5cf063800,2026-07,Cumbria Constabulary,Cumbria Constabulary,-3.234627,54.119523,On or near Melbourne Street,E01019159,Barrow-in-Furness 004B,Drugs,Awaiting court outcome,
a70ca320cbefad57280b3cc1fbb78379044b818d4e964beb0a120f0cf8c3dbfe,2026-07,Cumbria Constabulary,Cumbria Constabulary,-3.234627,54.119523,On or near Melbourne Street,E01019159,Barrow-in-Furness 004B,Other theft,Further investigation is not in the public interest,
33bf9d5d92101b9bc535d30686ff93db92f82157005b160c5b3b9ddc143771c4,2026-07,Cumbria Constabulary,Cumbria Constabulary,-3.237445,54.121157,On or near Petrol Station,E01019159,Barrow-in-Furness 004B,Shoplifting,Under investigation,
0c486959b6a3f2f6cf36defe2f15fb6787b9f3c85f6c6ec1522cddde51be58b7,2026-07,Cumbria Constabulary,Cumbria Constabulary,-3.237445,54.121157,On or near Petrol Station,E01019159,Barrow-in-Furness 004B,Shoplifting,Under investigation,
154474b16322cb9ad9ae29bd7c3c170629d34e1677fec343d008a1b1852eef1e,2026-07,Cumbria Constabulary,Cumbria Constabulary,-3.234464,54.120217,On or near Chatsworth Street,E01019159,Barrow-in-Furness 004B,Vehicle crime,Investigation complete; no suspect identified,
e077ab37d85dc8b872ffbdde5a0ab275fd8f4a79396b72c83854d94e1f2388df,2026-07,Cumbria Constabulary,Cumbria Constabulary,-3.233103,54.122819,On or near St James Gardens,E01019159,Barrow-in-Furness 004B,Violence and sexual offences,Under investigation,
,2026-07,Cumbria Constabulary,Cumbria Constabulary,-3.230483,54.136616,On or near Greenhill Close,E01019164,Barrow-in-Furness 004C,Anti-social behaviour,,
68589a4e0f42c2c5c6e18841a8368d0e88e648115fb21b489502d6c70fcdea2c,2026-07,Cumbria Constabulary,Cumbria Constabulary,-3.230483,54.136616,On or near Greenhill Close,E01019164,Barrow-in-Furness 004C,Criminal damage and arson,Under investigation,
3c5e4d1c135b043b61a8d8f48cea3370a7d60414ccb1efb0d800990ae0f01868,2026-07,Cumbria Constabulary,Cumbria Constabulary,-3.230673,54.135292,On or near High White Close,E01019164,Barrow-in-Furness 004C,Criminal damage and arson,Under investigation,
bb5f6c5f4ecad22ec5e58d84752339ca3feb6faa57bb87f8a7f4d0204347563b,2026-07,Cumbria Constabulary,Cumbria Constabulary,-3.229475,54.147564,On or near Park Road,E01019164,Barrow-in-Furness 004C,Public order,Unable to prosecute suspect,
a574c2d8d946d4869b8a863b9c744e4698affff46be36b15d90b0fb4394a5c93,2026-07,Cumbria Constabulary,Cumbria Constabulary,-3.230035,54.138571,On or near High Cliff,E01019164,Barrow-in-Furness 004C,Public order,Under investigation,
7a3603fd9c72083d797cd6e95e5a9eb8b5bd1b1a6d6d7dcf1fec5915ce4bba54,2026-07,Cumbria Constabulary,Cumbria Constabulary,-3.228732,54.139510,On or near Sowerby Avenue,E01019164,Barrow-in-Furness 004C,Violence and sexual offences,Under investigation,
60377d89cae230e50e59501bed5258defa1d8a98cfdfe5a3685589b7c0903f64,2026-07,Cumbria Constabulary,Cumbria Constabulary,-3.228251,54.138283,On or near Angle Meadow Lane,E01019164,Barrow-in-Furness 004C,Violence and sexual offences,Under investigation,
f69171705cf891b60fdb96f7fc0bd9eff8eae1baec0ef7029efcad212ab53ee6,2026-07,Cumbria Constabulary,Cumbria Constabulary,-3.232676,54.136755,On or near Hazel Gill,E01019164,Barrow-in-Furness 004C,Violence and sexual offences,Awaiting court outcome,
e961a1d58f7707960a1dbe938ac8619937131e99194734b275c816bd28050cd8,2026-07,Cumbria Constabulary,Cumbria Constabulary,-3.227628,54.140510,On or near Meetings View,E01019164,Barrow-in-Furness 004C,Violence and sexual offences,Unable to prosecute suspect,
22e1639e0a38b69e3b4aafda50815f9a8b5ee77778bf84dab059d78fa7677fc4,2026-07,Cumbria Constabulary,Cumbria Constabulary,-3.227628,54.140510,On or near Meetings View,E01019164,Barrow-in-Furness 004C,Violence and sexual offences,Under investigation,
8704554ae7787c6869e8fe95444300ae883ad47c379a4105bab9224614db4ce4,2026-07,Cumbria Constabulary,Cumbria Constabulary,-3.227628,54.140510,On or near Meetings View,E01019164,Barrow-in-Furness 004C,Violence and sexual offences,Unable to prosecute suspect,
30380653fb76e0aeae6d12be3086a6b2305b1239af6353df50380932166586a8,2026-07,Cumbria Constabulary,Cumbria Constabulary,-3.228251,54.138283,On or near Angle Meadow Lane,E01019164,Barrow-in-Furness 004C,Violence and sexual offences,Under investigation,
f20a7f9a5147cf6f81e78c7cef0e96b97ff6fd63ba3c3c9be523e402c4e896d4,2026-07,Cumbria Constabulary,Cumbria Constabulary,-3.227628,54.140510,On or near Meetings View,E01019164,Barrow-in-Furness 004C,Violence and sexual offences,Unable to prosecute suspect,
f63d5d3cf6fad7b9bb9f9bf8a8c5ae8eadf58f0045f64260ffa2f095667a4638,2026-07,Cumbria Constabulary,Cumbria Constabulary,-3.230908,54.144242,On or near Park Road,E01019164,Barrow-in-Furness 004C,Violence and sexual offences,Unable to prosecute suspect,
20be101cab4783ccc20814fc4f1137b9bc9ff6edc8a1e131a6026bbdce9e1a14,2026-07,Cumbria Constabulary,Cumbria Constabulary,-3.228251,54.138283,On or near Angle Meadow Lane,E01019164,Barrow-in-Furness 004C,Violence and sexual offences,Under investigation,
709def7f3a48edc5d8a984dddc0eb51db5a81740f9ffab21d506cdd94d0fb476,2026-07,Cumbria Constabulary,Cumbria Constabulary,-3.228251,54.138283,On or near Angle Meadow Lane,E01019164,Barrow-in-Furness 004C,Violence and sexual offences,Under investigation,
fa3c5adf9c52e30ed1c2d3be5cce0ab0c1d83f8c53cded60a551f821625747d7,2026-07,Cumbria Constabulary,Cumbria Constabulary,-3.228251,54.138283,On or near Angle Meadow Lane,E01019164,Barrow-in-Furness 004C,Violence and sexual offences,Under investigation,
d5c409e45b0c61fc70bbdc573bf34f2f0b62957bd8270a0825ffab047000b097,2026-07,Cumbria Constabulary,Cumbria Constabulary,-3.228251,54.138283,On or near Angle Meadow Lane,E01019164,Barrow-in-Furness 004C,Violence and sexual offences,Under investigation,
80033f996fc5f45221c7e27f08cee5bab9345e6ab49eb6a02c232736ef1b6e42,2026-07,Cumbria Constabulary,Cumbria Constabulary,-3.227628,54.140510,On or near Meetings View,E01019164,Barrow-in-Furness 004C,Violence and sexual offences,Unable to prosecute suspect,
7c6a50a4fd30f0c3a71a2a2dd22d92fe41992031e791c554d2eb61d35ae97af1,2026-07,Cumbria Constabulary,Cumbria Constabulary,-3.230167,54.137859,On or near Low Cliff,E01019164,Barrow-in-Furness 004C,Violence and sexual offences,Under investigation,
d5abcb8d7527dcc27194c4fceeeb6e7813fb6af79f942e4420ab10c9b3ec1103,2026-07,Cumbria Constabulary,Cumbria Constabulary,-3.231804,54.130607,On or near Pine Road,E01019165,Barrow-in-Furness 004D,Other theft,Investigation complete; no suspect identified,
6d090da71898b9a51e724346d9034815942b5fff55d625788a69cb1cb398cde5,2026-07,Cumbria Constabulary,Cumbria Constabulary,-3.230941,54.128863,On or near Willow Road,E01019165,Barrow-in-Furness 004D,Public order,Unable to prosecute suspect,
12da457388534f7fb62884b6fd20fe3ba5f192877efaa865a485dc792159ac9b,2026-07,Cumbria Constabulary,Cumbria Constabulary,-3.232030,54.130991,On or near Alder Road,E01019165,Barrow-in-Furness 004D,Public order,Investigation complete; no suspect identified,
4e37a93be6ebbeedd76998f879b4b9d938623e50d40ca2799ae5f3cc10d1faca,2026-07,Cumbria Constabulary,Cumbria Constabulary,-3.233330,54.133018,On or near Ormsgill Lane,E01019165,Barrow-in-Furness 004D,Public order,Investigation complete; no suspect identified,
ffb7db1b020b2e3b5f199d081189a697e41482fdb2c47f9a68a61b4635ed913a,2026-07,Cumbria Constabulary,Cumbria Constabulary,-3.232527,54.131768,On or near St Francis Gardens,E01019165,Barrow-in-Furness 004D,Public order,Under investigation,
d0386813d8b2601356e4c56f0445c81dcbb6cfd6c595162efcda5d21cb6c6d91,2026-07,Cumbria Constabulary,Cumbria Constabulary,-3.232479,54.135301,On or near Mill Bank,E01019165,Barrow-in-Furness 004D,Violence and sexual offences,Under investigation,
800eec67b7efedd6336f162b0a3ad05bedf76114fff9ed01649c00f139a10ab8,2026-07,Cumbria Constabulary,Cumbria Constabulary,-3.230165,54.128988,On or near Cedar Road,E01019165,Barrow-in-Furness 004D,Violence and sexual offences,Under investigation,
eb64c852c0496ac184023cd871b9477f167fd114ae0f2bd0f5a5644739b0746f,2026-07,Cumbria Constabulary,Cumbria Constabulary,-3.230165,54.128988,On or near Cedar Road,E01019165,Barrow-in-Furness 004D,Violence and sexual offences,Under investigation,
d726de4fdca6fc9b43232abe4dd3f093fe589191694ea9a35846313e32e59303,2026-07,Cumbria Constabulary,Cumbria Constabulary,-3.233392,54.135121,On or near Low White Close,E01019165,Barrow-in-Furness 004D,Violence and sexual offences,Under investigation,
,2026-07,Cumbria Constabulary,Cumbria Constabulary,-3.227233,54.125063,On or near Reynolds Place,E01019166,Barrow-in-Furness 004E,Anti-social behaviour,,
0f9ef695f3bbd645829e3811327a9f66bb94891c5ecc57e9bfc7c73be3705308,2026-07,Cumbria Constabulary,Cumbria Constabulary,-3.226886,54.122146,On or near Dorset Street,E01019166,Barrow-in-Furness 004E,Burglary,Under investigation,
77346938912465a0486e232112ae10871935592efe3d30a894effe140f822535,2026-07,Cumbria Constabulary,Cumbria Constabulary,-3.229375,54.127639,On or near Elm Road,E01019166,Barrow-in-Furness 004E,Criminal damage and arson,Investigation complete; no suspect identified,
900dce34b2660f7ba88dc29e5142841cc425951c575c774d463faf4a7334a38f,2026-07,Cumbria Constabulary,Cumbria Constabulary,-3.228378,54.122382,On or near Mendip Gardens,E01019166,Barrow-in-Furness 004E,Criminal damage and arson,Investigation complete; no suspect identified,
07156c1e04e7715ce49a4bd1bfe4b76f78a436929996b947d105bb9cad650996,2026-07,Cumbria Constabulary,Cumbria Constabulary,-3.229261,54.122768,On or near Pennine Gardens,E01019166,Barrow-in-Furness 004E,Criminal damage and arson,Under investigation,
781086d77010aecbb884e9506c90de8bba4e22111de5c54d8192f4a8cce34429,2026-07,Cumbria Constabulary,Cumbria Constabulary,-3.230584,54.127141,On or near Maple Street,E01019166,Barrow-in-Furness 004E,Criminal damage and arson,Unable to prosecute suspect,
06f25a9d769729cf08a9b04b2a74a7918bf470bef2ad3043ad9cc4aa2c04b5d7,2026-07,Cumbria Constabulary,Cumbria Constabulary,-3.227358,54.123615,On or near Titchfield Street,E01019166,Barrow-in-Furness 004E,Drugs,Local resolution,
6de7bfc1088201dc55f6cefeb0fdd0069607409c62e62ad99a7aef961eda37b8,2026-07,Cumbria Constabulary,Cumbria Constabulary,-3.229080,54.123373,On or near Cotswold Crescent,E01019166,Barrow-in-Furness 004E,Drugs,Local resolution,
fcce3439df67a30d6df1752165247aaf28f972b69f36e4bb57f69e30f96c07cd,2026-07,Cumbria Constabulary,Cumbria Constabulary,-3.226886,54.122146,On or near Dorset Street,E01019166,Barrow-in-Furness 004E,Other theft,Under investigation,
d93094eb8fc60e74ba4aea1999863ebca04acf5ca114f937a20415c07675576e,2026-07,Cumbria Constabulary,Cumbria Constabulary,-3.226886,54.122146,On or near Dorset Street,E01019166,Barrow-in-Furness 004E,Public order,Awaiting court outcome,
6731db819935f481e6b518620db8be767d13108e0f81c5a4dda9408c7ea688b5,2026-07,Cumbria Constabulary,Cumbria Constabulary,-3.228595,54.125076,On or near Gainsborough Place,E01019166,Barrow-in-Furness 004E,Public order,Under investigation,
9a93c693e7f8ab0ae580eeed5c1768f323e580211dd00e51a87c6d62d62761b4,2026-07,Cumbria Constabulary,Cumbria Constabulary,-3.228595,54.125076,On or near Gainsborough Place,E01019166,Barrow-in-Furness 004E,Public order,Under investigation,
b91e741f221b6155b85417d20682d35f0d01fd79ccd76e2737cf428ff28087dc,2026-07,Cumbria Constabulary,Cumbria Constabulary,-3.227967,54.122467,On or near Chiltern Crescent,E01019166,Barrow-in-Furness 004E,Public order,Under investigation,
678be7e1982512c72a80dfe5bac9d159a1182583b1572d2d231395d8167338b6,2026-07,Cumbria Constabulary,Cumbria Constabulary,-3.226886,54.122146,On or near Dorset Street,E01019166,Barrow-in-Furness 004E,Vehicle crime,Under investigation,
fb911e659c2713e0f6da528438d609f178294ccfcaeae0cdad8a989f4ba01b46,2026-07,Cumbria Constabulary,Cumbria Constabulary,-3.228595,54.125076,On or near Gainsborough Place,E01019166,Barrow-in-Furness 004E,Violence and sexual offences,Under investigation,
ab1ecbf16dff497ee4a921c7655814a80301fabb2170f999508a2f50351b540c,2026-07,Cumbria Constabulary,Cumbria Constabulary,-3.229080,54.123373,On or near Cotswold Crescent,E01019166,Barrow-in-Furness 004E,Violence and sexual offences,Under investigation,
46867986ccbf288f65901df540b520d099da1f177278869c75577506940d7a47,2026-07,Cumbria Constabulary,Cumbria Constabulary,-3.227967,54.122467,On or near Chiltern Crescent,E01019166,Barrow-in-Furness 004E,Violence and sexual offences,Under investigation,
01383bbf1e2a3d7a78ffa338490ddfe33650550a92e59d55afb9011c32269634,2026-07,Cumbria Constabulary,Cumbria Constabulary,-3.227233,54.125063,On or near Reynolds Place,E01019166,Barrow-in-Furness 004E,Violence and sexual offences,Under investigation,
41e55be6567775d0b643f55edbcd143dfdbecdf939a9fac4f126fe7304b5cafb,2026-07,Cumbria Constabulary,Cumbria Constabulary,-3.229261,54.122768,On or near Pennine Gardens,E01019166,Barrow-in-Furness 004E,Violence and sexual offences,Under investigation,
7a96172cb380268eaa9cd2dd27f085963a5c7905a46094fd061c1b3eb54b2ea3,2026-07,Cumbria Constabulary,Cumbria Constabulary,-3.229261,54.122768,On or near Pennine Gardens,E01019166,Barrow-in-Furness 004E,Violence and sexual offences,Under investigation,
9895f2e6831184f31dd1d395c5e6b732ff5dca3fb65594278966b5462bbf01b9,2026-07,Cumbria Constabulary,Cumbria Constabulary,-3.226886,54.122146,On or near Dorset Street,E01019166,Barrow-in-Furness 004E,Violence and sexual offences,Under investigation,
a28c906935cbeb04c9f78e8d8181050c48ee8e40a662dfa1576f0017f74b93f3,2026-07,Cumbria Constabulary,Cumbria Constabulary,-3.226886,54.122146,On or near Dorset Street,E01019166,Barrow-in-Furness 004E,Other crime,Under investigation,
,2026-07,Cumbria Constabulary,Cumbria Constabulary,-3.224399,54.123924,On or near Reservoir Street,E01019167,Barrow-in-Furness 005A,Anti-social behaviour,,
34a7b8ba8445ff8bd29b8c9f3cdbe638da2f317d5a99c5463416c12673e78b3f,2026-07,Cumbria Constabulary,Cumbria Constabulary,-3.222610,54.123969,On or near Harrogate Street,E01019167,Barrow-in-Furness 005A,Vehicle crime,Investigation complete; no suspect identified,
09ccfc349adb4435d07552dcbd12ed459b6d18213572a590967fc7cfe31cd880,2026-07,Cumbria Constabulary,Cumbria Constabulary,-3.214871,54.117315,On or near Park/Open Space,E01019168,Barrow-in-Furness 005B,Criminal damage and arson,Investigation complete; no suspect identified,
92115b7f47d87777dc2ea6b08b4a1d3db07dbb0f8c03a751d88772b262ee9935,2026-07,Cumbria Constabulary,Cumbria Constabulary,-3.220015,54.116391,On or near Park Avenue,E01019168,Barrow-in-Furness 005B,Criminal damage and arson,Under investigation,
4dcbcdfe2c747b35d06dbbf202cea5208afced299b91d96f16ebbece309dff32,2026-07,Cumbria Constabulary,Cumbria Constabulary,-3.217838,54.120925,On or near Carlton Avenue,E01019168,Barrow-in-Furness 005B,Possession of weapons,Under investigation,
f66ae31fc413398485a59e17a3d3d1361111e1eba9b34f23e65f25ba5aaa0339,2026-07,Cumbria Constabulary,Cumbria Constabulary,-3.214871,54.117315,On or near Park/Open Space,E01019168,Barrow-in-Furness 005B,Public order,Investigation complete; no suspect identified,
887f0f0e35c5141693b0367bc9d472e60ca29d69ddc3374042e88e20b5db6322,2026-07,Cumbria Constabulary,Cumbria Constabulary,-3.212824,54.116877,On or near Parking Area,E01019168,Barrow-in-Furness 005B,Public order,Under investigation,
ea941964f666d36ef8a574b82a9f265d63b6c6b522ef46c20bbfd76b2dd91a4e,2026-07,Cumbria Constabulary,Cumbria Constabulary,-3.220005,54.121775,On or near Warwick Street,E01019168,Barrow-in-Furness 005B,Public order,Unable to prosecute suspect,
34dfa98bb414e5a9ca340c154d0f4d62d385f60b4dfbe9ec86e72d5f4d9fe40c,2026-07,Cumbria Constabulary,Cumbria Constabulary,-3.212541,54.116098,On or near Parking Area,E01019168,Barrow-in-Furness 005B,Public order,Under investigation,
99cf2e0af70cfd843fb7928b4955ada795bb81f44403ed7b26c469b9f9c5b8ef,2026-07,Cumbria Constabulary,Cumbria Constabulary,-3.212541,54.116098,On or near Parking Area,E01019168,Barrow-in-Furness 005B,Robbery,Under investigation,
0ca2242ce13170ca2aef6e9060d76e0de7a46fb3ec2da849814c75fdf6e3ce5c,2026-07,Cumbria Constabulary,Cumbria Constabulary,-3.215383,54.118604,On or near Park Drive,E01019168,Barrow-in-Furness 005B,Vehicle crime,Under investigation,
d424f4fa61e677fa723f46d8989f19ba345be214a02617e760705c5646666f8d,2026-07,Cumbria Constabulary,Cumbria Constabulary,-3.220015,54.116391,On or near Park Avenue,E01019168,Barrow-in-Furness 005B,Violence and sexual offences,Under investigation,
226ca6a043b86dba85c35efc47c1d37eb49e2947ce2d5795a8c2518ffddb595e,2026-07,Cumbria Constabulary,Cumbria Constabulary,-3.220015,54.116391,On or near Park Avenue,E01019168,Barrow-in-Furness 005B,Violence and sexual offences,Under investigation,
9253e5d59a570be501a405d075b359e53d64e38cb55bca9d15bc99d7c1e47dc6,2026-07,Cumbria Constabulary,Cumbria Constabulary,-3.220015,54.116391,On or near Park Avenue,E01019168,Barrow-in-Furness 005B,Violence and sexual offences,Under investigation,
ceb59920bdce0e4fb4bf66e6b7ec10aaec88b521a3fe7788b53cf6f6f6bba04d,2026-07,Cumbria Constabulary,Cumbria Constabulary,-3.217461,54.122142,On or near Westbourne Crescent,E01019168,Barrow-in-Furness 005B,Violence and sexual offences,Under investigation,
d169b1dc5bcb45d3c0fe988289532af055fab4352f7dc7caa238d453f4164ce1,2026-07,Cumbria Constabulary,Cumbria Constabulary,-3.214070,54.127836,On or near Petrol Station,E01019169,Barrow-in-Furness 005C,Other theft,Under investigation,
070f291beafa331e215c169fa2054446533f7596ee81d1c72ea9e29346318f75,2026-07,Cumbria Constabulary,Cumbria Constabulary,-3.215149,54.127316,On or near Coniston Road,E01019169,Barrow-in-Furness 005C,Shoplifting,Under investigation,
4590f60ce2c30c9243ba22097501f89fc3c4f1889e19976f1d2c2bb36e25bfa6,2026-07,Cumbria Constabulary,Cumbria Constabulary,-3.215149,54.127316,On or near Coniston Road,E01019169,Barrow-in-Furness 005C,Shoplifting,Under investigation,
ad529a50380741e7f89f19e70530935f953b686e15a8da211dd53ed848dda9f0,2026-07,Cumbria Constabulary,Cumbria Constabulary,-3.215149,54.127316,On or near Coniston Road,E01019169,Barrow-in-Furness 005C,Shoplifting,Under investigation,
c0616e3805755cf8482627a72f2e52c424dcca627bbf5d7fb97a7f3b5adb697b,2026-07,Cumbria Constabulary,Cumbria Constabulary,-3.215742,54.125629,On or near West Mount,E01019169,Barrow-in-Furness 005C,Violence and sexual offences,Unable to prosecute suspect,
0cc263396a54d1086831c39a6e3409599c5fb067a2827deca0a388ee11001d64,2026-07,Cumbria Constabulary,Cumbria Constabulary,-3.214070,54.127836,On or near Petrol Station,E01019169,Barrow-in-Furness 005C,Violence and sexual offences,Under investigation,
9b2f8823bba7bc85ae3be48e1ed8795c13d1c0328c5facfe075e69f5d660aabf,2026-07,Cumbria Constabulary,Cumbria Constabulary,-3.214195,54.126112,On or near Arlington Court,E01019169,Barrow-in-Furness 005C,Violence and sexual offences,Unable to prosecute suspect,
74c1cd3f91b167d39cea7cb31df9453c3b5fe416d3bc013c0cc791446101fb02,2026-07,Cumbria Constabulary,Cumbria Constabulary,-3.215742,54.125629,On or near West Mount,E01019169,Barrow-in-Furness 005C,Violence and sexual offences,Unable to prosecute suspect,
44e250e4219cbf8fefb704394c347cd59d7215c4763222c9c66b0c0aa16c8a51,2026-07,Cumbria Constabulary,Cumbria Constabulary,-3.218857,54.124861,On or near Clarence Road,E01019170,Barrow-in-Furness 005D,Criminal damage and arson,Under investigation,
a81243d213297900943f48a67d15f8f51f09511c62b896529d7cc18f300e7d81,2026-07,Cumbria Constabulary,Cumbria Constabulary,-3.219598,54.123011,On or near Windsor Street,E01019170,Barrow-in-Furness 005D,Criminal damage and arson,Under investigation,
f625d3c24318240c42c5f47f6c797a82fe3903ad711eaf4345c81f5b5808b37e,2026-07,Cumbria Constabulary,Cumbria Constabulary,-3.218857,54.124861,On or near Clarence Road,E01019170,Barrow-in-Furness 005D,Criminal damage and arson,Investigation complete; no suspect identified,
dec7c0b26d204ac8aa5dc45bc2c2efdd237981d83f046d96ff3393c026697001,2026-07,Cumbria Constabulary,Cumbria Constabulary,-3.219598,54.123011,On or near Windsor Street,E01019170,Barrow-in-Furness 005D,Drugs,Local resolution,
d12817d4d995d6e2ef78a494240a6998b5f982444a2d021f932c2c6bd368e084,2026-07,Cumbria Constabulary,Cumbria Constabulary,-3.219598,54.123011,On or near Windsor Street,E01019170,Barrow-in-Furness 005D,Vehicle crime,Unable to prosecute suspect,
4b233e1089ebd5eb89e472a1f4784787938b4a105fd06cb40241bf06c38d8173,2026-07,Cumbria Constabulary,Cumbria Constabulary,-3.219598,54.123011,On or near Windsor Street,E01019170,Barrow-in-Furness 005D,Vehicle crime,Unable to prosecute suspect,
50b27169f4e18846f4659ba81ebbff49241727dcb8986741a32c359047b2a911,2026-07,Cumbria Constabulary,Cumbria Constabulary,-3.220341,54.124873,On or near Victoria Avenue,E01019170,Barrow-in-Furness 005D,Violence and sexual offences,Under investigation,
fa128a1390be06d82fd33347a9a6e1498953b32a6bf0073e753753ba528afe98,2026-07,Cumbria Constabulary,Cumbria Constabulary,-3.221545,54.123153,On or near Kendal Street,E01019170,Barrow-in-Furness 005D,Violence and sexual offences,Awaiting court outcome,
ee58e78e79ee97de79d958e2cbb9c558ab46cd12b3575e315831c78b0f8d926a,2026-07,Cumbria Constabulary,Cumbria Constabulary,-3.220341,54.124873,On or near Victoria Avenue,E01019170,Barrow-in-Furness 005D,Violence and sexual offences,Under investigation,
0f5815cf63f844ee971845e45ee25aeaa06a8ab3114708470a501c2a8058ff14,2026-07,Cumbria Constabulary,Cumbria Constabulary,-3.222279,54.122597,On or near Essex Street,E01019170,Barrow-in-Furness 005D,Violence and sexual offences,Under investigation,
7f7ba15bd1cb8ec25e21bc4deaea5a62a35a57d428c729e72c8ec2246610398d,2026-07,Cumbria Constabulary,Cumbria Constabulary,-3.223606,54.122449,On or near Bedford Street,E01019171,Barrow-in-Furness 005E,Burglary,Under investigation,
06f09e30cd6df3125217daaf722a41083950dfcc27f538a49206b5d3f03007de,2026-07,Cumbria Constabulary,Cumbria Constabulary,-3.223606,54.122449,On or near Bedford Street,E01019171,Barrow-in-Furness 005E,Criminal damage and arson,Under investigation,
5cb32604a39cd82c16b63baf1d344345ce16da48e62a47a00b4f132bb3d76172,2026-07,Cumbria Constabulary,Cumbria Constabulary,-3.221883,54.120597,On or near Stafford Street,E01019171,Barrow-in-Furness 005E,Drugs,Unable to prosecute suspect,
dbf340b3656c46cd2fc64d3f00c38d328128cee7194195a3aa9dae212af74b79,2026-07,Cumbria Constabulary,Cumbria Constabulary,-3.223596,54.121092,On or near Supermarket,E01019171,Barrow-in-Furness 005E,Shoplifting,Under investigation,
8eff40212d137e5cfdaec3d90f13c4b439bad2289597663245f6503bc86429d9,2026-07,Cumbria Constabulary,Cumbria Constabulary,-3.223596,54.121092,On or near Supermarket,E01019171,Barrow-in-Furness 005E,Violence and sexual offences,Under investigation,
e8c4b77f796271f2fbfde7ee49e60a796ae99022c870c49dea9902ff32dd0d1b,2026-07,Cumbria Constabulary,Cumbria Constabulary,-3.221883,54.120597,On or near Stafford Street,E01019171,Barrow-in-Furness 005E,Violence and sexual offences,Under investigation,
de9637924cae2bb0b06c68f0a57da47701297fa26545b30f879b5695b7937119,2026-07,Cumbria Constabulary,Cumbria Constabulary,-3.225499,54.121279,On or near Westmorland Street,E01019171,Barrow-in-Furness 005E,Violence and sexual offences,Unable to prosecute suspect,
20ae27b25a7db1d421b6c3e4473585c84adc6f39219c753a2edec7f1c47319bc,2026-07,Cumbria Constabulary,Cumbria Constabulary,-3.225955,54.119611,On or near Hibbert Road,E01019171,Barrow-in-Furness 005E,Violence and sexual offences,Unable to prosecute suspect,
0ded04ca24348504af179cc5a0c96cd780f0de9790c272525e6f4f7230fb74bc,2026-07,Cumbria Constabulary,Cumbria Constabulary,-3.225955,54.119611,On or near Hibbert Road,E01019171,Barrow-in-Furness 005E,Other crime,Under investigation,
,2026-07,Cumbria Constabulary,Cumbria Constabulary,-3.193741,54.120951,On or near Featherstone Crescent,E01019161,Barrow-in-Furness 006A,Anti-social behaviour,,
,2026-07,Cumbria Constabulary,Cumbria Constabulary,-3.200110,54.115791,On or near Bardsea Road,E01019161,Barrow-in-Furness 006A,Anti-social behaviour,,
b9acf2c4d16f0fa7ac0df17b03a838305e5228fb24e471b79021d037ffe41300,2026-07,Cumbria Constabulary,Cumbria Constabulary,-3.193741,54.120951,On or near Featherstone Crescent,E01019161,Barrow-in-Furness 006A,Criminal damage and arson,Investigation complete; no suspect identified,
c3566c74885b5f5783c4b8f72d6e34fc6eb7ac1084f205985ddde2f01474d4d1,2026-07,Cumbria Constabulary,Cumbria Constabulary,-3.201734,54.115362,On or near Friars Lane,E01019161,Barrow-in-Furness 006A,Criminal damage and arson,Under investigation,
d68a5d55d27068bda476f54aa26ba7123102cb4e6e743009194963a89e98af32,2026-07,Cumbria Constabulary,Cumbria Constabulary,-3.201405,54.119859,On or near Minster Lane,E01019161,Barrow-in-Furness 006A,Criminal damage and arson,Under investigation,
c2ffb584827233a7611c78b093229f95a637a2363d7403ecf24174b580983f0f,2026-07,Cumbria Constabulary,Cumbria Constabulary,-3.194787,54.119574,On or near Sherborne Avenue,E01019161,Barrow-in-Furness 006A,Drugs,Under investigation,
4458908e2ee616069072fe07da2ea88605487c61884e9b6263292b773c3f00da,2026-07,Cumbria Constabulary,Cumbria Constabulary,-3.194787,54.119574,On or near Sherborne Avenue,E01019161,Barrow-in-Furness 006A,Violence and sexual offences,Unable to prosecute suspect,
3b57e140b7d3cdc8f64b4ea695bf27bd15679bbf5ea456ac9e97c950c88fead1,2026-07,Cumbria Constabulary,Cumbria Constabulary,-3.195627,54.118964,On or near Morton Close,E01019161,Barrow-in-Furness 006A,Violence and sexual offences,Unable to prosecute suspect,
b841e7bcc6d52ba07cf7a2f85e553412515ae0cdc78bfeff847355bdd1be440f,2026-07,Cumbria Constabulary,Cumbria Constabulary,-3.201405,54.119859,On or near Minster Lane,E01019161,Barrow-in-Furness 006A,Violence and sexual offences,Under investigation,
f0cc914deddfe868e97cbc34258bfcf1bb4573b42a90dfede6c1ffcf1a7c65a0,2026-07,Cumbria Constabulary,Cumbria Constabulary,-3.193741,54.120951,On or near Featherstone Crescent,E01019161,Barrow-in-Furness 006A,Violence and sexual offences,Unable to prosecute suspect,
3ff71db78817fe861e71f303b0cf6c76ec7557653cc8f754fbb34b9891419603,2026-07,Cumbria Constabulary,Cumbria Constabulary,-3.193741,54.120951,On or near Featherstone Crescent,E01019161,Barrow-in-Furness 006A,Violence and sexual offences,Unable to prosecute suspect,
0e70d227c2594a1cd3b2a0fb5da78c44b9d81181e4aca27b53f73f67ab3c48cc,2026-07,Cumbria Constabulary,Cumbria Constabulary,-3.201734,54.115362,On or near Friars Lane,E01019161,Barrow-in-Furness 006A,Violence and sexual offences,Investigation complete; no suspect identified,
4abf9652889ab68439c26d371070cfbc1d601918f22898686aa9aa125149e011,2026-07,Cumbria Constabulary,Cumbria Constabulary,-3.203252,54.120236,On or near Stackwood Avenue,E01019161,Barrow-in-Furness 006A,Violence and sexual offences,Unable to prosecute suspect,
2b81e277b2953dd1a8449149bb8ed36286e12299f1453ff78f93a0f34ae70e06,2026-07,Cumbria Constabulary,Cumbria Constabulary,-3.197992,54.117152,On or near Flass Meadows,E01019161,Barrow-in-Furness 006A,Other crime,Under investigation,
e6f10ecfa618e7a1e0a849158191770b6543da3086cb0e26531200f4bc1e2d03,2026-07,Cumbria Constabulary,Cumbria Constabulary,-3.197992,54.117152,On or near Flass Meadows,E01019161,Barrow-in-Furness 006A,Other crime,Under investigation,
b1600f8d3a0ce3a6b1d1b7ce17827890c01cf51b1015b66386f4f053e08cb9cb,2026-07,Cumbria Constabulary,Cumbria Constabulary,-3.197992,54.117152,On or near Flass Meadows,E01019161,Barrow-in-Furness 006A,Other crime,Under investigation,
ece8ea46ef6ef9862e82a947534f50eff3b385179c738bf5dd2c237222e590b5,2026-07,Cumbria Constabulary,Cumbria Constabulary,-3.181376,54.117118,On or near Rosewood Grove,E01019176,Barrow-in-Furness 006B,Public order,Under investigation,
55237877dfe92249fb9fab29e3998ad0cf76d11d01a4890b83cfbe13f235f93c,2026-07,Cumbria Constabulary,Cumbria Constabulary,-3.187245,54.121186,On or near Cherrytree Way,E01019176,Barrow-in-Furness 006B,Violence and sexual offences,Unable to prosecute suspect,
,2026-07,Cumbria Constabulary,Cumbria Constabulary,-3.194724,54.114191,On or near Roose,E01019177,Barrow-in-Furness 006C,Anti-social behaviour,,
fdc6d3b066dd4074b295b71df317bd06e06620d4cb9e7e95e4e1cd733077ab1e,2026-07,Cumbria Constabulary,Cumbria Constabulary,-3.200723,54.111084,On or near Westway,E01019177,Barrow-in-Furness 006C,Criminal damage and arson,Investigation complete; no suspect identified,
58b590bfab30279f97b42b66af27701959a1a1ae953e6d0fe61df3a094f2ac9f,2026-07,Cumbria Constabulary,Cumbria Constabulary,-3.199531,54.110584,On or near Longway,E01019177,Barrow-in-Furness 006C,Criminal damage and arson,Under investigation,
fa131e0aba3cdf3888f954dafe2a0d6b04e6782a92dcde9e1246004567248848,2026-07,Cumbria Constabulary,Cumbria Constabulary,-3.196552,54.112321,On or near Thrums Street,E01019177,Barrow-in-Furness 006C,Other theft,Investigation complete; no suspect identified,
53be3ad5594002ecae8340b077afaa29266000de6052e8f7aa3a987b22750bab,2026-07,Cumbria Constabulary,Cumbria Constabulary,-3.194396,54.115552,On or near Bamburgh Close,E01019177,Barrow-in-Furness 006C,Other theft,Investigation complete; no suspect identified,
0dcc179ba3d3111489c05a3424f5f2e0e10c9333b8114e726698bff22e797045,2026-07,Cumbria Constabulary,Cumbria Constabulary,-3.196552,54.112321,On or near Thrums Street,E01019177,Barrow-in-Furness 006C,Public order,Unable to prosecute suspect,
6c7582693a56e343e8b5279af29747c82c69f45689396f5a35292e0317687698,2026-07,Cumbria Constabulary,Cumbria Constabulary,-3.197888,54.111454,On or near Gateway,E01019177,Barrow-in-Furness 006C,Violence and sexual offences,Unable to prosecute suspect,
e52f397c48a33fce15d7e9a9efd139f915f9bec336812e894b215994cf5c8f78,2026-07,Cumbria Constabulary,Cumbria Constabulary,-3.196458,54.113850,On or near Rosse Field,E01019177,Barrow-in-Furness 006C,Violence and sexual offences,Under investigation,
0482573019e78cdd45164dc9b81bca6fba4a4c4e5b3b22b394f0c89518914e79,2026-07,Cumbria Constabulary,Cumbria Constabulary,-3.190750,54.115911,On or near Holebeck Road,E01019177,Barrow-in-Furness 006C,Violence and sexual offences,Unable to prosecute suspect,
994b1d07f6438755c1d643596dc1934d5cba300695989bf359a3cbcbe368fc04,2026-07,Cumbria Constabulary,Cumbria Constabulary,-3.198173,54.111227,On or near Broadway,E01019177,Barrow-in-Furness 006C,Violence and sexual offences,Under investigation,
3c7b67c89a9d93a69a7e6b1931abd4c330b419012ce0a2a9b040a7a117d283bb,2026-07,Cumbria Constabulary,Cumbria Constabulary,-3.196458,54.113850,On or near Rosse Field,E01019177,Barrow-in-Furness 006C,Violence and sexual offences,Under investigation,
befd68669334ac809a00bae0b766cf060585ce1fcef791c748a2b861bf3acaed,2026-07,Cumbria Constabulary,Cumbria Constabulary,-3.197888,54.111454,On or near Gateway,E01019177,Barrow-in-Furness 006C,Violence and sexual offences,Unable to prosecute suspect,
4599bd2273e9b02c860c3e40a4b0e40eaeff41985d0e9509a2d7ad8ec0434a66,2026-07,Cumbria Constabulary,Cumbria Constabulary,-3.198173,54.111227,On or near Broadway,E01019177,Barrow-in-Furness 006C,Violence and sexual offences,Under investigation,
2ca23ea771f69008f259c24d3f437ca8e5f4f6455ef5e7f4534cff438fde83c2,2026-07,Cumbria Constabulary,Cumbria Constabulary,-3.197888,54.111454,On or near Gateway,E01019177,Barrow-in-Furness 006C,Other crime,Under investigation,
5c065e87ff4808d16d3344e92525c0f643ab7291f5a40a6ed98fdbc8181de97f,2026-07,Cumbria Constabulary,Cumbria Constabulary,-3.200723,54.111084,On or near Westway,E01019177,Barrow-in-Furness 006C,Other crime,Under investigation,
393b22388b720117c6c164fdeba2541387278c49708767cc0b83088b46be03d4,2026-07,Cumbria Constabulary,Cumbria Constabulary,-3.172390,54.064356,On or near Ferry Terminal,E01019178,Barrow-in-Furness 006D,Other theft,Investigation complete; no suspect identified,
7b6056ede007bacdcc5f04525940de55cbabc23deb8eb0faf253b0d98488effa,2026-07,Cumbria Constabulary,Cumbria Constabulary,-3.165977,54.085226,On or near Roa Island Road,E01019178,Barrow-in-Furness 006D,Vehicle crime,Under investigation,
4b3974c7f055497bb6e8527eb6d5461ce39571c7ea815b44e1e1f9e88acde3fb,2026-07,Cumbria Constabulary,Cumbria Constabulary,-3.191440,54.112228,On or near West Row,E01019178,Barrow-in-Furness 006D,Violence and sexual offences,Under investigation,
adc77169987b8656143c5bb31e8e02837c95af646f29ed4efd95b1122a6fe69f,2026-07,Cumbria Constabulary,Cumbria Constabulary,-3.191440,54.112228,On or near West Row,E01019178,Barrow-in-Furness 006D,Violence and sexual offences,Under investigation,
cf0569f0f1c40c276bd1207eafe3ed91450d9f58604a23a992d2ed15e38789de,2026-07,Cumbria Constabulary,Cumbria Constabulary,-3.162732,54.087253,On or near Hall Garth,E01019178,Barrow-in-Furness 006D,Violence and sexual offences,Under investigation,
834a2e67175ddd652bff984b6c2a7ec80190565c177d051da5b78e7d0732a728,2026-07,Cumbria Constabulary,Cumbria Constabulary,-3.189146,54.114922,On or near Sports/Recreation Area,E01019178,Barrow-in-Furness 006D,Violence and sexual offences,Under investigation,
2cb9c78a10ae52d488916042c9a7eefa38df9a03fbd855df8f5b8a3cdc8a4a00,2026-07,Cumbria Constabulary,Cumbria Constabulary,-3.162732,54.087253,On or near Hall Garth,E01019178,Barrow-in-Furness 006D,Violence and sexual offences,Under investigation,
,2026-07,Cumbria Constabulary,Cumbria Constabulary,-3.208532,54.121343,On or near Newbarns Court,E01019160,Barrow-in-Furness 007B,Anti-social behaviour,,
,2026-07,Cumbria Constabulary,Cumbria Constabulary,-3.208532,54.121343,On or near Newbarns Court,E01019160,Barrow-in-Furness 007B,Anti-social behaviour,,
e9456013e9c5088dbf9c143c52b8753e68c4c762b9a21b1ad7afe4676d475136,2026-07,Cumbria Constabulary,Cumbria Constabulary,-3.208532,54.121343,On or near Newbarns Court,E01019160,Barrow-in-Furness 007B,Criminal damage and arson,Under investigation,
452e44a523819196edae05331511f0cc697fd715495c59ee5c33cd6851957026,2026-07,Cumbria Constabulary,Cumbria Constabulary,-3.207095,54.120305,On or near Hempland Avenue,E01019160,Barrow-in-Furness 007B,Criminal damage and arson,Under investigation,
637537c3b38338d3f603d9aca00e72a0aeb1d74389685144558692f8be36f47c,2026-07,Cumbria Constabulary,Cumbria Constabulary,-3.208532,54.121343,On or near Newbarns Court,E01019160,Barrow-in-Furness 007B,Criminal damage and arson,Under investigation,
53e148ba58b8289a620766282b6a32e4001ac3918f1c7fe36d4643eaa7460f53,2026-07,Cumbria Constabulary,Cumbria Constabulary,-3.207095,54.120305,On or near Hempland Avenue,E01019160,Barrow-in-Furness 007B,Criminal damage and arson,Under investigation,
2b3fdcd71df2402fabf4313714962a637e1b6ef8ae9092454e4fb51c9627b048,2026-07,Cumbria Constabulary,Cumbria Constabulary,-3.207095,54.120305,On or near Hempland Avenue,E01019160,Barrow-in-Furness 007B,Criminal damage and arson,Unable to prosecute suspect,
5b099e73039a77ff7eea367fd58435205543adce84cd19ae00369c0660961ae5,2026-07,Cumbria Constabulary,Cumbria Constabulary,-3.209099,54.120303,On or near Lesh Lane,E01019160,Barrow-in-Furness 007B,Other theft,Unable to prosecute suspect,
22f0ae41e4cecf6996ec5ee4a7755ed46186cf6ab67155cce99bb616bab1a80c,2026-07,Cumbria Constabulary,Cumbria Constabulary,-3.209099,54.120303,On or near Lesh Lane,E01019160,Barrow-in-Furness 007B,Public order,Unable to prosecute suspect,
311bcb4ae71c89f6043793c9b5d6199ad5899a546d6d791a72cbb99faf7f1b95,2026-07,Cumbria Constabulary,Cumbria Constabulary,-3.208532,54.121343,On or near Newbarns Court,E01019160,Barrow-in-Furness 007B,Violence and sexual offences,Under investigation,
20612d742d18951736df521771eeb424ee9ce822e1d47a05bdb457b64f5921fd,2026-07,Cumbria Constabulary,Cumbria Constabulary,-3.207095,54.120305,On or near Hempland Avenue,E01019160,Barrow-in-Furness 007B,Violence and sexual offences,Unable to prosecute suspect,
3e1d2ff5f90ac74c3bdfdfad5128fe290544218dc9e808c8f88021e4b507f4b8,2026-07,Cumbria Constabulary,Cumbria Constabulary,-3.208532,54.121343,On or near Newbarns Court,E01019160,Barrow-in-Furness 007B,Violence and sexual offences,Under investigation,
c05fa948c71223e8256af056fe81ae421348dd88a079e6a2e1a584253f04be8b,2026-07,Cumbria Constabulary,Cumbria Constabulary,-3.208136,54.119828,On or near Ewan Close,E01019160,Barrow-in-Furness 007B,Violence and sexual offences,Under investigation,
73c78a0ef573859ac1d8c7d742a5ddc86fc9144b35ec00bec18dc9559680f118,2026-07,Cumbria Constabulary,Cumbria Constabulary,-3.209099,54.120303,On or near Lesh Lane,E01019160,Barrow-in-Furness 007B,Violence and sexual offences,Under investigation,
416ea16154e5cd7ab15439a9dfa689a1bef540b58584dcb4600d03092e0b954b,2026-07,Cumbria Constabulary,Cumbria Constabulary,-3.209099,54.120303,On or near Lesh Lane,E01019160,Barrow-in-Furness 007B,Violence and sexual offences,Under investigation,
0a64bb923bd8bfc261e0e0e7dfa983c3be17626bf6cd0962d7236a9b574176d9,2026-07,Cumbria Constabulary,Cumbria Constabulary,-3.202264,54.119401,On or near Little Croft,E01019160,Barrow-in-Furness 007B,Violence and sexual offences,Under investigation,
c75ae480abc099b3d7da5626734cf8244d51e5886ad83915b3bb7b5dbc6fb249,2026-07,Cumbria Constabulary,Cumbria Constabulary,-3.207859,54.122383,On or near Laurence Avenue,E01019160,Barrow-in-Furness 007B,Violence and sexual offences,Under investigation,
70048762cb55cf52008786f9f87925735328dcdb07c63a30806bde3401d8ae26,2026-07,Cumbria Constabulary,Cumbria Constabulary,-3.208532,54.121343,On or near Newbarns Court,E01019160,Barrow-in-Furness 007B,Violence and sexual offences,Under investigation,
775f4fa657dbe6eebcc57321f64eb1c7a30fffe219f07f77bf3f7f9e3ee85bb5,2026-07,Cumbria Constabulary,Cumbria Constabulary,-3.202124,54.111403,On or near Salthouse Gardens,E01019172,Barrow-in-Furness 007C,Criminal damage and arson,Under investigation,
89f87d26294bc882ae2742ab33aa0541419f8a3f1097f1e7c666191a9f872fb8,2026-07,Cumbria Constabulary,Cumbria Constabulary,-3.203710,54.113320,On or near Provincial Street,E01019172,Barrow-in-Furness 007C,Other theft,Unable to prosecute suspect,
96486da03c90e569a1beda2da7ecc27a51cff853092a278f27acaa783d5509e3,2026-07,Cumbria Constabulary,Cumbria Constabulary,-3.207560,54.111070,On or near Cambridge Street,E01019172,Barrow-in-Furness 007C,Other theft,Under investigation,
0542f3dc4ad701984e0c90261f2022e4b915adb9a4d6658e21788b095c68f1f6,2026-07,Cumbria Constabulary,Cumbria Constabulary,-3.207560,54.111070,On or near Cambridge Street,E01019172,Barrow-in-Furness 007C,Other theft,Under investigation,
62997b5a59540a49925cc6b89e1204b52cd771edcd8b33b5d94f5d8ebc6eabd1,2026-07,Cumbria Constabulary,Cumbria Constabulary,-3.205613,54.112492,On or near Bolton Street,E01019172,Barrow-in-Furness 007C,Public order,Under investigation,
3ccbf92515c52090413fac05720f702d5956ecfc48bdc049170f5eb44306f0ba,2026-07,Cumbria Constabulary,Cumbria Constabulary,-3.207560,54.111070,On or near Cambridge Street,E01019172,Barrow-in-Furness 007C,Public order,Under investigation,
0daa48b93c9852f94952b6c8a3dc32f7697642c96e3da561b0cbe3000ee81cd0,2026-07,Cumbria Constabulary,Cumbria Constabulary,-3.207560,54.111070,On or near Cambridge Street,E01019172,Barrow-in-Furness 007C,Public order,Under investigation,
9ee5372600a707d744fb982d004000fbc4534d4194ad34bf34e7759f88e5e158,2026-07,Cumbria Constabulary,Cumbria Constabulary,-3.207122,54.110185,On or near North Street,E01019172,Barrow-in-Furness 007C,Vehicle crime,Investigation complete; no suspect identified,
c00b290e338a7a7efc78f335dc98e5bc4f87ce3fe708e504e571cb9ce71acd00,2026-07,Cumbria Constabulary,Cumbria Constabulary,-3.206082,54.111274,On or near Supermarket,E01019172,Barrow-in-Furness 007C,Vehicle crime,Investigation complete; no suspect identified,
609371df9315314b7467aeaec8ef950e2dc479860c221b6c34bcecc4198d1f28,2026-07,Cumbria Constabulary,Cumbria Constabulary,-3.202124,54.111403,On or near Salthouse Gardens,E01019172,Barrow-in-Furness 007C,Violence and sexual offences,Under investigation,
cf299a89cdbe53a687db8cd563247ecef159a88d3c82026d6d64aa25317b9b18,2026-07,Cumbria Constabulary,Cumbria Constabulary,-3.208833,54.112208,On or near Moorfield Street,E01019172,Barrow-in-Furness 007C,Violence and sexual offences,Unable to prosecute suspect,
e312b56764973eff830ce395063e527382007fa8e8a6a817a7c6168d3efb6b1b,2026-07,Cumbria Constabulary,Cumbria Constabulary,-3.203710,54.113320,On or near Provincial Street,E01019172,Barrow-in-Furness 007C,Violence and sexual offences,Under investigation,
897b22119d2a4ce057837a06d1dafb4edadaf4941f3326916d9d688009072bf3,2026-07,Cumbria Constabulary,Cumbria Constabulary,-3.207996,54.112387,On or near Gloucester Street,E01019172,Barrow-in-Furness 007C,Violence and sexual offences,Under investigation,
c0e704156aa82c6502e05d49927c978858bc778cd5033379f2e833276991fbed,2026-07,Cumbria Constabulary,Cumbria Constabulary,-3.203710,54.113320,On or near Provincial Street,E01019172,Barrow-in-Furness 007C,Violence and sexual offences,Under investigation,
b848cced9781141f26ecd48e5d7ce34709cd0097a4122034a257810b6975e5e3,2026-07,Cumbria Constabulary,Cumbria Constabulary,-3.207560,54.111070,On or near Cambridge Street,E01019172,Barrow-in-Furness 007C,Violence and sexual offences,Under investigation,
e98e7f5008226b2e0844d59be846323bc574e62ad6ed5bdba852c94b513969ef,2026-07,Cumbria Constabulary,Cumbria Constabulary,-3.205613,54.112492,On or near Bolton Street,E01019172,Barrow-in-Furness 007C,Violence and sexual offences,Under investigation,
09b8be2a00a64749e46e23061a2e33dc63d093cee775cc19461903f763e58c3a,2026-07,Cumbria Constabulary,Cumbria Constabulary,-3.205613,54.112492,On or near Bolton Street,E01019172,Barrow-in-Furness 007C,Violence and sexual offences,Under investigation,
fe2ac26e86fde0543eec80c2cf7ce32dd4d3c96abcf50cee6984b9db98beef2d,2026-07,Cumbria Constabulary,Cumbria Constabulary,-3.209714,54.112010,On or near Kent Street,E01019173,Barrow-in-Furness 007D,Violence and sexual offences,Under investigation,
67eb62b6be60c49559c7e8b297c2ad5c7efc1663ccf92d55c36d097ee8fb7b6d,2026-07,Cumbria Constabulary,Cumbria Constabulary,-3.210429,54.111859,On or near Devon Street,E01019173,Barrow-in-Furness 007D,Violence and sexual offences,Under investigation,
,2026-07,Cumbria Constabulary,Cumbria Constabulary,-3.206305,54.117356,On or near Bridgegate Avenue,E01019175,Barrow-in-Furness 007F,Anti-social behaviour,,
299a989cfb7c1a59af1b7b08b9fe9c34cf320f977ba25302a2f6cd832cc17fc1,2026-07,Cumbria Constabulary,Cumbria Constabulary,-3.210622,54.115857,On or near Supermarket,E01019175,Barrow-in-Furness 007F,Bicycle theft,Under investigation,
31b0d008174e8a4e91df59aa80a21ef96496008ce82fd04ec63b23c446ef08e6,2026-07,Cumbria Constabulary,Cumbria Constabulary,-3.210622,54.115857,On or near Supermarket,E01019175,Barrow-in-Furness 007F,Bicycle theft,Under investigation,
637db45ef9c3e719e741a225326cfe51736f8a9c98f54381a357fa1e05e297d4,2026-07,Cumbria Constabulary,Cumbria Constabulary,-3.205487,54.116070,On or near Oxen Croft,E01019175,Barrow-in-Furness 007F,Criminal damage and arson,Under investigation,
29aaa413d2254ed29839e10272c681401e5e0acbefc1afc61da5e71280a37019,2026-07,Cumbria Constabulary,Cumbria Constabulary,-3.204708,54.117157,On or near Whinney Ends,E01019175,Barrow-in-Furness 007F,Drugs,Local resolution,
6f77c2ab6fb17a2cccfcb7bae12b27575f524f88a522b2350f7e4b1a545cac7c,2026-07,Cumbria Constabulary,Cumbria Constabulary,-3.202853,54.114892,On or near Monks Brow,E01019175,Barrow-in-Furness 007F,Possession of weapons,Under investigation,
1708f8d89639cc1742c2b929902da9aa269c23a9c2ca75ee2b33347522eecd3c,2026-07,Cumbria Constabulary,Cumbria Constabulary,-3.206305,54.117356,On or near Bridgegate Avenue,E01019175,Barrow-in-Furness 007F,Public order,Unable to prosecute suspect,
5bdf75d15552a3e2d41a0439a0b4fda96495567da4677572f5d6f04e6ffe05bf,2026-07,Cumbria Constabulary,Cumbria Constabulary,-3.209004,54.113878,On or near Doncaster Place,E01019175,Barrow-in-Furness 007F,Public order,Under investigation,
1c3c30728221baf3b245660e86f7743ccd4c8326260979752d8ae80c962a5501,2026-07,Cumbria Constabulary,Cumbria Constabulary,-3.210622,54.115857,On or near Supermarket,E01019175,Barrow-in-Furness 007F,Shoplifting,Under investigation,
572fc1a1ae98cb3430351cc77fc101e5875f3176ddd718cae5d3de6faf08693e,2026-07,Cumbria Constabulary,Cumbria Constabulary,-3.210622,54.115857,On or near Supermarket,E01019175,Barrow-in-Furness 007F,Shoplifting,Under investigation,
9da2309fcbe81296088c4ae78accf0fedee8293525c1bd850aca5f612e078df5,2026-07,Cumbria Constabulary,Cumbria Constabulary,-3.210622,54.115857,On or near Supermarket,E01019175,Barrow-in-Furness 007F,Shoplifting,Under investigation,
7d5932ed4a201677e84ca9fdaadc94282d7e99bf0e3e44a65a3a0e4474ebe314,2026-07,Cumbria Constabulary,Cumbria Constabulary,-3.210622,54.115857,On or near Supermarket,E01019175,Barrow-in-Furness 007F,Shoplifting,Under investigation,
6ab2a45adc7be1db9af96f5daf13da2373308b3be81d21663d5f10f4ca37e587,2026-07,Cumbria Constabulary,Cumbria Constabulary,-3.210622,54.115857,On or near Supermarket,E01019175,Barrow-in-Furness 007F,Shoplifting,Under investigation,
858c49675661a6c937f6a335d3e7b73ca7a5b97943952f728fc1a9cc454b5799,2026-07,Cumbria Constabulary,Cumbria Constabulary,-3.210622,54.115857,On or near Supermarket,E01019175,Barrow-in-Furness 007F,Shoplifting,Under investigation,
4821832ad9ae6f39011cbafb18dbd2108e9784052abbff88b5db1e8bfcc84847,2026-07,Cumbria Constabulary,Cumbria Constabulary,-3.206305,54.117356,On or near Bridgegate Avenue,E01019175,Barrow-in-Furness 007F,Vehicle crime,Under investigation,
b930f5c5bb22dd09f6892f080ce4a1d7ee2f2d9b90fe85ba2496ad27d8370d66,2026-07,Cumbria Constabulary,Cumbria Constabulary,-3.202853,54.114892,On or near Monks Brow,E01019175,Barrow-in-Furness 007F,Vehicle crime,Unable to prosecute suspect,
e9298273c8f5559be81be0a136c2123214167d2bb81dc542b7226282e2aef995,2026-07,Cumbria Constabulary,Cumbria Constabulary,-3.206146,54.115030,On or near Abbots Vale,E01019175,Barrow-in-Furness 007F,Violence and sexual offences,Under investigation,
b31b17547b71eb0ca6e577fc766fbce6a5403934b801eb23d0d83b5ba32d1b13,2026-07,Cumbria Constabulary,Cumbria Constabulary,-3.204708,54.117157,On or near Whinney Ends,E01019175,Barrow-in-Furness 007F,Violence and sexual offences,Unable to prosecute suspect,
8cd64b24cbb30c81914d21c2d0b891ed014785af4fcaf3e4ce4ae687dbe02fb0,2026-07,Cumbria Constabulary,Cumbria Constabulary,-3.206305,54.117356,On or near Bridgegate Avenue,E01019175,Barrow-in-Furness 007F,Violence and sexual offences,Under investigation,
149b841814f7a7a86538074665463080a896ebb8f797ea2ca94c935959b1934a,2026-07,Cumbria Constabulary,Cumbria Constabulary,-3.206305,54.117356,On or near Bridgegate Avenue,E01019175,Barrow-in-Furness 007F,Violence and sexual offences,Under investigation,
f9e3003338e5d2ae024ff68ded46aa298227169e81f228a98f4c284dfd559ac0,2026-07,Cumbria Constabulary,Cumbria Constabulary,-3.203836,54.115565,On or near Priors Path,E01019175,Barrow-in-Furness 007F,Violence and sexual offences,Unable to prosecute suspect,
,2026-07,Cumbria Constabulary,Cumbria Constabulary,-3.213730,54.110208,On or near New Street,E01034069,Barrow-in-Furness 007G,Anti-social behaviour,,
,2026-07,Cumbria Constabulary,Cumbria Constabulary,-3.211375,54.109153,On or near Brathay Crescent,E01034069,Barrow-in-Furness 007G,Anti-social behaviour,,
e3191a909936282cc19a643594d76e3c5fcd1ee219bcc2ad86f9fe7251c3d2a7,2026-07,Cumbria Constabulary,Cumbria Constabulary,-3.216046,54.111982,On or near The Court,E01034069,Barrow-in-Furness 007G,Criminal damage and arson,Under investigation,
aa070c7fe69d34e8e9a7346f30810b0b71190887551bad949c3b74c7cd5955df,2026-07,Cumbria Constabulary,Cumbria Constabulary,-3.214346,54.113455,On or near Eskdale Avenue,E01034069,Barrow-in-Furness 007G,Criminal damage and arson,Further investigation is not in the public interest,
88e3a7ecdb0ceeb3e4145ddf531b09afb2d11af2279fb362eae567c4a5482be6,2026-07,Cumbria Constabulary,Cumbria Constabulary,-3.216998,54.115208,On or near Fife Street,E01034069,Barrow-in-Furness 007G,Criminal damage and arson,Investigation complete; no suspect identified,
9575bd864d5819f912afe25bf7166464d60813d0803764de5016227ff7e15ea8,2026-07,Cumbria Constabulary,Cumbria Constabulary,-3.214235,54.113331,On or near Langdale Grove,E01034069,Barrow-in-Furness 007G,Other theft,Investigation complete; no suspect identified,
dad4f700cba1b70d7b9391f8ef3c8143df62854a9c61917a7779399399e8fbce,2026-07,Cumbria Constabulary,Cumbria Constabulary,-3.211375,54.109153,On or near Brathay Crescent,E01034069,Barrow-in-Furness 007G,Public order,Investigation complete; no suspect identified,
52d9590d4204b639a50133c87122de5fbddd592a1310c034cbe014d5447771c2,2026-07,Cumbria Constabulary,Cumbria Constabulary,-3.211375,54.109153,On or near Brathay Crescent,E01034069,Barrow-in-Furness 007G,Public order,Unable to prosecute suspect,
68be7d0d528a4e5223ac2290684e3d59b2ba44f1f4cdd23b4344b1a561c59057,2026-07,Cumbria Constabulary,Cumbria Constabulary,-3.211375,54.109153,On or near Brathay Crescent,E01034069,Barrow-in-Furness 007G,Public order,Unable to prosecute suspect,
47f3bb09961fd33c1ca44959eb87b8b7a340424b52fd8b17e5b76931e0a2d308,2026-07,Cumbria Constabulary,Cumbria Constabulary,-3.211375,54.109153,On or near Brathay Crescent,E01034069,Barrow-in-Furness 007G,Public order,Investigation complete; no suspect identified,
80bb979a443e8b7016ab4afbc91c4ea0bfd9662fdfd28de8916a12fe6a4af30c,2026-07,Cumbria Constabulary,Cumbria Constabulary,-3.213730,54.110208,On or near New Street,E01034069,Barrow-in-Furness 007G,Shoplifting,Under investigation,
976e011321da1def6642cbc7f2071ff8583efb89162ec851f7d3b5710589e000,2026-07,Cumbria Constabulary,Cumbria Constabulary,-3.216998,54.115208,On or near Fife Street,E01034069,Barrow-in-Furness 007G,Vehicle crime,Investigation complete; no suspect identified,
bbb1947d5a03aa32cb33316da7283787741ad953904603c1d30c41b9c83fd0e3,2026-07,Cumbria Constabulary,Cumbria Constabulary,-3.214664,54.110738,On or near Mosley Street,E01034069,Barrow-in-Furness 007G,Violence and sexual offences,Under investigation,
3196a1d01ff6d1f64e95a433586f3409fd82332dd8ba91b28be108a18c473ec0,2026-07,Cumbria Constabulary,Cumbria Constabulary,-3.214664,54.110738,On or near Mosley Street,E01034069,Barrow-in-Furness 007G,Violence and sexual offences,Under investigation,
5315c33b0cb3cc30bcb1943702f2fbe3b910b99e67f30efdeb6cb9c406d2791f,2026-07,Cumbria Constabulary,Cumbria Constabulary,-3.214664,54.110738,On or near Mosley Street,E01034069,Barrow-in-Furness 007G,Violence and sexual offences,Under investigation,
8951d43c001ab811495be9940a1b69849894f9053290c81761a9185803595d49,2026-07,Cumbria Constabulary,Cumbria Constabulary,-3.216522,54.112571,On or near Fenman Close,E01034069,Barrow-in-Furness 007G,Violence and sexual offences,Unable to prosecute suspect,
4919a5021e4d37b60b3e37726887735221c5ba7dc50e6f1e4003c04bfb5cdb89,2026-07,Cumbria Constabulary,Cumbria Constabulary,-3.213371,54.113618,On or near Jarrow Street,E01034069,Barrow-in-Furness 007G,Violence and sexual offences,Local resolution,
ea68ea92f8476b2bdad47f2d0a05ec571182fb49bc075fc24643abbf577f8805,2026-07,Cumbria Constabulary,Cumbria Constabulary,-3.213371,54.113618,On or near Jarrow Street,E01034069,Barrow-in-Furness 007G,Violence and sexual offences,Under investigation,
b5c2e5e80a32ae7d5e27de3683c075b9eea85c95a4a89f5310bf79b2a3c52cbd,2026-07,Cumbria Constabulary,Cumbria Constabulary,-3.211841,54.113076,On or near Suffolk Street,E01034069,Barrow-in-Furness 007G,Violence and sexual offences,Under investigation,
7180d602a205922505f3437c80e79f4bab5390a7c5d87fde7cc8e75406184ef3,2026-07,Cumbria Constabulary,Cumbria Constabulary,-3.216522,54.112571,On or near Fenman Close,E01034069,Barrow-in-Furness 007G,Violence and sexual offences,Under investigation,
a979e97a2f5adb8bc649506eae2091dee78f4216bbd670c3d58051956fc0ae1e,2026-07,Cumbria Constabulary,Cumbria Constabulary,-3.216302,54.115485,On or near Lorne Road,E01034069,Barrow-in-Furness 007G,Violence and sexual offences,Under investigation,
958af30697e794e69262bc7201cecc07e236f8023238a24596ded7967974ddca,2026-07,Cumbria Constabulary,Cumbria Constabulary,-3.211935,54.110019,On or near Brigg'S Street,E01034069,Barrow-in-Furness 007G,Violence and sexual offences,Under investigation,
c16f7b80e61a9204372bd170249da2cbcd882cfe85f781d9b411d6cc185c4380,2026-07,Cumbria Constabulary,Cumbria Constabulary,-3.211935,54.110019,On or near Brigg'S Street,E01034069,Barrow-in-Furness 007G,Violence and sexual offences,Under investigation,
7a98adcc786b2407da30dbdc3c915e42c9b6c975c703e8a5a3f26b90147d2676,2026-07,Cumbria Constabulary,Cumbria Constabulary,-3.214346,54.113455,On or near Eskdale Avenue,E01034069,Barrow-in-Furness 007G,Violence and sexual offences,Under investigation,
6e769f290bf9d974dd9429314d013eb068f61a49a6207d19ae99e5cb6e3e080d,2026-07,Cumbria Constabulary,Cumbria Constabulary,-3.214664,54.110738,On or near Mosley Street,E01034069,Barrow-in-Furness 007G,Violence and sexual offences,Under investigation,
dd6923b7e400bb8622baec8e9411330a3e8017eee3d477a547537dcad8caac6c,2026-07,Cumbria Constabulary,Cumbria Constabulary,-3.214664,54.110738,On or near Mosley Street,E01034069,Barrow-in-Furness 007G,Violence and sexual offences,Under investigation,
,2026-07,Cumbria Constabulary,Cumbria Constabulary,-3.228295,54.110788,On or near Market Street,E01019141,Barrow-in-Furness 008A,Anti-social behaviour,,
029fb5e83909248ec2d09d300e5eb85987d6cbb00a4cdc5512213d8e469c900e,2026-07,Cumbria Constabulary,Cumbria Constabulary,-3.228099,54.112435,On or near Forshaw Street,E01019141,Barrow-in-Furness 008A,Burglary,Under investigation,
472946293f9c9629898587d3c0dc4d92ae32fcdc7e333bdd632e7443e5dcd087,2026-07,Cumbria Constabulary,Cumbria Constabulary,-3.228295,54.110788,On or near Market Street,E01019141,Barrow-in-Furness 008A,Burglary,Investigation complete; no suspect identified,
ca1a5bfc359b95b8a1a9280b124e8c4acfc4506dd4e8fdc0dfbdb966a4961325,2026-07,Cumbria Constabulary,Cumbria Constabulary,-3.224955,54.113716,On or near Shopping Area,E01019141,Barrow-in-Furness 008A,Burglary,Under investigation,
0e7fe2b340cbc94921e10591a8a62c8504af0faf678614b5792c0fd5a94161c3,2026-07,Cumbria Constabulary,Cumbria Constabulary,-3.228033,54.113326,On or near William Street,E01019141,Barrow-in-Furness 008A,Burglary,Under investigation,
b2732274fac2e3985301a00eb0105ff2cc38e21c391ec50795cd766ee99c759c,2026-07,Cumbria Constabulary,Cumbria Constabulary,-3.224322,54.112483,On or near Parking Area,E01019141,Barrow-in-Furness 008A,Criminal damage and arson,Investigation complete; no suspect identified,
0a7c374e53ee0ed5a55d35c780cc668faae87b7c4c891b2b8c6e54dbb84ed443,2026-07,Cumbria Constabulary,Cumbria Constabulary,-3.222569,54.114792,On or near Mcclean Close,E01019141,Barrow-in-Furness 008A,Drugs,Under investigation,
22efde839079b93a82e2d7a7e5815f4ffa761bd6523848aa0afbf9145c064e75,2026-07,Cumbria Constabulary,Cumbria Constabulary,-3.226552,54.110294,On or near Burlington Street,E01019141,Barrow-in-Furness 008A,Other theft,Under investigation,
eeb5124c3b2abbc07994239d428a22e702d4bae9abfcce91c1e289ccb627fab3,2026-07,Cumbria Constabulary,Cumbria Constabulary,-3.228033,54.113326,On or near William Street,E01019141,Barrow-in-Furness 008A,Possession of weapons,Awaiting court outcome,
cf442481840ea52bf8fb91596c273dbb84ca1d60837808d590ee5e337270c17e,2026-07,Cumbria Constabulary,Cumbria Constabulary,-3.228033,54.113326,On or near William Street,E01019141,Barrow-in-Furness 008A,Public order,Awaiting court outcome,
854517a325c7a94cb68526f29d14531fe591d89f416837f339ad5fb73d55a80b,2026-07,Cumbria Constabulary,Cumbria Constabulary,-3.221740,54.113111,On or near Rawlinson Street,E01019141,Barrow-in-Furness 008A,Public order,Under investigation,
5f9d8e6e5fa6ef95aa0692714413fff4d81c071791c7cc34e5c34a9c6d5e651c,2026-07,Cumbria Constabulary,Cumbria Constabulary,-3.223543,54.113587,On or near Robert Street,E01019141,Barrow-in-Furness 008A,Public order,Under investigation,
75eb3182ba74edcbaca2fddcdb169464fa0f334b938e33874d23ce63f58543f9,2026-07,Cumbria Constabulary,Cumbria Constabulary,-3.228033,54.113326,On or near William Street,E01019141,Barrow-in-Furness 008A,Public order,Awaiting court outcome,
d8e5ce352449e67f9ef04faa07aa68a31bccb0fe634439ebbe13960eb6a7f05e,2026-07,Cumbria Constabulary,Cumbria Constabulary,-3.228033,54.113326,On or near William Street,E01019141,Barrow-in-Furness 008A,Public order,Under investigation,
ad943951aa8674171d7ad4ed296e97acfa53e6b6f25290fc035291e223712309,2026-07,Cumbria Constabulary,Cumbria Constabulary,-3.221740,54.113111,On or near Rawlinson Street,E01019141,Barrow-in-Furness 008A,Public order,Under investigation,
efd324c9f151b0338692a83618625d2422aef2b2054d4f2870af8242c4d47b70,2026-07,Cumbria Constabulary,Cumbria Constabulary,-3.225518,54.114160,On or near Cavendish Street,E01019141,Barrow-in-Furness 008A,Public order,Under investigation,
7ae406dbd79089c0e6628ac558190a73f7ac78f5b45da403b8e7df3ed6febd34,2026-07,Cumbria Constabulary,Cumbria Constabulary,-3.224955,54.113716,On or near Shopping Area,E01019141,Barrow-in-Furness 008A,Public order,Under investigation,
bd672baced72278e0c18577ce448f3f27e12f76cef8fffe4247424b2823275ad,2026-07,Cumbria Constabulary,Cumbria Constabulary,-3.224322,54.112483,On or near Parking Area,E01019141,Barrow-in-Furness 008A,Public order,Under investigation,
ba6ebd74d3b0cca949d726304dbb2b1363f1705436bd78c0af38cc8c4ba035f3,2026-07,Cumbria Constabulary,Cumbria Constabulary,-3.224322,54.112483,On or near Parking Area,E01019141,Barrow-in-Furness 008A,Public order,Unable to prosecute suspect,
47a92707980f980ecbbd59d2f1bf53fd7075e84503cbf16a7eb7351a68ee8ca3,2026-07,Cumbria Constabulary,Cumbria Constabulary,-3.224322,54.112483,On or near Parking Area,E01019141,Barrow-in-Furness 008A,Public order,Unable to prosecute suspect,
da92a4661fdec8189b9439c48c797e1a04626c3735ea3c20f79221ffc38b6b61,2026-07,Cumbria Constabulary,Cumbria Constabulary,-3.224322,54.112483,On or near Parking Area,E01019141,Barrow-in-Furness 008A,Public order,Under investigation,
cddae0e272d7760344f013d48595509783fb85d583d6c6293c8e51255ab08a5f,2026-07,Cumbria Constabulary,Cumbria Constabulary,-3.223212,54.113240,On or near Allison Street,E01019141,Barrow-in-Furness 008A,Public order,Under investigation,
1122527dfa8ed777dd4215e38f0c6e986db0b316fd92cd43c0258b43e4a112f2,2026-07,Cumbria Constabulary,Cumbria Constabulary,-3.224955,54.113716,On or near Shopping Area,E01019141,Barrow-in-Furness 008A,Public order,Under investigation,
bb071a6047b3011af7e20b5aff73d54effb97b34d19deb64b80b3c5708cc7ee2,2026-07,Cumbria Constabulary,Cumbria Constabulary,-3.222569,54.114792,On or near Mcclean Close,E01019141,Barrow-in-Furness 008A,Shoplifting,Unable to prosecute suspect,
8366641e83026e35ceb25e08ac863417983d9808fbe9b36728ba22fa150b45b6,2026-07,Cumbria Constabulary,Cumbria Constabulary,-3.224322,54.112483,On or near Parking Area,E01019141,Barrow-in-Furness 008A,Shoplifting,Investigation complete; no suspect identified,
12cb0543c656332a49334cbc555a1d05798184ea362ea2e76b8e2c8632724397,2026-07,Cumbria Constabulary,Cumbria Constabulary,-3.222569,54.114792,On or near Mcclean Close,E01019141,Barrow-in-Furness 008A,Shoplifting,Investigation complete; no suspect identified,
ea67653af2133fc508e4b95bac5a9ab1335e55f1bd80db11ed7097b55c4ad8c5,2026-07,Cumbria Constabulary,Cumbria Constabulary,-3.227469,54.112855,On or near Parking Area,E01019141,Barrow-in-Furness 008A,Shoplifting,Under investigation,
d9ee41df8b52b0fa565ee4777cab3de115d16a58c82b14dccf179acc88a5034b,2026-07,Cumbria Constabulary,Cumbria Constabulary,-3.227469,54.112855,On or near Parking Area,E01019141,Barrow-in-Furness 008A,Shoplifting,Investigation complete; no suspect identified,
b8423250570bcd655dec9bc92a22dba178938933921b6d6aafed841c295a0aa3,2026-07,Cumbria Constabulary,Cumbria Constabulary,-3.222569,54.114792,On or near Mcclean Close,E01019141,Barrow-in-Furness 008A,Theft from the person,Under investigation,
77a891cb9e83af3cc80aa78bc97a6444c3e51f669a001e865fae09557cdab424,2026-07,Cumbria Constabulary,Cumbria Constabulary,-3.230923,54.111732,On or near Lawson Street,E01019141,Barrow-in-Furness 008A,Vehicle crime,Investigation complete; no suspect identified,
acbacd9bb6b648548dfb5ca212f6fec24c7042e748e807ce42a07dd1dda5e72d,2026-07,Cumbria Constabulary,Cumbria Constabulary,-3.226552,54.110294,On or near Burlington Street,E01019141,Barrow-in-Furness 008A,Vehicle crime,Under investigation,
948941f87db85321f77494991339666fae2d5cfdfe101aa6eadf0e925556e36b,2026-07,Cumbria Constabulary,Cumbria Constabulary,-3.230923,54.111732,On or near Lawson Street,E01019141,Barrow-in-Furness 008A,Vehicle crime,Under investigation,
f01d187e12ef97fcb86b0d647863765d830d659092aa119e32b224a9e5cf814d,2026-07,Cumbria Constabulary,Cumbria Constabulary,-3.228033,54.113326,On or near William Street,E01019141,Barrow-in-Furness 008A,Violence and sexual offences,Under investigation,
4e6bd083729b74e9aa7447cb838b5ee8d3c81d88d6380ae084cda7a846880075,2026-07,Cumbria Constabulary,Cumbria Constabulary,-3.222569,54.114792,On or near Mcclean Close,E01019141,Barrow-in-Furness 008A,Violence and sexual offences,Unable to prosecute suspect,
1307a343b4b68c59b28093851fa5e446ce4c96548303e9f84910199d4955ab95,2026-07,Cumbria Constabulary,Cumbria Constabulary,-3.224955,54.113716,On or near Shopping Area,E01019141,Barrow-in-Furness 008A,Violence and sexual offences,Under investigation,
c7a4caaa58c972a7df1b51245efeb2d98960cdc91db941dccb6bff01b8efdc49,2026-07,Cumbria Constabulary,Cumbria Constabulary,-3.221668,54.113786,On or near Silverdale Street,E01019141,Barrow-in-Furness 008A,Violence and sexual offences,Unable to prosecute suspect,
aeff55e58426130b0dce784ef9a578af3f23885ebca6ed7746ee2241e1fc0c09,2026-07,Cumbria Constabulary,Cumbria Constabulary,-3.228033,54.113326,On or near William Street,E01019141,Barrow-in-Furness 008A,Violence and sexual offences,Unable to prosecute suspect,
171cf1e62bcc658bb8e3e4edacc7f6cd89d37b2e529f671ba657ecc58afc613f,2026-07,Cumbria Constabulary,Cumbria Constabulary,-3.230923,54.111732,On or near Lawson Street,E01019141,Barrow-in-Furness 008A,Violence and sexual offences,Under investigation,
aedea1623304ccabe6585e508d878748e58844bffd14eb2df3302f884bcabeb5,2026-07,Cumbria Constabulary,Cumbria Constabulary,-3.224955,54.113716,On or near Shopping Area,E01019141,Barrow-in-Furness 008A,Violence and sexual offences,Under investigation,
e1d68ba21742fd070b3c629e2da4b3990ebf24780be3753fdcbc27869c4cc4fd,2026-07,Cumbria Constabulary,Cumbria Constabulary,-3.222569,54.114792,On or near Mcclean Close,E01019141,Barrow-in-Furness 008A,Violence and sexual offences,Under investigation,
edf7665fab9ef5e5b521edf5881cf60cbf6a2048d966172a8055ae079030d35a,2026-07,Cumbria Constabulary,Cumbria Constabulary,-3.225518,54.114160,On or near Cavendish Street,E01019141,Barrow-in-Furness 008A,Violence and sexual offences,Unable to prosecute suspect,
f1e21b3712ef921b2f8b3fc6988a5f4708f42957df9312efc9e8c52afc354542,2026-07,Cumbria Constabulary,Cumbria Constabulary,-3.227469,54.112855,On or near Parking Area,E01019141,Barrow-in-Furness 008A,Violence and sexual offences,Under investigation,
482ba28c5de6018ae22cc79dd271203573edc4d2da4d3c6fd4fb3c0eb88fdcb4,2026-07,Cumbria Constabulary,Cumbria Constabulary,-3.227469,54.112855,On or near Parking Area,E01019141,Barrow-in-Furness 008A,Violence and sexual offences,Under investigation,
21b97f2e824a467328f9615d516e6ae4ff6bcb690a61efa90eaee6a3516d8711,2026-07,Cumbria Constabulary,Cumbria Constabulary,-3.222569,54.114792,On or near Mcclean Close,E01019141,Barrow-in-Furness 008A,Violence and sexual offences,Under investigation,
31d10cd7f306ed4534b6d960bcca1a14b073d3162e8ac54f917ed0c3acc34d10,2026-07,Cumbria Constabulary,Cumbria Constabulary,-3.222569,54.114792,On or near Mcclean Close,E01019141,Barrow-in-Furness 008A,Violence and sexual offences,Investigation complete; no suspect identified,
67164d5c5e468238f5770b7411cfd3972e42f8c8e590aa128b5ad62cd6973cdc,2026-07,Cumbria Constabulary,Cumbria Constabulary,-3.223764,54.114331,On or near Hall Street,E01019141,Barrow-in-Furness 008A,Violence and sexual offences,Under investigation,
76ba475d1ca6c81de63297825800e39161a8295baee59fbbf95511bdea9eb740,2026-07,Cumbria Constabulary,Cumbria Constabulary,-3.228991,54.112093,On or near Sidney Street,E01019141,Barrow-in-Furness 008A,Violence and sexual offences,Investigation complete; no suspect identified,
27771c6c18fd49be0cf7c3bd10a33521a47bd9bebb25311c6760a50b75c3909f,2026-07,Cumbria Constabulary,Cumbria Constabulary,-3.222480,54.114353,On or near Crellin Street,E01019141,Barrow-in-Furness 008A,Violence and sexual offences,Unable to prosecute suspect,
4bdb7ebdda046edfa2cc13b9de5fe3c22d6af355e258945cabfc45542a0d24b9,2026-07,Cumbria Constabulary,Cumbria Constabulary,-3.221668,54.113786,On or near Silverdale Street,E01019141,Barrow-in-Furness 008A,Violence and sexual offences,Under investigation,
b8d588b9f65dd318541aa2a53e7f333fb22e9d283bbeaad522eb95e0debdaf36,2026-07,Cumbria Constabulary,Cumbria Constabulary,-3.223764,54.114331,On or near Hall Street,E01019141,Barrow-in-Furness 008A,Violence and sexual offences,Under investigation,
668037d9644d19b445c9fdf381d92d09d0a1a05ad23a7fea22f9660884c2eae1,2026-07,Cumbria Constabulary,Cumbria Constabulary,-3.228295,54.110788,On or near Market Street,E01019141,Barrow-in-Furness 008A,Violence and sexual offences,Under investigation,
a162822d8f87aca7a2b51bceb15a64b0819860c63ec5ddec77103aac433403f8,2026-07,Cumbria Constabulary,Cumbria Constabulary,-3.228295,54.110788,On or near Market Street,E01019141,Barrow-in-Furness 008A,Violence and sexual offences,Under investigation,
a00af75615464120bddda26ff3c60d20ca2a67214da163cc4dc8642d66bd9708,2026-07,Cumbria Constabulary,Cumbria Constabulary,-3.221668,54.113786,On or near Silverdale Street,E01019141,Barrow-in-Furness 008A,Violence and sexual offences,Unable to prosecute suspect,
e743f43c6501ec893ac6e63b669593b83cd0bec13be145ad01b23e76bbeaa37c,2026-07,Cumbria Constabulary,Cumbria Constabulary,-3.222569,54.114792,On or near Mcclean Close,E01019141,Barrow-in-Furness 008A,Violence and sexual offences,Under investigation,
5d79cf04ccf5fee531fb962afdb42451762a1285a8499dba01f1447ab8a0f515,2026-07,Cumbria Constabulary,Cumbria Constabulary,-3.221952,54.114089,On or near Arnside Street,E01019141,Barrow-in-Furness 008A,Violence and sexual offences,Unable to prosecute suspect,
a2b5e47ba1832595e7a654b5f21c14a9950a2e5c4e4481885497585af8c18a2d,2026-07,Cumbria Constabulary,Cumbria Constabulary,-3.223543,54.113587,On or near Robert Street,E01019141,Barrow-in-Furness 008A,Violence and sexual offences,Unable to prosecute suspect,
664347d646f0e89ffdf05391bd968a78dcc9bf6652edcf7798fc18d2bea203c6,2026-07,Cumbria Constabulary,Cumbria Constabulary,-3.224955,54.113716,On or near Shopping Area,E01019141,Barrow-in-Furness 008A,Violence and sexual offences,Investigation complete; no suspect identified,
8fef8b9836e03ef0cc0c11f91c03f3eae9084f9933b927504810566c6f26dfeb,2026-07,Cumbria Constabulary,Cumbria Constabulary,-3.221668,54.113786,On or near Silverdale Street,E01019141,Barrow-in-Furness 008A,Violence and sexual offences,Unable to prosecute suspect,
0aa2a25fce248bff787ae4e371bfdc249d6bde3f2d67991a1d07f73ab3ee9184,2026-07,Cumbria Constabulary,Cumbria Constabulary,-3.228033,54.113326,On or near William Street,E01019141,Barrow-in-Furness 008A,Violence and sexual offences,Under investigation,
9448fe2077d60d182220e1ea29fb881e593e2f10ac74fe39c8fede4998cb425a,2026-07,Cumbria Constabulary,Cumbria Constabulary,-3.227273,54.111940,On or near Parking Area,E01019141,Barrow-in-Furness 008A,Violence and sexual offences,Under investigation,
4f46a3801af5d665a3bd57ff8b4e907ad5dce06ec1f76ab7ae0f476e75e486b5,2026-07,Cumbria Constabulary,Cumbria Constabulary,-3.223244,54.113284,On or near James Street,E01019141,Barrow-in-Furness 008A,Violence and sexual offences,Under investigation,
79b0b5bd59b79c38b116fa2dbf631bb9ebb5a8bbf5b9459b220a79d6e0b3b423,2026-07,Cumbria Constabulary,Cumbria Constabulary,-3.221952,54.114089,On or near Arnside Street,E01019141,Barrow-in-Furness 008A,Violence and sexual offences,Under investigation,
0e824b5612e9cd659c55629e2833d23ac1a3bbc7c27e1eb1578479f9e1294a7a,2026-07,Cumbria Constabulary,Cumbria Constabulary,-3.229757,54.112130,On or near Duncan Street,E01019141,Barrow-in-Furness 008A,Violence and sexual offences,Under investigation,
7b6c2500fc0bb5aa8a842923df69af339e8a1747cc601e692c8e62414cf10d22,2026-07,Cumbria Constabulary,Cumbria Constabulary,-3.222569,54.114792,On or near Mcclean Close,E01019141,Barrow-in-Furness 008A,Violence and sexual offences,Under investigation,
4a168261cf530e5127db119e554bd4e207fed7d1f79700f33404c725314d966c,2026-07,Cumbria Constabulary,Cumbria Constabulary,-3.216514,54.110719,On or near Argyle Place,E01019142,Barrow-in-Furness 008B,Criminal damage and arson,Unable to prosecute suspect,
b98eaaf9159828229fb92142ec9c18b6f28aa422a0f079f297071c341ad9caac,2026-07,Cumbria Constabulary,Cumbria Constabulary,-3.218649,54.110482,On or near Smeaton Street,E01019142,Barrow-in-Furness 008B,Criminal damage and arson,Unable to prosecute suspect,
3a63754d8d27b92cd57a065a265a0bd40a57c99fa855bd9d06d419a51b6f2be3,2026-07,Cumbria Constabulary,Cumbria Constabulary,-3.218124,54.113444,On or near Greengate Street,E01019142,Barrow-in-Furness 008B,Criminal damage and arson,Under investigation,
20fc1781bd03f0939b5a46953a422cc029f265d9ac7aff51a4d2c662e01e22e5,2026-07,Cumbria Constabulary,Cumbria Constabulary,-3.219671,54.111424,On or near Penrith Place,E01019142,Barrow-in-Furness 008B,Criminal damage and arson,Investigation complete; no suspect identified,
0b0363d31365a0f3d287b83e1703ba5c4e521cb98ab1df3e87e453b0fc0d97cf,2026-07,Cumbria Constabulary,Cumbria Constabulary,-3.221913,54.113298,On or near Lord Street,E01019142,Barrow-in-Furness 008B,Drugs,Offender given a caution,
62cd550827bf46715b9de96303dc0049d91bce750b54fdd6569f40674cba3f8c,2026-07,Cumbria Constabulary,Cumbria Constabulary,-3.218649,54.110482,On or near Smeaton Street,E01019142,Barrow-in-Furness 008B,Drugs,Local resolution,
ed4b9fa4c22e39a08c797cb9755da624bcabbbc775bf26e8a6815bafb3c22f58,2026-07,Cumbria Constabulary,Cumbria Constabulary,-3.218756,54.112575,On or near Florence Street,E01019142,Barrow-in-Furness 008B,Public order,Unable to prosecute suspect,
0ebf8aa9fef4f851aadeb479c1ef1914f8d0ddb55943a43073730253e169d214,2026-07,Cumbria Constabulary,Cumbria Constabulary,-3.217905,54.111217,On or near Glasgow Street,E01019142,Barrow-in-Furness 008B,Robbery,Under investigation,
131da981eee6def2976833d80cb03108514e5f09b811b2aaeffb78a04fe11505,2026-07,Cumbria Constabulary,Cumbria Constabulary,-3.219671,54.111424,On or near Penrith Place,E01019142,Barrow-in-Furness 008B,Shoplifting,Investigation complete; no suspect identified,
3ace2bf4bf22d14b929c0d50fe0c82b5b3fc527cc5c1c17aa989beb6f1804f40,2026-07,Cumbria Constabulary,Cumbria Constabulary,-3.217219,54.112330,On or near Marsh Street,E01019142,Barrow-in-Furness 008B,Shoplifting,Under investigation,
03b0aaad39c3ebc811a84a7c3dfe9924e15ecd9035df01d8052c6edfc7b26881,2026-07,Cumbria Constabulary,Cumbria Constabulary,-3.217696,54.112415,On or near Dumfries Street,E01019142,Barrow-in-Furness 008B,Violence and sexual offences,Under investigation,
863366336e1ca16518dbc75f2decdc38ff51016651ba573533ad151be4b7c045,2026-07,Cumbria Constabulary,Cumbria Constabulary,-3.216514,54.110719,On or near Argyle Place,E01019142,Barrow-in-Furness 008B,Violence and sexual offences,Under investigation,
f0f9bf8e239c068beea1f749dffc2784d6626456f85431dc484c2d5d229f0c51,2026-07,Cumbria Constabulary,Cumbria Constabulary,-3.217203,54.110739,On or near Argyle Street,E01019142,Barrow-in-Furness 008B,Violence and sexual offences,Under investigation,
bc9f5469e7867beba1b86b765cb3f53e6c1177dfa2ee4cf58fe48a2cb09b47eb,2026-07,Cumbria Constabulary,Cumbria Constabulary,-3.219857,54.112034,On or near Mercer Street,E01019142,Barrow-in-Furness 008B,Violence and sexual offences,Under investigation,
64ba61c8986a33ace61ceacbdd22b5794db230373092eab0a2adf0b75c0a15ac,2026-07,Cumbria Constabulary,Cumbria Constabulary,-3.219166,54.113506,On or near Thompson Street,E01019142,Barrow-in-Furness 008B,Violence and sexual offences,Action to be taken by another organisation,
8fc0c4ed38e745e157825c95727076bcaebe96fb87f707f22a7bf43bd0051109,2026-07,Cumbria Constabulary,Cumbria Constabulary,-3.216514,54.110719,On or near Argyle Place,E01019142,Barrow-in-Furness 008B,Violence and sexual offences,Under investigation,
,2026-07,Cumbria Constabulary,Cumbria Constabulary,-3.220580,54.110103,On or near Cross Street,E01019143,Barrow-in-Furness 008C,Anti-social behaviour,,
,2026-07,Cumbria Constabulary,Cumbria Constabulary,-3.223660,54.109245,On or near Stark Street,E01019143,Barrow-in-Furness 008C,Anti-social behaviour,,
c98b8105a10d4b24194b655b361e8b0b7f7e403030b1e0a5494fb8aaea67558f,2026-07,Cumbria Constabulary,Cumbria Constabulary,-3.217722,54.109664,On or near Penarth Street,E01019143,Barrow-in-Furness 008C,Burglary,Unable to prosecute suspect,
44929ba22cfc560aa491741d29f6ebfab6878d2eb98a921d67164fce6dde88e5,2026-07,Cumbria Constabulary,Cumbria Constabulary,-3.217722,54.109664,On or near Penarth Street,E01019143,Barrow-in-Furness 008C,Burglary,Under investigation,
9f33b36baf695e9ac4dd580ceaacf503f93c99024b3c33835727115556bc7460,2026-07,Cumbria Constabulary,Cumbria Constabulary,-3.220934,54.108607,On or near Lonsdale Street,E01019143,Barrow-in-Furness 008C,Burglary,Unable to prosecute suspect,
fdf49c0dda575cf0f1547a96c9c4cb3a2c08af1bb7e2734f46e40e26365c8eed,2026-07,Cumbria Constabulary,Cumbria Constabulary,-3.220646,54.110776,On or near Ramsden Street,E01019143,Barrow-in-Furness 008C,Criminal damage and arson,Awaiting court outcome,
312868f257235311634d7acbb6ba88bf972f1e5319c1614bc16749edec23648d,2026-07,Cumbria Constabulary,Cumbria Constabulary,-3.220580,54.110103,On or near Cross Street,E01019143,Barrow-in-Furness 008C,Criminal damage and arson,Investigation complete; no suspect identified,
9657566ca12dec0b12efcf52026ae261bb75a0c5ffb12c8c98b69d2f92f26ed0,2026-07,Cumbria Constabulary,Cumbria Constabulary,-3.223660,54.109245,On or near Stark Street,E01019143,Barrow-in-Furness 008C,Criminal damage and arson,Investigation complete; no suspect identified,
a618ba76d6b549f0b947f09f60b12c2e6461ed399a01dcb761d6ce9d69331f26,2026-07,Cumbria Constabulary,Cumbria Constabulary,-3.220580,54.110103,On or near Cross Street,E01019143,Barrow-in-Furness 008C,Criminal damage and arson,Investigation complete; no suspect identified,
914c84a8eec139f9a16c68b31fcc389f92f4aef85b570ad74fc66f7ad5a146a9,2026-07,Cumbria Constabulary,Cumbria Constabulary,-3.216322,54.109373,On or near Macadam Street,E01019143,Barrow-in-Furness 008C,Drugs,Under investigation,
9e28fbe9f4d3429e4ab557113f575400646b50293fdba783e08aac920351ce3a,2026-07,Cumbria Constabulary,Cumbria Constabulary,-3.221470,54.109653,On or near Albert Street,E01019143,Barrow-in-Furness 008C,Public order,Under investigation,
0efcaeb6edaa0dc2a5782fe3c5f905be6d56b4c5b29f290c0f1cda0b5cdab83c,2026-07,Cumbria Constabulary,Cumbria Constabulary,-3.216579,54.109793,On or near Back Barton Street,E01019143,Barrow-in-Furness 008C,Public order,Under investigation,
5ad9a929510aec34b8edca299a8b2383a0d8ee0c95ae23bb24750fa2b648c74d,2026-07,Cumbria Constabulary,Cumbria Constabulary,-3.223660,54.109245,On or near Stark Street,E01019143,Barrow-in-Furness 008C,Shoplifting,Investigation complete; no suspect identified,
d4979021796e6b16e5005fe1d9047ae7451c6a9ee4ed06d3f7f1f566716ae5f4,2026-07,Cumbria Constabulary,Cumbria Constabulary,-3.223660,54.109245,On or near Stark Street,E01019143,Barrow-in-Furness 008C,Shoplifting,Investigation complete; no suspect identified,
d677ac81d8af9aec1eb7b518f632023d7c48e7ad1c0d8ffad599a1bc3a2bff0c,2026-07,Cumbria Constabulary,Cumbria Constabulary,-3.223660,54.109245,On or near Stark Street,E01019143,Barrow-in-Furness 008C,Shoplifting,Investigation complete; no suspect identified,
a323123360ae7cf00f0b370e278e8bedf82575d3d018a5d8081d93f4459e0ce4,2026-07,Cumbria Constabulary,Cumbria Constabulary,-3.223660,54.109245,On or near Stark Street,E01019143,Barrow-in-Furness 008C,Shoplifting,Awaiting court outcome,
cb61c903aa4d1ab45ba95b1ae535c16b957127f822a5161ca802f3edb8aff3ba,2026-07,Cumbria Constabulary,Cumbria Constabulary,-3.223660,54.109245,On or near Stark Street,E01019143,Barrow-in-Furness 008C,Shoplifting,Under investigation,
788d279a48404f7ecfb5f88d6dd560890a81d8a505d7124fb0c1953f5e114d9f,2026-07,Cumbria Constabulary,Cumbria Constabulary,-3.223660,54.109245,On or near Stark Street,E01019143,Barrow-in-Furness 008C,Shoplifting,Under investigation,
a6481cd5a37538c8e7c11108a2f249b04bcaf3f98d5dee8c900e27029f9b5a59,2026-07,Cumbria Constabulary,Cumbria Constabulary,-3.223660,54.109245,On or near Stark Street,E01019143,Barrow-in-Furness 008C,Shoplifting,Under investigation,
b46510562675dcd4903b36477a34f11e5fce2f7d14c2670d08646f979b1c74e0,2026-07,Cumbria Constabulary,Cumbria Constabulary,-3.223660,54.109245,On or near Stark Street,E01019143,Barrow-in-Furness 008C,Shoplifting,Under investigation,
83de91956e88ee9374623dbaa3dd899fdd9ab418641f450300870a8dea1243a1,2026-07,Cumbria Constabulary,Cumbria Constabulary,-3.223660,54.109245,On or near Stark Street,E01019143,Barrow-in-Furness 008C,Shoplifting,Under investigation,
fc5ef2dddbba05522b1a83decba3202fccbebac7836ae091b3d536f0007b18b4,2026-07,Cumbria Constabulary,Cumbria Constabulary,-3.227559,54.109169,On or near Petrol Station,E01019143,Barrow-in-Furness 008C,Vehicle crime,Investigation complete; no suspect identified,
a17eefa2b8fe63345061985cd514c4431e46edc0670852a2e4b9acd3a4f00b41,2026-07,Cumbria Constabulary,Cumbria Constabulary,-3.216579,54.109793,On or near Back Barton Street,E01019143,Barrow-in-Furness 008C,Violence and sexual offences,Under investigation,
821c3e3bb48ea2edb01f685bf30d965a28f945a202144c62315976c2691556ba,2026-07,Cumbria Constabulary,Cumbria Constabulary,-3.222725,54.108643,On or near Shore Street,E01019143,Barrow-in-Furness 008C,Violence and sexual offences,Under investigation,
842b460319cc10648dafa38f516c8c739e54e2cfb1480001d0bafcac70baa834,2026-07,Cumbria Constabulary,Cumbria Constabulary,-3.220646,54.110776,On or near Ramsden Street,E01019143,Barrow-in-Furness 008C,Violence and sexual offences,Unable to prosecute suspect,
b6b2f30d931ea7c1fcf63f33d7d26d4b672050c5755292fffa64f349a83e9858,2026-07,Cumbria Constabulary,Cumbria Constabulary,-3.222285,54.110849,On or near Storey Square,E01019143,Barrow-in-Furness 008C,Violence and sexual offences,Investigation complete; no suspect identified,
a1659271e2460874d6777f3147000d6e7c996bf75407660fe39b45b7ec4aa852,2026-07,Cumbria Constabulary,Cumbria Constabulary,-3.224903,54.111434,On or near Parking Area,E01019143,Barrow-in-Furness 008C,Violence and sexual offences,Awaiting court outcome,
de8c5e079de0e3952557a7e5ad76e08239e6bef165e1bd385076da93da7433b5,2026-07,Cumbria Constabulary,Cumbria Constabulary,-3.224903,54.111434,On or near Parking Area,E01019143,Barrow-in-Furness 008C,Violence and sexual offences,Awaiting court outcome,
aab6e800687a5f64c9ed9986c484df5c89c1eebb9761218c69bcf1cbaf7f2806,2026-07,Cumbria Constabulary,Cumbria Constabulary,-3.222129,54.109710,On or near Brown Street,E01019143,Barrow-in-Furness 008C,Violence and sexual offences,Unable to prosecute suspect,
8812eb2ac1c81ee818db91b429de51d8a8c75fcc76cca8ce3a5dc3fe2cfb6b3f,2026-07,Cumbria Constabulary,Cumbria Constabulary,-3.219798,54.110012,On or near Hope Street,E01019143,Barrow-in-Furness 008C,Violence and sexual offences,Under investigation,
bd7b59baea9f625bc99485cdf42a5c49e7956a410426a607d70e43e7cd588a77,2026-07,Cumbria Constabulary,Cumbria Constabulary,-3.219798,54.110012,On or near Hope Street,E01019143,Barrow-in-Furness 008C,Violence and sexual offences,Under investigation,
20d699b7c9c52017f9f0a39856e37e6eb3060bd091454624597f38a765213ca9,2026-07,Cumbria Constabulary,Cumbria Constabulary,-3.219798,54.110012,On or near Hope Street,E01019143,Barrow-in-Furness 008C,Violence and sexual offences,Under investigation,
087d616a634bd49b88ae18e50c2b952b9d5fcede8fa0fda4e1ec91776dcbdb6a,2026-07,Cumbria Constabulary,Cumbria Constabulary,-3.222758,54.111330,On or near Mount Pleasant,E01019143,Barrow-in-Furness 008C,Violence and sexual offences,Awaiting court outcome,
c9ebb73a83cceac8fd642c2ec403e741baf3220253dfec4bbcc2103f97c54a51,2026-07,Cumbria Constabulary,Cumbria Constabulary,-3.219798,54.110012,On or near Hope Street,E01019143,Barrow-in-Furness 008C,Violence and sexual offences,Under investigation,
751aa881152c91848c9cfcd7778827b8e063bb3ca2ae9333d38a6efa73a6bd6c,2026-07,Cumbria Constabulary,Cumbria Constabulary,-3.221484,54.108071,On or near Parking Area,E01019143,Barrow-in-Furness 008C,Violence and sexual offences,Under investigation,
fe1142ed99f48c766992e72658c6506ddbf1d8daa52963df0493b014575d0fb6,2026-07,Cumbria Constabulary,Cumbria Constabulary,-3.220580,54.110103,On or near Cross Street,E01019143,Barrow-in-Furness 008C,Violence and sexual offences,Unable to prosecute suspect,
c9b3e55aac1d4c1061fe78fd78af2638710a42f05d0d9530c0b85cfdd179ea42,2026-07,Cumbria Constabulary,Cumbria Constabulary,-3.222758,54.111330,On or near Mount Pleasant,E01019143,Barrow-in-Furness 008C,Other crime,Under investigation,
,2026-07,Cumbria Constabulary,Cumbria Constabulary,-3.225653,54.115597,On or near Emlyn Street,E01019157,Barrow-in-Furness 008D,Anti-social behaviour,,
,2026-07,Cumbria Constabulary,Cumbria Constabulary,-3.221337,54.115560,On or near Gradwell Court,E01019157,Barrow-in-Furness 008D,Anti-social behaviour,,
c4d93ab81b476294d63a2baed9d165e625071bab081de7a52a109dc51b649da2,2026-07,Cumbria Constabulary,Cumbria Constabulary,-3.226533,54.116406,On or near Parking Area,E01019157,Barrow-in-Furness 008D,Burglary,Unable to prosecute suspect,
a6c981a90db7e539343e561dcaa9e62b89fdb71c6f8485fb29ee9ffdf2f3e969,2026-07,Cumbria Constabulary,Cumbria Constabulary,-3.223562,54.115771,On or near Thwaite Street,E01019157,Barrow-in-Furness 008D,Burglary,Under investigation,
c85b33d9a62a99f70cfec03c27405b5ae5be5af27283daedd75f845d50d102a5,2026-07,Cumbria Constabulary,Cumbria Constabulary,-3.224775,54.114878,On or near Fenton Street,E01019157,Barrow-in-Furness 008D,Criminal damage and arson,Unable to prosecute suspect,
c8e8fb478293fd8e7c938cf43d96786cbff1ac6f7ed8a19cd6e97674f6f0ce5c,2026-07,Cumbria Constabulary,Cumbria Constabulary,-3.225897,54.114543,On or near Parking Area,E01019157,Barrow-in-Furness 008D,Criminal damage and arson,Investigation complete; no suspect identified,
280fb747c700e5b80816a964a0fe066c385c599c7de695ab1df32e1cd94ce25a,2026-07,Cumbria Constabulary,Cumbria Constabulary,-3.226006,54.115117,On or near Manchester Street,E01019157,Barrow-in-Furness 008D,Criminal damage and arson,Under investigation,
55ad0bc76b244c6a0391b599215ba94610bd9aec09382c87751b126e4c270659,2026-07,Cumbria Constabulary,Cumbria Constabulary,-3.226901,54.114362,On or near Shopping Area,E01019157,Barrow-in-Furness 008D,Drugs,Local resolution,
55ab6c4abe7c16d8f022a22f4622da081db94398e0ff84dc3eb15fd5f09a3989,2026-07,Cumbria Constabulary,Cumbria Constabulary,-3.231162,54.113608,On or near Sports/Recreation Area,E01019157,Barrow-in-Furness 008D,Drugs,Offender given a caution,
f73a7888ae46be94c92bc804a1e4e7c5479db9dafeaaff410965af955f1d3653,2026-07,Cumbria Constabulary,Cumbria Constabulary,-3.225346,54.116103,On or near Carlisle Street,E01019157,Barrow-in-Furness 008D,Drugs,Under investigation,
6eb0067806e4faaab7e94d0448dd68255da0c26c2ef569fe5a33a620948f4f0c,2026-07,Cumbria Constabulary,Cumbria Constabulary,-3.223620,54.116202,On or near Mill Street,E01019157,Barrow-in-Furness 008D,Drugs,Local resolution,
10f96ee52ea3383439ea65cf4da9b011cab00644e1be05515ad75174dccc8feb,2026-07,Cumbria Constabulary,Cumbria Constabulary,-3.223562,54.115771,On or near Thwaite Street,E01019157,Barrow-in-Furness 008D,Other theft,Investigation complete; no suspect identified,
f3dcea6e415cb160bf0ccc156b6d449265b44f63062206778d07f5b5b10502a1,2026-07,Cumbria Constabulary,Cumbria Constabulary,-3.228346,54.115093,On or near Coulton Street,E01019157,Barrow-in-Furness 008D,Possession of weapons,Awaiting court outcome,
dd71384401cf90f2815465abd4a8dacbfd8a914e0ea89e6dc259a1a81fef696f,2026-07,Cumbria Constabulary,Cumbria Constabulary,-3.224268,54.116878,On or near Whitehead Street,E01019157,Barrow-in-Furness 008D,Public order,Under investigation,
612589a2e0e445a9c110d2b1cd7ffd06a1188d34360f3754fdc7e445dbbf8ebb,2026-07,Cumbria Constabulary,Cumbria Constabulary,-3.228103,54.117738,On or near Milton Street,E01019157,Barrow-in-Furness 008D,Public order,Under investigation,
0b6c8f6b36d981b7b248671df5bf3d7298fd18f4ba7be9f20790a9ed43544ee9,2026-07,Cumbria Constabulary,Cumbria Constabulary,-3.224775,54.114878,On or near Fenton Street,E01019157,Barrow-in-Furness 008D,Public order,Unable to prosecute suspect,
bbf4ac6b571534ab632161d7862c1dfac394aa81acdc80e270f444cd39095ffd,2026-07,Cumbria Constabulary,Cumbria Constabulary,-3.228103,54.117738,On or near Milton Street,E01019157,Barrow-in-Furness 008D,Public order,Under investigation,
dad08e41803660bb23c948bbbdb1b546c60225c446d52ed8738518e5569ee9b9,2026-07,Cumbria Constabulary,Cumbria Constabulary,-3.221337,54.115560,On or near Gradwell Court,E01019157,Barrow-in-Furness 008D,Public order,Unable to prosecute suspect,
70b17565ce2ee74f5a3fd00d42e2d520ff9a0441ca4850175ee53683b957ea6d,2026-07,Cumbria Constabulary,Cumbria Constabulary,-3.227421,54.116945,On or near Dryden Street,E01019157,Barrow-in-Furness 008D,Public order,Under investigation,
dcd4e4c226d5a5d84e757cdf86ca61446b10eab95f8d2643fd45f555f3dc715a,2026-07,Cumbria Constabulary,Cumbria Constabulary,-3.227421,54.116945,On or near Dryden Street,E01019157,Barrow-in-Furness 008D,Public order,Under investigation,
62399fd3dd4113c0c376d91aa82fe1de1bea2cb6abad03743f4266159d171bb0,2026-07,Cumbria Constabulary,Cumbria Constabulary,-3.227566,54.115101,On or near Whittaker Street,E01019157,Barrow-in-Furness 008D,Public order,Under investigation,
5f2a0175b9fa161badc27db4909292a5f6314c00a25cf208a5d7ce51cb0b6cf7,2026-07,Cumbria Constabulary,Cumbria Constabulary,-3.228257,54.114168,On or near Dalkeith Street,E01019157,Barrow-in-Furness 008D,Shoplifting,Under investigation,
11b907f5893299c0f4c1011510bcb9728b9645e279640a82cb6ced08705cbfb5,2026-07,Cumbria Constabulary,Cumbria Constabulary,-3.226533,54.116406,On or near Parking Area,E01019157,Barrow-in-Furness 008D,Vehicle crime,Investigation complete; no suspect identified,
8bb4a48f241c3ed0b0deff0fef16fbccbd317b3ea74515cd5cb05d4dc1d1ffc7,2026-07,Cumbria Constabulary,Cumbria Constabulary,-3.228346,54.115093,On or near Coulton Street,E01019157,Barrow-in-Furness 008D,Violence and sexual offences,Awaiting court outcome,
0ca4a25410d4bd20f4c833a15c8b17b3b1489e4b747870beea91e198e7ee63dc,2026-07,Cumbria Constabulary,Cumbria Constabulary,-3.225897,54.114543,On or near Parking Area,E01019157,Barrow-in-Furness 008D,Violence and sexual offences,Under investigation,
fbf655fde8dfebc53279f78efa0e4288d305216b5280ff23005be935176df241,2026-07,Cumbria Constabulary,Cumbria Constabulary,-3.228346,54.115093,On or near Coulton Street,E01019157,Barrow-in-Furness 008D,Violence and sexual offences,Unable to prosecute suspect,
ef30f1a4c507517d8a0983baa6d73463025992acf04a97a3962f436da469ee6c,2026-07,Cumbria Constabulary,Cumbria Constabulary,-3.225653,54.115597,On or near Emlyn Street,E01019157,Barrow-in-Furness 008D,Violence and sexual offences,Under investigation,
01cd1f64c365510cd47954d1894665834444cf46b2d1077e41f5f638fff7badd,2026-07,Cumbria Constabulary,Cumbria Constabulary,-3.230799,54.113225,On or near Parade Street,E01019157,Barrow-in-Furness 008D,Violence and sexual offences,Under investigation,
0fe19e8a991be977c667e5bdf0e0626a4ac9cd2698139c578da6e7ee8950e2ab,2026-07,Cumbria Constabulary,Cumbria Constabulary,-3.225897,54.114543,On or near Parking Area,E01019157,Barrow-in-Furness 008D,Violence and sexual offences,Under investigation,
8bc056a29bc8b6b1032d3c30eaa98500b538a7a411018e7d64a40e3ab2d6d9c5,2026-07,Cumbria Constabulary,Cumbria Constabulary,-3.227638,54.114947,On or near Parking Area,E01019157,Barrow-in-Furness 008D,Violence and sexual offences,Under investigation,
441e41db6942096a51e6f1ad445ef856c39702bff380ffb7f3756f031c629805,2026-07,Cumbria Constabulary,Cumbria Constabulary,-3.225897,54.114543,On or near Parking Area,E01019157,Barrow-in-Furness 008D,Violence and sexual offences,Under investigation,
c825aaad1dc90a88a88680164a0beb1567d2be1bc4980bf5d687329fc380fc2e,2026-07,Cumbria Constabulary,Cumbria Constabulary,-3.223620,54.116202,On or near Mill Street,E01019157,Barrow-in-Furness 008D,Violence and sexual offences,Under investigation,
a453d1085473b24338f6561c162f76af30e052b205fd0d04f526d3e2add40fb1,2026-07,Cumbria Constabulary,Cumbria Constabulary,-3.221337,54.115560,On or near Gradwell Court,E01019157,Barrow-in-Furness 008D,Violence and sexual offences,Under investigation,
3decb67029be74287b8df6a3616f8c0bf6e578f2a50f1c7e0594dd0f1049fe48,2026-07,Cumbria Constabulary,Cumbria Constabulary,-3.224268,54.116878,On or near Whitehead Street,E01019157,Barrow-in-Furness 008D,Violence and sexual offences,Unable to prosecute suspect,
c7796b4a40fd626c5868f06d79f0c41f6792ce7fcb34d91a6f4d8c057e4496ce,2026-07,Cumbria Constabulary,Cumbria Constabulary,-3.228346,54.115093,On or near Coulton Street,E01019157,Barrow-in-Furness 008D,Violence and sexual offences,Awaiting court outcome,
8b81411703eda014a79de3f50863a62e6f34feb6828010c04d8c188d932e213f,2026-07,Cumbria Constabulary,Cumbria Constabulary,-3.223562,54.115771,On or near Thwaite Street,E01019157,Barrow-in-Furness 008D,Violence and sexual offences,Under investigation,
26460e64e889db6addf8d23f26d2e5ceab4bec25e87cb94440aa0a09cc6d8f4a,2026-07,Cumbria Constabulary,Cumbria Constabulary,-3.226901,54.114362,On or near Shopping Area,E01019157,Barrow-in-Furness 008D,Violence and sexual offences,Under investigation,
572fb4a0b716f6cd4c2f82380da64e2fe690497d1c78f5cc70a53c648e1cc272,2026-07,Cumbria Constabulary,Cumbria Constabulary,-3.228346,54.115093,On or near Coulton Street,E01019157,Barrow-in-Furness 008D,Violence and sexual offences,Offender given a caution,
d5097faf2601f0db51ee529310da66f87b95c6e5126b48c5d34b5872c4a4624c,2026-07,Cumbria Constabulary,Cumbria Constabulary,-3.225653,54.115597,On or near Emlyn Street,E01019157,Barrow-in-Furness 008D,Violence and sexual offences,Under investigation,
2937eea2febf150d68b9819d005272fcd91e5f3551a1a78725dc5effaeaddf08,2026-07,Cumbria Constabulary,Cumbria Constabulary,-3.224268,54.116878,On or near Whitehead Street,E01019157,Barrow-in-Furness 008D,Violence and sexual offences,Unable to prosecute suspect,
72cdc821d776ca9395fba70b394b5028f6857c996481cda9752267310dcc59cb,2026-07,Cumbria Constabulary,Cumbria Constabulary,-3.224268,54.116878,On or near Whitehead Street,E01019157,Barrow-in-Furness 008D,Violence and sexual offences,Unable to prosecute suspect,
eb1e6552100a28d8b9b1a4782b474b17b1d4d8a31cd651b4a0f345ba12ab86e1,2026-07,Cumbria Constabulary,Cumbria Constabulary,-3.225653,54.115597,On or near Emlyn Street,E01019157,Barrow-in-Furness 008D,Violence and sexual offences,Under investigation,
5e7349c78395f1c949c8415fbc9b93673e062958e4f082e9e73cda973a429603,2026-07,Cumbria Constabulary,Cumbria Constabulary,-3.225346,54.116103,On or near Carlisle Street,E01019157,Barrow-in-Furness 008D,Violence and sexual offences,Under investigation,
7a7168e74ce17c3d307de2db66f26b3f1fe0a96523b6f5b184432e7ee01e4d52,2026-07,Cumbria Constabulary,Cumbria Constabulary,-3.225346,54.116103,On or near Carlisle Street,E01019157,Barrow-in-Furness 008D,Violence and sexual offences,Under investigation,
b2c4b3261aa20de5411b71d0d3622bf2f62f2f3574ec7690df89aae1238bd85a,2026-07,Cumbria Constabulary,Cumbria Constabulary,-3.225346,54.116103,On or near Carlisle Street,E01019157,Barrow-in-Furness 008D,Violence and sexual offences,Under investigation,
1b70c1f76de0da4955586d4a85067f5f0f9ea9a3e735f233877d8e284deeb1ef,2026-07,Cumbria Constabulary,Cumbria Constabulary,-3.228346,54.115093,On or near Coulton Street,E01019157,Barrow-in-Furness 008D,Violence and sexual offences,Unable to prosecute suspect,
2ab2995f978fe874e076446348d890a0938048bb560a4da5ec0707e1e18febe1,2026-07,Cumbria Constabulary,Cumbria Constabulary,-3.228426,54.113663,On or near Cartmel Crescent,E01019157,Barrow-in-Furness 008D,Violence and sexual offences,Unable to prosecute suspect,
c086f950b6210e7ae2c5eca6014c2b4e3cb8ea11cbed28920463b450831d8b58,2026-07,Cumbria Constabulary,Cumbria Constabulary,-3.231038,54.116135,On or near Napier Street,E01019158,Barrow-in-Furness 008E,Burglary,Unable to prosecute suspect,
38bf55f2b939c1b6560ce93acb6d268ac5729895626729eacd0991bc26198b6d,2026-07,Cumbria Constabulary,Cumbria Constabulary,-3.229393,54.115855,On or near Collingwood Street,E01019158,Barrow-in-Furness 008E,Criminal damage and arson,Investigation complete; no suspect identified,
ad5a3fe3967893cb2e90643147724d85aabbca45c842e6ae64e1e91baa050120,2026-07,Cumbria Constabulary,Cumbria Constabulary,-3.230585,54.117344,On or near Keyes Street,E01019158,Barrow-in-Furness 008E,Criminal damage and arson,Under investigation,
8123b035140340bccb3b4e4ecc273520bd0b5ef0ec2a061dded91d9f890155ef,2026-07,Cumbria Constabulary,Cumbria Constabulary,-3.231699,54.115185,On or near Dundonald Street,E01019158,Barrow-in-Furness 008E,Drugs,Local resolution,
5545917aaef025b72a3d0d5c6a08ca9580e5378e082ce1883df1cbee6b1866ae,2026-07,Cumbria Constabulary,Cumbria Constabulary,-3.230585,54.117344,On or near Keyes Street,E01019158,Barrow-in-Furness 008E,Drugs,Under investigation,
1771945ec9b5ec275eb8881561b77fb0ca8d0c6ac70f3df72d5483763e086910,2026-07,Cumbria Constabulary,Cumbria Constabulary,-3.233620,54.117016,On or near Anson Street,E01019158,Barrow-in-Furness 008E,Other theft,Under investigation,
70d281ec30c0c0db9bb8570a8371c8034169e44129d5b0b1b2ece5a03462673d,2026-07,Cumbria Constabulary,Cumbria Constabulary,-3.232354,54.116634,On or near Cook Street,E01019158,Barrow-in-Furness 008E,Other theft,Under investigation,
201650a4f91b795058ae153bf0fbdbdb669b8ab3968cda4ccb9d8877a0023300,2026-07,Cumbria Constabulary,Cumbria Constabulary,-3.234012,54.117345,On or near Hood Street,E01019158,Barrow-in-Furness 008E,Other theft,Investigation complete; no suspect identified,
89153b74b2f8f946c6792977870d3772cf0a82a459e748f45c5a93f0b8357b06,2026-07,Cumbria Constabulary,Cumbria Constabulary,-3.233620,54.117016,On or near Anson Street,E01019158,Barrow-in-Furness 008E,Other theft,Under investigation,
7dd9488b51d65cfb7b4498a826a16229aa9ddbdc744d818f546f677c626aa228,2026-07,Cumbria Constabulary,Cumbria Constabulary,-3.234012,54.117345,On or near Hood Street,E01019158,Barrow-in-Furness 008E,Possession of weapons,Under investigation,
378e21191517de451afcf095fcb8afbd05401576481bcc68ca9dcbad0f7b3e08,2026-07,Cumbria Constabulary,Cumbria Constabulary,-3.233001,54.116277,On or near Monk Street,E01019158,Barrow-in-Furness 008E,Public order,Under investigation,
57a13cbde3deda7ce21dea490c0a063820e860c91526a22eb6301655f487d961,2026-07,Cumbria Constabulary,Cumbria Constabulary,-3.231699,54.115185,On or near Dundonald Street,E01019158,Barrow-in-Furness 008E,Violence and sexual offences,Unable to prosecute suspect,
f87e412cc72127c25237a5619e8894136d7fa44879948c3cfdf24f0723b8fe64,2026-07,Cumbria Constabulary,Cumbria Constabulary,-3.230540,54.115826,On or near Vernon Street,E01019158,Barrow-in-Furness 008E,Violence and sexual offences,Unable to prosecute suspect,
c15bdd054c49d32e5b9e475c811e0449409a4a8187b3ad7185be21723802c302,2026-07,Cumbria Constabulary,Cumbria Constabulary,-3.233001,54.116277,On or near Monk Street,E01019158,Barrow-in-Furness 008E,Violence and sexual offences,Unable to prosecute suspect,
512549f6f9fb71bfaa42b4fc2201253e0e8a78a8d56c9cd679569a26f5590eac,2026-07,Cumbria Constabulary,Cumbria Constabulary,-3.230540,54.115826,On or near Vernon Street,E01019158,Barrow-in-Furness 008E,Violence and sexual offences,Under investigation,
df5b6b60ac310baf514df8c9b39485e5b7352d8d75ea6d82b4a4d0cfdb8a0919,2026-07,Cumbria Constabulary,Cumbria Constabulary,-3.233001,54.116277,On or near Monk Street,E01019158,Barrow-in-Furness 008E,Violence and sexual offences,Under investigation,
30c8351e300b9b85272995fcd402b79924c78f9bbaeb5aa798bda831895e785e,2026-07,Cumbria Constabulary,Cumbria Constabulary,-3.229393,54.115855,On or near Collingwood Street,E01019158,Barrow-in-Furness 008E,Violence and sexual offences,Under investigation,
19645342511d084ae6ed623813eb50f9271c8e09c03f71a89dc609dc01e88f88,2026-07,Cumbria Constabulary,Cumbria Constabulary,-3.230940,54.118500,On or near Wordsworth Street,E01019158,Barrow-in-Furness 008E,Violence and sexual offences,Under investigation,
346b6c4f914acdcbc68a1a3ff70f12bdd2cfc3d8d88c6da6063d645b4dd1f084,2026-07,Cumbria Constabulary,Cumbria Constabulary,-3.229393,54.115855,On or near Collingwood Street,E01019158,Barrow-in-Furness 008E,Violence and sexual offences,Under investigation,
b92fc71fecc4fc486b046aff82ca7ab2ea178d90fdceb229a3a7d3e79eeeaf25,2026-07,Cumbria Constabulary,Cumbria Constabulary,-3.229393,54.115855,On or near Collingwood Street,E01019158,Barrow-in-Furness 008E,Violence and sexual offences,Under investigation,
77effcf538b11b0877c27dc219c1d74bc8e974ad128ef357227e2309bdaf1a52,2026-07,Cumbria Constabulary,Cumbria Constabulary,-3.231840,54.116325,On or near Nelson Street,E01019158,Barrow-in-Furness 008E,Violence and sexual offences,Under investigation,
3d91757d8cacf919d1b2e6a2db80d3050a658bdfa44f901a9f86716a88e55fc9,2026-07,Cumbria Constabulary,Cumbria Constabulary,-3.261797,54.114873,On or near Rother Green,E01019180,Barrow-in-Furness 009A,Public order,Under investigation,
0fbedc3d42fbd0d620302dd2d73eb93ffd2e09264ea16b0f7a6be8bef7e1a6bc,2026-07,Cumbria Constabulary,Cumbria Constabulary,-3.250926,54.111517,On or near Melampus Street,E01019180,Barrow-in-Furness 009A,Public order,Unable to prosecute suspect,
abfe90d6588892c390607996d6e632798155ceecc13fa99887106f6ef83384d2,2026-07,Cumbria Constabulary,Cumbria Constabulary,-3.254869,54.120518,On or near Combe View,E01019180,Barrow-in-Furness 009A,Public order,Unable to prosecute suspect,
8de88f34b8ef6be5184c868488853e421c3c5c3dcf7b62a03afd587fb81f390f,2026-07,Cumbria Constabulary,Cumbria Constabulary,-3.253051,54.120609,On or near Springfield Close,E01019180,Barrow-in-Furness 009A,Violence and sexual offences,Unable to prosecute suspect,
74aca2f04aa6d396073f7e9fcb6fa98f3da3f4e37209d071bef5c7b21b128811,2026-07,Cumbria Constabulary,Cumbria Constabulary,-3.261797,54.114873,On or near Rother Green,E01019180,Barrow-in-Furness 009A,Violence and sexual offences,Under investigation,
9948370f99fbc34edd42239e45077e7bea0864c51c4f9a081c5946108b51d96e,2026-07,Cumbria Constabulary,Cumbria Constabulary,-3.261797,54.114873,On or near Rother Green,E01019180,Barrow-in-Furness 009A,Violence and sexual offences,Under investigation,
1d670081cc3e3448614aeb880ebe939c86397fd3ff33fc0ff514aa5632d33f86,2026-07,Cumbria Constabulary,Cumbria Constabulary,-3.252347,54.107412,On or near Central Drive,E01019182,Barrow-in-Furness 009C,Violence and sexual offences,Unable to prosecute suspect,
6e4f9e973ac572f5c697afe5523ae640ee3e87afe5085af7f74b3e95e7abb277,2026-07,Cumbria Constabulary,Cumbria Constabulary,-3.252347,54.107412,On or near Central Drive,E01019182,Barrow-in-Furness 009C,Violence and sexual offences,Unable to prosecute suspect,
a4892d9bce0431de2244f5b113fb028357d8f50585fdb9555a58426ea49a8704,2026-07,Cumbria Constabulary,Cumbria Constabulary,-3.258363,54.107565,On or near Maryport Avenue,E01019182,Barrow-in-Furness 009C,Violence and sexual offences,Under investigation,
bdae053120704aff0dd51ddbef7fef4f2e38d3b55d432adcedd3c73bb6390802,2026-07,Cumbria Constabulary,Cumbria Constabulary,-3.258363,54.107565,On or near Maryport Avenue,E01019182,Barrow-in-Furness 009C,Violence and sexual offences,Under investigation,
0bcc21a9d226f8ce3e87ac3cb5aa9f1dc9a304304a69ebe6cbe217976e28d7bf,2026-07,Cumbria Constabulary,Cumbria Constabulary,-3.248610,54.109815,On or near Lord Roberts Street,E01019182,Barrow-in-Furness 009C,Violence and sexual offences,Unable to prosecute suspect,
2f21896d9c6d267e4bab3a18338b75670764c19633263e0a07b4f8f532983499,2026-07,Cumbria Constabulary,Cumbria Constabulary,-3.258142,54.107352,On or near Southport Drive,E01019182,Barrow-in-Furness 009C,Violence and sexual offences,Under investigation,
2f57658526b59d6ced04cb2d1727cd82b770a2ce0c45687d6e2f9c95830877b2,2026-07,Cumbria Constabulary,Cumbria Constabulary,-3.256322,54.107851,On or near Sports/Recreation Area,E01019182,Barrow-in-Furness 009C,Violence and sexual offences,Under investigation,
a024d42b3a5319e05320f73f0c7610274ce305d4096bbc6b03a64af4c308c56c,2026-07,Cumbria Constabulary,Cumbria Constabulary,-3.252347,54.107412,On or near Central Drive,E01019182,Barrow-in-Furness 009C,Violence and sexual offences,Under investigation,
b8ec0ab9e7b496ba48d74ab6e5ddae5ead977486c26aebf6555c89ed36ea700e,2026-07,Cumbria Constabulary,Cumbria Constabulary,-3.254514,54.104217,On or near Cardiff Street,E01019184,Barrow-in-Furness 009E,Burglary,Under investigation,
9924a7ce6ebbaeeb3f015f176eeb471e8c78e36031b141e9cbdd48aec2fdb334,2026-07,Cumbria Constabulary,Cumbria Constabulary,-3.251003,54.106968,On or near Ramsgate Crescent,E01019184,Barrow-in-Furness 009E,Public order,Investigation complete; no suspect identified,
ca42b68d507809b5cc1d113d87ef5a0f0c30f8031c76ca8109c1bbfff799760b,2026-07,Cumbria Constabulary,Cumbria Constabulary,-3.251003,54.106968,On or near Ramsgate Crescent,E01019184,Barrow-in-Furness 009E,Other crime,Unable to prosecute suspect,
2b34bed9925181af6cce858d72b6a614d0b6af1589272a12c827e7132fb2bfa5,2026-07,Cumbria Constabulary,Cumbria Constabulary,-3.248881,54.106595,On or near Park Lane,E01019184,Barrow-in-Furness 009E,Other crime,Under investigation,
,2026-07,Cumbria Constabulary,Cumbria Constabulary,-3.270125,54.119558,On or near Ullswater Avenue,E01033160,Barrow-in-Furness 009F,Anti-social behaviour,,
31dfc6eb2845642dcc307d365699a7cb6f4f551aa5fa436eb9fa5bbdbc3ae943,2026-07,Cumbria Constabulary,Cumbria Constabulary,-3.263160,54.111416,On or near Ribble Gardens,E01033160,Barrow-in-Furness 009F,Criminal damage and arson,Investigation complete; no suspect identified,
65cf52588f04b14445b19ab759ed59edae059ded730696a14949c952ac289265,2026-07,Cumbria Constabulary,Cumbria Constabulary,-3.263160,54.111416,On or near Ribble Gardens,E01033160,Barrow-in-Furness 009F,Criminal damage and arson,Investigation complete; no suspect identified,
e91517bdf886106c4a633ebe15732a0f07b4b919745fbade6978cd412a2cd173,2026-07,Cumbria Constabulary,Cumbria Constabulary,-3.263160,54.111416,On or near Ribble Gardens,E01033160,Barrow-in-Furness 009F,Criminal damage and arson,Under investigation,
49bd7c70ee6153a1f67c8ac036639356e97f685711b4bc95bdcf45fe35232ec8,2026-07,Cumbria Constabulary,Cumbria Constabulary,-3.264038,54.113627,On or near Severn Road,E01033160,Barrow-in-Furness 009F,Criminal damage and arson,Under investigation,
9c82c0aa3af4334461467ccbb2eaffad28233bf26c3398e03a2afbfaf54e7d2b,2026-07,Cumbria Constabulary,Cumbria Constabulary,-3.264038,54.113627,On or near Severn Road,E01033160,Barrow-in-Furness 009F,Criminal damage and arson,Under investigation,
45ecece613e1e37986243f6f68f5b0e7b0d585597846ee2419dbfc3d5c5b3ea2,2026-07,Cumbria Constabulary,Cumbria Constabulary,-3.262239,54.112810,On or near Derwent Bank,E01033160,Barrow-in-Furness 009F,Criminal damage and arson,Local resolution,
44d8b1a52b0a52e58462d20c2df793e7c877cb74fe43096ba1510832eed59c7a,2026-07,Cumbria Constabulary,Cumbria Constabulary,-3.260008,54.110883,On or near Mersey Road,E01033160,Barrow-in-Furness 009F,Shoplifting,Under investigation,
09e52909a947f8144a9d1fac9bf116e26789fe34561060a30860f991dae1c7c6,2026-07,Cumbria Constabulary,Cumbria Constabulary,-3.263857,54.115193,On or near Bourne Gardens,E01033160,Barrow-in-Furness 009F,Violence and sexual offences,Unable to prosecute suspect,
cb6aeedeec2d7f749f49556ef977e5700249f3e612888b27d7a3ecd682f9ee23,2026-07,Cumbria Constabulary,Cumbria Constabulary,-3.263857,54.115193,On or near Bourne Gardens,E01033160,Barrow-in-Furness 009F,Violence and sexual offences,Under investigation,
80cb79a83a8ec2e4e212d9857986c319200895d6db0e0404d212c1e437a34919,2026-07,Cumbria Constabulary,Cumbria Constabulary,-3.263753,54.116803,On or near Crake Road,E01033160,Barrow-in-Furness 009F,Violence and sexual offences,Unable to prosecute suspect,
d0ba725f9bead3fd998ecb8225339868ff134558d609bd01027da0c87debab34,2026-07,Cumbria Constabulary,Cumbria Constabulary,-3.263857,54.115193,On or near Bourne Gardens,E01033160,Barrow-in-Furness 009F,Violence and sexual offences,Unable to prosecute suspect,
,2026-07,Cumbria Constabulary,Cumbria Constabulary,-3.226370,54.102062,On or near Andover Street,E01019138,Barrow-in-Furness 010A,Anti-social behaviour,,
,2026-07,Cumbria Constabulary,Cumbria Constabulary,-3.226370,54.102062,On or near Andover Street,E01019138,Barrow-in-Furness 010A,Anti-social behaviour,,
4cf2126df5ca41155371c8ce4751ccc70792f90cdce62eaa4fb7f2c89ab77d2c,2026-07,Cumbria Constabulary,Cumbria Constabulary,-3.227074,54.103628,On or near Dundalk Street,E01019138,Barrow-in-Furness 010A,Criminal damage and arson,Under investigation,
a09c555aa8a6b0c6337bc562b9aa81b22800cf985a46ec647fb1f1a7f879165f,2026-07,Cumbria Constabulary,Cumbria Constabulary,-3.226657,54.101943,On or near St Andrew'S Street,E01019138,Barrow-in-Furness 010A,Other theft,Under investigation,
68360e5ccba378685b618ae19e216b7831ccea77a0ced7c72b19be23f3f239ec,2026-07,Cumbria Constabulary,Cumbria Constabulary,-3.227210,54.104459,On or near Sports/Recreation Area,E01019138,Barrow-in-Furness 010A,Other theft,Unable to prosecute suspect,
40fc273370b144c651bad6e44c5698788f9d109a45d7fb10c770d72df00dd6c7,2026-07,Cumbria Constabulary,Cumbria Constabulary,-3.229279,54.102698,On or near Schooner Street,E01019138,Barrow-in-Furness 010A,Other theft,Under investigation,
6703b9a8c15732068648f66670655a43124c3239176f87495f55d22f8c2a907e,2026-07,Cumbria Constabulary,Cumbria Constabulary,-3.226657,54.101943,On or near St Andrew'S Street,E01019138,Barrow-in-Furness 010A,Other theft,Unable to prosecute suspect,
46a52e506645691fb6f664bcdd0f119057837d846bca8fa5e1ee06cd30efb190,2026-07,Cumbria Constabulary,Cumbria Constabulary,-3.229067,54.102233,On or near Anchor Road,E01019138,Barrow-in-Furness 010A,Public order,Awaiting court outcome,
d1db442dc1b8f95fbff6f78a1db4e5877af7296b550260b3a1f46e047617dd06,2026-07,Cumbria Constabulary,Cumbria Constabulary,-3.229279,54.102698,On or near Schooner Street,E01019138,Barrow-in-Furness 010A,Shoplifting,Investigation complete; no suspect identified,
d7bf2d3ed2fc3d4e5d09ce58a4ac75c59f737761f52c5966778ede886e830629,2026-07,Cumbria Constabulary,Cumbria Constabulary,-3.225458,54.102269,On or near Ancaster Street,E01019138,Barrow-in-Furness 010A,Violence and sexual offences,Under investigation,
d426f295c887e2a7383fae8443b464e89fc909409a77e40fb8ed29966b2bd5d0,2026-07,Cumbria Constabulary,Cumbria Constabulary,-3.229279,54.102698,On or near Schooner Street,E01019138,Barrow-in-Furness 010A,Violence and sexual offences,Awaiting court outcome,
4b98e9c62a00e6a78c7ad8af3f3eba3533f1722ab1ffd518e993e869b64b6773,2026-07,Cumbria Constabulary,Cumbria Constabulary,-3.226657,54.101943,On or near St Andrew'S Street,E01019138,Barrow-in-Furness 010A,Violence and sexual offences,Under investigation,
1187b32f1c3411e9b9ba80cc89ac8575d37a2373b5d0c28497223207e1b3f699,2026-07,Cumbria Constabulary,Cumbria Constabulary,-3.230762,54.104238,On or near Buxton Street,E01019139,Barrow-in-Furness 010B,Bicycle theft,Investigation complete; no suspect identified,
df5f0fbf7d6619edf82c2edd4c6793af70f0bbac8290c0eef850f01f19d63e6d,2026-07,Cumbria Constabulary,Cumbria Constabulary,-3.231461,54.102001,On or near Siemen'S Street,E01019139,Barrow-in-Furness 010B,Burglary,Under investigation,
3132e541c8194987877e8f0715cc3265c561748c28958aa8f268e6070633b0e9,2026-07,Cumbria Constabulary,Cumbria Constabulary,-3.236199,54.107543,On or near St Patrick'S Road,E01019139,Barrow-in-Furness 010B,Criminal damage and arson,Under investigation,
fd2768f57b993f85d271d13d4aa91a5f24742a864972aaa69bd5cd407dd23446,2026-07,Cumbria Constabulary,Cumbria Constabulary,-3.231720,54.103005,On or near Ship Street,E01019139,Barrow-in-Furness 010B,Criminal damage and arson,Under investigation,
343209d0fa6c907ab072c1d967eed04c97710faea10363551d9374f655636a02,2026-07,Cumbria Constabulary,Cumbria Constabulary,-3.231461,54.102001,On or near Siemen'S Street,E01019139,Barrow-in-Furness 010B,Drugs,Under investigation,
ad809bfc5032238be9fae58bd9b844e634375ce38af10b6766ac408cb1fca94a,2026-07,Cumbria Constabulary,Cumbria Constabulary,-3.238235,54.108116,On or near Stewart Street,E01019139,Barrow-in-Furness 010B,Other theft,Unable to prosecute suspect,
2436f1f96b92838ec1d336d13f7209971de3ee39b8c8a29c41d0a2d799bf44b1,2026-07,Cumbria Constabulary,Cumbria Constabulary,-3.231720,54.103005,On or near Ship Street,E01019139,Barrow-in-Furness 010B,Public order,Under investigation,
71b1688c925b8a3e6cbb77420455d67061c57f0a75843612e584bc52c3290557,2026-07,Cumbria Constabulary,Cumbria Constabulary,-3.231720,54.103005,On or near Ship Street,E01019139,Barrow-in-Furness 010B,Public order,Under investigation,
a618ce1bb7babad857190356ae614b648712351eb536bde5e399e4878ba52fcc,2026-07,Cumbria Constabulary,Cumbria Constabulary,-3.237836,54.107563,On or near Earle Street,E01019139,Barrow-in-Furness 010B,Violence and sexual offences,Unable to prosecute suspect,
32b540f97adc29ea71f6f7e257616de4d7d3fdf0790ac4112b47449afdfe51c9,2026-07,Cumbria Constabulary,Cumbria Constabulary,-3.231720,54.103005,On or near Ship Street,E01019139,Barrow-in-Furness 010B,Violence and sexual offences,Under investigation,
f8fe000828dd36c468c4823e798767c9a1631c9e23e2a8d78b7ce3b8e7178057,2026-07,Cumbria Constabulary,Cumbria Constabulary,-3.231461,54.102001,On or near Siemen'S Street,E01019139,Barrow-in-Furness 010B,Violence and sexual offences,Under investigation,
8a46799140f5a9cc2b5f0285dc157dacce36a4cd26a6e622b29883ee70d7c829,2026-07,Cumbria Constabulary,Cumbria Constabulary,-3.238663,54.108615,On or near Burnaby Street,E01019139,Barrow-in-Furness 010B,Violence and sexual offences,Under investigation,
ec71281b7c46084d30573481b615bc3ca706c4fc2aad4e262e111b2360249926,2026-07,Cumbria Constabulary,Cumbria Constabulary,-3.231720,54.103005,On or near Ship Street,E01019139,Barrow-in-Furness 010B,Violence and sexual offences,Under investigation,
9a38e41bde57e609183c946dcfa99434cfe614e3e0b5c71bc55edad79bf165f8,2026-07,Cumbria Constabulary,Cumbria Constabulary,-3.236199,54.107543,On or near St Patrick'S Road,E01019139,Barrow-in-Furness 010B,Violence and sexual offences,Under investigation,
2908b2aa3b8df15dcf136be03d7804939d55a94ac1c5d9dbad3bf810a43f2f7a,2026-07,Cumbria Constabulary,Cumbria Constabulary,-3.231461,54.102001,On or near Siemen'S Street,E01019139,Barrow-in-Furness 010B,Violence and sexual offences,Unable to prosecute suspect,
978201bc571a4d3e1e28c1d82cd556053e504abce47f8dd892da91a027f8aff9,2026-07,Cumbria Constabulary,Cumbria Constabulary,-3.231720,54.103005,On or near Ship Street,E01019139,Barrow-in-Furness 010B,Violence and sexual offences,Under investigation,
6678e7a3134ebe9dbfe29ddf59d5dd882ae10e39356708282d2a82bbcfd23e4b,2026-07,Cumbria Constabulary,Cumbria Constabulary,-3.231720,54.103005,On or near Ship Street,E01019139,Barrow-in-Furness 010B,Violence and sexual offences,Under investigation,
76b6ef588c4de4535cefaedd2380d0c11d24619e1e413cccfa596318640f6d93,2026-07,Cumbria Constabulary,Cumbria Constabulary,-3.231461,54.102001,On or near Siemen'S Street,E01019139,Barrow-in-Furness 010B,Violence and sexual offences,Under investigation,
4b406f4ae9c8751219cf5f27ad51163e74b1d82d69b81a5cafed274669d78fc7,2026-07,Cumbria Constabulary,Cumbria Constabulary,-3.230620,54.102513,On or near Sloop Street,E01019139,Barrow-in-Furness 010B,Violence and sexual offences,Under investigation,
ed05cc4f227a2ad3b4a6d3d34fb033c7958b936d1c92a656c0f780fe67910945,2026-07,Cumbria Constabulary,Cumbria Constabulary,-3.231461,54.102001,On or near Siemen'S Street,E01019139,Barrow-in-Furness 010B,Violence and sexual offences,Under investigation,
fe985087135629d0965bcf7b5390df877a47b0f0b9befe6ee4391668f75dab03,2026-07,Cumbria Constabulary,Cumbria Constabulary,-3.236199,54.107543,On or near St Patrick'S Road,E01019139,Barrow-in-Furness 010B,Violence and sexual offences,Awaiting court outcome,
215520e6035469be78d1bc073641b4663b634abc1a69002bcecc952aa83704ee,2026-07,Cumbria Constabulary,Cumbria Constabulary,-3.230247,54.102841,On or near Brig Street,E01019139,Barrow-in-Furness 010B,Other crime,Under investigation,
41b75318c76ca28e73843087481552a1581e04bd87ac073f7859f1570d9b56db,2026-07,Cumbria Constabulary,Cumbria Constabulary,-3.257029,54.104946,On or near Snaefell View,E01019185,Barrow-in-Furness 010C,Other theft,Investigation complete; no suspect identified,
bfcfda03ee40c946340eb7ff73bc0dc33f2f62da47297f61c38393eee95e3e3e,2026-07,Cumbria Constabulary,Cumbria Constabulary,-3.253537,54.103274,On or near Plymouth Street,E01019185,Barrow-in-Furness 010C,Violence and sexual offences,Unable to prosecute suspect,
bc515905aefa41808f7d8b508f545d1805beb28fa04a6cb2e709bcace4a03298,2026-07,Cumbria Constabulary,Cumbria Constabulary,-3.257029,54.104946,On or near Snaefell View,E01019185,Barrow-in-Furness 010C,Violence and sexual offences,Under investigation,
5cda589ded5223120e051253c544a67bafee6b3d4ef6b9ab157f8b663bca9165,2026-07,Cumbria Constabulary,Cumbria Constabulary,-3.256422,54.104584,On or near Onchan View,E01019185,Barrow-in-Furness 010C,Violence and sexual offences,Unable to prosecute suspect,
95ef61174eeeb1fa201699f5db9e553f9f2decc26034e71232be72e0bec04390,2026-07,Cumbria Constabulary,Cumbria Constabulary,-3.257029,54.104946,On or near Snaefell View,E01019185,Barrow-in-Furness 010C,Violence and sexual offences,Under investigation,
43a59aeed73354e87da13841c7e1c16155f8d7fa2dd0d516dde03f0696e2a0b6,2026-07,Cumbria Constabulary,Cumbria Constabulary,-3.248596,54.105276,On or near Folkestone Avenue,E01019186,Barrow-in-Furness 010D,Violence and sexual offences,Under investigation,
22b7f2fef3082e311aa3b10c21b76ea334378818b04d0b79c4cde41f0359d29a,2026-07,Cumbria Constabulary,Cumbria Constabulary,-3.248596,54.105276,On or near Folkestone Avenue,E01019186,Barrow-in-Furness 010D,Violence and sexual offences,Under investigation,
a0b3df630fe9a74c100df6f2e0b5d9af3c9458bf054a4acb62e87b541a32d400,2026-07,Cumbria Constabulary,Cumbria Constabulary,-3.248596,54.105276,On or near Folkestone Avenue,E01019186,Barrow-in-Furness 010D,Violence and sexual offences,Under investigation,
,2026-07,Cumbria Constabulary,Cumbria Constabulary,-3.248104,54.100086,On or near Oak Head Road,E01019187,Barrow-in-Furness 010E,Anti-social behaviour,,
899d75247e01c57d9e39150bc847d29b4d4143f8efbd99cf805f1c04c2798686,2026-07,Cumbria Constabulary,Cumbria Constabulary,-3.248682,54.099487,On or near Himalaya Avenue,E01019187,Barrow-in-Furness 010E,Public order,Under investigation,
9a717431dc098877aebf58b827491a6d321d1bbec7693b94d250fbbe70d174cc,2026-07,Cumbria Constabulary,Cumbria Constabulary,-3.256857,54.097721,On or near Cumbria View,E01019187,Barrow-in-Furness 010E,Violence and sexual offences,Investigation complete; no suspect identified,
fb61a7179fc632b33e8a174fc4528f37d03d62a8943a4c2517da4502d4e2d13f,2026-07,Cumbria Constabulary,Cumbria Constabulary,-3.256857,54.097721,On or near Cumbria View,E01019187,Barrow-in-Furness 010E,Violence and sexual offences,Investigation complete; no suspect identified,
1bffe6bdd3457bd1a6e03dc6267d9fdbfc76e7e84da691bee62af0afc9bb854e,2026-07,Cumbria Constabulary,Cumbria Constabulary,-3.212250,54.055278,On or near Old Park Lane,E01019187,Barrow-in-Furness 010E,Violence and sexual offences,Investigation complete; no suspect identified,
70c88044da4fcccb6d9864732e478ffc2ec86b24e667207f9280c9a4a6e54ca5,2026-07,Cumbria Constabulary,Cumbria Constabulary,-2.486340,53.751815,On or near Limbrick,E01012644,Blackburn with Darwen 006D,Violence and sexual offences,Under investigation,
8f7ab265ecb315c0fd833a22e2c40464c8a8143bc838796bcd8085d0af2f3a62,2026-07,Cumbria Constabulary,Cumbria Constabulary,-3.042304,53.809750,On or near Fern Grove,E01012738,Blackpool 011D,Violence and sexual offences,Under investigation,
bdd400c4a6804bbc342bd4fcc75ac12ec3928156c44dd71669de482af9b34b2e,2026-07,Cumbria Constabulary,Cumbria Constabulary,-0.136380,50.820120,On or near Nightclub,E01016941,Brighton and Hove 030A,Violence and sexual offences,Under investigation,
3816647d85d4be1621a9b9b354d925b15871fa4c4810dcdf50695030bcc0c4cd,2026-07,Cumbria Constabulary,Cumbria Constabulary,-2.979427,54.952061,On or near Petrol Station,E01019226,Carlisle 001A,Drugs,Awaiting court outcome,
1eae02f264418bbb34fd1d99412419a2cdb45cc8b5e142b48f21a30663b53526,2026-07,Cumbria Constabulary,Cumbria Constabulary,-2.979427,54.952061,On or near Petrol Station,E01019226,Carlisle 001A,Drugs,Unable to prosecute suspect,
a146bda497f35dcaf1836f487cf3b41d43fb4c768b64df7c1c837d1da74b44f0,2026-07,Cumbria Constabulary,Cumbria Constabulary,-2.979427,54.952061,On or near Petrol Station,E01019226,Carlisle 001A,Drugs,Under investigation,
a5235e0d991af766ac467b88a469cd41e5d7cd08369b68e7eec912db639d4caa,2026-07,Cumbria Constabulary,Cumbria Constabulary,-2.979427,54.952061,On or near Petrol Station,E01019226,Carlisle 001A,Drugs,Under investigation,
2e072ed792d85e321d842ce8f65e8d2330d5b46897f002d6c77eb2db287a8f5d,2026-07,Cumbria Constabulary,Cumbria Constabulary,-2.979427,54.952061,On or near Petrol Station,E01019226,Carlisle 001A,Other theft,Investigation complete; no suspect identified,
b5efb27f6a16d76bc3469f73eab5ffe9baaaf9c4b61007d9f412f1f1ddfc2264,2026-07,Cumbria Constabulary,Cumbria Constabulary,-2.979427,54.952061,On or near Petrol Station,E01019226,Carlisle 001A,Violence and sexual offences,Under investigation,
534c8e4e55f71b849579f4165b162d0866bf4e75d978a2b7c33d8d1ed5c32078,2026-07,Cumbria Constabulary,Cumbria Constabulary,-2.960754,55.012294,On or near Dukeswood Road,E01019227,Carlisle 001B,Burglary,Under investigation,
b46cd4ea73c9479a9eaaa4090d332cd92bf6d7a2dc0d4795f4bbac9b586f9ec4,2026-07,Cumbria Constabulary,Cumbria Constabulary,-2.958934,55.012039,On or near Moor Road,E01019227,Carlisle 001B,Criminal damage and arson,Unable to prosecute suspect,
fabf18e6513377ed6c480ed5068d7774397ab032076d1136c6c3a2c74f849ac8,2026-07,Cumbria Constabulary,Cumbria Constabulary,-2.969213,55.012901,On or near Powdrake Crescent,E01019227,Carlisle 001B,Public order,Under investigation,
441814c79a185a7c1684e0b21ba15b52b4db269a2aa0e0dc8772c7d0c77fca4c,2026-07,Cumbria Constabulary,Cumbria Constabulary,-2.969213,55.012901,On or near Powdrake Crescent,E01019227,Carlisle 001B,Violence and sexual offences,Under investigation,
fdb79a6ea51274f3c2f84f08672c3391ed7bc63b6d7e96447467f56ad9c520d9,2026-07,Cumbria Constabulary,Cumbria Constabulary,-2.969213,55.012901,On or near Powdrake Crescent,E01019227,Carlisle 001B,Violence and sexual offences,Unable to prosecute suspect,
e11d6aad90ad2d15d384da95172797bd747da045df96b258798c3d4923ac8678,2026-07,Cumbria Constabulary,Cumbria Constabulary,-2.960754,55.012294,On or near Dukeswood Road,E01019227,Carlisle 001B,Violence and sexual offences,Under investigation,
d050723b237bae185a49f90f26caa6dfe0eef23162b7379a7ddca817037adc15,2026-07,Cumbria Constabulary,Cumbria Constabulary,-2.971909,55.008656,On or near A7,E01019227,Carlisle 001B,Violence and sexual offences,Unable to prosecute suspect,
109bebaee2558ec091dc525be0c719e154b4f38c0603c9afd7a551cdf69d39f1,2026-07,Cumbria Constabulary,Cumbria Constabulary,-2.966404,55.009877,On or near Mary Street,E01019227,Carlisle 001B,Violence and sexual offences,Under investigation,
1414a6f9f841d1b30c3c816d550a9ae5758e211fcb2294b01bf65ecb67281fae,2026-07,Cumbria Constabulary,Cumbria Constabulary,-2.971909,55.008656,On or near A7,E01019227,Carlisle 001B,Violence and sexual offences,Unable to prosecute suspect,
04f2ebe5f29199453882b0fb218a2db1ceef813731812985bc01817932b62181,2026-07,Cumbria Constabulary,Cumbria Constabulary,-2.971909,55.008656,On or near A7,E01019227,Carlisle 001B,Violence and sexual offences,Unable to prosecute suspect,
6fce53226f108a3e38369a1ead4b6bf12908cf74858dc6824fce39b3fe918850,2026-07,Cumbria Constabulary,Cumbria Constabulary,-2.964086,55.009743,On or near Lochinvar Close,E01019227,Carlisle 001B,Violence and sexual offences,Unable to prosecute suspect,
940854ec4f31b90fea4acfcabee4cabb55d48e22bb3465ed8d343069339bf06a,2026-07,Cumbria Constabulary,Cumbria Constabulary,-2.964086,55.009743,On or near Lochinvar Close,E01019227,Carlisle 001B,Violence and sexual offences,Under investigation,
5ef2e06015167de2f90b16a47bcb91b49a1fe9c58d0f8c8ed45956e33466ba09,2026-07,Cumbria Constabulary,Cumbria Constabulary,-2.964086,55.009743,On or near Lochinvar Close,E01019227,Carlisle 001B,Violence and sexual offences,Unable to prosecute suspect,
9eee0745dd89f40477ef0f5815824a62e9881dba808fa7d37e5553b85916a225,2026-07,Cumbria Constabulary,Cumbria Constabulary,-2.966959,55.008255,On or near Raefield,E01019227,Carlisle 001B,Violence and sexual offences,Under investigation,
fa7c37ff7a23cdbec21891594d1286a23de86f3ecbc2bf08ee6f1707a0ef8f40,2026-07,Cumbria Constabulary,Cumbria Constabulary,-2.966959,55.008255,On or near Raefield,E01019227,Carlisle 001B,Other crime,Unable to prosecute suspect,
0d3d35a4060ec2692aa40832b4c01125f42fd7e5dd1960dae29c575b104b2664,2026-07,Cumbria Constabulary,Cumbria Constabulary,-2.940984,55.034825,On or near Drury Lane,E01019228,Carlisle 001C,Criminal damage and arson,Local resolution,
3229c245bfc0e405170b3ebfcb5fe4461c34bbab66375e20e19b4e83cdaf47d2,2026-07,Cumbria Constabulary,Cumbria Constabulary,-2.973397,55.010046,On or near Bridge Street,E01019228,Carlisle 001C,Criminal damage and arson,Unable to prosecute suspect,
b81e1491385785a70885e8d6f9e414b7c2f6f88d64ccee2ae75919677fcbca3a,2026-07,Cumbria Constabulary,Cumbria Constabulary,-2.963596,55.007572,On or near Old Road,E01019228,Carlisle 001C,Criminal damage and arson,Investigation complete; no suspect identified,
a4e2fd1411fada518cb6c5aa28a339d8e06eaa0be6838fdf4395333d4526d381,2026-07,Cumbria Constabulary,Cumbria Constabulary,-2.968446,54.985624,On or near Parking Area,E01019228,Carlisle 001C,Other theft,Investigation complete; no suspect identified,
cf84e5a7bbf66cb20820b6ed170788883835095cf84a47852b478fffce7a1dd0,2026-07,Cumbria Constabulary,Cumbria Constabulary,-3.034207,55.005707,On or near Park/Open Space,E01019228,Carlisle 001C,Other theft,Under investigation,
94bef9582133cd40ada2f3ff9644d7b3be48ea47617e8e9424ec46ae046e3912,2026-07,Cumbria Constabulary,Cumbria Constabulary,-2.973625,55.009757,On or near Petrol Station,E01019228,Carlisle 001C,Possession of weapons,Unable to prosecute suspect,
67fbc32622a7eb3aeb0d15128c72875440c805081ea79177a93dfb46a1b5b84c,2026-07,Cumbria Constabulary,Cumbria Constabulary,-2.963625,55.006179,On or near Briar Lea Court,E01019228,Carlisle 001C,Public order,Under investigation,
00c592c4a3459b79e1cdb48a33d85d770058aece9d183023ab206db8bb10bd5c,2026-07,Cumbria Constabulary,Cumbria Constabulary,-2.960827,55.011422,On or near Moor Road,E01019228,Carlisle 001C,Public order,Under investigation,
712192afe26ed94b16d7e2c66c4ed32cac009193c967339d351a55f54cefdb22,2026-07,Cumbria Constabulary,Cumbria Constabulary,-2.947758,54.983729,On or near Cliff Road,E01019228,Carlisle 001C,Violence and sexual offences,Under investigation,
9d95393b1bb0368e5a10bbe639465ebcf75a55d61f50f44257a6dea75c2c6c2f,2026-07,Cumbria Constabulary,Cumbria Constabulary,-2.947758,54.983729,On or near Cliff Road,E01019228,Carlisle 001C,Violence and sexual offences,Under investigation,
fb180ff8da9f33067d36ef6bf6c7a7d6a67e03408d6b58d162f64129c454b796,2026-07,Cumbria Constabulary,Cumbria Constabulary,-2.973625,55.009757,On or near Petrol Station,E01019228,Carlisle 001C,Violence and sexual offences,Unable to prosecute suspect,
632794124e431dd16b1e5386c4c9ed622648322c2582c22d680281e88ed06ff6,2026-07,Cumbria Constabulary,Cumbria Constabulary,-2.947758,54.983729,On or near Cliff Road,E01019228,Carlisle 001C,Violence and sexual offences,Under investigation,
887c174de4d39ae05082e0eca9358a05098c8eb0f8e1d4befdcf394828852685,2026-07,Cumbria Constabulary,Cumbria Constabulary,-2.947758,54.983729,On or near Cliff Road,E01019228,Carlisle 001C,Violence and sexual offences,Under investigation,
f8c52214aaf198cead41c74215fd25fa1ad3a6ed24b5973021eeaf0ea18bff28,2026-07,Cumbria Constabulary,Cumbria Constabulary,-2.940984,55.034825,On or near Drury Lane,E01019228,Carlisle 001C,Violence and sexual offences,Unable to prosecute suspect,
f8fd7dee403cf9cff335157bc3c8c31ff8e33a5db35a0aed616296ae423873b3,2026-07,Cumbria Constabulary,Cumbria Constabulary,-3.004028,55.004953,On or near Greenmill Road,E01019228,Carlisle 001C,Violence and sexual offences,Unable to prosecute suspect,
48876a754abcc40e03ce89cc63ea7704d98ea7e41f65b05fa02edfe621af35bc,2026-07,Cumbria Constabulary,Cumbria Constabulary,-2.960827,55.011422,On or near Moor Road,E01019228,Carlisle 001C,Other crime,Unable to prosecute suspect,
6e3240f66a3e367cbcd4f4e2e414be7c2bb3f066228f2f1a177ef989ccddd98a,2026-07,Cumbria Constabulary,Cumbria Constabulary,-2.962291,55.006603,On or near St Michaels Drive,E01019228,Carlisle 001C,Other crime,Unable to prosecute suspect,
0794aef705a340758b187b1f582a87e2e38a3995c1fe497bb8324d1a5730274d,2026-07,Cumbria Constabulary,Cumbria Constabulary,-2.962291,55.006603,On or near St Michaels Drive,E01019228,Carlisle 001C,Other crime,Unable to prosecute suspect,
,2026-07,Cumbria Constabulary,Cumbria Constabulary,-2.926001,54.977436,On or near Alstonby Court,E01019229,Carlisle 001D,Anti-social behaviour,,
,2026-07,Cumbria Constabulary,Cumbria Constabulary,-2.926001,54.977436,On or near Alstonby Court,E01019229,Carlisle 001D,Anti-social behaviour,,
51cb12a0fbf3ee068ab87d1446ee4cbcafd4fea5f7794aea9f6c7c556b0aed04,2026-07,Cumbria Constabulary,Cumbria Constabulary,-2.875480,55.090392,On or near Park/Open Space,E01019229,Carlisle 001D,Criminal damage and arson,Investigation complete; no suspect identified,
f682ae7a9d6ec63f84c8c255aa538675b258a174aab7ceddc6b3c00576b616b8,2026-07,Cumbria Constabulary,Cumbria Constabulary,-2.926001,54.977436,On or near Alstonby Court,E01019229,Carlisle 001D,Public order,Under investigation,
d0f2d777aa163225c64d39b7f2f973bad7ea1071fa98ad40908749a149de73c9,2026-07,Cumbria Constabulary,Cumbria Constabulary,-2.756554,55.066854,On or near Auction Close,E01019229,Carlisle 001D,Violence and sexual offences,Under investigation,
5611fa187661723f6352a066dd3560d9c2c7e71daf1975cd651b212f79000937,2026-07,Cumbria Constabulary,Cumbria Constabulary,-2.756554,55.066854,On or near Auction Close,E01019229,Carlisle 001D,Violence and sexual offences,Under investigation,
07e88fb36725968a2c8f7a2b5af74b80abd9111c9fea16135dcca89eed5e682b,2026-07,Cumbria Constabulary,Cumbria Constabulary,-2.828898,55.056291,On or near Shaw'S Hill,E01019229,Carlisle 001D,Violence and sexual offences,Under investigation,
9c3f0dd4452c01df2d9cefb09a5eb9b055f048c6dfc6f0d10e6dfdf371837108,2026-07,Cumbria Constabulary,Cumbria Constabulary,-2.858763,55.076111,On or near Parking Area,E01019229,Carlisle 001D,Violence and sexual offences,Under investigation,
296790c72731652878190a2a20d7e05adc3187d322f58721d015a3c6b52f97cb,2026-07,Cumbria Constabulary,Cumbria Constabulary,-2.828898,55.056291,On or near Shaw'S Hill,E01019229,Carlisle 001D,Violence and sexual offences,Under investigation,
fac151ac53d15b379b10f0613e6b55e2221ab5165e5614f26a28951cd3129263,2026-07,Cumbria Constabulary,Cumbria Constabulary,-2.780532,55.082348,On or near Sleetbeck Road,E01019229,Carlisle 001D,Violence and sexual offences,Under investigation,
f757d7441d428616f1725af272b012d27a26bce7d95b2d16d3f915947dc31b7f,2026-07,Cumbria Constabulary,Cumbria Constabulary,-2.777477,55.084281,On or near Sports/Recreation Area,E01019229,Carlisle 001D,Violence and sexual offences,Under investigation,
cd47bd15f7f9631b53f841116475a17c9cce05dba31f4b9b8aee8991b7ebbac8,2026-07,Cumbria Constabulary,Cumbria Constabulary,-2.756554,55.066854,On or near Auction Close,E01019229,Carlisle 001D,Violence and sexual offences,Under investigation,
32e7d86c119ef30b851bcc8adb56ec60599bcf290c536bf38318a22eb9f8b6aa,2026-07,Cumbria Constabulary,Cumbria Constabulary,-2.737125,54.940058,On or near Cambeck Close,E01019200,Carlisle 002A,Criminal damage and arson,Local resolution,
9950103eb460671b4084d6cdef0d80632f95d4894597f3deadb9e5e69bfb0115,2026-07,Cumbria Constabulary,Cumbria Constabulary,-2.713937,54.917569,On or near Parking Area,E01019200,Carlisle 002A,Other theft,Investigation complete; no suspect identified,
2449745434483a33f678a0419b1fbee9ffc915f8a74933e86e1dd396bd701e6c,2026-07,Cumbria Constabulary,Cumbria Constabulary,-2.724596,54.944681,On or near The Swartle,E01019200,Carlisle 002A,Shoplifting,Under investigation,
4e5e570b774e26b3d7370bedae00474874a458f6b7835f34208406dedcdd5683,2026-07,Cumbria Constabulary,Cumbria Constabulary,-2.736988,54.941075,On or near The Grove,E01019200,Carlisle 002A,Violence and sexual offences,Unable to prosecute suspect,
bc3894c4afe32bbf5bd1066bcc9eb204de41900aa87c4f466c3f57219cb0eac0,2026-07,Cumbria Constabulary,Cumbria Constabulary,-2.737125,54.940058,On or near Cambeck Close,E01019200,Carlisle 002A,Violence and sexual offences,Under investigation,
195b76f486dc22d0ead998532e2f176e3a812d916839c312c792eb7fdf453a5b,2026-07,Cumbria Constabulary,Cumbria Constabulary,-2.736988,54.941075,On or near The Grove,E01019200,Carlisle 002A,Violence and sexual offences,Unable to prosecute suspect,
8d148e9638ace8045c65b77499fccd71905d13d97f068c2a24c52baeeb6ecae0,2026-07,Cumbria Constabulary,Cumbria Constabulary,-2.736988,54.941075,On or near The Grove,E01019200,Carlisle 002A,Violence and sexual offences,Investigation complete; no suspect identified,
2c302d29c7972a76728d83c5fe9bad2254c307c0d6c968540ff68b4745b8cf76,2026-07,Cumbria Constabulary,Cumbria Constabulary,-2.737125,54.940058,On or near Cambeck Close,E01019200,Carlisle 002A,Violence and sexual offences,Under investigation,
863cf191e8a454ad32d2d755461b83efe0990d0abe8499cc4a961fed746f8678,2026-07,Cumbria Constabulary,Cumbria Constabulary,-2.735500,54.940814,On or near Showfield,E01019200,Carlisle 002A,Violence and sexual offences,Unable to prosecute suspect,
2477887123550f7246e30e24e54146a91edec564550df345c0affee61e493f83,2026-07,Cumbria Constabulary,Cumbria Constabulary,-2.735084,54.942830,On or near Parking Area,E01019201,Carlisle 002B,Criminal damage and arson,Investigation complete; no suspect identified,
056469a0458c108e9f85b370295abcc2e04f5c685c25a8752ec5fdd56485e7f2,2026-07,Cumbria Constabulary,Cumbria Constabulary,-2.734502,54.942617,On or near High Cross Street,E01019201,Carlisle 002B,Criminal damage and arson,Unable to prosecute suspect,
12d0d09b4e9cc593b2eec37a1327766f6a667c4aca0462d2fe851e1a75f89cd4,2026-07,Cumbria Constabulary,Cumbria Constabulary,-2.740282,54.941989,On or near Beck Orchard,E01019201,Carlisle 002B,Criminal damage and arson,Investigation complete; no suspect identified,
ffec66ad7ab6c746479707098d855e1a50f06759aef4c2f04d0be614975a23c9,2026-07,Cumbria Constabulary,Cumbria Constabulary,-2.734502,54.942617,On or near High Cross Street,E01019201,Carlisle 002B,Criminal damage and arson,Awaiting court outcome,
0cf704e950191a39ff37c73a4cfe8251ec01055b55903121d0359723b6ca0dd6,2026-07,Cumbria Constabulary,Cumbria Constabulary,-2.740282,54.941989,On or near Beck Orchard,E01019201,Carlisle 002B,Criminal damage and arson,Investigation complete; no suspect identified,
8c62788b13a128b0f60af12f9af164c8fb94f65798cbf89cbf82f44e33f8a76f,2026-07,Cumbria Constabulary,Cumbria Constabulary,-2.747936,54.939723,On or near Parking Area,E01019201,Carlisle 002B,Other theft,Under investigation,
c0711036b5f583712b1521d9723beaa16eeb9a37628671e847bec68bfe0ad7fc,2026-07,Cumbria Constabulary,Cumbria Constabulary,-2.734322,54.942160,On or near Market Place,E01019201,Carlisle 002B,Other theft,Unable to prosecute suspect,
9add6d8eff8d53598234d2abe152c62fa864b49ac39804bb51c09419b10df764,2026-07,Cumbria Constabulary,Cumbria Constabulary,-2.740282,54.941989,On or near Beck Orchard,E01019201,Carlisle 002B,Possession of weapons,Under investigation,
a9b0514860a9973df1cd65f1db4e618dd256aff4e71c3aca60f16243e6a3a41e,2026-07,Cumbria Constabulary,Cumbria Constabulary,-2.740282,54.941989,On or near Beck Orchard,E01019201,Carlisle 002B,Possession of weapons,Investigation complete; no suspect identified,
47e75a78084200bac032054de04b22d669b3ed9facbfece7289c3b6dcdea58a5,2026-07,Cumbria Constabulary,Cumbria Constabulary,-2.736087,54.942186,On or near Beck Lane,E01019201,Carlisle 002B,Public order,Unable to prosecute suspect,
7e1c15644c36ba494d4078a130ddd6c92923c528c4875636e9b5210919f5ff3f,2026-07,Cumbria Constabulary,Cumbria Constabulary,-2.741032,54.940295,On or near Well Lonning Close,E01019201,Carlisle 002B,Public order,Investigation complete; no suspect identified,
da7db16c8610fab8b86091b68b567755f8c14f36b57a0fb07397c7fc90d2ce7e,2026-07,Cumbria Constabulary,Cumbria Constabulary,-2.734322,54.942160,On or near Market Place,E01019201,Carlisle 002B,Shoplifting,Investigation complete; no suspect identified,
11e198d583f85a36c451e2830bd53bdc212bb74af89afc358baf273453b36df9,2026-07,Cumbria Constabulary,Cumbria Constabulary,-2.734322,54.942160,On or near Market Place,E01019201,Carlisle 002B,Shoplifting,Awaiting court outcome,
c218a5984c95ae14fc882963dc62cdc3867e3f653b5e6fda4f17e34b5984f84d,2026-07,Cumbria Constabulary,Cumbria Constabulary,-2.741032,54.940295,On or near Well Lonning Close,E01019201,Carlisle 002B,Violence and sexual offences,Under investigation,
9ee5602cb8e1c807c12118fefda0a020edd7d8ffaa813c1bb80b1aa5f213e5d8,2026-07,Cumbria Constabulary,Cumbria Constabulary,-2.738367,54.939682,On or near Kingwater Close,E01019201,Carlisle 002B,Violence and sexual offences,Unable to prosecute suspect,
60fa99b0e107a78d5a5efbb51daf283e8f58509364f62256d8533a158e999b12,2026-07,Cumbria Constabulary,Cumbria Constabulary,-2.738367,54.939682,On or near Kingwater Close,E01019201,Carlisle 002B,Violence and sexual offences,Under investigation,
824111b83c3d706b7c3e89ab4ac4e68afcde8f94c031a694260cab6e4e13ff64,2026-07,Cumbria Constabulary,Cumbria Constabulary,-2.738367,54.939682,On or near Kingwater Close,E01019201,Carlisle 002B,Violence and sexual offences,Under investigation,
07397e83e892f463b91f2146f08218a8785592c5deb2ea76b4345112dc4b1fbd,2026-07,Cumbria Constabulary,Cumbria Constabulary,-2.740282,54.941989,On or near Beck Orchard,E01019201,Carlisle 002B,Violence and sexual offences,Under investigation,
608167105a68a1e122e461e95826608f0c200a74811818f71a06c2395752877c,2026-07,Cumbria Constabulary,Cumbria Constabulary,-2.740282,54.941989,On or near Beck Orchard,E01019201,Carlisle 002B,Violence and sexual offences,Under investigation,
6edef100ae5e448ca7d9afeaca96d6d5b7048e2dc1c48e6931af806a218a4f79,2026-07,Cumbria Constabulary,Cumbria Constabulary,-2.734322,54.942160,On or near Market Place,E01019201,Carlisle 002B,Violence and sexual offences,Under investigation,
beb22bd9cde3b1a6bd44f3ff005463edbe887cb909b3fff6673cbeb145743f97,2026-07,Cumbria Constabulary,Cumbria Constabulary,-2.734502,54.942617,On or near High Cross Street,E01019201,Carlisle 002B,Violence and sexual offences,Under investigation,
5eb9d56b22f47938db5b40c2bb9162bc9c19822943ff4850094dc4c90152d258,2026-07,Cumbria Constabulary,Cumbria Constabulary,-2.741032,54.940295,On or near Well Lonning Close,E01019201,Carlisle 002B,Violence and sexual offences,Under investigation,
98b6364b390e13cf48eebb7d6dd406649d3c83d231da555267c7b08ffb32d3f7,2026-07,Cumbria Constabulary,Cumbria Constabulary,-2.741032,54.940295,On or near Well Lonning Close,E01019201,Carlisle 002B,Violence and sexual offences,Awaiting court outcome,
3e842cfb258ae2a6ce3955d9da6d2469fe9fa0d36ffa156c64a1db81a0ca78cd,2026-07,Cumbria Constabulary,Cumbria Constabulary,-2.740282,54.941989,On or near Beck Orchard,E01019201,Carlisle 002B,Violence and sexual offences,Investigation complete; no suspect identified,
,2026-07,Cumbria Constabulary,Cumbria Constabulary,-2.737034,54.947877,On or near Dacre Road,E01019202,Carlisle 002C,Anti-social behaviour,,
,2026-07,Cumbria Constabulary,Cumbria Constabulary,-2.730810,54.943035,On or near Moat Side,E01019202,Carlisle 002C,Anti-social behaviour,,
5d2fe160ca23c6c1d7774a15e7be51357f084bb14e0997bc6a729640f1af494d,2026-07,Cumbria Constabulary,Cumbria Constabulary,-2.735210,54.942919,On or near Main Street,E01019202,Carlisle 002C,Criminal damage and arson,Investigation complete; no suspect identified,
94f9a100e272d996ee4143614039e0181f097299226553fbda9ad093dd23fce5,2026-07,Cumbria Constabulary,Cumbria Constabulary,-2.736490,54.949993,On or near Sports/Recreation Area,E01019202,Carlisle 002C,Other theft,Under investigation,
81574e513bbcd34aff2b5d4a70dc125a0f406130d0a1c3808e6cc638c61a37db,2026-07,Cumbria Constabulary,Cumbria Constabulary,-2.737398,54.945574,On or near Farish Close,E01019202,Carlisle 002C,Public order,Unable to prosecute suspect,
3eb6614c3b225af7ac6f344dacea960d5f4fd75cf9f283b73964d6235c997506,2026-07,Cumbria Constabulary,Cumbria Constabulary,-2.732382,54.947034,On or near Stanley Road,E01019202,Carlisle 002C,Public order,Unable to prosecute suspect,
8c434fddc4e06f75eeea5c67ca36ce9d4438e115665dc1bedae4c77db6e0c8c6,2026-07,Cumbria Constabulary,Cumbria Constabulary,-2.735963,54.945637,On or near Parkhead Road,E01019202,Carlisle 002C,Public order,Under investigation,
344643c59109ceef3adde5da1866738f5fa6b6f9b1b4248c5d818dde8e74c1f5,2026-07,Cumbria Constabulary,Cumbria Constabulary,-2.735963,54.945637,On or near Parkhead Road,E01019202,Carlisle 002C,Vehicle crime,Under investigation,
084d6710ee71fd136944e4428d8ff55fc1f33d327e817ebb91bd78af37a51ef5,2026-07,Cumbria Constabulary,Cumbria Constabulary,-2.737398,54.945574,On or near Farish Close,E01019202,Carlisle 002C,Vehicle crime,Investigation complete; no suspect identified,
c04e05a65c390234089d0979e8520cfd20116459777c6b109cb160d5cabdf4fb,2026-07,Cumbria Constabulary,Cumbria Constabulary,-2.737398,54.945574,On or near Farish Close,E01019202,Carlisle 002C,Vehicle crime,Unable to prosecute suspect,
662a08145d28576bb778bfcdf634f5cff2241f2e7857f52b40cdc00746eb91f0,2026-07,Cumbria Constabulary,Cumbria Constabulary,-2.736490,54.949993,On or near Sports/Recreation Area,E01019202,Carlisle 002C,Violence and sexual offences,Unable to prosecute suspect,
a48f74684a41403b835ac885eed9b5961e87c528c3a0c881261d584a1463ccc2,2026-07,Cumbria Constabulary,Cumbria Constabulary,-2.737208,54.942035,On or near Chandlers Lane,E01019202,Carlisle 002C,Violence and sexual offences,Under investigation,
859996146f68d1e70f82079069461432d68114fa730d9de348183cae711faeab,2026-07,Cumbria Constabulary,Cumbria Constabulary,-2.730810,54.943035,On or near Moat Side,E01019202,Carlisle 002C,Violence and sexual offences,Under investigation,
77f36d7551878e808c576dc3de3b1da7f1cb464ea1e68f4e4ef0e52d81d83506,2026-07,Cumbria Constabulary,Cumbria Constabulary,-2.737398,54.945574,On or near Farish Close,E01019202,Carlisle 002C,Violence and sexual offences,Further investigation is not in the public interest,
d61f0953bbfbf229963225b0057948a204a4285cd821f063a6958dccde91b65f,2026-07,Cumbria Constabulary,Cumbria Constabulary,-2.732841,54.948253,On or near Morpeth Close,E01019202,Carlisle 002C,Violence and sexual offences,Unable to prosecute suspect,
f69fe82fbdee8ee8ead7a0a3b0a48e4ca2bd660e317ee26db3b72c0bd8119e8b,2026-07,Cumbria Constabulary,Cumbria Constabulary,-2.732841,54.948253,On or near Morpeth Close,E01019202,Carlisle 002C,Violence and sexual offences,Under investigation,
7431f364b1858fd6432028204657e2c30170fdebba1a1b99c003d269520ee076,2026-07,Cumbria Constabulary,Cumbria Constabulary,-2.652205,54.927235,On or near Crossgates Road,E01019225,Carlisle 002D,Burglary,Under investigation,
39397c9969c6816cdf3cd1caa73cf3fa5982e5c554fe9cd03e7367c8869298d6,2026-07,Cumbria Constabulary,Cumbria Constabulary,-2.703114,55.016114,On or near Parking Area,E01019225,Carlisle 002D,Drugs,Awaiting court outcome,
ed4f77d3b71f4489591da6332ddde23bcac72a17c07d54c345aae9e754dc664e,2026-07,Cumbria Constabulary,Cumbria Constabulary,-2.750839,54.973376,On or near Sports/Recreation Area,E01019225,Carlisle 002D,Possession of weapons,Under investigation,
e40d669b6b931f7d7797c59851c4fea4df6b44f71bc2326168c29595f3daa35f,2026-07,Cumbria Constabulary,Cumbria Constabulary,-2.691362,54.966927,On or near Sports/Recreation Area,E01019225,Carlisle 002D,Vehicle crime,Under investigation,
deab62c0e95a4a53ef7d665f4ef80e39c9b2323cdb3a4db70d1dce7fa6bd67d8,2026-07,Cumbria Constabulary,Cumbria Constabulary,-2.750839,54.973376,On or near Sports/Recreation Area,E01019225,Carlisle 002D,Violence and sexual offences,Under investigation,
291810bdfe78c903c49c3ea1af20dfb42b755c5d2b997b0051ecb749a1510dbb,2026-07,Cumbria Constabulary,Cumbria Constabulary,-2.650095,54.959894,On or near Carricks Court,E01019225,Carlisle 002D,Violence and sexual offences,Unable to prosecute suspect,
f14b2ec41923a1859ec9203a2ab9907a5bc74cc3b2df46c975f066975efc6dcf,2026-07,Cumbria Constabulary,Cumbria Constabulary,-2.652849,54.962162,On or near Stanegate Way,E01019225,Carlisle 002D,Violence and sexual offences,Under investigation,
c5984fe04356286bc2311bc7e00f0eb00aafc23c66ee3fafa492603b8b29353d,2026-07,Cumbria Constabulary,Cumbria Constabulary,-2.679658,54.934894,On or near Parking Area,E01019225,Carlisle 002D,Violence and sexual offences,Unable to prosecute suspect,
0ff36828faa4acc00471dfce72bd9f35fa0b75a1ba21b9642981bebcd1b284a2,2026-07,Cumbria Constabulary,Cumbria Constabulary,-2.691362,54.966927,On or near Sports/Recreation Area,E01019225,Carlisle 002D,Violence and sexual offences,Unable to prosecute suspect,
d12541bbeab29d9dd81ec446b566c33c4088976ea516f9e3fdd930b0233b2376,2026-07,Cumbria Constabulary,Cumbria Constabulary,-2.705784,55.001631,On or near Parking Area,E01019225,Carlisle 002D,Violence and sexual offences,Under investigation,
c9fa999fdbf8f3f91402cca1b699d51a6d4857eea9eb355e41ec2265f0cd3bb0,2026-07,Cumbria Constabulary,Cumbria Constabulary,-2.679658,54.934894,On or near Parking Area,E01019225,Carlisle 002D,Violence and sexual offences,Unable to prosecute suspect,
459f80d1871d77940657f797ebfd7bd6a236762e7b26933b2e94e410a68a889e,2026-07,Cumbria Constabulary,Cumbria Constabulary,-2.705784,55.001631,On or near Parking Area,E01019225,Carlisle 002D,Violence and sexual offences,Unable to prosecute suspect,
9cbdeaf2f6e012b5d655d2a78acfc0faec0b734646b1d17d7af0cd30062bde6a,2026-07,Cumbria Constabulary,Cumbria Constabulary,-2.750839,54.973376,On or near Sports/Recreation Area,E01019225,Carlisle 002D,Violence and sexual offences,Under investigation,
4047c917a1936de7474001ccb1877698303bbfb3a704872cad30d12f368eea6f,2026-07,Cumbria Constabulary,Cumbria Constabulary,-2.958590,54.904508,On or near Stainton Gardens,E01019188,Carlisle 003A,Drugs,Unable to prosecute suspect,
a4fda22fd5d15b7f7ea88890da64314ec736ce24af86e2c146e05acb3ed07c2c,2026-07,Cumbria Constabulary,Cumbria Constabulary,-2.958590,54.904508,On or near Stainton Gardens,E01019188,Carlisle 003A,Possession of weapons,Under investigation,
d57a80f40c557c378f4e960677dea9e60b16ddbd293f63028b29e918e5f4e5b2,2026-07,Cumbria Constabulary,Cumbria Constabulary,-2.952904,54.906745,On or near St Ann'S Road,E01019188,Carlisle 003A,Public order,Unable to prosecute suspect,
e23ceb128dce6178ef1080ed8ab6d5c329a66423af7a10ee6391888e07ede8cb,2026-07,Cumbria Constabulary,Cumbria Constabulary,-2.945227,54.911919,On or near Kirkbrae,E01019188,Carlisle 003A,Violence and sexual offences,Investigation complete; no suspect identified,
93ba4567157437ad3219be49eb40cd92f48c90e0c0c543ff83af96c4e4fe872e,2026-07,Cumbria Constabulary,Cumbria Constabulary,-2.958590,54.904508,On or near Stainton Gardens,E01019188,Carlisle 003A,Violence and sexual offences,Under investigation,
10243cc31d84bec2fb6b40b8ad2d760da226a2d71bc797e1cbba7487adc81580,2026-07,Cumbria Constabulary,Cumbria Constabulary,-2.948187,54.911761,On or near Bracken Close,E01019188,Carlisle 003A,Violence and sexual offences,Investigation complete; no suspect identified,
007363ef6452eb8053436c57d5526236687a846eb914a27ea53f96d2f28f200d,2026-07,Cumbria Constabulary,Cumbria Constabulary,-2.945211,54.911263,On or near Dene Crescent,E01019188,Carlisle 003A,Violence and sexual offences,Under investigation,
0aec353cd70cb84085bf21231f9e537b011de1c4d1aa927be8d63fea264bb329,2026-07,Cumbria Constabulary,Cumbria Constabulary,-2.948187,54.911761,On or near Bracken Close,E01019188,Carlisle 003A,Violence and sexual offences,Under investigation,
1a36d43d6e57006912e05b0a949cb2287e4d2ab4af34a4c2c62e58bc162338a5,2026-07,Cumbria Constabulary,Cumbria Constabulary,-2.952904,54.906745,On or near St Ann'S Road,E01019188,Carlisle 003A,Violence and sexual offences,Under investigation,
ad23c259e66244cfecaa6168698e82448a633d20e66ca2fc028a7fc515ad2a00,2026-07,Cumbria Constabulary,Cumbria Constabulary,-2.948513,54.909709,On or near Parkside,E01019189,Carlisle 003B,Burglary,Under investigation,
b94a33fc13740e2b9448473dfb4b0b9ec579a6560f94b81b8cc1a7375ab310ca,2026-07,Cumbria Constabulary,Cumbria Constabulary,-2.955159,54.908444,On or near Saint Pierre Avenue,E01019189,Carlisle 003B,Drugs,Under investigation,
941071aec512dcb2b2eff3f67ed6da6f3b4d14051841c17820d1a3a09395c714,2026-07,Cumbria Constabulary,Cumbria Constabulary,-2.952960,54.909099,On or near Dixon Road,E01019189,Carlisle 003B,Public order,Under investigation,
d405bea0f36d76afec0d5e18d52bd5e6e41a939c0e17b059b39f55e8fb42d2e4,2026-07,Cumbria Constabulary,Cumbria Constabulary,-2.954116,54.911175,On or near Burnfoot Grove,E01019189,Carlisle 003B,Violence and sexual offences,Under investigation,
679bd756007cf7dd2931481330ef58d76c170b32d81af43837774cde525bf89d,2026-07,Cumbria Constabulary,Cumbria Constabulary,-2.948513,54.909709,On or near Parkside,E01019189,Carlisle 003B,Violence and sexual offences,Under investigation,
,2026-07,Cumbria Constabulary,Cumbria Constabulary,-2.943121,54.925927,On or near Garrett Way,E01019190,Carlisle 003C,Anti-social behaviour,,
,2026-07,Cumbria Constabulary,Cumbria Constabulary,-2.948096,54.915877,On or near Gelt Close,E01019190,Carlisle 003C,Anti-social behaviour,,
797335b9390b89618bbf6914d3dd7708959418a18914868df0a7313aed95b48d,2026-07,Cumbria Constabulary,Cumbria Constabulary,-2.945854,54.924949,On or near Petrol Station,E01019190,Carlisle 003C,Criminal damage and arson,Under investigation,
d2bafb84e15c5a8602417bbc90429bcc61aba47dddd0e0ae1b2ef37eb0c52355,2026-07,Cumbria Constabulary,Cumbria Constabulary,-2.943121,54.925927,On or near Garrett Way,E01019190,Carlisle 003C,Criminal damage and arson,Under investigation,
ce18b2984f786396032ac0172d107641fa5077a266007a75270bbcf30dddab8d,2026-07,Cumbria Constabulary,Cumbria Constabulary,-2.945093,54.922191,On or near Wakefield Road,E01019190,Carlisle 003C,Drugs,Under investigation,
acb7ccea08245d5f06ef017703a435799e5e4eaec85f8862fe259b294d242769,2026-07,Cumbria Constabulary,Cumbria Constabulary,-2.945206,54.927016,On or near Rodor Close,E01019190,Carlisle 003C,Shoplifting,Under investigation,
33ef24fc3b9090d4a333318cb67f737816176ad5f38f1cd1f725ef7f5f8127c9,2026-07,Cumbria Constabulary,Cumbria Constabulary,-2.952156,54.921957,On or near Leabank Road,E01019190,Carlisle 003C,Shoplifting,Under investigation,
d1b680b52018ed5949fc2c15bd7585e17819f1ff924d82a3c019b0496f265041,2026-07,Cumbria Constabulary,Cumbria Constabulary,-2.945007,54.927836,On or near Kenway Road,E01019190,Carlisle 003C,Shoplifting,Under investigation,
5e8d9c3eb91a064777abf596c57f64b0f6653c79cfda351c7db95467406a87e4,2026-07,Cumbria Constabulary,Cumbria Constabulary,-2.952156,54.921957,On or near Leabank Road,E01019190,Carlisle 003C,Shoplifting,Under investigation,
d4cd462f8fdf06a73b6ca57cf564399a807c8334c739e88686e41cb6352efb3d,2026-07,Cumbria Constabulary,Cumbria Constabulary,-2.945007,54.927836,On or near Kenway Road,E01019190,Carlisle 003C,Shoplifting,Under investigation,
ba4e75bf0dc4b5b4433e0583e82cd84c805a428ade6fb8ca40bc3917eb9eb2f8,2026-07,Cumbria Constabulary,Cumbria Constabulary,-2.955584,54.921777,On or near Westmoor Road,E01019190,Carlisle 003C,Vehicle crime,Unable to prosecute suspect,
6890ac0e343e33e596a668c6119258301ea0929b0a1db7991c508258367c5bdc,2026-07,Cumbria Constabulary,Cumbria Constabulary,-2.945206,54.927016,On or near Rodor Close,E01019190,Carlisle 003C,Vehicle crime,Under investigation,
fca34746afe45171929433ec0d04b197056710e7ca5ada783013720710039155,2026-07,Cumbria Constabulary,Cumbria Constabulary,-2.943121,54.925927,On or near Garrett Way,E01019190,Carlisle 003C,Violence and sexual offences,Unable to prosecute suspect,
eb45193c3e3031dab1b491e60c5e3a9ce34a6fb8879ec8834d9dc1dc70d41b03,2026-07,Cumbria Constabulary,Cumbria Constabulary,-2.941477,54.921033,On or near Newfield Drive,E01019190,Carlisle 003C,Violence and sexual offences,Under investigation,
e4eb2735d7cd9705cf61584797989bd6b67987e3281a06d6c0ed9c42a6fcda32,2026-07,Cumbria Constabulary,Cumbria Constabulary,-2.941477,54.921033,On or near Newfield Drive,E01019190,Carlisle 003C,Violence and sexual offences,Further investigation is not in the public interest,
d89f95997c2924d56aa722f84b9e2e41d69c8afa70e8dbf2a1917618f101ce53,2026-07,Cumbria Constabulary,Cumbria Constabulary,-2.946621,54.914811,On or near Troon Close,E01019191,Carlisle 003D,Violence and sexual offences,Unable to prosecute suspect,
e7fad29a79d09b0a0f23be53918f89e652dab2910bac619bc2a69902a8625fdd,2026-07,Cumbria Constabulary,Cumbria Constabulary,-2.946621,54.914811,On or near Troon Close,E01019191,Carlisle 003D,Violence and sexual offences,Unable to prosecute suspect,
d27ebcde1592c06ddffdbfd163f28866b790cd086f7fd28b2fac1795bc7b5d30,2026-07,Cumbria Constabulary,Cumbria Constabulary,-2.946621,54.914811,On or near Troon Close,E01019191,Carlisle 003D,Violence and sexual offences,Unable to prosecute suspect,
5fea8d0e25e073c6b2d15ae00ac92e8ac0ee7d18503a68c8c5d48cb05ec0458e,2026-07,Cumbria Constabulary,Cumbria Constabulary,-2.946621,54.914811,On or near Troon Close,E01019191,Carlisle 003D,Violence and sexual offences,Unable to prosecute suspect,
b0db73d99a38018f8f73cf54b41c7ebf32899eb238c7434c82f04c8839b11484,2026-07,Cumbria Constabulary,Cumbria Constabulary,-2.944421,54.918153,On or near Ritson Close,E01019191,Carlisle 003D,Violence and sexual offences,Unable to prosecute suspect,
31d791573fc283d4c6b9347c781373d8645edb8cec0bd418fb186d6b70b1aee9,2026-07,Cumbria Constabulary,Cumbria Constabulary,-2.944421,54.918153,On or near Ritson Close,E01019191,Carlisle 003D,Violence and sexual offences,Unable to prosecute suspect,
7e0884256a748d7f4598d0330e40b43052505f39942b68a948f8f75abfbf7d22,2026-07,Cumbria Constabulary,Cumbria Constabulary,-2.946621,54.914811,On or near Troon Close,E01019191,Carlisle 003D,Violence and sexual offences,Local resolution,
8daca0ceedefd41ed087eaf57a23edb675a4a9f52b73d3a1d3803e96b3ed15c1,2026-07,Cumbria Constabulary,Cumbria Constabulary,-2.942055,54.913049,On or near Mountain View,E01019191,Carlisle 003D,Violence and sexual offences,Investigation complete; no suspect identified,
6c3b40357992bc17810f084f321d7d854aee22351174779aeefe40e38716106b,2026-07,Cumbria Constabulary,Cumbria Constabulary,-2.946621,54.914811,On or near Troon Close,E01019191,Carlisle 003D,Violence and sexual offences,Unable to prosecute suspect,
64c4458f54ad2aa04a89a4fa7f588c0b94626ff4113f7da1efabb580844aaa4a,2026-07,Cumbria Constabulary,Cumbria Constabulary,-2.938560,54.910982,On or near A7,E01019244,Carlisle 003E,Drugs,Awaiting court outcome,
3b72660701965ee18e91be9d433faa44ae2fde594429d877e045329541d1d226,2026-07,Cumbria Constabulary,Cumbria Constabulary,-2.938560,54.910982,On or near A7,E01019244,Carlisle 003E,Drugs,Awaiting court outcome,
c1a1e28d0303f5163bf3a02d0f1b06f658effd9468cb06128581f5acb1f8f65e,2026-07,Cumbria Constabulary,Cumbria Constabulary,-2.938489,54.913551,On or near Supermarket,E01019244,Carlisle 003E,Shoplifting,Local resolution,
7af3b41085cd3d1d3d5a93a1ce4c7e11a31b901f04344289eb17db2a0f166072,2026-07,Cumbria Constabulary,Cumbria Constabulary,-2.938560,54.910982,On or near A7,E01019244,Carlisle 003E,Violence and sexual offences,Awaiting court outcome,
8c9a96795db589e60790da111a73cd727af47d87a91657448eb4e44b71388c76,2026-07,Cumbria Constabulary,Cumbria Constabulary,-2.940694,54.911540,On or near Waverley Road,E01019244,Carlisle 003E,Violence and sexual offences,Under investigation,
4136e51f14f7edf5c71b9a2247981cfc06d240d33ce6e79dfc7778aabb120d9a,2026-07,Cumbria Constabulary,Cumbria Constabulary,-2.939125,54.910483,On or near The Nook,E01019244,Carlisle 003E,Violence and sexual offences,Under investigation,
fb2e87b157177982a6bd54c96ddaa4d385a75416e3e1563b783e1e18a3940e52,2026-07,Cumbria Constabulary,Cumbria Constabulary,-2.939215,54.912972,On or near Petrol Station,E01019244,Carlisle 003E,Other crime,Under investigation,
2d599d94e96b3b4002e4412a4b419a1895e430e57e9e0dba7214875aa0017202,2026-07,Cumbria Constabulary,Cumbria Constabulary,-2.895349,54.896085,On or near Petrol Station,E01019196,Carlisle 004A,Public order,Under investigation,
8843136fe9f8704e89ddee02f3f5e4bca8e47b4ed171d2e1e0f3a472423192ed,2026-07,Cumbria Constabulary,Cumbria Constabulary,-2.909633,54.891278,On or near Whimbrel Drive,E01019196,Carlisle 004A,Public order,Unable to prosecute suspect,
e327471fdb69b9e095aa9f859f2018b238b131c367a74018eddac478623a5a71,2026-07,Cumbria Constabulary,Cumbria Constabulary,-2.901126,54.892249,On or near Wood Street,E01019196,Carlisle 004A,Public order,Unable to prosecute suspect,
0b9a0405c04eae5b3ae0607a45ecd39c9842caf2df8effe8a6939a9c2f0f0096,2026-07,Cumbria Constabulary,Cumbria Constabulary,-2.904831,54.893372,On or near St Josephs Court,E01019196,Carlisle 004A,Shoplifting,Awaiting court outcome,
1ced2f70a2a66d4098ff00c0d8b49d380637d83e3963f4cbf4b6ecf8c61348c8,2026-07,Cumbria Constabulary,Cumbria Constabulary,-2.899669,54.894714,On or near Tilbury Road,E01019196,Carlisle 004A,Shoplifting,Under investigation,
9819ccde8624cdb8f9ea4f40860039f856bf9f3245a40e8c0ade78b19f5d778b,2026-07,Cumbria Constabulary,Cumbria Constabulary,-2.899862,54.889374,On or near Oakleigh Way,E01019196,Carlisle 004A,Violence and sexual offences,Under investigation,
6451e4a3e607e9ec008ae829f23a7cc68b66132747d42b406a26439e3fac251b,2026-07,Cumbria Constabulary,Cumbria Constabulary,-2.897312,54.890390,On or near Gilsland Road,E01019196,Carlisle 004A,Violence and sexual offences,Under investigation,
e3ccc7efaf68143b5318ad24fe408d1864bb5da34be1870bc1c1ea5accde9568,2026-07,Cumbria Constabulary,Cumbria Constabulary,-2.897312,54.890390,On or near Gilsland Road,E01019196,Carlisle 004A,Other crime,Further investigation is not in the public interest,
aa0f4097c0d94288a65ca9045debe529ec861a6de1133fd03023ee6bb697a8b1,2026-07,Cumbria Constabulary,Cumbria Constabulary,-2.918943,54.919435,On or near Cross Close,E01019238,Carlisle 004B,Criminal damage and arson,Unable to prosecute suspect,
26e0a9611a9560e34641dc6c2ff94f50e28baa2d8496122674b1c34556572d14,2026-07,Cumbria Constabulary,Cumbria Constabulary,-2.923006,54.925857,On or near Smithy Croft,E01019238,Carlisle 004B,Public order,Under investigation,
4307c8c66ae81ab11315d392d157d88be2ec328833291d4d826c841fb326dfaa,2026-07,Cumbria Constabulary,Cumbria Constabulary,-2.923006,54.925857,On or near Smithy Croft,E01019238,Carlisle 004B,Violence and sexual offences,Under investigation,
82c4be1c0ba0b0cb464ee4aec30189d55d96ea36f03b5eb8daa69f5f2c20944e,2026-07,Cumbria Constabulary,Cumbria Constabulary,-2.938222,54.917931,On or near Drumburgh Avenue,E01019238,Carlisle 004B,Violence and sexual offences,Under investigation,
4df3d9b34bb4663ea9b8ec66384b4069b936d605287451d00ff49c3443e43261,2026-07,Cumbria Constabulary,Cumbria Constabulary,-2.923006,54.925857,On or near Smithy Croft,E01019238,Carlisle 004B,Violence and sexual offences,Under investigation,
dce66489e85f63d9e560d814fae9fd63021ea7b9d42ad2613146d1bb8ac1e3d3,2026-07,Cumbria Constabulary,Cumbria Constabulary,-2.923006,54.925857,On or near Smithy Croft,E01019238,Carlisle 004B,Violence and sexual offences,Under investigation,
8f31e9ce09c52cf529dbfc3c897d58f01087a0dfa579c7d7d183cd8f9a3f5a18,2026-07,Cumbria Constabulary,Cumbria Constabulary,-2.923006,54.925857,On or near Smithy Croft,E01019238,Carlisle 004B,Violence and sexual offences,Under investigation,
0a759abf51685bfa1218aef91028c7b3c52de1d6d7654b96fe724e705abdf562,2026-07,Cumbria Constabulary,Cumbria Constabulary,-2.912862,54.917549,On or near Centurions Walk,E01019240,Carlisle 004C,Criminal damage and arson,Under investigation,
41967a9080cc128967ede977b050b27ec007ca154325900e5384085f7eac26de,2026-07,Cumbria Constabulary,Cumbria Constabulary,-2.963466,54.935608,On or near Crindledyke Close,E01019240,Carlisle 004C,Criminal damage and arson,Investigation complete; no suspect identified,
e1f5ffea692339fbeb5267cc0e0820577148375e52e351141aed99d6b6404194,2026-07,Cumbria Constabulary,Cumbria Constabulary,-2.969349,54.926449,On or near Princess Park Way,E01019240,Carlisle 004C,Drugs,Under investigation,
946825af4f7ba072798f44624fac2544a5e6e96041d32c793ccad1cd9e0ee7fa,2026-07,Cumbria Constabulary,Cumbria Constabulary,-2.963466,54.935608,On or near Crindledyke Close,E01019240,Carlisle 004C,Other theft,Offender given a caution,
45e52ab75cfcb59dcb1a0a5e0f698111986ff3d7bc3c8bec4bac7d75d2dfb6bf,2026-07,Cumbria Constabulary,Cumbria Constabulary,-2.963466,54.935608,On or near Crindledyke Close,E01019240,Carlisle 004C,Vehicle crime,Under investigation,
57add1c0169f39c565b1c851c986fa5ef5b50383f398f6f24cb2a1594fa324b3,2026-07,Cumbria Constabulary,Cumbria Constabulary,-2.924325,54.928956,On or near Brunstock Lane,E01019240,Carlisle 004C,Violence and sexual offences,Investigation complete; no suspect identified,
e31ee99ae1b08c3003a24516fa66540d82ee578dea7462cb83eb05ce1dbc9e54,2026-07,Cumbria Constabulary,Cumbria Constabulary,-2.968892,54.934082,On or near Maxwell Drive,E01019240,Carlisle 004C,Violence and sexual offences,Under investigation,
08a58abd581629a52cc6dbe3d90948155a61ae31006d690f5661bc278442d91a,2026-07,Cumbria Constabulary,Cumbria Constabulary,-2.967837,54.924583,On or near Kingmoor Park Road,E01019240,Carlisle 004C,Violence and sexual offences,Unable to prosecute suspect,
257e73ab8cfb46c68034727302ad424839871a618cc7d38374445624cf3668e9,2026-07,Cumbria Constabulary,Cumbria Constabulary,-2.963466,54.935608,On or near Crindledyke Close,E01019240,Carlisle 004C,Other crime,Under investigation,
,2026-07,Cumbria Constabulary,Cumbria Constabulary,-2.927621,54.904029,On or near Parking Area,E01019241,Carlisle 004D,Anti-social behaviour,,
0bffdcc4b86ed1c3dd054c4cec7493e1e83c23eaf89dd01d85bd643b83266822,2026-07,Cumbria Constabulary,Cumbria Constabulary,-2.933302,54.917663,On or near Burtholme Avenue,E01019241,Carlisle 004D,Criminal damage and arson,Unable to prosecute suspect,
ea73917b68aa7758ac928a99705632eb4fe77c18dabc6d87665880ffeba727ff,2026-07,Cumbria Constabulary,Cumbria Constabulary,-2.933024,54.917108,On or near Edderside Drive,E01019241,Carlisle 004D,Criminal damage and arson,Unable to prosecute suspect,
4693e4274bad621cbb3a62ff6ed404d13dbe6d45c2c142d1e294c23e5d2a823d,2026-07,Cumbria Constabulary,Cumbria Constabulary,-2.921746,54.908307,On or near Longlands Road,E01019241,Carlisle 004D,Other theft,Investigation complete; no suspect identified,
dd7cdd7ef7e378a6f2cf0967d08b52796cd2e6c250a40fc20d0d99dabf000696,2026-07,Cumbria Constabulary,Cumbria Constabulary,-2.920669,54.911703,On or near Whiteclosegate,E01019241,Carlisle 004D,Other theft,Under investigation,
c08133d834bd389bf616943a78da5c02d1b633912bebf7e525638204fa0323b4,2026-07,Cumbria Constabulary,Cumbria Constabulary,-2.920669,54.911703,On or near Whiteclosegate,E01019241,Carlisle 004D,Violence and sexual offences,Under investigation,
5055641de0e484d346d9894bbd4da1973efcc92b831e488c42e29171518ae3d4,2026-07,Cumbria Constabulary,Cumbria Constabulary,-2.933302,54.917663,On or near Burtholme Avenue,E01019241,Carlisle 004D,Violence and sexual offences,Unable to prosecute suspect,
a38a4c2d5bd318179b48b581e88d0c9d768c65e0e70ae744b5e8bcccc3a921e5,2026-07,Cumbria Constabulary,Cumbria Constabulary,-2.927621,54.904029,On or near Parking Area,E01019241,Carlisle 004D,Violence and sexual offences,Unable to prosecute suspect,
060f4e119a3219e43cbb858dba1552c998f47ce2e2ec31210e61b77991b1e3b1,2026-07,Cumbria Constabulary,Cumbria Constabulary,-2.927621,54.904029,On or near Parking Area,E01019241,Carlisle 004D,Violence and sexual offences,Unable to prosecute suspect,
5bbcdad6f1ed04bc928beb248cad872c0917096a7ec46541715b87ea50db0751,2026-07,Cumbria Constabulary,Cumbria Constabulary,-2.933302,54.917663,On or near Burtholme Avenue,E01019241,Carlisle 004D,Violence and sexual offences,Under investigation,
552098769011f9ed95d986cdfd3159dcdf41f399b2eacfec05da050fe933457b,2026-07,Cumbria Constabulary,Cumbria Constabulary,-2.920669,54.911703,On or near Whiteclosegate,E01019241,Carlisle 004D,Other crime,Under investigation,
0f5f1f7ad70094ff479f312c4ba2bea85566fac4b54472c34ab34f9fceb31246,2026-07,Cumbria Constabulary,Cumbria Constabulary,-2.937221,54.902365,On or near Stanwix Bank,E01019243,Carlisle 004E,Public order,Awaiting court outcome,
c02010ef266cbabec3fa2c5c2680501861fff3e83dfc8f56b5e78f3fbd1eb2fb,2026-07,Cumbria Constabulary,Cumbria Constabulary,-2.932910,54.912176,On or near Cedar Grove,E01019243,Carlisle 004E,Violence and sexual offences,Under investigation,
8d7cd9fe7a50c0dc90d582e230035e3db0f5ea71d638d99b6abd6d281d97fcf1,2026-07,Cumbria Constabulary,Cumbria Constabulary,-2.934299,54.908166,On or near Knowe Park Avenue,E01019243,Carlisle 004E,Violence and sexual offences,Under investigation,
b74609b5f722c2c5412d8acf5932921b94e4d46a288a8107e8f1d21fd9216d0e,2026-07,Cumbria Constabulary,Cumbria Constabulary,-2.893013,54.887744,On or near Alexandra Drive,E01019251,Carlisle 004F,Burglary,Under investigation,
3e09c12c4a5e42adc5ac3920e653c209960274656cb5cdc75068f94e16bb4ad4,2026-07,Cumbria Constabulary,Cumbria Constabulary,-2.878410,54.891535,On or near Near Park,E01019251,Carlisle 004F,Criminal damage and arson,Unable to prosecute suspect,
f223f03bd07cfe920c137d99c78457801f9e9d3f380b4bd916beaec88fe3b752,2026-07,Cumbria Constabulary,Cumbria Constabulary,-2.891481,54.895304,On or near Rotary Way,E01019251,Carlisle 004F,Drugs,Under investigation,
271e76b1b6e00e6ce2469d4b58b8777306628b7a742c8e14a8de4362376ba833,2026-07,Cumbria Constabulary,Cumbria Constabulary,-2.893013,54.887744,On or near Alexandra Drive,E01019251,Carlisle 004F,Drugs,Local resolution,
2017e09b25f67703ea3fdf4a6193a46000c00ea527dd166ae0fe08b38e18347d,2026-07,Cumbria Constabulary,Cumbria Constabulary,-2.891481,54.895304,On or near Rotary Way,E01019251,Carlisle 004F,Drugs,Awaiting court outcome,
dbff2953f316f90faec79c500cb9b5c6150b31fcd8e2010c4aa5867f46c40b01,2026-07,Cumbria Constabulary,Cumbria Constabulary,-2.877729,54.891019,On or near Park Close,E01019251,Carlisle 004F,Public order,Under investigation,
b986243072f3ac8a16b8d4a6e91964cde244fe09a9bbed1a40b82d6b97f84e98,2026-07,Cumbria Constabulary,Cumbria Constabulary,-2.872869,54.886174,On or near Sutton Court,E01019251,Carlisle 004F,Violence and sexual offences,Unable to prosecute suspect,
f71f93046c4d0a0dd58dfacc1d3261aa30677d6325240b97be01431d48891400,2026-07,Cumbria Constabulary,Cumbria Constabulary,-2.977291,54.891040,On or near Coalfell Avenue,E01019192,Carlisle 005A,Violence and sexual offences,Unable to prosecute suspect,
bd8cecc40928067078bfb51464194df51e82c70547b91f3e5f47ab77cb0d2000,2026-07,Cumbria Constabulary,Cumbria Constabulary,-2.977291,54.891040,On or near Coalfell Avenue,E01019192,Carlisle 005A,Violence and sexual offences,Unable to prosecute suspect,
6222dcb7494b042af1ab1b26e50429972f0883da382d169077d3bcffc78a79a8,2026-07,Cumbria Constabulary,Cumbria Constabulary,-2.977291,54.891040,On or near Coalfell Avenue,E01019192,Carlisle 005A,Violence and sexual offences,Unable to prosecute suspect,
1ce766dfb8810fda4cec1cb619c589e4e3f2901d0d88144f98f89e46e79f27c4,2026-07,Cumbria Constabulary,Cumbria Constabulary,-2.977291,54.891040,On or near Coalfell Avenue,E01019192,Carlisle 005A,Violence and sexual offences,Unable to prosecute suspect,
f52df968b08ecfcacf0b1fa05181d9a5554ec0fb5ffc58421672dba992fe72b6,2026-07,Cumbria Constabulary,Cumbria Constabulary,-2.981494,54.894601,On or near Beck Road,E01019192,Carlisle 005A,Violence and sexual offences,Unable to prosecute suspect,
3fcdf288248287936ee3deaaed72987fe9a6f6d021034643751ffd257c4bfde3,2026-07,Cumbria Constabulary,Cumbria Constabulary,-2.981660,54.897574,On or near Palmer Road,E01019195,Carlisle 005B,Criminal damage and arson,Under investigation,
e0140a2c51b74092320e0a76a0f86460a917712ca2028c0743f9f3a41cbc5e0d,2026-07,Cumbria Constabulary,Cumbria Constabulary,-2.981660,54.897574,On or near Palmer Road,E01019195,Carlisle 005B,Criminal damage and arson,Under investigation,
445e9579cdc6984a8d9557c2361026f2126244ac3946183acb735ecfe9bbed94,2026-07,Cumbria Constabulary,Cumbria Constabulary,-2.981660,54.897574,On or near Palmer Road,E01019195,Carlisle 005B,Public order,Under investigation,
c165c367d5c525abd0f2d6cce93dba1f4ff417aff2d441f185f36e171ad3b341,2026-07,Cumbria Constabulary,Cumbria Constabulary,-2.978798,54.895962,On or near Moorhouse Road,E01019195,Carlisle 005B,Violence and sexual offences,Under investigation,
55e87e8fc9b38c3d54e7d7bd97fa391987fcfd3d2aae3c7e768020fa99f97584,2026-07,Cumbria Constabulary,Cumbria Constabulary,-3.026411,54.917730,On or near Vallum Place,E01019203,Carlisle 005C,Other theft,Investigation complete; no suspect identified,
40f420bc45e68e2138d3e0fe6b915ad7394f3c407c92a8291ae45ace45957255,2026-07,Cumbria Constabulary,Cumbria Constabulary,-2.983732,54.891752,On or near Castlesteads Drive,E01019254,Carlisle 005D,Other theft,Under investigation,
e1d9e877809abd4284514da1a08aed52a59df2ab71e580803f841de2a39593c0,2026-07,Cumbria Constabulary,Cumbria Constabulary,-2.987407,54.890950,On or near Birdoswald Drive,E01019254,Carlisle 005D,Violence and sexual offences,Under investigation,
a5b155dadb67b562102ade08a21cccaf42206781c2ffe5265d73e599a971bac2,2026-07,Cumbria Constabulary,Cumbria Constabulary,-2.977721,54.888835,On or near Ravenstone Way,E01019254,Carlisle 005D,Violence and sexual offences,Under investigation,
401e3131a9a7a0101513ea7fc0eee3483641ebf1730186f908f8e011262ccbd6,2026-07,Cumbria Constabulary,Cumbria Constabulary,-2.987407,54.890950,On or near Birdoswald Drive,E01019254,Carlisle 005D,Violence and sexual offences,Under investigation,
956ac31d4543d8af31b8823b90d0326d74d006b48471decc17e5aa4619b3eb2b,2026-07,Cumbria Constabulary,Cumbria Constabulary,-2.988283,54.889154,On or near Housesteads Road,E01019254,Carlisle 005D,Violence and sexual offences,Unable to prosecute suspect,
165848684a8a1523779bde32d92b456b76430e08d41f0bf48fa72d8f94b778a3,2026-07,Cumbria Constabulary,Cumbria Constabulary,-2.980405,54.891519,On or near Benwell Close,E01019254,Carlisle 005D,Violence and sexual offences,Under investigation,
11a4ca99f8f04b8106a3c58d64ae2eecdfcf91265145aa84b90256fa403cc09d,2026-07,Cumbria Constabulary,Cumbria Constabulary,-2.979851,54.887946,On or near Troutbeck Drive,E01019255,Carlisle 005E,Criminal damage and arson,Investigation complete; no suspect identified,
8916a06e05a625b07c3f871275f8ede6b7b25baf0efb0d97f25772f5fd7a748b,2026-07,Cumbria Constabulary,Cumbria Constabulary,-2.979851,54.887946,On or near Troutbeck Drive,E01019255,Carlisle 005E,Drugs,Local resolution,
b719aa3b26be60773a38ea05711e044b9404259149ccdb95495ba7bcc185c4ee,2026-07,Cumbria Constabulary,Cumbria Constabulary,-2.985064,54.887554,On or near Lodore Drive,E01019255,Carlisle 005E,Violence and sexual offences,Under investigation,
,2026-07,Cumbria Constabulary,Cumbria Constabulary,-2.935481,54.895243,On or near Scotch Street,E01019204,Carlisle 006A,Anti-social behaviour,,
,2026-07,Cumbria Constabulary,Cumbria Constabulary,-2.938981,54.896236,On or near Nightclub,E01019204,Carlisle 006A,Anti-social behaviour,,
,2026-07,Cumbria Constabulary,Cumbria Constabulary,-2.937269,54.897044,On or near Parking Area,E01019204,Carlisle 006A,Anti-social behaviour,,
,2026-07,Cumbria Constabulary,Cumbria Constabulary,-2.945803,54.901903,On or near Sports/Recreation Area,E01019204,Carlisle 006A,Anti-social behaviour,,
,2026-07,Cumbria Constabulary,Cumbria Constabulary,-2.935481,54.895243,On or near Scotch Street,E01019204,Carlisle 006A,Anti-social behaviour,,
,2026-07,Cumbria Constabulary,Cumbria Constabulary,-2.935481,54.895243,On or near Scotch Street,E01019204,Carlisle 006A,Anti-social behaviour,,
,2026-07,Cumbria Constabulary,Cumbria Constabulary,-2.938981,54.896236,On or near Nightclub,E01019204,Carlisle 006A,Anti-social behaviour,,
,2026-07,Cumbria Constabulary,Cumbria Constabulary,-2.937452,54.897537,On or near Parking Area,E01019204,Carlisle 006A,Anti-social behaviour,,
,2026-07,Cumbria Constabulary,Cumbria Constabulary,-2.935481,54.895243,On or near Scotch Street,E01019204,Carlisle 006A,Anti-social behaviour,,
,2026-07,Cumbria Constabulary,Cumbria Constabulary,-2.935481,54.895243,On or near Scotch Street,E01019204,Carlisle 006A,Anti-social behaviour,,
b8f386fcea1720ff5f28a8a327f7431a343f8f7fe6dd96039f6f9fe9d762cd48,2026-07,Cumbria Constabulary,Cumbria Constabulary,-2.936357,54.898085,On or near Parking Area,E01019204,Carlisle 006A,Bicycle theft,Under investigation,
e06e07b7a39712c004ac4676b445bb5da7f6d7522630dfcc22f510b17708467e,2026-07,Cumbria Constabulary,Cumbria Constabulary,-2.936631,54.897103,On or near Peter Street,E01019204,Carlisle 006A,Bicycle theft,Under investigation,
f3628cedc639c761a27bac87e74d597751d0e7dda73de6d948c355368ffa5aaf,2026-07,Cumbria Constabulary,Cumbria Constabulary,-2.937379,54.895723,On or near Fisher Street,E01019204,Carlisle 006A,Bicycle theft,Investigation complete; no suspect identified,
654e62ffcc6fdbdb2917ffde6867237a000d4ec1172d23012f42f9f379ddbaff,2026-07,Cumbria Constabulary,Cumbria Constabulary,-2.945976,54.891989,On or near Kendal Street,E01019204,Carlisle 006A,Burglary,Under investigation,
ba6e740003c26e23dc08e2494263f2c6d9ab16346ede93ae2f84bfa440844d2b,2026-07,Cumbria Constabulary,Cumbria Constabulary,-2.941043,54.895083,On or near Abbey Street,E01019204,Carlisle 006A,Burglary,Awaiting court outcome,
41a005e81eb6c9eeae75537349020884873ee671f2699d773d19cfcebe7e6a0c,2026-07,Cumbria Constabulary,Cumbria Constabulary,-2.935481,54.895243,On or near Scotch Street,E01019204,Carlisle 006A,Criminal damage and arson,Investigation complete; no suspect identified,
14034a1ae50f24d88b6bf94bfb2dade552698452e0b74d58689ab6445b84f7d0,2026-07,Cumbria Constabulary,Cumbria Constabulary,-2.941043,54.895083,On or near Abbey Street,E01019204,Carlisle 006A,Criminal damage and arson,Investigation complete; no suspect identified,
43bfbad49e1f579ba84727ea09cf61515636ca279be435d9b4be7829da7d454a,2026-07,Cumbria Constabulary,Cumbria Constabulary,-2.935481,54.895243,On or near Scotch Street,E01019204,Carlisle 006A,Criminal damage and arson,Under investigation,
206a777b1e4ed4e865d5460aa2d028466b3fde3579257188b06ce2057fa28b38,2026-07,Cumbria Constabulary,Cumbria Constabulary,-2.935481,54.895243,On or near Scotch Street,E01019204,Carlisle 006A,Criminal damage and arson,Under investigation,
a59d8a89321b069e27117bcabe01fc57fa6e31fb6cda0f2270832a5782df7c77,2026-07,Cumbria Constabulary,Cumbria Constabulary,-2.948975,54.892892,On or near Silloth Street,E01019204,Carlisle 006A,Criminal damage and arson,Under investigation,
8d665ad1c493f0a64f63dbe3a590c5a3be8b4cfdf71932d1bcbd025902332829,2026-07,Cumbria Constabulary,Cumbria Constabulary,-2.936357,54.898085,On or near Parking Area,E01019204,Carlisle 006A,Criminal damage and arson,Unable to prosecute suspect,
4cbcdc254d02476cc11dc6ca1d2a33458c86247b96fa01c58fae4e97ac69d6be,2026-07,Cumbria Constabulary,Cumbria Constabulary,-2.948682,54.893029,On or near Wetheral Street,E01019204,Carlisle 006A,Criminal damage and arson,Unable to prosecute suspect,
65ae3f3de0b14b11adcc9ff27b5769706929b5450c63eaa3431e697aec42ff24,2026-07,Cumbria Constabulary,Cumbria Constabulary,-2.936477,54.895828,On or near Shopping Area,E01019204,Carlisle 006A,Drugs,Under investigation,
39be8b9bf12e7972e0b5acc2f1e026a72a6a3bcbf1f4d42c28b2c4c872494936,2026-07,Cumbria Constabulary,Cumbria Constabulary,-2.948389,54.893175,On or near Hawick Street,E01019204,Carlisle 006A,Drugs,Local resolution,
9df5cfa91bfd674e0d0e6e4c57e7d3dfb1c93cf9439037b56874f4b469f4be0a,2026-07,Cumbria Constabulary,Cumbria Constabulary,-2.936449,54.895981,On or near Shopping Area,E01019204,Carlisle 006A,Other theft,Under investigation,
3be0059aebf501c2fc2ba52d94d10724c6159b3f85bcf486ea9cf893cea5e1b0,2026-07,Cumbria Constabulary,Cumbria Constabulary,-2.937379,54.895723,On or near Fisher Street,E01019204,Carlisle 006A,Other theft,Under investigation,
353738e2044128c28e31d2473ff7a65bcf41e3e31e9d1215b307943633fe6cb0,2026-07,Cumbria Constabulary,Cumbria Constabulary,-2.936631,54.897103,On or near Peter Street,E01019204,Carlisle 006A,Other theft,Under investigation,
60ce039fec0fcf5053e1ba5525c4d951163a9e14eb945b559fccc83ae5d59fbd,2026-07,Cumbria Constabulary,Cumbria Constabulary,-2.935481,54.895243,On or near Scotch Street,E01019204,Carlisle 006A,Other theft,Under investigation,
32759741f9b37e137ba9bdb13d70f9c8e8e5db08d9b64103eef55dd956f2f059,2026-07,Cumbria Constabulary,Cumbria Constabulary,-2.936477,54.895828,On or near Shopping Area,E01019204,Carlisle 006A,Possession of weapons,Under investigation,
9f5811f2dfe01327a533c68a20ae3d99d56de8297e05691b45e432c1e5857e2a,2026-07,Cumbria Constabulary,Cumbria Constabulary,-2.937269,54.897044,On or near Parking Area,E01019204,Carlisle 006A,Public order,Investigation complete; no suspect identified,
f131391707ecee5a1c5d0a86727891351651bfce98ff4292013c913aa416780f,2026-07,Cumbria Constabulary,Cumbria Constabulary,-2.936357,54.898085,On or near Parking Area,E01019204,Carlisle 006A,Public order,Unable to prosecute suspect,
646c703cb842a1f988991d9c20b8d60067cac48c768f89743d860f8cb4164871,2026-07,Cumbria Constabulary,Cumbria Constabulary,-2.948389,54.893175,On or near Hawick Street,E01019204,Carlisle 006A,Public order,Under investigation,
71d668660ec8f507dacd97d52d4884963217fad1f665014a8ba1d66fe325764d,2026-07,Cumbria Constabulary,Cumbria Constabulary,-2.935481,54.895243,On or near Scotch Street,E01019204,Carlisle 006A,Public order,Under investigation,
1801a0e2555062f43e56b409a03e0aef7d510aa49c3656bd68cefedd3a1258ca,2026-07,Cumbria Constabulary,Cumbria Constabulary,-2.947742,54.896421,On or near Supermarket,E01019204,Carlisle 006A,Public order,Under investigation,
42a9b67b29c6caca4267dde8a38a752ee984fdd61d69a48421fec8afecde26cb,2026-07,Cumbria Constabulary,Cumbria Constabulary,-2.936357,54.898085,On or near Parking Area,E01019204,Carlisle 006A,Public order,Awaiting court outcome,
2e15aeead771d82bbbaea4e2402ad785ca660e9ddc431f834e9dc11dd03bd86b,2026-07,Cumbria Constabulary,Cumbria Constabulary,-2.947742,54.896421,On or near Supermarket,E01019204,Carlisle 006A,Shoplifting,Unable to prosecute suspect,
a714bc1e2894264eba92424ede544a2c644670385efca0bcfbda064ab18b3b1e,2026-07,Cumbria Constabulary,Cumbria Constabulary,-2.936477,54.895828,On or near Shopping Area,E01019204,Carlisle 006A,Shoplifting,Unable to prosecute suspect,
7c4de9a7612c40d4058902d94d6933f040d66886667a31901ed146fe49014195,2026-07,Cumbria Constabulary,Cumbria Constabulary,-2.935481,54.895243,On or near Scotch Street,E01019204,Carlisle 006A,Shoplifting,Under investigation,
00a876790b8fc92fb758819346f04afbebbc0c4e2acc39a8c4aa414ac1840835,2026-07,Cumbria Constabulary,Cumbria Constabulary,-2.935481,54.895243,On or near Scotch Street,E01019204,Carlisle 006A,Shoplifting,Under investigation,
faab2af76a960032b3d87c7cd3a9e8e98a3c23cf6b75a5358f06c8dc75a5796d,2026-07,Cumbria Constabulary,Cumbria Constabulary,-2.935802,54.895903,On or near Shopping Area,E01019204,Carlisle 006A,Shoplifting,Under investigation,
aa880a93a508185f745510096bf8899cac5bf4018e062f344bda16525a126eda,2026-07,Cumbria Constabulary,Cumbria Constabulary,-2.936449,54.895981,On or near Shopping Area,E01019204,Carlisle 006A,Shoplifting,Under investigation,
4cc6562c8a26c18825176c91020c6ed6e1eade8eb8e14856b821186562439336,2026-07,Cumbria Constabulary,Cumbria Constabulary,-2.936449,54.895981,On or near Shopping Area,E01019204,Carlisle 006A,Shoplifting,Under investigation,
bfdf534ae077d5069b27ec996dafbd4aef52d7b7eff30efc8532e84bd1965900,2026-07,Cumbria Constabulary,Cumbria Constabulary,-2.935481,54.895243,On or near Scotch Street,E01019204,Carlisle 006A,Shoplifting,Under investigation,
0a531c3d191bf46b042f9db09cf57897795b44b6462dcfd7eae38e2ddab86623,2026-07,Cumbria Constabulary,Cumbria Constabulary,-2.935802,54.895903,On or near Shopping Area,E01019204,Carlisle 006A,Shoplifting,Awaiting court outcome,
f36fc95e14167e3f758b0320c603278ac6668f4a05070270b5886313c644d43b,2026-07,Cumbria Constabulary,Cumbria Constabulary,-2.947742,54.896421,On or near Supermarket,E01019204,Carlisle 006A,Shoplifting,Under investigation,
cab4e3bfe5e70bf55ff86a18c27b744bc9541ebdcdcbdde890ed753995ac6019,2026-07,Cumbria Constabulary,Cumbria Constabulary,-2.947742,54.896421,On or near Supermarket,E01019204,Carlisle 006A,Shoplifting,Under investigation,
848878bbbf56b01d1ba44bdd7bf4a6cfe7e0604aff7378c8f28c878bec1b2a50,2026-07,Cumbria Constabulary,Cumbria Constabulary,-2.935481,54.895243,On or near Scotch Street,E01019204,Carlisle 006A,Shoplifting,Under investigation,
a9d7aa24ddaadd630d32667774ddf7040e7badfe63e4388761ea8a240d808614,2026-07,Cumbria Constabulary,Cumbria Constabulary,-2.947742,54.896421,On or near Supermarket,E01019204,Carlisle 006A,Shoplifting,Under investigation,
dfbde32c5eaf648a5271efd7f37a4edbdcd0bc0bc8ff95d50a3d3f6e38242a7a,2026-07,Cumbria Constabulary,Cumbria Constabulary,-2.947742,54.896421,On or near Supermarket,E01019204,Carlisle 006A,Shoplifting,Under investigation,
5b537779ab54106ca1752bfd778bb7c1670c8fdd461a32947081d19229c80279,2026-07,Cumbria Constabulary,Cumbria Constabulary,-2.938981,54.896236,On or near Nightclub,E01019204,Carlisle 006A,Violence and sexual offences,Under investigation,
0fcab5bddb90125c68d46fe8ec78958c940e2687248bbd4e03ddf26df3bc87d5,2026-07,Cumbria Constabulary,Cumbria Constabulary,-2.948975,54.892892,On or near Silloth Street,E01019204,Carlisle 006A,Violence and sexual offences,Under investigation,
41ae10009c96f3f3b8f755c2735ebc102aa8797bd6efca91193fa97a983ea827,2026-07,Cumbria Constabulary,Cumbria Constabulary,-2.948975,54.892892,On or near Silloth Street,E01019204,Carlisle 006A,Violence and sexual offences,Unable to prosecute suspect,
6a7bf42d0c25b88aaac4e78efee0bd80123717d6896ddd64165dfc6a2d8cab65,2026-07,Cumbria Constabulary,Cumbria Constabulary,-2.945803,54.901903,On or near Sports/Recreation Area,E01019204,Carlisle 006A,Violence and sexual offences,Under investigation,
8e340b74876b70ff2848621e7fe82e09606f7e710a9dde94ed9ec8c460a9747a,2026-07,Cumbria Constabulary,Cumbria Constabulary,-2.936631,54.897103,On or near Peter Street,E01019204,Carlisle 006A,Violence and sexual offences,Under investigation,
222ea8ff65f4fd97d4d18f1efcad27afe899a61f1c9b16cc58ab7532be4911bb,2026-07,Cumbria Constabulary,Cumbria Constabulary,-2.936631,54.897103,On or near Peter Street,E01019204,Carlisle 006A,Violence and sexual offences,Under investigation,
513a0b087c55d7b4af5c8cd16003cbf1b46d8f140b53f31b4dacf5498cf3d4a7,2026-07,Cumbria Constabulary,Cumbria Constabulary,-2.944679,54.895190,On or near Bridge Street,E01019204,Carlisle 006A,Violence and sexual offences,Under investigation,
f02a7122fb9c777f9ff6d2830366663d546b8f6edebe09efd8192b905826edd5,2026-07,Cumbria Constabulary,Cumbria Constabulary,-2.936357,54.898085,On or near Parking Area,E01019204,Carlisle 006A,Violence and sexual offences,Under investigation,
b577dbf6f775a29bb1a15fe912b93a34e1d1b634ce9d4ac6206fcb08425b323a,2026-07,Cumbria Constabulary,Cumbria Constabulary,-2.935481,54.895243,On or near Scotch Street,E01019204,Carlisle 006A,Violence and sexual offences,Under investigation,
8025d9af67ac66ee30ded401575e01a8cc5fdf7ef9a4d1d79fe382251f7678e4,2026-07,Cumbria Constabulary,Cumbria Constabulary,-2.935481,54.895243,On or near Scotch Street,E01019204,Carlisle 006A,Violence and sexual offences,Under investigation,
0cbddba1421f6058b487474d0156b368519dc7b971b371e314d118441dbb7d0e,2026-07,Cumbria Constabulary,Cumbria Constabulary,-2.935481,54.895243,On or near Scotch Street,E01019204,Carlisle 006A,Violence and sexual offences,Unable to prosecute suspect,
726cc9de996f83b373c27b0e5c873e303f8f2bda2344bef23c16cc3c0e60fd9c,2026-07,Cumbria Constabulary,Cumbria Constabulary,-2.939422,54.895096,On or near Paternoster Row,E01019204,Carlisle 006A,Violence and sexual offences,Investigation complete; no suspect identified,
a2a85db3a9a84a7ba9b7175b052dec36edd79cff347cf8b7dfd1d51e7a844078,2026-07,Cumbria Constabulary,Cumbria Constabulary,-2.948975,54.892892,On or near Silloth Street,E01019204,Carlisle 006A,Violence and sexual offences,Under investigation,
7ffc706366f99327e16cec1bf4267a7cd2a8a17090d2fff63a8005e41164eaf2,2026-07,Cumbria Constabulary,Cumbria Constabulary,-2.948975,54.892892,On or near Silloth Street,E01019204,Carlisle 006A,Violence and sexual offences,Under investigation,
fda9d598831885d4ca005ff18a0f9233f114630263d14b760726f7e7b8de9fa2,2026-07,Cumbria Constabulary,Cumbria Constabulary,-2.936357,54.898085,On or near Parking Area,E01019204,Carlisle 006A,Violence and sexual offences,Under investigation,
d3dba5ccca0588de68ac75760b08535a016e13aa6d3c4df351ed891eb58cc413,2026-07,Cumbria Constabulary,Cumbria Constabulary,-2.946176,54.892527,On or near Duke Street,E01019204,Carlisle 006A,Violence and sexual offences,Under investigation,
a6c10ceec80a7fce5ca007d13abf018d85bf784fdf4f5ab7cfd65a22ff8363b7,2026-07,Cumbria Constabulary,Cumbria Constabulary,-2.936357,54.898085,On or near Parking Area,E01019204,Carlisle 006A,Violence and sexual offences,Under investigation,
4cf7afdc7d91712c2b8c3f0fe8bae833be8416d89b04728a02cc635be1ef19cd,2026-07,Cumbria Constabulary,Cumbria Constabulary,-2.948975,54.892892,On or near Silloth Street,E01019204,Carlisle 006A,Violence and sexual offences,Under investigation,
c99e5dff1c842a99ec2c36f3873709d48d69fe38adce87dc6d8f7a548d7fb253,2026-07,Cumbria Constabulary,Cumbria Constabulary,-2.946122,54.899546,On or near Mayor'S Drive,E01019204,Carlisle 006A,Violence and sexual offences,Under investigation,
3dc54933c0df09bde81fa480cea24e6892b08d2459f9826a840037a0785d5419,2026-07,Cumbria Constabulary,Cumbria Constabulary,-2.938981,54.896236,On or near Nightclub,E01019204,Carlisle 006A,Violence and sexual offences,Unable to prosecute suspect,
e88eb7d5e80caf7550cc92fb3a22e5fd2de9a5ac0b41e2f80d08610421785d52,2026-07,Cumbria Constabulary,Cumbria Constabulary,-2.935481,54.895243,On or near Scotch Street,E01019204,Carlisle 006A,Violence and sexual offences,Under investigation,
d2f4a4327873664d39fbf5d294556fe39b3120c90c8dc723366ce8a8abbb8636,2026-07,Cumbria Constabulary,Cumbria Constabulary,-2.948975,54.892892,On or near Silloth Street,E01019204,Carlisle 006A,Violence and sexual offences,Unable to prosecute suspect,
ad370e45573920df87bb764ddf3f6d5505057b208300f97a4602f9d2f24f09f7,2026-07,Cumbria Constabulary,Cumbria Constabulary,-2.935481,54.895243,On or near Scotch Street,E01019204,Carlisle 006A,Violence and sexual offences,Unable to prosecute suspect,
b405a44f5582f639cd2b9da76be8a5f7ac51b1a95a8a396814a82e7dd10c74dd,2026-07,Cumbria Constabulary,Cumbria Constabulary,-2.936631,54.897103,On or near Peter Street,E01019204,Carlisle 006A,Violence and sexual offences,Under investigation,
1c10b8d01e34a69e186174c6529391a01085e0aa4c912080c830d19c2093dfc3,2026-07,Cumbria Constabulary,Cumbria Constabulary,-2.936631,54.897103,On or near Peter Street,E01019204,Carlisle 006A,Violence and sexual offences,Under investigation,
d58fa55261a18489ec8ece99c4efaa6659d7133b487ababd550bff4cda0ba63b,2026-07,Cumbria Constabulary,Cumbria Constabulary,-2.936631,54.897103,On or near Peter Street,E01019204,Carlisle 006A,Violence and sexual offences,Under investigation,
,2026-07,Cumbria Constabulary,Cumbria Constabulary,-2.932526,54.892192,On or near The Crescent,E01019206,Carlisle 006B,Anti-social behaviour,,
,2026-07,Cumbria Constabulary,Cumbria Constabulary,-2.932526,54.892192,On or near The Crescent,E01019206,Carlisle 006B,Anti-social behaviour,,
eac5f902d76ec51b3b6e779b9fc8961c7681a6111ab40adba9c3921b42cf2e28,2026-07,Cumbria Constabulary,Cumbria Constabulary,-2.932526,54.892192,On or near The Crescent,E01019206,Carlisle 006B,Bicycle theft,Under investigation,
9bd4de8ae51d025a3e1e5823604130b6236dbfc088c86fa8db28257661d15c19,2026-07,Cumbria Constabulary,Cumbria Constabulary,-2.929138,54.890663,On or near Tait Street,E01019206,Carlisle 006B,Bicycle theft,Under investigation,
94994b5d453530a18a1622d008d511b15c80e61843c6ffd602e047d72c78211d,2026-07,Cumbria Constabulary,Cumbria Constabulary,-2.935226,54.893654,On or near Bank Street,E01019206,Carlisle 006B,Bicycle theft,Investigation complete; no suspect identified,
7e08e3deb17ccee6d5c223ff0e3669789db053a7bd8ebdaeeca2f7e191157945,2026-07,Cumbria Constabulary,Cumbria Constabulary,-2.939101,54.894011,On or near West Walls,E01019206,Carlisle 006B,Bicycle theft,Under investigation,
12a4d147da21ae160f6a21b8ef37bfffa0c4b6ed7a888438acca56b12212b1cb,2026-07,Cumbria Constabulary,Cumbria Constabulary,-2.933594,54.893217,On or near Friars Court,E01019206,Carlisle 006B,Bicycle theft,Under investigation,
d270a8b6df1a2de224aec2861ebe33e65ae99a2f2b3f93301ebd7bdbd158bc91,2026-07,Cumbria Constabulary,Cumbria Constabulary,-2.935226,54.893654,On or near Bank Street,E01019206,Carlisle 006B,Burglary,Under investigation,
95f0117688932ef2a7995ea5e5d924b4b4940291941ce1cd0125f74f17319143,2026-07,Cumbria Constabulary,Cumbria Constabulary,-2.931870,54.895522,On or near Albert Street,E01019206,Carlisle 006B,Burglary,Under investigation,
3f2928f4183e72b414c81929bdb5cbd4b2e2c6e913c781677da3521977e0848e,2026-07,Cumbria Constabulary,Cumbria Constabulary,-2.928149,54.893061,On or near Alfred Street North,E01019206,Carlisle 006B,Burglary,Investigation complete; no suspect identified,
bd37c8742d10624ae9a0927f1838066f023ef765b65d16e88dbeeae40943dc76,2026-07,Cumbria Constabulary,Cumbria Constabulary,-2.935226,54.893654,On or near Bank Street,E01019206,Carlisle 006B,Criminal damage and arson,Under investigation,
aad425fc65b34d5a2d4a178d59aff4d64a6828618068ae71ed92495c9b1ed7bb,2026-07,Cumbria Constabulary,Cumbria Constabulary,-2.926051,54.892008,On or near Orfeur Street,E01019206,Carlisle 006B,Criminal damage and arson,Under investigation,
32d26324a114c5c19e7c14ff562d94dc6c92356684a4f1db8f7e515ee53e9b55,2026-07,Cumbria Constabulary,Cumbria Constabulary,-2.927051,54.894813,On or near Hartington Place,E01019206,Carlisle 006B,Criminal damage and arson,Under investigation,
7534abfffeb55503421042821da35d4b861bc33517eaefaa717e2849b9c5150b,2026-07,Cumbria Constabulary,Cumbria Constabulary,-2.927051,54.894813,On or near Hartington Place,E01019206,Carlisle 006B,Criminal damage and arson,Under investigation,
b0ed768394f2cfe28f43e1e0e7b02c9812ad9019989850fe3940125e074bbbd6,2026-07,Cumbria Constabulary,Cumbria Constabulary,-2.932526,54.892192,On or near The Crescent,E01019206,Carlisle 006B,Criminal damage and arson,Under investigation,
c64c08e01b97c86b89aaffa071d41dafccfcf44cfde5282acb1b9458de322cff,2026-07,Cumbria Constabulary,Cumbria Constabulary,-2.926051,54.892008,On or near Orfeur Street,E01019206,Carlisle 006B,Criminal damage and arson,Awaiting court outcome,
ceb0a660a7100ce25beff8ebebd3b69bc1ee692308013430a491dd1a9f596246,2026-07,Cumbria Constabulary,Cumbria Constabulary,-2.927051,54.894813,On or near Hartington Place,E01019206,Carlisle 006B,Criminal damage and arson,Under investigation,
e657fdec719e5173ce106fb75389c6a13efe0ef95d812072e03bc2099dd32a9a,2026-07,Cumbria Constabulary,Cumbria Constabulary,-2.933594,54.893217,On or near Friars Court,E01019206,Carlisle 006B,Criminal damage and arson,Under investigation,
fab46d7a36eae0ffa43fc33af74141a31ceffcd97065f9fd0a87e6bae417b8e8,2026-07,Cumbria Constabulary,Cumbria Constabulary,-2.932526,54.892192,On or near The Crescent,E01019206,Carlisle 006B,Drugs,Under investigation,
01761bddbc81c0c6086ead85979294be5ed1abf614ac9034ae595f083d5a476c,2026-07,Cumbria Constabulary,Cumbria Constabulary,-2.929138,54.890663,On or near Tait Street,E01019206,Carlisle 006B,Drugs,Local resolution,
0e28a61642f5ff0dc92bf5fa151563d6c9f32697526b0de65021b54110a682a4,2026-07,Cumbria Constabulary,Cumbria Constabulary,-2.932526,54.892192,On or near The Crescent,E01019206,Carlisle 006B,Drugs,Under investigation,
07452a46a433b6956ccd43b78d693e5a88ee343ff5f641842202b27b4d4b514d,2026-07,Cumbria Constabulary,Cumbria Constabulary,-2.929048,54.890134,On or near William Street,E01019206,Carlisle 006B,Drugs,Under investigation,
5a2b641fe86cf26365bc30b21b9254ad0bffa15d06cf5baeb0df8a516b36c28a,2026-07,Cumbria Constabulary,Cumbria Constabulary,-2.933594,54.893217,On or near Friars Court,E01019206,Carlisle 006B,Drugs,Local resolution,
1a9b037850b73668c46eb0a87583f64a5de2562c61bd0443bc5076eb442ef1aa,2026-07,Cumbria Constabulary,Cumbria Constabulary,-2.931615,54.893260,On or near Earl Street,E01019206,Carlisle 006B,Drugs,Local resolution,
d93b19ca30a9657e8d42367ba0bc3c234f62e37aa5c809d56762c4395588ba54,2026-07,Cumbria Constabulary,Cumbria Constabulary,-2.931133,54.891969,On or near Mary Street,E01019206,Carlisle 006B,Drugs,Local resolution,
a6e0d2732bf6aa4563209f976c64bf726ca0d228f4a5eb18a9d395bfe1d64fcc,2026-07,Cumbria Constabulary,Cumbria Constabulary,-2.933185,54.892376,On or near Citadel Row,E01019206,Carlisle 006B,Drugs,Under investigation,
9bbccf2a7b019b7669f64cf3cc9b52643d494b2b698192e1eeb96fc7cc1320fc,2026-07,Cumbria Constabulary,Cumbria Constabulary,-2.931930,54.894075,On or near Lonsdale Street,E01019206,Carlisle 006B,Other theft,Under investigation,
46d9c7c5569fad0a0145e9307ae01c7e8c48a8f5fcfdd0c3c82cb4c338268f58,2026-07,Cumbria Constabulary,Cumbria Constabulary,-2.932526,54.892192,On or near The Crescent,E01019206,Carlisle 006B,Other theft,Under investigation,
6106fb5327ed41b6b7596320face0a053da8fb01f12e08207cfbd438803531b6,2026-07,Cumbria Constabulary,Cumbria Constabulary,-2.929048,54.890134,On or near William Street,E01019206,Carlisle 006B,Other theft,Investigation complete; no suspect identified,
e17eb6b762ac4db0b74e94af377bfe418b847e0626d596380967d549da2ace5e,2026-07,Cumbria Constabulary,Cumbria Constabulary,-2.933594,54.893217,On or near Friars Court,E01019206,Carlisle 006B,Other theft,Under investigation,
1aff01eb4fb27a8e96d33f9d7abc06a318122302ffb97102dfce7495b2d8e961,2026-07,Cumbria Constabulary,Cumbria Constabulary,-2.931930,54.894075,On or near Lonsdale Street,E01019206,Carlisle 006B,Other theft,Under investigation,
36a7d806a4395446b958704ae6cb8434360cc25b2ac84db28ef032f032e42a43,2026-07,Cumbria Constabulary,Cumbria Constabulary,-2.927051,54.894813,On or near Hartington Place,E01019206,Carlisle 006B,Other theft,Local resolution,
02742e17bc8681df6506408feada4bec447ce6685613304c580c0e14368ff576,2026-07,Cumbria Constabulary,Cumbria Constabulary,-2.935226,54.893654,On or near Bank Street,E01019206,Carlisle 006B,Possession of weapons,Under investigation,
823211b22affd77c93afe876f05786134356e75f1bb25c0488223707b0fb0327,2026-07,Cumbria Constabulary,Cumbria Constabulary,-2.929187,54.892793,On or near Portland Square,E01019206,Carlisle 006B,Possession of weapons,Under investigation,
5858336eede7979c8bb2d2535057b2480438e3fc308b88513c292c5476649684,2026-07,Cumbria Constabulary,Cumbria Constabulary,-2.929187,54.892793,On or near Portland Square,E01019206,Carlisle 006B,Possession of weapons,Under investigation,
1314a86827fd9a2de5e6c5d554c9f928355a12906f88c4f52a42f2c3aef46f93,2026-07,Cumbria Constabulary,Cumbria Constabulary,-2.932526,54.892192,On or near The Crescent,E01019206,Carlisle 006B,Possession of weapons,Awaiting court outcome,
2362507307bf59716e5d8d7cab358e74f1d38a44e5f1326977c5dd3321d915d6,2026-07,Cumbria Constabulary,Cumbria Constabulary,-2.926051,54.892008,On or near Orfeur Street,E01019206,Carlisle 006B,Public order,Under investigation,
1131c996935f1e28a4a08e47d9f25abb255af3656fa2a0a1803b108580596621,2026-07,Cumbria Constabulary,Cumbria Constabulary,-2.931615,54.893260,On or near Earl Street,E01019206,Carlisle 006B,Public order,Awaiting court outcome,
241b6888c46de4d2f48a6883cc40f700344e6478adf3f7793d3a09c5fc5a848a,2026-07,Cumbria Constabulary,Cumbria Constabulary,-2.929187,54.892793,On or near Portland Square,E01019206,Carlisle 006B,Public order,Under investigation,
b1f889b9b63c9ae95504b47fd23e451a93bbb8294ab100601b36ff09dfafd7bb,2026-07,Cumbria Constabulary,Cumbria Constabulary,-2.929187,54.892793,On or near Portland Square,E01019206,Carlisle 006B,Public order,Under investigation,
610170e10272e6c4c275209cd8aad3cb414f8780de4581fbb5e2f69c44cc5d9e,2026-07,Cumbria Constabulary,Cumbria Constabulary,-2.929187,54.892793,On or near Portland Square,E01019206,Carlisle 006B,Public order,Under investigation,
3c6093cb6e785fab9164e861fc4702442e16d5b2baadda283bbaf072d35db203,2026-07,Cumbria Constabulary,Cumbria Constabulary,-2.932526,54.892192,On or near The Crescent,E01019206,Carlisle 006B,Public order,Under investigation,
54887356a6a5fb4d97f82822726882b61e63bba29f28dfa28cfd2dc757389d1d,2026-07,Cumbria Constabulary,Cumbria Constabulary,-2.924674,54.893160,On or near Hart Street,E01019206,Carlisle 006B,Public order,Unable to prosecute suspect,
dea7281022c232d811a991fb48c4b09e24cf5e8955bddf62805de8db97c08e39,2026-07,Cumbria Constabulary,Cumbria Constabulary,-2.935226,54.893654,On or near Bank Street,E01019206,Carlisle 006B,Public order,Unable to prosecute suspect,
b546f5e678ec5535771fe3f624e844f07100e4e618b26b89c6494165d2376216,2026-07,Cumbria Constabulary,Cumbria Constabulary,-2.935226,54.893654,On or near Bank Street,E01019206,Carlisle 006B,Public order,Under investigation,
b1c2d08debfcdd59993c3adf7c747d8fe82666ceb044c94f96d42462db7c9bec,2026-07,Cumbria Constabulary,Cumbria Constabulary,-2.935226,54.893654,On or near Bank Street,E01019206,Carlisle 006B,Public order,Under investigation,
8df2f2acd25aaf4d3b503e2b8f19480d69941a4e55a3f8dc3b005cf261fc7572,2026-07,Cumbria Constabulary,Cumbria Constabulary,-2.935226,54.893654,On or near Bank Street,E01019206,Carlisle 006B,Public order,Awaiting court outcome,
1653b38f9ae131fc1e144abeefa65e3d7343190d5e592c7063a9ab9e1efe9b5f,2026-07,Cumbria Constabulary,Cumbria Constabulary,-2.931930,54.894075,On or near Lonsdale Street,E01019206,Carlisle 006B,Public order,Under investigation,
29a2fa77ae95ca01344340781c6dfaef9a2d9c8e7e2db54069b378cf87ba058b,2026-07,Cumbria Constabulary,Cumbria Constabulary,-2.935226,54.893654,On or near Bank Street,E01019206,Carlisle 006B,Public order,Under investigation,
71d643b0e9a717e1f10981e4db81208d7cc45005a09633880cd25baf9a445af8,2026-07,Cumbria Constabulary,Cumbria Constabulary,-2.931870,54.895522,On or near Albert Street,E01019206,Carlisle 006B,Public order,Awaiting court outcome,
540d47fc54f3d9583d2bb9b7ba5a2bd1cb57afae163c3babe22e92358daaf9f4,2026-07,Cumbria Constabulary,Cumbria Constabulary,-2.935226,54.893654,On or near Bank Street,E01019206,Carlisle 006B,Public order,Under investigation,
711c66e5236dd9cc928b1572044b890ca5edb4d2fd40925ede24e99eac11c217,2026-07,Cumbria Constabulary,Cumbria Constabulary,-2.935226,54.893654,On or near Bank Street,E01019206,Carlisle 006B,Public order,Under investigation,
5d741e69540777b55669878872c8efd8650bbca7d07da7859d6269fb7c5a6ad6,2026-07,Cumbria Constabulary,Cumbria Constabulary,-2.935226,54.893654,On or near Bank Street,E01019206,Carlisle 006B,Public order,Under investigation,
d667187818d6c3f6df23d37c9b25de76b6720fb8662f6c55f20b6e69b8e3c913,2026-07,Cumbria Constabulary,Cumbria Constabulary,-2.932526,54.892192,On or near The Crescent,E01019206,Carlisle 006B,Public order,Under investigation,
f0cbf2f629374f393d3f5fb565bc647ae788209b25b60349dce025cd553d92e6,2026-07,Cumbria Constabulary,Cumbria Constabulary,-2.932526,54.892192,On or near The Crescent,E01019206,Carlisle 006B,Public order,Under investigation,
ff5645764ea2abc3e5271fbcc371a09bae92ec5ab57fd630a49250674bbb37ed,2026-07,Cumbria Constabulary,Cumbria Constabulary,-2.929164,54.891787,On or near Cecil Street,E01019206,Carlisle 006B,Public order,Unable to prosecute suspect,
6ee03d3cc94aedf8f425ab1515d63d528b02953501881fc0691114d8cdf32dcf,2026-07,Cumbria Constabulary,Cumbria Constabulary,-2.935226,54.893654,On or near Bank Street,E01019206,Carlisle 006B,Public order,Under investigation,
868acaeb54728d83814a8391c01c87d1c206f65b63dee6e5da6bed75dd9ec8cd,2026-07,Cumbria Constabulary,Cumbria Constabulary,-2.932526,54.892192,On or near The Crescent,E01019206,Carlisle 006B,Public order,Under investigation,
a5c4a1d3e369a48f79cc1d40d85554a593dbf5989a65679f429461b1dd9b9e53,2026-07,Cumbria Constabulary,Cumbria Constabulary,-2.929138,54.890663,On or near Tait Street,E01019206,Carlisle 006B,Public order,Under investigation,
6edcce5ad53e59ff443609da3ed8d09c8af62f69445a3f2d0fa8dfa369a459e1,2026-07,Cumbria Constabulary,Cumbria Constabulary,-2.932526,54.892192,On or near The Crescent,E01019206,Carlisle 006B,Robbery,Under investigation,
fe2b7334246ee23ade433ff572bf3cac5fca95811feb2ff4e60dca8653873c74,2026-07,Cumbria Constabulary,Cumbria Constabulary,-2.935226,54.893654,On or near Bank Street,E01019206,Carlisle 006B,Robbery,Under investigation,
e6b85e99e4c87554e342dcfa36aae1258cf453cbe8764e5fb3237abd318a95a0,2026-07,Cumbria Constabulary,Cumbria Constabulary,-2.935226,54.893654,On or near Bank Street,E01019206,Carlisle 006B,Shoplifting,Awaiting court outcome,
91727117ea213f625b1d26ed37b9b86fa48cf8fcc67f949a05e6174134cbb3ee,2026-07,Cumbria Constabulary,Cumbria Constabulary,-2.935226,54.893654,On or near Bank Street,E01019206,Carlisle 006B,Shoplifting,Under investigation,
caabd1df1d54670231b8a4051bea7e103788f48e9d67d321559d4a0d72257246,2026-07,Cumbria Constabulary,Cumbria Constabulary,-2.931930,54.894075,On or near Lonsdale Street,E01019206,Carlisle 006B,Shoplifting,Under investigation,
230f63eed0e7713ea9233a962047207d8f4349659c3e171b0083f56b45893c73,2026-07,Cumbria Constabulary,Cumbria Constabulary,-2.935226,54.893654,On or near Bank Street,E01019206,Carlisle 006B,Shoplifting,Awaiting court outcome,
b49bc1069e0c8659a4760c2720698648330a386bdbcb236c3204945f3e996c4a,2026-07,Cumbria Constabulary,Cumbria Constabulary,-2.935226,54.893654,On or near Bank Street,E01019206,Carlisle 006B,Shoplifting,Under investigation,
17d3c3adcd00b464003bf7fb2c0f1d0a6e3f595b59e27b79e53583d67702cdbf,2026-07,Cumbria Constabulary,Cumbria Constabulary,-2.931930,54.894075,On or near Lonsdale Street,E01019206,Carlisle 006B,Shoplifting,Investigation complete; no suspect identified,
a6f1b5b2870f39cd30ebdb5a852d4147276c885fcf6022b83c525c9a85c0db43,2026-07,Cumbria Constabulary,Cumbria Constabulary,-2.935226,54.893654,On or near Bank Street,E01019206,Carlisle 006B,Shoplifting,Under investigation,
9163ec97274cb16c74a2f602cca3c297eb3cdd00777896ed5f937c038b5351b2,2026-07,Cumbria Constabulary,Cumbria Constabulary,-2.935226,54.893654,On or near Bank Street,E01019206,Carlisle 006B,Shoplifting,Investigation complete; no suspect identified,
d15e519af306c97fef02b969a76438a2379e95080ead23962410871449a3929c,2026-07,Cumbria Constabulary,Cumbria Constabulary,-2.931870,54.895522,On or near Albert Street,E01019206,Carlisle 006B,Shoplifting,Under investigation,
2732b786f0bb180690d5ea42b15f567bd64f5a56bcd1d694ef435e80430b5629,2026-07,Cumbria Constabulary,Cumbria Constabulary,-2.935226,54.893654,On or near Bank Street,E01019206,Carlisle 006B,Shoplifting,Awaiting court outcome,
c4cc1715bb6b29466900db4181cb6c43ec8ed809f996088ba38b16e7ae179e06,2026-07,Cumbria Constabulary,Cumbria Constabulary,-2.935226,54.893654,On or near Bank Street,E01019206,Carlisle 006B,Shoplifting,Under investigation,
40518f7fcd7f7b51bd3a233ef99f79f0edff7a3157008dd0171fc731f1b0969e,2026-07,Cumbria Constabulary,Cumbria Constabulary,-2.935226,54.893654,On or near Bank Street,E01019206,Carlisle 006B,Shoplifting,Awaiting court outcome,
5fe0bc7cefe9be2b2883d679ec50dd1ce4b8c44be0a61704cd1cd47e8a02fed8,2026-07,Cumbria Constabulary,Cumbria Constabulary,-2.933185,54.892376,On or near Citadel Row,E01019206,Carlisle 006B,Shoplifting,Under investigation,
1e72576c919f3cb68284a7318e272470186a9863b1564495221deb4b6f37faa5,2026-07,Cumbria Constabulary,Cumbria Constabulary,-2.932526,54.892192,On or near The Crescent,E01019206,Carlisle 006B,Shoplifting,Investigation complete; no suspect identified,
47395b27a8a669a83a1aca69b2edf7269adc24bea0e040648a63b7a08fb91b0a,2026-07,Cumbria Constabulary,Cumbria Constabulary,-2.932526,54.892192,On or near The Crescent,E01019206,Carlisle 006B,Shoplifting,Under investigation,
b3a67a941b513891604eb059a2bd0770f86d651b0109998f6b3429dc0ea9ddda,2026-07,Cumbria Constabulary,Cumbria Constabulary,-2.933185,54.892376,On or near Citadel Row,E01019206,Carlisle 006B,Shoplifting,Awaiting court outcome,
d986c56589426c834d9cb2319c2895d53e15e90c8d243a2086e06865445ea01b,2026-07,Cumbria Constabulary,Cumbria Constabulary,-2.935226,54.893654,On or near Bank Street,E01019206,Carlisle 006B,Shoplifting,Investigation complete; no suspect identified,
7affb460bb2e1384e354459364b3b91e7f358c172033237d38b527f808b24b20,2026-07,Cumbria Constabulary,Cumbria Constabulary,-2.935226,54.893654,On or near Bank Street,E01019206,Carlisle 006B,Shoplifting,Under investigation,
f46a9857d45f8772f53bba8240add5883922d584b88c1bfe20d2b25afa8c5591,2026-07,Cumbria Constabulary,Cumbria Constabulary,-2.933185,54.892376,On or near Citadel Row,E01019206,Carlisle 006B,Shoplifting,Awaiting court outcome,
b485976e729a0518a5d749e88f21d202add3108d6b89084f387aad2575a81b70,2026-07,Cumbria Constabulary,Cumbria Constabulary,-2.935226,54.893654,On or near Bank Street,E01019206,Carlisle 006B,Shoplifting,Under investigation,
8fb435093cbd3bccc4128e986f68425427abef5888d3f47720df5a90037f6ec4,2026-07,Cumbria Constabulary,Cumbria Constabulary,-2.935226,54.893654,On or near Bank Street,E01019206,Carlisle 006B,Shoplifting,Under investigation,
d5d9a7cc56e9d4d841f8dd7fe9565e36c1e1028147804e3629abda177b852066,2026-07,Cumbria Constabulary,Cumbria Constabulary,-2.935226,54.893654,On or near Bank Street,E01019206,Carlisle 006B,Shoplifting,Under investigation,
939b0d665a81494cd257520be8b32a8b4c873a1e54fe01045e8177a0f0773398,2026-07,Cumbria Constabulary,Cumbria Constabulary,-2.935226,54.893654,On or near Bank Street,E01019206,Carlisle 006B,Shoplifting,Under investigation,
89740d7791f5b5b687a6aa255b358080ebb30cfe29efc1c722e8122c2a7f6a9e,2026-07,Cumbria Constabulary,Cumbria Constabulary,-2.935226,54.893654,On or near Bank Street,E01019206,Carlisle 006B,Shoplifting,Investigation complete; no suspect identified,
69437f9d5bcde5389c8f0c39f1af8f64f299fb75a380b6541940c4f9e3857685,2026-07,Cumbria Constabulary,Cumbria Constabulary,-2.932526,54.892192,On or near The Crescent,E01019206,Carlisle 006B,Shoplifting,Awaiting court outcome,
f05172ca003e71478edd6dca80bcb1bda015c16d21b07be92a55c39ea690cfdb,2026-07,Cumbria Constabulary,Cumbria Constabulary,-2.931615,54.893260,On or near Earl Street,E01019206,Carlisle 006B,Shoplifting,Investigation complete; no suspect identified,
3bfde39ddc9fe56e12df438a08f924313c093db30cf6d2c7ba3cf13c6ab73c36,2026-07,Cumbria Constabulary,Cumbria Constabulary,-2.933185,54.892376,On or near Citadel Row,E01019206,Carlisle 006B,Shoplifting,Under investigation,
03a6e6f1621adb1c4252ec4e67bfcae52567269007355f84fcff1f04c58e742b,2026-07,Cumbria Constabulary,Cumbria Constabulary,-2.935226,54.893654,On or near Bank Street,E01019206,Carlisle 006B,Shoplifting,Under investigation,
aa90eab6718fe51f5f58425fc22cf753ad90e1cb4118455be9b3e410084e5158,2026-07,Cumbria Constabulary,Cumbria Constabulary,-2.933185,54.892376,On or near Citadel Row,E01019206,Carlisle 006B,Theft from the person,Unable to prosecute suspect,
86da1759d2f0a8a349588cbdd50d78ac471f6b2a4c34950f79b4f79f949f1b64,2026-07,Cumbria Constabulary,Cumbria Constabulary,-2.929048,54.890134,On or near William Street,E01019206,Carlisle 006B,Vehicle crime,Under investigation,
0b9d63dca6b912f26b504d1cdebfdfeb4f5836b78c1c5b8f9617fdd9adc2139e,2026-07,Cumbria Constabulary,Cumbria Constabulary,-2.929138,54.890663,On or near Tait Street,E01019206,Carlisle 006B,Violence and sexual offences,Unable to prosecute suspect,
cccda0ace346a08681be9bbaf2c74c121b4c7c6d039d0506aaa913d646649286,2026-07,Cumbria Constabulary,Cumbria Constabulary,-2.932526,54.892192,On or near The Crescent,E01019206,Carlisle 006B,Violence and sexual offences,Unable to prosecute suspect,
11c3b65a42532b99eb4c3c3221f0088244f177648037019ecc31855e76cc8299,2026-07,Cumbria Constabulary,Cumbria Constabulary,-2.929138,54.890663,On or near Tait Street,E01019206,Carlisle 006B,Violence and sexual offences,Offender given a caution,
c286eb5e3e9cfc0afc224f0c072c7a9fac57614294b36c95fd7b3da695abb375,2026-07,Cumbria Constabulary,Cumbria Constabulary,-2.933594,54.893217,On or near Friars Court,E01019206,Carlisle 006B,Violence and sexual offences,Under investigation,
06d2a8df89b6299df499c79810c5f765acca223d33f59dd92b0ac53c7578b2ca,2026-07,Cumbria Constabulary,Cumbria Constabulary,-2.933594,54.893217,On or near Friars Court,E01019206,Carlisle 006B,Violence and sexual offences,Under investigation,
e729eb97f051bf27572ae37c99efc528eec4cdcc83eb8261f8e53436754bb368,2026-07,Cumbria Constabulary,Cumbria Constabulary,-2.929138,54.890663,On or near Tait Street,E01019206,Carlisle 006B,Violence and sexual offences,Under investigation,
848b0227768df0bfea357b5181db83f8aac12878a1c52cadbbf9db2b26bae445,2026-07,Cumbria Constabulary,Cumbria Constabulary,-2.932526,54.892192,On or near The Crescent,E01019206,Carlisle 006B,Violence and sexual offences,Awaiting court outcome,
df1e03527c63ac90930641bccc73ddaf2ba1fd5f58b384b181effd026ae94304,2026-07,Cumbria Constabulary,Cumbria Constabulary,-2.935226,54.893654,On or near Bank Street,E01019206,Carlisle 006B,Violence and sexual offences,Under investigation,
62c5ba9a2b5db4a4e460e08a6bb5f7dcce54a2c1f0391387ec26e3e4a3b0ebf0,2026-07,Cumbria Constabulary,Cumbria Constabulary,-2.933594,54.893217,On or near Friars Court,E01019206,Carlisle 006B,Violence and sexual offences,Under investigation,
4074203340f52683f0d0b55f7ed3fdb5f10d3d8ce54c08074ec50c679ffee16e,2026-07,Cumbria Constabulary,Cumbria Constabulary,-2.932526,54.892192,On or near The Crescent,E01019206,Carlisle 006B,Violence and sexual offences,Under investigation,
81260457273fbd1962034198ac6ac98b3776b1731b0bb63c6eba4fb2c16abfbb,2026-07,Cumbria Constabulary,Cumbria Constabulary,-2.935226,54.893654,On or near Bank Street,E01019206,Carlisle 006B,Violence and sexual offences,Under investigation,
e130afe76a637505182354833d6a06c9bfcee26316105ba0b512384ad2593d0d,2026-07,Cumbria Constabulary,Cumbria Constabulary,-2.932526,54.892192,On or near The Crescent,E01019206,Carlisle 006B,Violence and sexual offences,Under investigation,
e55e176cb4e3145d018b383349f41aa010cea063b5334452d75e3d7176632f73,2026-07,Cumbria Constabulary,Cumbria Constabulary,-2.933185,54.892376,On or near Citadel Row,E01019206,Carlisle 006B,Violence and sexual offences,Under investigation,
fd43cdbc557788b79c0a79d14e9870e4ec62846167634997edd367df7636ffe0,2026-07,Cumbria Constabulary,Cumbria Constabulary,-2.931133,54.891969,On or near Mary Street,E01019206,Carlisle 006B,Violence and sexual offences,Under investigation,
68e26d7eade3e36280438238ef1796e5d1c7ca06722af18dc73be2ca14f32d97,2026-07,Cumbria Constabulary,Cumbria Constabulary,-2.933185,54.892376,On or near Citadel Row,E01019206,Carlisle 006B,Violence and sexual offences,Under investigation,
ff5d3c678bc083370d9767056cbbe891cbce2085c4266bc02652c7e42c91b483,2026-07,Cumbria Constabulary,Cumbria Constabulary,-2.929187,54.892793,On or near Portland Square,E01019206,Carlisle 006B,Violence and sexual offences,Under investigation,
3ec99f4405e12535b23c958c8721b4e670c1640f415e7af558e12fadd2d71528,2026-07,Cumbria Constabulary,Cumbria Constabulary,-2.933185,54.892376,On or near Citadel Row,E01019206,Carlisle 006B,Violence and sexual offences,Under investigation,
b04c67ac5eec81f546e1c4cb9574fca54b0536d2ffca3c28b41d2872a558724b,2026-07,Cumbria Constabulary,Cumbria Constabulary,-2.929164,54.891787,On or near Cecil Street,E01019206,Carlisle 006B,Violence and sexual offences,Investigation complete; no suspect identified,
3f1c8f09feda61bf714592c8e3988c8b58f7581b39c725aac9e08e0eacffdeb6,2026-07,Cumbria Constabulary,Cumbria Constabulary,-2.935226,54.893654,On or near Bank Street,E01019206,Carlisle 006B,Violence and sexual offences,Under investigation,
ac5e988d10a1d46e59b709883eb3b4e510c6dba857ef2a9d738339dcf6ffb39d,2026-07,Cumbria Constabulary,Cumbria Constabulary,-2.929048,54.890134,On or near William Street,E01019206,Carlisle 006B,Violence and sexual offences,Under investigation,
c40098ddde55f2f3d22fc812a95126e61d175804169b584d8d723e780619d594,2026-07,Cumbria Constabulary,Cumbria Constabulary,-2.932526,54.892192,On or near The Crescent,E01019206,Carlisle 006B,Violence and sexual offences,Awaiting court outcome,
9db1a65f8546c28a02a1a26a4970b55787d58d2009a2fa1479f71be44ed54b51,2026-07,Cumbria Constabulary,Cumbria Constabulary,-2.932526,54.892192,On or near The Crescent,E01019206,Carlisle 006B,Violence and sexual offences,Under investigation,
267fbcfbe43d0bb691fedf0db57cc5795648338e490ab32d25bdc9d8e8761085,2026-07,Cumbria Constabulary,Cumbria Constabulary,-2.929138,54.890663,On or near Tait Street,E01019206,Carlisle 006B,Violence and sexual offences,Under investigation,
34aab7a3a2262bf515d730486d716dbc608d915cc1bedcd251576b50e10654dc,2026-07,Cumbria Constabulary,Cumbria Constabulary,-2.932526,54.892192,On or near The Crescent,E01019206,Carlisle 006B,Violence and sexual offences,Awaiting court outcome,
047cda219d639c3c2a15df9fc40dda5555a1abd5b6168b6fb9efb6fd7efcadf5,2026-07,Cumbria Constabulary,Cumbria Constabulary,-2.927051,54.894813,On or near Hartington Place,E01019206,Carlisle 006B,Violence and sexual offences,Under investigation,
0b43bc0969d22a95c0473002637900705f9c662a2617587ac5ff96b017524bb8,2026-07,Cumbria Constabulary,Cumbria Constabulary,-2.931133,54.891969,On or near Mary Street,E01019206,Carlisle 006B,Violence and sexual offences,Under investigation,
ea2bb8fa4f89c7e551e47b237c183bcaf5f0b2546a102902b3aa7fa22addf5aa,2026-07,Cumbria Constabulary,Cumbria Constabulary,-2.931930,54.894075,On or near Lonsdale Street,E01019206,Carlisle 006B,Violence and sexual offences,Unable to prosecute suspect,
726189e2e29694294b6e6587c288e9ebc5022ade67597088d2c443c17d98c577,2026-07,Cumbria Constabulary,Cumbria Constabulary,-2.929330,54.892217,On or near Wilfred Street,E01019206,Carlisle 006B,Violence and sexual offences,Under investigation,
0ebf3a7b0bdbe01e0ca4548265ef40778fbbecdb9ebd9f293af1401b97b2d13a,2026-07,Cumbria Constabulary,Cumbria Constabulary,-2.929048,54.890134,On or near William Street,E01019206,Carlisle 006B,Violence and sexual offences,Unable to prosecute suspect,
c316e95027ca37ae4713db59c4753cd13e6d8379eddefcefde9832176ae2ae62,2026-07,Cumbria Constabulary,Cumbria Constabulary,-2.932526,54.892192,On or near The Crescent,E01019206,Carlisle 006B,Violence and sexual offences,Under investigation,
94605d32d93551e659c2d96069566d35b40e8f86ee1172411d0554b21df94517,2026-07,Cumbria Constabulary,Cumbria Constabulary,-2.929187,54.892793,On or near Portland Square,E01019206,Carlisle 006B,Violence and sexual offences,Under investigation,
8d7fc009e5b18f2a0c959286caee5311a1ac388c12b31efe173c6932d6f81666,2026-07,Cumbria Constabulary,Cumbria Constabulary,-2.935226,54.893654,On or near Bank Street,E01019206,Carlisle 006B,Violence and sexual offences,Unable to prosecute suspect,
072d975a3dd8b6878035b8c21b35c80c8651c27d326b94b99524adfe3d86f935,2026-07,Cumbria Constabulary,Cumbria Constabulary,-2.932526,54.892192,On or near The Crescent,E01019206,Carlisle 006B,Violence and sexual offences,Under investigation,
78abf28684aad4465d53e1d368ce46ea67a1d3600214bd56516ee5fcc0de899e,2026-07,Cumbria Constabulary,Cumbria Constabulary,-2.932526,54.892192,On or near The Crescent,E01019206,Carlisle 006B,Violence and sexual offences,Under investigation,
3840a733cc2fd344b645ebd1467b81dedd88796aeac6d7946ae7a2783b5a76da,2026-07,Cumbria Constabulary,Cumbria Constabulary,-2.926051,54.892008,On or near Orfeur Street,E01019206,Carlisle 006B,Violence and sexual offences,Under investigation,
2b094f9fc14a1d88c32a262c42343ca2877bcaaaeffc666e15e8d99a9d67385b,2026-07,Cumbria Constabulary,Cumbria Constabulary,-2.932526,54.892192,On or near The Crescent,E01019206,Carlisle 006B,Violence and sexual offences,Under investigation,
6b8afdc38983ce3bfc778e8145647d52d194045747b050304e2304c5eec1eba5,2026-07,Cumbria Constabulary,Cumbria Constabulary,-2.932526,54.892192,On or near The Crescent,E01019206,Carlisle 006B,Violence and sexual offences,Under investigation,
f47fc3310549b5427bbcdc42700a2b02f8caa384bee6681bfb08bab85d34524d,2026-07,Cumbria Constabulary,Cumbria Constabulary,-2.933594,54.893217,On or near Friars Court,E01019206,Carlisle 006B,Violence and sexual offences,Under investigation,
261665f212ed3b965eb9550004c7d07869f049ad5cc046e4bc65348cb41ab57f,2026-07,Cumbria Constabulary,Cumbria Constabulary,-2.932526,54.892192,On or near The Crescent,E01019206,Carlisle 006B,Violence and sexual offences,Awaiting court outcome,
815ff4edc578e4cb49dfff823725078f395fc333298daf899d842c7b49011451,2026-07,Cumbria Constabulary,Cumbria Constabulary,-2.932526,54.892192,On or near The Crescent,E01019206,Carlisle 006B,Violence and sexual offences,Under investigation,
4809ca65a482736433c8f15ae39ccc26f02a96f46ba01c0fcfa0bfdcbba4f7d5,2026-07,Cumbria Constabulary,Cumbria Constabulary,-2.933594,54.893217,On or near Friars Court,E01019206,Carlisle 006B,Violence and sexual offences,Under investigation,
03d5d85c0ed653e805ec3058083a794ad9f818268ba81d9c3def5371e048f16f,2026-07,Cumbria Constabulary,Cumbria Constabulary,-2.932526,54.892192,On or near The Crescent,E01019206,Carlisle 006B,Violence and sexual offences,Under investigation,
bb85db7b1a74091630382e9917cdb689441e5c12ac6a67c74429fac4ac6d4725,2026-07,Cumbria Constabulary,Cumbria Constabulary,-2.927051,54.894813,On or near Hartington Place,E01019206,Carlisle 006B,Violence and sexual offences,Under investigation,
02a49d84e3db3f10d3a77e6fab91eb478cf342f0fca55f17cb094cec3df00487,2026-07,Cumbria Constabulary,Cumbria Constabulary,-2.927051,54.894813,On or near Hartington Place,E01019206,Carlisle 006B,Violence and sexual offences,Under investigation,
e546bb8b281cb40bedd822a1fb2d938d690ea47a4a4471548c19477bc1a73040,2026-07,Cumbria Constabulary,Cumbria Constabulary,-2.932526,54.892192,On or near The Crescent,E01019206,Carlisle 006B,Violence and sexual offences,Under investigation,
6e619137ac722d5b53ea705fe06f3cb65265c45efb0f64b341e7fcc6a09fe977,2026-07,Cumbria Constabulary,Cumbria Constabulary,-2.927051,54.894813,On or near Hartington Place,E01019206,Carlisle 006B,Violence and sexual offences,Under investigation,
104dd2daa82869dc1e09f0f9869228f086e1da0b09afddcf47e74088427f1a2a,2026-07,Cumbria Constabulary,Cumbria Constabulary,-2.932526,54.892192,On or near The Crescent,E01019206,Carlisle 006B,Violence and sexual offences,Unable to prosecute suspect,
110f51df55397f2aeeb6a69f582c1d938ffa8bda6a4a6bd7b7b88b36adbae165,2026-07,Cumbria Constabulary,Cumbria Constabulary,-2.928838,54.896579,On or near Strand Road,E01019206,Carlisle 006B,Violence and sexual offences,Under investigation,
502a3967a400ef6378d5f8129543989284a133430a964dcff3c321a83c2bb97f,2026-07,Cumbria Constabulary,Cumbria Constabulary,-2.927051,54.894813,On or near Hartington Place,E01019206,Carlisle 006B,Violence and sexual offences,Under investigation,
3ec6ee52a04b6ed7a9b69adf4fb52105b87177c3736c9f527ac76eec57332b93,2026-07,Cumbria Constabulary,Cumbria Constabulary,-2.928838,54.896579,On or near Strand Road,E01019206,Carlisle 006B,Violence and sexual offences,Unable to prosecute suspect,
56335833180c567893a42f00730611821ca4ad4a0934c2bd6c121bbea1418538,2026-07,Cumbria Constabulary,Cumbria Constabulary,-2.932526,54.892192,On or near The Crescent,E01019206,Carlisle 006B,Violence and sexual offences,Unable to prosecute suspect,
066c546bcced41d901757d97d22b0599595119f2b436d5bbd085523f6ea5d2ab,2026-07,Cumbria Constabulary,Cumbria Constabulary,-2.932526,54.892192,On or near The Crescent,E01019206,Carlisle 006B,Violence and sexual offences,Under investigation,
391256fccdf8a992d81e4f1de505ef902acf86fdfa31170b47fc92ed1dc0e16f,2026-07,Cumbria Constabulary,Cumbria Constabulary,-2.932526,54.892192,On or near The Crescent,E01019206,Carlisle 006B,Violence and sexual offences,Under investigation,
de1a1b574b5307d537ac9bc2edbb2241609170b57b6633fef4cc0fbee517db31,2026-07,Cumbria Constabulary,Cumbria Constabulary,-2.932526,54.892192,On or near The Crescent,E01019206,Carlisle 006B,Violence and sexual offences,Under investigation,
429c574abf010cb9144c6d02f2fd7334ec26a2a5fba6693f6bdfd5721918f2e6,2026-07,Cumbria Constabulary,Cumbria Constabulary,-2.929138,54.890663,On or near Tait Street,E01019206,Carlisle 006B,Violence and sexual offences,Unable to prosecute suspect,
fadc606e3862f8ffc8c0b500767637b2b280275547c25c10bff08c2b94c216b1,2026-07,Cumbria Constabulary,Cumbria Constabulary,-2.926670,54.895886,On or near Victoria Place,E01019206,Carlisle 006B,Violence and sexual offences,Unable to prosecute suspect,
4c1ce3a3d605fd7fa777e9c3ab1f7d0225ef3c2e2861bcfc95e7d5684980b1dd,2026-07,Cumbria Constabulary,Cumbria Constabulary,-2.927051,54.894813,On or near Hartington Place,E01019206,Carlisle 006B,Violence and sexual offences,Under investigation,
fe4caf232ef601b149ead0be9d3e00bf39309b334704f6cc1d4b059f5383ff7b,2026-07,Cumbria Constabulary,Cumbria Constabulary,-2.931870,54.895522,On or near Albert Street,E01019206,Carlisle 006B,Violence and sexual offences,Under investigation,
cb15efe64ef0e5a2da5ccd9e5662cfd43aa43a178dc43d34cc12245059415528,2026-07,Cumbria Constabulary,Cumbria Constabulary,-2.929138,54.890663,On or near Tait Street,E01019206,Carlisle 006B,Violence and sexual offences,Under investigation,
24104adf913054b640e0d0d45a847e437f5cfec721d21a050e2a32510b369c3d,2026-07,Cumbria Constabulary,Cumbria Constabulary,-2.929164,54.891787,On or near Cecil Street,E01019206,Carlisle 006B,Other crime,Investigation complete; no suspect identified,
5dd5b21bf6fb83aefffac26671f72f2cfb17443200a92f198fd68638b3e6b6d9,2026-07,Cumbria Constabulary,Cumbria Constabulary,-2.928224,54.896332,On or near Hartington Street,E01019206,Carlisle 006B,Other crime,Under investigation,
,2026-07,Cumbria Constabulary,Cumbria Constabulary,-2.924932,54.890821,On or near Barrock Street,E01019234,Carlisle 006C,Anti-social behaviour,,
f0b4109369cf8321ea5e96f5ef5042d651c0c44d167f56ed131397a1ecf93e30,2026-07,Cumbria Constabulary,Cumbria Constabulary,-2.922308,54.890572,On or near Fusehill Street,E01019234,Carlisle 006C,Burglary,Under investigation,
52cd0f511e0935b0cbe8670ba61c8066f9d4ac1ead0e8cb683309b773c79adb4,2026-07,Cumbria Constabulary,Cumbria Constabulary,-2.926535,54.890683,On or near South Henry Street,E01019234,Carlisle 006C,Criminal damage and arson,Unable to prosecute suspect,
ef070a02eaee2fed18cadd6db3c5caebb1e0b017c854ff8e27962a8fb62c3603,2026-07,Cumbria Constabulary,Cumbria Constabulary,-2.917740,54.889923,On or near Melbourne Road,E01019234,Carlisle 006C,Criminal damage and arson,Under investigation,
83adfff2f7be24506002b42a1fb3b174a77be1ab2bbaa586403287dc00ae7608,2026-07,Cumbria Constabulary,Cumbria Constabulary,-2.922308,54.890572,On or near Fusehill Street,E01019234,Carlisle 006C,Criminal damage and arson,Investigation complete; no suspect identified,
ce30ead59fbebab305881d11648f78b15c3e124d991df12569530a65cdf2b769,2026-07,Cumbria Constabulary,Cumbria Constabulary,-2.926535,54.890683,On or near South Henry Street,E01019234,Carlisle 006C,Criminal damage and arson,Investigation complete; no suspect identified,
d5b7944e4cd3a3a8f96710442106c22c47abe614823f019fdcf1752949dfeceb,2026-07,Cumbria Constabulary,Cumbria Constabulary,-2.917740,54.889923,On or near Melbourne Road,E01019234,Carlisle 006C,Drugs,Under investigation,
9049d0645a7c2b44172e96d6af6e2810942f0dcd6580324c5629929564d1f0dd,2026-07,Cumbria Constabulary,Cumbria Constabulary,-2.924932,54.890821,On or near Barrock Street,E01019234,Carlisle 006C,Other theft,Investigation complete; no suspect identified,
01a53e422b4cbba08b99bf4a92d902a267740721a64c4d78b06b58a3c9b2ebf7,2026-07,Cumbria Constabulary,Cumbria Constabulary,-2.926396,54.889354,On or near Rose Court,E01019234,Carlisle 006C,Public order,Under investigation,
131bc99ea4837a1401d42aa8ee0d001a492c13fe62f3d5192ec12ef0599ae0cf,2026-07,Cumbria Constabulary,Cumbria Constabulary,-2.925697,54.890150,On or near South Street,E01019234,Carlisle 006C,Public order,Under investigation,
a217e006baf10d24c5013c41746419a567e1b441b3ec4a743c9ad3a8e6df6555,2026-07,Cumbria Constabulary,Cumbria Constabulary,-2.920563,54.888572,On or near Watson Street,E01019234,Carlisle 006C,Public order,Under investigation,
25fab59f55bb2b6a4736944f81f6f4d215d0b57b925d3a4a9a52c977a321e237,2026-07,Cumbria Constabulary,Cumbria Constabulary,-2.924932,54.890821,On or near Barrock Street,E01019234,Carlisle 006C,Shoplifting,Investigation complete; no suspect identified,
0f7a65ab4c41d95a3b656bdf5cca320d4701eb9af90c68804f325e19eccedd7c,2026-07,Cumbria Constabulary,Cumbria Constabulary,-2.924932,54.890821,On or near Barrock Street,E01019234,Carlisle 006C,Theft from the person,Under investigation,
c5afcb369908e84708d41e35e2e9fa9fbe2dbe9baf433692973a094fa2d42581,2026-07,Cumbria Constabulary,Cumbria Constabulary,-2.924932,54.890821,On or near Barrock Street,E01019234,Carlisle 006C,Violence and sexual offences,Unable to prosecute suspect,
37003de9dc099545916d94d8773c2ff0ce7e2cd4b76ac9a0fc50303b3b369c94,2026-07,Cumbria Constabulary,Cumbria Constabulary,-2.926396,54.889354,On or near Rose Court,E01019234,Carlisle 006C,Violence and sexual offences,Under investigation,
60987779872dfe4f55e59a9676f5e714993d86009d0dd9e865fa1bacf0b808d7,2026-07,Cumbria Constabulary,Cumbria Constabulary,-2.919197,54.889517,On or near Margaret Creighton Gardens,E01019234,Carlisle 006C,Violence and sexual offences,Unable to prosecute suspect,
ca9890fbf53fa74d56d6ea0f3bd6198f1e5265a384e431f7481a1e39a7bdfc09,2026-07,Cumbria Constabulary,Cumbria Constabulary,-2.919197,54.889517,On or near Margaret Creighton Gardens,E01019234,Carlisle 006C,Violence and sexual offences,Under investigation,
eff851c545c0e68a08b454a1f44486ca085010f6510b0c35039a1684c41e9a84,2026-07,Cumbria Constabulary,Cumbria Constabulary,-2.926396,54.889354,On or near Rose Court,E01019234,Carlisle 006C,Violence and sexual offences,Under investigation,
0fb726f19e665b8b56abe4a1659a4cb38402ba036cc9a554e7c99deb5aacf2a3,2026-07,Cumbria Constabulary,Cumbria Constabulary,-2.926535,54.890683,On or near South Henry Street,E01019234,Carlisle 006C,Violence and sexual offences,Unable to prosecute suspect,
ef8dad234c4fcec2397e75381b085e3a8ce9ef9fd886fb73deaeb982c44415d7,2026-07,Cumbria Constabulary,Cumbria Constabulary,-2.922356,54.889960,On or near Bowman Street,E01019234,Carlisle 006C,Violence and sexual offences,Under investigation,
82a31036445dab60095fbaf7462b1ade3ee63133725aa83516ced360bb0e6343,2026-07,Cumbria Constabulary,Cumbria Constabulary,-2.926396,54.889354,On or near Rose Court,E01019234,Carlisle 006C,Violence and sexual offences,Under investigation,
5d6e43bde68a6a04da303be8c536722ebd31b65c75605e6d127a49b2d6b6a979,2026-07,Cumbria Constabulary,Cumbria Constabulary,-2.922356,54.889960,On or near Bowman Street,E01019234,Carlisle 006C,Violence and sexual offences,Unable to prosecute suspect,
8ead12f05d05ee8e6d581a2349975b86e319cfed02b579e9b69eaf71f4ff6ef1,2026-07,Cumbria Constabulary,Cumbria Constabulary,-2.922308,54.890572,On or near Fusehill Street,E01019234,Carlisle 006C,Violence and sexual offences,Under investigation,
f5a4d4b3d0fa84dca61179abdc3907dd8547b508ce7fb1797591cb644521073c,2026-07,Cumbria Constabulary,Cumbria Constabulary,-2.919177,54.888672,On or near Linton Street,E01019234,Carlisle 006C,Violence and sexual offences,Investigation complete; no suspect identified,
9d5737822b65ffc94f27fb546853cafacccb4771f82c356362f59e1f4b4b1b74,2026-07,Cumbria Constabulary,Cumbria Constabulary,-2.926535,54.890683,On or near South Henry Street,E01019234,Carlisle 006C,Violence and sexual offences,Unable to prosecute suspect,
239a79fbb03c4e94208cbbf3d3392546acfac2b50c7c602c6ba023f8bf19a9bd,2026-07,Cumbria Constabulary,Cumbria Constabulary,-2.919197,54.889517,On or near Margaret Creighton Gardens,E01019234,Carlisle 006C,Violence and sexual offences,Under investigation,
65cc8166d9ab7de040e62985111ea86ebadc9f6cba9c04e4fc16c8cc6b05920c,2026-07,Cumbria Constabulary,Cumbria Constabulary,-2.917740,54.889923,On or near Melbourne Road,E01019234,Carlisle 006C,Violence and sexual offences,Under investigation,
49f7c000bde9851dab0149d666c312ab74cb2d92eb9cda2d6a4444672138a1c3,2026-07,Cumbria Constabulary,Cumbria Constabulary,-2.926535,54.890683,On or near South Henry Street,E01019234,Carlisle 006C,Violence and sexual offences,Awaiting court outcome,
da4d5dfab97f723acbd82562a8775c4cff84276d39c51bb72a8e104bbe8c31bd,2026-07,Cumbria Constabulary,Cumbria Constabulary,-2.917787,54.891954,On or near Margery Street,E01019235,Carlisle 006D,Bicycle theft,Investigation complete; no suspect identified,
66bed7ba3dadc3d2dd6544e92a3260d2a418e02a9faf86796de61cb3b7df788c,2026-07,Cumbria Constabulary,Cumbria Constabulary,-2.913485,54.895619,On or near Sports/Recreation Area,E01019235,Carlisle 006D,Public order,Unable to prosecute suspect,
722c12832e49a6ee41b3037ccc1ec28b57a240f73cb3825dc550e2cbc3a39eb9,2026-07,Cumbria Constabulary,Cumbria Constabulary,-2.915001,54.893575,On or near Brunton Crescent,E01019235,Carlisle 006D,Vehicle crime,Under investigation,
a5a261c2e86a9ad0ae4d89cd71fdb3a53f16e7ce413d41637ad39b47961ace55,2026-07,Cumbria Constabulary,Cumbria Constabulary,-2.913485,54.895619,On or near Sports/Recreation Area,E01019235,Carlisle 006D,Violence and sexual offences,Under investigation,
ff5627072dc2e71c9cdd3b35d07d9dd2c346ddbdefe79f5282c41c3b9bed7933,2026-07,Cumbria Constabulary,Cumbria Constabulary,-2.913485,54.895619,On or near Sports/Recreation Area,E01019235,Carlisle 006D,Violence and sexual offences,Under investigation,
14e31312a7e0ccd58b8ad1c67fa9a11521ee869341267f97cd557cf1666e3cc4,2026-07,Cumbria Constabulary,Cumbria Constabulary,-2.913485,54.895619,On or near Sports/Recreation Area,E01019235,Carlisle 006D,Violence and sexual offences,Under investigation,
6b4d65c179a609deb19eb18fd86733e431e4afc0e0e852529b90bc704c1117e5,2026-07,Cumbria Constabulary,Cumbria Constabulary,-2.912082,54.894801,On or near Thirlwell Gardens,E01019235,Carlisle 006D,Violence and sexual offences,Under investigation,
4fc1c0a3d4b5285f44a31403a8b3bbc604f613dcd607ed47ab8d051f8d201510,2026-07,Cumbria Constabulary,Cumbria Constabulary,-2.917030,54.893631,On or near Short Street,E01019235,Carlisle 006D,Violence and sexual offences,Under investigation,
132f35941bec51b3c85ea1352d5e07b14ef33a2107584d45b3d28c6ba3e21f22,2026-07,Cumbria Constabulary,Cumbria Constabulary,-2.913604,54.893136,On or near Waller Street,E01019235,Carlisle 006D,Violence and sexual offences,Under investigation,
12a0d9b592b481ac8cfd9e29c541a1e5fe7dc63e6907e0766a993d5dea577bdb,2026-07,Cumbria Constabulary,Cumbria Constabulary,-2.910546,54.894444,On or near Thirlwell Avenue,E01019235,Carlisle 006D,Violence and sexual offences,Action to be taken by another organisation,
32febd89627d24921dc7edc1e7c53a836d2258df481de35dc4154c3a60d12bea,2026-07,Cumbria Constabulary,Cumbria Constabulary,-2.913485,54.895619,On or near Sports/Recreation Area,E01019235,Carlisle 006D,Violence and sexual offences,Under investigation,
,2026-07,Cumbria Constabulary,Cumbria Constabulary,-2.918367,54.893477,On or near Eldred Street,E01019237,Carlisle 006E,Anti-social behaviour,,
,2026-07,Cumbria Constabulary,Cumbria Constabulary,-2.921403,54.893302,On or near River Street,E01019237,Carlisle 006E,Anti-social behaviour,,
c880bce6b27764dc6034da851aa6fc363cecf6ab3c87c956e6f78ce60ac57e0a,2026-07,Cumbria Constabulary,Cumbria Constabulary,-2.923639,54.893590,On or near Lismore Street,E01019237,Carlisle 006E,Criminal damage and arson,Under investigation,
4f4498e016d8f482a516e7cdcb94a4ebcfa1b346f92b250471ad7497f4f713cd,2026-07,Cumbria Constabulary,Cumbria Constabulary,-2.918367,54.893477,On or near Eldred Street,E01019237,Carlisle 006E,Drugs,Under investigation,
2ef6c3228f423ea61db3cc600ab0e62368b089ea24aa010db5833367c728063c,2026-07,Cumbria Constabulary,Cumbria Constabulary,-2.921403,54.893302,On or near River Street,E01019237,Carlisle 006E,Other theft,Investigation complete; no suspect identified,
cf642ebea0e6df5818733716f655ebbb8664dcc7564ef242c8b33239af379738,2026-07,Cumbria Constabulary,Cumbria Constabulary,-2.923639,54.893590,On or near Lismore Street,E01019237,Carlisle 006E,Other theft,Under investigation,
7d9ef8172e3d9e2ebb74c8a768a3064704496c7a55184b0d4d47308c1f03f905,2026-07,Cumbria Constabulary,Cumbria Constabulary,-2.925139,54.895753,On or near Lismore Place,E01019237,Carlisle 006E,Public order,Under investigation,
8f37be29881c0d7eee9bf86e4fbfc1cb7f8914e64c81e34dba6a3e20e17355ff,2026-07,Cumbria Constabulary,Cumbria Constabulary,-2.922449,54.891234,On or near Further/Higher Educational Building,E01019237,Carlisle 006E,Shoplifting,Under investigation,
af8000f8a9dc040a9bcc23221ac5d93bbad6480a04c495d204a08655c16a97f1,2026-07,Cumbria Constabulary,Cumbria Constabulary,-2.923639,54.893590,On or near Lismore Street,E01019237,Carlisle 006E,Violence and sexual offences,Under investigation,
45fd1a838a514a4888d150d200636dc29e97b0c63677bf39c98ccb6275cf2631,2026-07,Cumbria Constabulary,Cumbria Constabulary,-2.918367,54.893477,On or near Eldred Street,E01019237,Carlisle 006E,Violence and sexual offences,Under investigation,
3ee82643cc9957e0e3e0eabec8b46d31089e97ccbf1e90e3924d2707d080f30f,2026-07,Cumbria Constabulary,Cumbria Constabulary,-2.923639,54.893590,On or near Lismore Street,E01019237,Carlisle 006E,Violence and sexual offences,Under investigation,
89726f95b52e588265dce526cda6a8f99ff47307d9b1cc9c1e33010aa733e116,2026-07,Cumbria Constabulary,Cumbria Constabulary,-2.918367,54.893477,On or near Eldred Street,E01019237,Carlisle 006E,Violence and sexual offences,Under investigation,
f0623bcd25ff1b47321682d797c1af2abaa83629cb3e1ccaa940f34479f89340,2026-07,Cumbria Constabulary,Cumbria Constabulary,-2.925139,54.895753,On or near Lismore Place,E01019237,Carlisle 006E,Violence and sexual offences,Under investigation,
3c8be8098e85d50c5eb2e4304a06d8afadbb2d218805f82c65590ee41dc7b090,2026-07,Cumbria Constabulary,Cumbria Constabulary,-2.918367,54.893477,On or near Eldred Street,E01019237,Carlisle 006E,Violence and sexual offences,Under investigation,
ebbb6f3a14e39d232aae79908b7d5501153d29b06f1bc97c1289d321bc5eed66,2026-07,Cumbria Constabulary,Cumbria Constabulary,-2.921403,54.893302,On or near River Street,E01019237,Carlisle 006E,Violence and sexual offences,Under investigation,
58618fd4c012f11460898c1a20d2df1d5a2ab90ef527b6fc383b9058b8c2806f,2026-07,Cumbria Constabulary,Cumbria Constabulary,-2.920333,54.892878,On or near Petteril Street,E01019237,Carlisle 006E,Violence and sexual offences,Under investigation,
b195e74ee68338e9d096db149114d419e766a15eaebe1e442aff23c7dc6980bd,2026-07,Cumbria Constabulary,Cumbria Constabulary,-2.918367,54.893477,On or near Eldred Street,E01019237,Carlisle 006E,Violence and sexual offences,Under investigation,
5cd89119f656a5824be6d6dc77dd1473986607aa611504f4fe2062cb0ec768aa,2026-07,Cumbria Constabulary,Cumbria Constabulary,-2.921403,54.893302,On or near River Street,E01019237,Carlisle 006E,Violence and sexual offences,Under investigation,
ddb73caa820985089f24b6eb559fe72e75fe755f7c562ac42696792ed9369119,2026-07,Cumbria Constabulary,Cumbria Constabulary,-2.923156,54.892911,On or near Broad Street,E01019237,Carlisle 006E,Violence and sexual offences,Under investigation,
8281dfb09353993273ba41f183e48d6a84f8b688489f8dffbca061e40c764942,2026-07,Cumbria Constabulary,Cumbria Constabulary,-2.946277,54.907471,On or near Strawberry Terrace,E01019242,Carlisle 006F,Other theft,Under investigation,
0f2ab8c58c322161c174c716b3098d7b5bcde9adcd2ad6c8a1e2434067b6d4bf,2026-07,Cumbria Constabulary,Cumbria Constabulary,-2.939324,54.906276,On or near Thornton Road,E01019242,Carlisle 006F,Other theft,Unable to prosecute suspect,
2a13898841b04584b67b3b80b01c67b7a4c22ff3d82611f61683a5cdea36c366,2026-07,Cumbria Constabulary,Cumbria Constabulary,-2.936222,54.905698,On or near Mulcaster Crescent,E01019242,Carlisle 006F,Other theft,Under investigation,
25478e14f719e3fe9a3ff74996dd08d05ea453328a1a4a8ff2722a555316ab3a,2026-07,Cumbria Constabulary,Cumbria Constabulary,-2.939324,54.906276,On or near Thornton Road,E01019242,Carlisle 006F,Other theft,Investigation complete; no suspect identified,
f73701d71050d49106a45013b38dba46b4f7fb37e439d679a40ab98b5b39cae6,2026-07,Cumbria Constabulary,Cumbria Constabulary,-2.945649,54.907979,On or near Bowscale Close,E01019242,Carlisle 006F,Other theft,Under investigation,
20d2d1055da3cd0122d8a4907d9223683a13a92ad5d0a7aa14f420b8a7977dae,2026-07,Cumbria Constabulary,Cumbria Constabulary,-2.946277,54.907471,On or near Strawberry Terrace,E01019242,Carlisle 006F,Possession of weapons,Unable to prosecute suspect,
418be042118a7db95c72aa0049e2a5dace1f26178d2ac4718eedf7c3bb97434d,2026-07,Cumbria Constabulary,Cumbria Constabulary,-2.946277,54.907471,On or near Strawberry Terrace,E01019242,Carlisle 006F,Public order,Under investigation,
901dfac0345ada9ab27e6e2fb26a53ce2dd5f2008b766a220f72475522d3d414,2026-07,Cumbria Constabulary,Cumbria Constabulary,-2.936446,54.906613,On or near Cheviot Road,E01019242,Carlisle 006F,Shoplifting,Under investigation,
00143fe1aedf6aad1e3eed9fdb2e9e6284b53a5cf173992d68444bff0e9b069f,2026-07,Cumbria Constabulary,Cumbria Constabulary,-2.936771,54.904480,On or near Church Terrace,E01019242,Carlisle 006F,Violence and sexual offences,Under investigation,
a460b0d0dce353762c259bf4449cd27d3e1fcf658ffdacd5829a98c2aea2d692,2026-07,Cumbria Constabulary,Cumbria Constabulary,-2.946277,54.907471,On or near Strawberry Terrace,E01019242,Carlisle 006F,Violence and sexual offences,Unable to prosecute suspect,
55496f6275c8729a15ec42679c996245b16405f65d5a540a8b17a74c33feccd9,2026-07,Cumbria Constabulary,Cumbria Constabulary,-2.939867,54.905490,On or near Etterby Street,E01019242,Carlisle 006F,Violence and sexual offences,Under investigation,
f31cedc8e50379eaa6a68748292c3af3e977a6fa8ec48723d7ca1f224af4f89f,2026-07,Cumbria Constabulary,Cumbria Constabulary,-2.939867,54.905490,On or near Etterby Street,E01019242,Carlisle 006F,Violence and sexual offences,Under investigation,
cdb2f2b47a2457534ad4b40353cec9763e7e3780fc3c1a99937c74d3e3efd503,2026-07,Cumbria Constabulary,Cumbria Constabulary,-2.946277,54.907471,On or near Strawberry Terrace,E01019242,Carlisle 006F,Violence and sexual offences,Unable to prosecute suspect,
397e5fffdeeb84fe8123a25c2dfbd4991e3f73939a415f32b765e0183f8283e0,2026-07,Cumbria Constabulary,Cumbria Constabulary,-2.943806,54.908542,On or near Eden Street,E01019242,Carlisle 006F,Violence and sexual offences,Under investigation,
25472a805ad42c087db3dc565ac08952bfa1ed41ebe9ce9804b669e3f7cbbff3,2026-07,Cumbria Constabulary,Cumbria Constabulary,-2.946277,54.907471,On or near Strawberry Terrace,E01019242,Carlisle 006F,Violence and sexual offences,Under investigation,
9f42295956c5d1cd1a62c04aff15d3bbe9eb54b0ce1e762d860f4597beb23e19,2026-07,Cumbria Constabulary,Cumbria Constabulary,-2.946277,54.907471,On or near Strawberry Terrace,E01019242,Carlisle 006F,Violence and sexual offences,Under investigation,
af43f1181d608106249a2f8a675d2fe69539662d01798680be45a534f3a71c6f,2026-07,Cumbria Constabulary,Cumbria Constabulary,-2.826500,54.883524,On or near Woodlands,E01019219,Carlisle 007A,Public order,Under investigation,
cec88e0e5db516a6c2afbbb2a502abeec0c7e49ca7f11b4c397382e56e276c8b,2026-07,Cumbria Constabulary,Cumbria Constabulary,-2.826500,54.883524,On or near Woodlands,E01019219,Carlisle 007A,Public order,Under investigation,
4cf349812b94a96699a084cc2ac0ed8ba94d375a37832e55299bb1b6176f85fe,2026-07,Cumbria Constabulary,Cumbria Constabulary,-2.823736,54.903125,On or near Parking Area,E01019219,Carlisle 007A,Vehicle crime,Investigation complete; no suspect identified,
786839bfea4eaf99301cabfbef12e91d6c6a0d8bd8c7f3b3d0507c146a745f68,2026-07,Cumbria Constabulary,Cumbria Constabulary,-2.793362,54.889128,On or near Whins Close,E01019219,Carlisle 007A,Violence and sexual offences,Under investigation,
885bff6ed814ab6d10a9bfd99b1fd610547f64595c34e3a6240b8559c787210e,2026-07,Cumbria Constabulary,Cumbria Constabulary,-2.816506,54.902634,On or near Parking Area,E01019219,Carlisle 007A,Violence and sexual offences,Unable to prosecute suspect,
4f4ac5ffd768fd1217248409d18f884cb91e3dd8c5742bcef44c5cea8a39cc14,2026-07,Cumbria Constabulary,Cumbria Constabulary,-2.823736,54.903125,On or near Parking Area,E01019219,Carlisle 007A,Violence and sexual offences,Under investigation,
cbac333fcd05a665eb4d8ad35a81802fde9c00ce6307116bd1a8dadb0200e303,2026-07,Cumbria Constabulary,Cumbria Constabulary,-2.825716,54.883305,On or near The Beeches,E01019219,Carlisle 007A,Violence and sexual offences,Unable to prosecute suspect,
18f206bde2bea7569a20d762f9cc1c2cfaba0ebd48e82171cf7055a6a5e58774,2026-07,Cumbria Constabulary,Cumbria Constabulary,-2.818665,54.906861,On or near Little Corby Road,E01019224,Carlisle 007B,Other theft,Under investigation,
71a981817af82155868687cfbb4718163c4a1f13300be3f76fc394fb986932e4,2026-07,Cumbria Constabulary,Cumbria Constabulary,-2.785859,54.888089,On or near Cairnwood,E01019224,Carlisle 007B,Other theft,Investigation complete; no suspect identified,
cfe3d88c62bad7a637b5fbc97ce5e53fbe8ca295ce8cc41b2fcb37157f9e6ec6,2026-07,Cumbria Constabulary,Cumbria Constabulary,-2.817445,54.905899,On or near Millriggs,E01019224,Carlisle 007B,Public order,Under investigation,
b8b1587cb8dfd69a43da2e497897c21c3e7e22a6aefb7ece5dcd0d00edac88c9,2026-07,Cumbria Constabulary,Cumbria Constabulary,-2.812510,54.905573,On or near Langley Gardens,E01019224,Carlisle 007B,Violence and sexual offences,Under investigation,
749299b028f5ba5b30fa0b1b85f2b5d5f4004e788826184bc3193fa3cf41f6c2,2026-07,Cumbria Constabulary,Cumbria Constabulary,-2.763849,54.912907,On or near The Woodlands,E01019224,Carlisle 007B,Other crime,Investigation complete; no suspect identified,
27acc10c3e0cad64b5fff7761212d0e941aef1a40e823f39b9e3c0ad7e2716da,2026-07,Cumbria Constabulary,Cumbria Constabulary,-2.808105,54.938709,On or near Carlisle Lake District Airport,E01019239,Carlisle 007C,Criminal damage and arson,Unable to prosecute suspect,
48e39baefa14ee1f16dbd4dba97a95224f5ab02417a8b965f80c04376c33c828,2026-07,Cumbria Constabulary,Cumbria Constabulary,-2.853672,54.865956,On or near Peter Gate,E01019249,Carlisle 007D,Public order,Under investigation,
66f2d254043da3d96f29ccad660fcabcd3b911feea73d90d2323576a6c4c5b8c,2026-07,Cumbria Constabulary,Cumbria Constabulary,-2.853672,54.865956,On or near Peter Gate,E01019249,Carlisle 007D,Public order,Under investigation,
ccdb869121ad4f25995c91ef0155c7922d670b149081eedeb268e5efe58a5576,2026-07,Cumbria Constabulary,Cumbria Constabulary,-2.836754,54.899917,On or near Buffs Croft,E01019249,Carlisle 007D,Violence and sexual offences,Under investigation,
e3dd6aeed001fc851febc7f4224626a5e88b48a443f7e60891f46cd819970193,2026-07,Cumbria Constabulary,Cumbria Constabulary,-2.853672,54.865956,On or near Peter Gate,E01019249,Carlisle 007D,Violence and sexual offences,Under investigation,
403f60f85c1805b558fdfea173d27be06d93dd35a0e1ed323b7fd5710b869767,2026-07,Cumbria Constabulary,Cumbria Constabulary,-2.864021,54.899592,On or near Manor Croft,E01019249,Carlisle 007D,Violence and sexual offences,Unable to prosecute suspect,
c16143f9c02963e30a850572a6812d33494989dc144dba9376b1af8a24fbe3d2,2026-07,Cumbria Constabulary,Cumbria Constabulary,-2.853672,54.865956,On or near Peter Gate,E01019249,Carlisle 007D,Violence and sexual offences,Under investigation,
c533aa225e179e6ef93e53cd98a93508021ed19a165528d6f71aba66cc7b457a,2026-07,Cumbria Constabulary,Cumbria Constabulary,-2.836555,54.879025,On or near St Benedicts Way,E01019250,Carlisle 007E,Criminal damage and arson,Unable to prosecute suspect,
8a26c2be7ce836a5f5f3c8975a8d0b51da5d2c63dc565586b77bac960b0f2d32,2026-07,Cumbria Constabulary,Cumbria Constabulary,-2.851484,54.864866,On or near Croft Close,E01019250,Carlisle 007E,Other theft,Investigation complete; no suspect identified,
f6193931906f8515e3ffed40b8c3a493417efcd5f6324e05a7b46cd734313a8c,2026-07,Cumbria Constabulary,Cumbria Constabulary,-2.864448,54.860559,On or near Miry Lonning,E01019250,Carlisle 007E,Other theft,Investigation complete; no suspect identified,
675feb8dd96e12359c5bff1c00d4b1fc04510d68bd114d679177a3c83b9115d1,2026-07,Cumbria Constabulary,Cumbria Constabulary,-2.833762,54.849451,On or near Peter Gate,E01019250,Carlisle 007E,Possession of weapons,Under investigation,
fd8ada82b3d87fb24abca2602168c3bc3cd5d4ba80f7753a5168046a2eed8c43,2026-07,Cumbria Constabulary,Cumbria Constabulary,-2.836555,54.879025,On or near St Benedicts Way,E01019250,Carlisle 007E,Public order,Under investigation,
c04711d397311716df3bc7bcd1db18520b60a6394709f37e02eef4db4ed161cc,2026-07,Cumbria Constabulary,Cumbria Constabulary,-2.834753,54.881571,On or near Eden Mount,E01019250,Carlisle 007E,Violence and sexual offences,Under investigation,
5650c7d39232f937a3a61859f5c08c0f79ed2e53757d3120e1ce16881b043b69,2026-07,Cumbria Constabulary,Cumbria Constabulary,-2.833072,54.881709,On or near The Green,E01019250,Carlisle 007E,Violence and sexual offences,Under investigation,
bf5771a01b2dceb9f5efcfdbf82250dad64aed655dfdd5e2f624cc543def4b15,2026-07,Cumbria Constabulary,Cumbria Constabulary,-2.833762,54.849451,On or near Peter Gate,E01019250,Carlisle 007E,Violence and sexual offences,Under investigation,
c6d7d0c10c6b3e3b175b6d5852ccc0baff1d667c1ab29e84b01046102c8f35d0,2026-07,Cumbria Constabulary,Cumbria Constabulary,-2.833762,54.849451,On or near Peter Gate,E01019250,Carlisle 007E,Violence and sexual offences,Under investigation,
7e1e656eaae31867efe20fa929981d75674857e8e39c612340863d7008c1a208,2026-07,Cumbria Constabulary,Cumbria Constabulary,-2.958207,54.894922,On or near Clift Street,E01019205,Carlisle 008A,Burglary,Under investigation,
04b06bb8fd292e5e8a8e8902b67b42047fe52a12df24c85dbb9ec55af0d72e0e,2026-07,Cumbria Constabulary,Cumbria Constabulary,-2.962382,54.894763,On or near Newtown Road,E01019205,Carlisle 008A,Criminal damage and arson,Under investigation,
ff97689b34d92ef08f8f100926aabe6458ca9dbe2af76732be911941d60d9fcc,2026-07,Cumbria Constabulary,Cumbria Constabulary,-2.958207,54.894922,On or near Clift Street,E01019205,Carlisle 008A,Criminal damage and arson,Under investigation,
00b602182f66558ea71dd40319c3e027952dbe04409e8f395894321b71538c97,2026-07,Cumbria Constabulary,Cumbria Constabulary,-2.960768,54.893796,On or near Cranbourne Road,E01019205,Carlisle 008A,Criminal damage and arson,Unable to prosecute suspect,
8558f46f176420808b663cd33009260412ea563b522f049dd8041532da0d58ce,2026-07,Cumbria Constabulary,Cumbria Constabulary,-2.958207,54.894922,On or near Clift Street,E01019205,Carlisle 008A,Criminal damage and arson,Under investigation,
967f9fc24f00b54eac7dc64acb2dc3af28a49419fe81796ecad34930108331d1,2026-07,Cumbria Constabulary,Cumbria Constabulary,-2.952323,54.894052,On or near Port Road,E01019205,Carlisle 008A,Criminal damage and arson,Under investigation,
79d5fd301cc0ab97aa3ab78f2b51db04034d7ecba6c710c43c9b8253f9380db2,2026-07,Cumbria Constabulary,Cumbria Constabulary,-2.958207,54.894922,On or near Clift Street,E01019205,Carlisle 008A,Public order,Under investigation,
935dcf7a0031e22fb46fb4474edffa11041cb9eefe58e83aa2201b50352f61e5,2026-07,Cumbria Constabulary,Cumbria Constabulary,-2.962382,54.894763,On or near Newtown Road,E01019205,Carlisle 008A,Public order,Investigation complete; no suspect identified,
ad1990e98a8b0d45efe867a1ef4ce14c54b7b49a42e8568bdd24b13f3fb261b9,2026-07,Cumbria Constabulary,Cumbria Constabulary,-2.958207,54.894922,On or near Clift Street,E01019205,Carlisle 008A,Public order,Unable to prosecute suspect,
28896d04a377ec73e7912cbec3945957ddfff9ae5db33b15f95f70f1a4127800,2026-07,Cumbria Constabulary,Cumbria Constabulary,-2.959272,54.895138,On or near Lawson Street,E01019205,Carlisle 008A,Public order,Awaiting court outcome,
da183df3fb50d60519ffda154f0f3bce380fb167d5e9b4da79d9f28400fbd499,2026-07,Cumbria Constabulary,Cumbria Constabulary,-2.958207,54.894922,On or near Clift Street,E01019205,Carlisle 008A,Theft from the person,Under investigation,
5d6e39ae34afa52e23abe027bf30d9df139eb20e86ad9e65d8a6a938ec763d6c,2026-07,Cumbria Constabulary,Cumbria Constabulary,-2.956374,54.893930,On or near Howard Court,E01019205,Carlisle 008A,Vehicle crime,Under investigation,
4b4c282e70a909d1efae2a00ac33010cc3270bf6cce2b42830e18208251bb3e7,2026-07,Cumbria Constabulary,Cumbria Constabulary,-2.958207,54.894922,On or near Clift Street,E01019205,Carlisle 008A,Violence and sexual offences,Unable to prosecute suspect,
53016aa9de18d104345d5f7799b063b2ca6d1fef16e454553ff7cfb95ab7d6aa,2026-07,Cumbria Constabulary,Cumbria Constabulary,-2.958207,54.894922,On or near Clift Street,E01019205,Carlisle 008A,Violence and sexual offences,Unable to prosecute suspect,
3b72eeb29734d6b97684838d2b19e9e250b28a037e9a1034046e0e5c112d31b2,2026-07,Cumbria Constabulary,Cumbria Constabulary,-2.960500,54.895614,On or near Wilson Street,E01019205,Carlisle 008A,Violence and sexual offences,Under investigation,
cf556b2b2779665eb5f04c9a5d90142cbd9ddb310176592fd22407d21107a8eb,2026-07,Cumbria Constabulary,Cumbria Constabulary,-2.958207,54.894922,On or near Clift Street,E01019205,Carlisle 008A,Violence and sexual offences,Under investigation,
a3720dbc4e61c6f9a39fc74e3439f98cb93bf85c592e0b6725a2f7d78513ef52,2026-07,Cumbria Constabulary,Cumbria Constabulary,-2.955147,54.892798,On or near Peel Street,E01019205,Carlisle 008A,Violence and sexual offences,Unable to prosecute suspect,
717ffc7f5d80590a93836d3582018185a0a1cffad7b0bc6654dfa1323ed24498,2026-07,Cumbria Constabulary,Cumbria Constabulary,-2.960768,54.893796,On or near Cranbourne Road,E01019205,Carlisle 008A,Violence and sexual offences,Under investigation,
a96b407875eeb9bed9e76d06d256618a0e0a723ec0cc425b0aad2cbed4d04558,2026-07,Cumbria Constabulary,Cumbria Constabulary,-2.960500,54.895614,On or near Wilson Street,E01019205,Carlisle 008A,Violence and sexual offences,Under investigation,
a52e07e4212d4652083729c4d67aef571af052b932405dbcdbd9fe9ff550c505,2026-07,Cumbria Constabulary,Cumbria Constabulary,-2.958207,54.894922,On or near Clift Street,E01019205,Carlisle 008A,Violence and sexual offences,Under investigation,
2e3e544e1d6ea3569291eb1953d6561cc6f1d08674cf9cfd85984e612096b52f,2026-07,Cumbria Constabulary,Cumbria Constabulary,-2.958207,54.894922,On or near Clift Street,E01019205,Carlisle 008A,Violence and sexual offences,Unable to prosecute suspect,
e9a3dd5da06d33c40a51ca1dfb5a167066d470894fc769f7431b0bf0e37ae575,2026-07,Cumbria Constabulary,Cumbria Constabulary,-2.958207,54.894922,On or near Clift Street,E01019205,Carlisle 008A,Violence and sexual offences,Under investigation,
201b1b1b298906ab4c939a47be99f61914bd6263968be3d87197a12fd5148443,2026-07,Cumbria Constabulary,Cumbria Constabulary,-2.958207,54.894922,On or near Clift Street,E01019205,Carlisle 008A,Violence and sexual offences,Under investigation,
475ba66517a003ee86466283df6e50cfebe03c7814dbc832f54784a9b9337dc2,2026-07,Cumbria Constabulary,Cumbria Constabulary,-2.960768,54.893796,On or near Cranbourne Road,E01019205,Carlisle 008A,Violence and sexual offences,Under investigation,
54b91feb70a721e43afe6c06fffe51a772bcc7b71374c4cc47accf8b2de4461c,2026-07,Cumbria Constabulary,Cumbria Constabulary,-2.952323,54.894052,On or near Port Road,E01019205,Carlisle 008A,Violence and sexual offences,Under investigation,
19defb38f159ce9bb4fb7236876f8161735bfc7a9fa3b054c4ebbdf8ef1ba4ab,2026-07,Cumbria Constabulary,Cumbria Constabulary,-2.958207,54.894922,On or near Clift Street,E01019205,Carlisle 008A,Violence and sexual offences,Unable to prosecute suspect,
93284ebdd8620964aa4c3e5e0ae278768605937ede023c116b49ecb4e625aaac,2026-07,Cumbria Constabulary,Cumbria Constabulary,-2.955147,54.892798,On or near Peel Street,E01019205,Carlisle 008A,Violence and sexual offences,Under investigation,
1f2be4982969597a0363d0cc329e876fb897e5b3b76457723a02591af4c4b3a1,2026-07,Cumbria Constabulary,Cumbria Constabulary,-2.958207,54.894922,On or near Clift Street,E01019205,Carlisle 008A,Violence and sexual offences,Under investigation,
3645b5fa65ca77028ef454196c7e23a092063e3b1fd589bd72483558b5303e41,2026-07,Cumbria Constabulary,Cumbria Constabulary,-2.960768,54.893796,On or near Cranbourne Road,E01019205,Carlisle 008A,Violence and sexual offences,Under investigation,
b0c38346609916f61411b3ed7d3fccce2a87d433e57ffec8d079df8e58be480a,2026-07,Cumbria Constabulary,Cumbria Constabulary,-2.951257,54.893143,On or near Head Street,E01019207,Carlisle 008B,Burglary,Investigation complete; no suspect identified,
a8e891a47987c0c54c0f4cf85998f53de46dde00c590423eb199f849abf47a4a,2026-07,Cumbria Constabulary,Cumbria Constabulary,-2.951636,54.891352,On or near Osborne Avenue,E01019207,Carlisle 008B,Criminal damage and arson,Under investigation,
6c3f082eaa43eacb915479e49d964357b3f274315ef78b6c412e3c80c3aeab0a,2026-07,Cumbria Constabulary,Cumbria Constabulary,-2.952862,54.889779,On or near Abbots Road,E01019207,Carlisle 008B,Criminal damage and arson,Investigation complete; no suspect identified,
f1a2302e13f9ac2ee286908d4f5c2afdab636a1885bd97f861fe5b9198ded256,2026-07,Cumbria Constabulary,Cumbria Constabulary,-2.952414,54.893251,On or near Ashley Street,E01019207,Carlisle 008B,Other theft,Under investigation,
e9334040ae2ca0b2b8caf046cf00a322ae76fb34072474e14da02b5e19ea4312,2026-07,Cumbria Constabulary,Cumbria Constabulary,-2.955620,54.892354,On or near Caldbeck Road,E01019207,Carlisle 008B,Public order,Under investigation,
5499b12b8c5fa923d434b5a635ad25090a1d8eec0a873c085a731732dc0b1b4b,2026-07,Cumbria Constabulary,Cumbria Constabulary,-2.953949,54.890282,On or near Bassenthwaite Street,E01019207,Carlisle 008B,Shoplifting,Under investigation,
58b49352a5648ce83d570fe313f36724820d267caf4764caf7c4bd4e66b405f8,2026-07,Cumbria Constabulary,Cumbria Constabulary,-2.955620,54.892354,On or near Caldbeck Road,E01019207,Carlisle 008B,Violence and sexual offences,Under investigation,
e7eae36281fe76eafe33b6a960a9febdf062473be1a0d0af582e1133ae9d24c8,2026-07,Cumbria Constabulary,Cumbria Constabulary,-2.952162,54.890503,On or near Monks Close Road,E01019207,Carlisle 008B,Violence and sexual offences,Unable to prosecute suspect,
,2026-07,Cumbria Constabulary,Cumbria Constabulary,-2.947480,54.890371,On or near Supermarket,E01019215,Carlisle 008C,Anti-social behaviour,,
2870a0e896c89ddb4ce3a8bf423afd7df1bcde3f7b10217e75aa3dca217bf228,2026-07,Cumbria Constabulary,Cumbria Constabulary,-2.950493,54.889824,On or near Dowbeck Road,E01019215,Carlisle 008C,Bicycle theft,Under investigation,
0ee7223ff9f16fa01bd8390aaa1df5e268121676f25fd683c9c64105044ff5e2,2026-07,Cumbria Constabulary,Cumbria Constabulary,-2.942957,54.892884,On or near Milbourne Street,E01019215,Carlisle 008C,Criminal damage and arson,Investigation complete; no suspect identified,
4f080d9a6d64b5dfa36723ea432fe6160697f520341b0f9afdc185d1654113f2,2026-07,Cumbria Constabulary,Cumbria Constabulary,-2.942957,54.892884,On or near Milbourne Street,E01019215,Carlisle 008C,Criminal damage and arson,Investigation complete; no suspect identified,
30cb659c011705458abf73709072e37bb20cbd274f09dd4b35d2e6d2d31597d1,2026-07,Cumbria Constabulary,Cumbria Constabulary,-2.942957,54.892884,On or near Milbourne Street,E01019215,Carlisle 008C,Criminal damage and arson,Investigation complete; no suspect identified,
d395c4b3cefd5644dbcf73817eeee66c5cbcc3f2240cb7473a0ce5846512fcb8,2026-07,Cumbria Constabulary,Cumbria Constabulary,-2.942957,54.892884,On or near Milbourne Street,E01019215,Carlisle 008C,Drugs,Awaiting court outcome,
c52e8cf206884fae711ffd7dc2c12d97322bba68c265853400535426a5d13fe2,2026-07,Cumbria Constabulary,Cumbria Constabulary,-2.943388,54.891344,On or near Junction Street,E01019215,Carlisle 008C,Other theft,Under investigation,
c805c293cb4f1174e4bc0b105518351af7c93fd83ce535fca9f0899c64d47443,2026-07,Cumbria Constabulary,Cumbria Constabulary,-2.948443,54.887495,On or near Talbot Road,E01019215,Carlisle 008C,Other theft,Under investigation,
d102182420ccc118617fa2f65bc2b790929529767f6d207811dbb2a0348ad0e7,2026-07,Cumbria Constabulary,Cumbria Constabulary,-2.941957,54.890798,On or near Denton Hill,E01019215,Carlisle 008C,Public order,Under investigation,
9d81d17f286363294459b4c59adaf78ce2f8ffe13319abe21fd95d05ab20b3cf,2026-07,Cumbria Constabulary,Cumbria Constabulary,-2.941957,54.890798,On or near Denton Hill,E01019215,Carlisle 008C,Public order,Under investigation,
3628a792ce9c32a3397bc3679b9f6fd16630eff82e40f545dd9c2ca580ea9f5f,2026-07,Cumbria Constabulary,Cumbria Constabulary,-2.942957,54.892884,On or near Milbourne Street,E01019215,Carlisle 008C,Public order,Awaiting court outcome,
79f792b944631687abf0b7cc497e538a4f684c68d23f7205c56cce334e1937f1,2026-07,Cumbria Constabulary,Cumbria Constabulary,-2.941957,54.890798,On or near Denton Hill,E01019215,Carlisle 008C,Public order,Unable to prosecute suspect,
6dd0d4dd7059ea2d36a3d2c9c6aebf7bf989edd17e095db24f3321e36884257d,2026-07,Cumbria Constabulary,Cumbria Constabulary,-2.942957,54.892884,On or near Milbourne Street,E01019215,Carlisle 008C,Vehicle crime,Under investigation,
0387c761ee3ab3e12fee465b529057b69609936a8ddbaddf8eb95a0dbd1f1903,2026-07,Cumbria Constabulary,Cumbria Constabulary,-2.950493,54.889824,On or near Dowbeck Road,E01019215,Carlisle 008C,Violence and sexual offences,Under investigation,
083cdfeb5d27ae2b9c494bc6f39fb578d66d8d03d8841561c86b6b96ec0e1dd2,2026-07,Cumbria Constabulary,Cumbria Constabulary,-2.941957,54.890798,On or near Denton Hill,E01019215,Carlisle 008C,Violence and sexual offences,Under investigation,
5720fad148500ee2227e913529a1470ba0eef7c4b96702e2f99d17a6a6b1a92c,2026-07,Cumbria Constabulary,Cumbria Constabulary,-2.941957,54.890798,On or near Denton Hill,E01019215,Carlisle 008C,Violence and sexual offences,Unable to prosecute suspect,
b5b888d5a81accdc1429f960ba0023df166a897142d841d7793b071eefaffaa4,2026-07,Cumbria Constabulary,Cumbria Constabulary,-2.949131,54.889592,On or near Weardale Road,E01019215,Carlisle 008C,Violence and sexual offences,Under investigation,
164399704d60bb7b2f54990e7b422a9c0bf8e80a19db55323153ad67c0bd390a,2026-07,Cumbria Constabulary,Cumbria Constabulary,-2.950493,54.889824,On or near Dowbeck Road,E01019215,Carlisle 008C,Violence and sexual offences,Under investigation,
209c71fb636badb68bb9c52c151330dd13c140a576065fd239ad27e9231cbe4a,2026-07,Cumbria Constabulary,Cumbria Constabulary,-2.950493,54.889824,On or near Dowbeck Road,E01019215,Carlisle 008C,Violence and sexual offences,Under investigation,
45561fca72684b4956e2e2c5fbba23251c67667136fb5592061eceeedf45284e,2026-07,Cumbria Constabulary,Cumbria Constabulary,-2.950720,54.892186,On or near Bishops Close,E01019215,Carlisle 008C,Violence and sexual offences,Unable to prosecute suspect,
92c370b3d63a117ea05d69a94031a7e62a4a30fe3124dbac6cdf9dd452c5dbf4,2026-07,Cumbria Constabulary,Cumbria Constabulary,-2.943570,54.887784,On or near Nelson Street,E01019215,Carlisle 008C,Violence and sexual offences,Under investigation,
c1c7a56a421e49ba4d09d50cc9557f66c1a1cbc4a41a8f6ad5980e9f27d4766b,2026-07,Cumbria Constabulary,Cumbria Constabulary,-2.950493,54.889824,On or near Dowbeck Road,E01019215,Carlisle 008C,Violence and sexual offences,Unable to prosecute suspect,
,2026-07,Cumbria Constabulary,Cumbria Constabulary,-2.950278,54.882681,On or near Prescott Road,E01019218,Carlisle 008D,Anti-social behaviour,,
626209d902b84ad4571ae121c5db869747c2e15a40695e7ab27988a146b7f7f5,2026-07,Cumbria Constabulary,Cumbria Constabulary,-2.949498,54.883308,On or near Waldegrave Road,E01019218,Carlisle 008D,Criminal damage and arson,Under investigation,
a14f3df85eb51b91f340516c9f462a5396885410f36a5f041714cee1d447de29,2026-07,Cumbria Constabulary,Cumbria Constabulary,-2.949799,54.882173,On or near Diggle Road,E01019218,Carlisle 008D,Criminal damage and arson,Investigation complete; no suspect identified,
504130f7915b64240ead5890022f54c46e33e05016c7bce640cbcad8e3c8d736,2026-07,Cumbria Constabulary,Cumbria Constabulary,-2.950278,54.882681,On or near Prescott Road,E01019218,Carlisle 008D,Criminal damage and arson,Under investigation,
dd7e8a629548ba8615c395a851c498a170a5e184a4c9ac965cc3023d7a7c677e,2026-07,Cumbria Constabulary,Cumbria Constabulary,-2.951620,54.884711,On or near Norfolk Road,E01019218,Carlisle 008D,Other theft,Under investigation,
4636bd7e7fd23381f04fe966319058b4f43a3e66ddabda82646da049f1f8327d,2026-07,Cumbria Constabulary,Cumbria Constabulary,-2.949498,54.883308,On or near Waldegrave Road,E01019218,Carlisle 008D,Public order,Under investigation,
1a23d8c98a54c6718cdf1b5cd594d9b0786fa0f40ac399f9f2d9525fa25c7dc7,2026-07,Cumbria Constabulary,Cumbria Constabulary,-2.949706,54.881536,On or near Richardson Street,E01019218,Carlisle 008D,Public order,Under investigation,
ae5a6c8b2be5ea92c11a6998cf0f2a64aaee39ca98527d1eff4fa025b989e212,2026-07,Cumbria Constabulary,Cumbria Constabulary,-2.953561,54.882404,On or near B5299,E01019218,Carlisle 008D,Public order,Under investigation,
32ea5cf65f491d0cc5b3ec5ae676f2e20ccdc099be65113ad6d192c8d2d350d4,2026-07,Cumbria Constabulary,Cumbria Constabulary,-2.944581,54.883678,On or near Constable Street,E01019218,Carlisle 008D,Public order,Unable to prosecute suspect,
c2c4c8c76e28eb0c82c9206906b71b1974ca3a3091be6c335e73f2666a76c6fa,2026-07,Cumbria Constabulary,Cumbria Constabulary,-2.944581,54.883678,On or near Constable Street,E01019218,Carlisle 008D,Public order,Unable to prosecute suspect,
ddc13cbbb4927a85ef16eb4aecf451be5e80090cafa7884a71038ab650e4565f,2026-07,Cumbria Constabulary,Cumbria Constabulary,-2.950278,54.882681,On or near Prescott Road,E01019218,Carlisle 008D,Violence and sexual offences,Under investigation,
1269430c53337838ec1cb91afca40880280dc5e22d973f79ad68ab2ee129945b,2026-07,Cumbria Constabulary,Cumbria Constabulary,-2.950278,54.882681,On or near Prescott Road,E01019218,Carlisle 008D,Violence and sexual offences,Under investigation,
306b1201c084331ff0be63a977ff5863affd58f73b56f2d91ec2d5c2ddcbb1c2,2026-07,Cumbria Constabulary,Cumbria Constabulary,-2.953261,54.882919,On or near Longsowerby Road,E01019218,Carlisle 008D,Violence and sexual offences,Under investigation,
63a182e0ed3881ae396a5232f6552f03627d5aebca45adfa44b7078c88ea96d5,2026-07,Cumbria Constabulary,Cumbria Constabulary,-2.944741,54.883192,On or near Frederick Street,E01019218,Carlisle 008D,Violence and sexual offences,Unable to prosecute suspect,
3f187c63cb75c899bf9128e23326dfa6e6c54f0c5575ee2a432852755b851404,2026-07,Cumbria Constabulary,Cumbria Constabulary,-2.950278,54.882681,On or near Prescott Road,E01019218,Carlisle 008D,Violence and sexual offences,Under investigation,
9f15971260ba5298b77c3bbbe927f4f5becb5ea0b3cf36063d57d0ff64b01cca,2026-07,Cumbria Constabulary,Cumbria Constabulary,-2.959880,54.873484,On or near Dale Meadows,E01019218,Carlisle 008D,Violence and sexual offences,Under investigation,
cc64f4aa96a4d650d4cd76a7db5f591e69fffea2f3162e6ff0e20b016ee01fb6,2026-07,Cumbria Constabulary,Cumbria Constabulary,-2.949706,54.881536,On or near Richardson Street,E01019218,Carlisle 008D,Violence and sexual offences,Under investigation,
,2026-07,Cumbria Constabulary,Cumbria Constabulary,-2.959575,54.883615,On or near Langrigg Road,E01019233,Carlisle 008E,Anti-social behaviour,,
,2026-07,Cumbria Constabulary,Cumbria Constabulary,-2.959575,54.883615,On or near Langrigg Road,E01019233,Carlisle 008E,Anti-social behaviour,,
6e66d3315d59eb1e5ae566c32b6b70d0a8635664a7f8c2b23784f002958dab8c,2026-07,Cumbria Constabulary,Cumbria Constabulary,-2.956834,54.880446,On or near Raiselands Road,E01019233,Carlisle 008E,Burglary,Investigation complete; no suspect identified,
04a5ce574ed7f75be1b14169f8369f82ffabd84157aa9971f212236364b9a051,2026-07,Cumbria Constabulary,Cumbria Constabulary,-2.957593,54.879568,On or near Rosehill Drive,E01019233,Carlisle 008E,Burglary,Under investigation,
6150864c6a70f9d8c1019f5914a17de3443b73ca1b70b9eec13bd791b7cd9b7a,2026-07,Cumbria Constabulary,Cumbria Constabulary,-2.958539,54.881349,On or near Kentmere Grove,E01019233,Carlisle 008E,Public order,Under investigation,
c67317e1ad5bae1aeaff2a3856beb249ace826d8a3a269668119e96f33022f7c,2026-07,Cumbria Constabulary,Cumbria Constabulary,-2.958539,54.881349,On or near Kentmere Grove,E01019233,Carlisle 008E,Public order,Under investigation,
2258c9692c77307a77a98e28a3d7a9dc008c462674b73a1b36c3cfbcaf84ac6a,2026-07,Cumbria Constabulary,Cumbria Constabulary,-2.959575,54.883615,On or near Langrigg Road,E01019233,Carlisle 008E,Public order,Under investigation,
853fef7ab5ec0b83d5ac2e2e5d582662a8f757ab6e1fe59039aebd7331da5edb,2026-07,Cumbria Constabulary,Cumbria Constabulary,-2.958539,54.881349,On or near Kentmere Grove,E01019233,Carlisle 008E,Violence and sexual offences,Under investigation,
c0687ebc58fe1b9ac4c37bf6ca968e4c015eea5960aff616759e05ff4f173510,2026-07,Cumbria Constabulary,Cumbria Constabulary,-2.958539,54.881349,On or near Kentmere Grove,E01019233,Carlisle 008E,Violence and sexual offences,Under investigation,
db5121cf5b3771459c6f6a196e71115f4af451c47ccd5fe6c59b494b2996f078,2026-07,Cumbria Constabulary,Cumbria Constabulary,-2.959575,54.883615,On or near Langrigg Road,E01019233,Carlisle 008E,Violence and sexual offences,Unable to prosecute suspect,
fad4ff5634a8071b1a37dd8f86c9c04995a8d14c07b0d3dd260bbb8b05367247,2026-07,Cumbria Constabulary,Cumbria Constabulary,-2.959575,54.883615,On or near Langrigg Road,E01019233,Carlisle 008E,Violence and sexual offences,Unable to prosecute suspect,
1c5e5b20cfd33febce1d30845f9a79bb9437e186513e83cd1d82720aa4ed497b,2026-07,Cumbria Constabulary,Cumbria Constabulary,-2.959575,54.883615,On or near Langrigg Road,E01019233,Carlisle 008E,Violence and sexual offences,Unable to prosecute suspect,
ce4ee67f8d8bf56cd088db6a6798047c65bb4b9d9362c0c24d576d3eede4510d,2026-07,Cumbria Constabulary,Cumbria Constabulary,-2.958539,54.881349,On or near Kentmere Grove,E01019233,Carlisle 008E,Violence and sexual offences,Under investigation,
5423b7b60631eb03e75b0a357cedbf666a6d16d24320898a85e43b7199098b84,2026-07,Cumbria Constabulary,Cumbria Constabulary,-2.958539,54.881349,On or near Kentmere Grove,E01019233,Carlisle 008E,Violence and sexual offences,Unable to prosecute suspect,
,2026-07,Cumbria Constabulary,Cumbria Constabulary,-2.963943,54.891605,On or near Ivory Close,E01019193,Carlisle 009A,Anti-social behaviour,,
,2026-07,Cumbria Constabulary,Cumbria Constabulary,-2.966792,54.892059,On or near Shady Grove Road,E01019193,Carlisle 009A,Anti-social behaviour,,
333719bff93848285957e62a9aad3be85305ac275ad7812aa905e9cb95d47fd4,2026-07,Cumbria Constabulary,Cumbria Constabulary,-2.967850,54.890038,On or near Lime Grove,E01019193,Carlisle 009A,Criminal damage and arson,Unable to prosecute suspect,
a0b461575ef41ad7bb88d33f8028a70f19791d16e6e89d0927953e868bdc1d9e,2026-07,Cumbria Constabulary,Cumbria Constabulary,-2.967850,54.890038,On or near Lime Grove,E01019193,Carlisle 009A,Criminal damage and arson,Investigation complete; no suspect identified,
d1f2896d3460cf569a431560a89c2c207f057376bce6c74c2dacd9a18bb0d7e8,2026-07,Cumbria Constabulary,Cumbria Constabulary,-2.968307,54.890861,On or near Eilbeck Close,E01019193,Carlisle 009A,Drugs,Under investigation,
e7d11a5b17b7d3a48c236dfe978574baeaba80bce8791417c319e030f3b7f0c7,2026-07,Cumbria Constabulary,Cumbria Constabulary,-2.962922,54.890616,On or near Latrigg Street,E01019193,Carlisle 009A,Drugs,Under investigation,
3ed7a24aca6e302c95c3e2505006c8072260d5a8d53206971e79791ff4d2eb92,2026-07,Cumbria Constabulary,Cumbria Constabulary,-2.962990,54.890220,On or near Pillar Close,E01019193,Carlisle 009A,Drugs,Under investigation,
7d62d4143e0ad660a92fa08164d84a34df5ddf9972995e3603db693c6bb697f5,2026-07,Cumbria Constabulary,Cumbria Constabulary,-2.968307,54.890861,On or near Eilbeck Close,E01019193,Carlisle 009A,Drugs,Under investigation,
bc3ec96e8da6ab72973e5da46f046374b146be59208a144fe578605342951a1c,2026-07,Cumbria Constabulary,Cumbria Constabulary,-2.966792,54.892059,On or near Shady Grove Road,E01019193,Carlisle 009A,Drugs,Local resolution,
d8100f3c8dbf9667451c88347803a9a8ad51712fc05b2b22d3caac97a9a74321,2026-07,Cumbria Constabulary,Cumbria Constabulary,-2.966312,54.890248,On or near Lichen Grove,E01019193,Carlisle 009A,Drugs,Under investigation,
d5c3fe1497e6503ef9700431216f03754b4448fa140c94ca4a229e3f494ece22,2026-07,Cumbria Constabulary,Cumbria Constabulary,-2.966312,54.890248,On or near Lichen Grove,E01019193,Carlisle 009A,Public order,Under investigation,
cb006237e9f6e002cdb0244211d6625cdd3729375409be659bc7d0e614140acf,2026-07,Cumbria Constabulary,Cumbria Constabulary,-2.966312,54.890248,On or near Lichen Grove,E01019193,Carlisle 009A,Public order,Under investigation,
4a1b698776aec7d4149be47e55f1ba7474054c502885ceefc503fd5cc3dc08b2,2026-07,Cumbria Constabulary,Cumbria Constabulary,-2.966312,54.890248,On or near Lichen Grove,E01019193,Carlisle 009A,Public order,Under investigation,
d9053aa355ba25dc4d716e5b5c3c889a79b023eabcf6a0aae79a01d1dbe13d31,2026-07,Cumbria Constabulary,Cumbria Constabulary,-2.961020,54.888636,On or near Partridge Place,E01019193,Carlisle 009A,Public order,Under investigation,
fbfbf51f2241e984f38bc304a98b1e3488eb8e4283dd245f3283cf825eb039b1,2026-07,Cumbria Constabulary,Cumbria Constabulary,-2.967850,54.890038,On or near Lime Grove,E01019193,Carlisle 009A,Shoplifting,Under investigation,
02853b89973cf1a3a4fb9f5bd2d2798182a5f5c36d02e40154b39c44bd3f1103,2026-07,Cumbria Constabulary,Cumbria Constabulary,-2.961020,54.888636,On or near Partridge Place,E01019193,Carlisle 009A,Vehicle crime,Unable to prosecute suspect,
bec9b2eebd6b491384250ec93122df7444ccb858ecb395d0d8f83d25d844995f,2026-07,Cumbria Constabulary,Cumbria Constabulary,-2.963218,54.889940,On or near Dalton Close,E01019193,Carlisle 009A,Violence and sexual offences,Under investigation,
9d573478b101a809df5feeec10ed3cb2f59dd5925a3c4dc6975bb381503fbe95,2026-07,Cumbria Constabulary,Cumbria Constabulary,-2.962990,54.890220,On or near Pillar Close,E01019193,Carlisle 009A,Violence and sexual offences,Under investigation,
889cc0934b37e61711b518ae9bce9790ea7afecb7ef668459bfa35453c972575,2026-07,Cumbria Constabulary,Cumbria Constabulary,-2.957356,54.891945,On or near Mardale Road,E01019193,Carlisle 009A,Violence and sexual offences,Under investigation,
897c25e5d56fe8546cadf7eef2d7ebcb189b4e9ff406c30ba45c606cb8fa8fb6,2026-07,Cumbria Constabulary,Cumbria Constabulary,-2.963218,54.889940,On or near Dalton Close,E01019193,Carlisle 009A,Violence and sexual offences,Under investigation,
b71a73ed3e64dcc02ce178f9fff05db7c89bc6675268144599bb4fb8b2593f23,2026-07,Cumbria Constabulary,Cumbria Constabulary,-2.967850,54.890038,On or near Lime Grove,E01019193,Carlisle 009A,Violence and sexual offences,Under investigation,
1d7ed72e6a3fd1b508236bb46dd2a65e57dbe032218c8601137dcf5c4e6f0aff,2026-07,Cumbria Constabulary,Cumbria Constabulary,-2.967850,54.890038,On or near Lime Grove,E01019193,Carlisle 009A,Violence and sexual offences,Unable to prosecute suspect,
bb16237ea4013f376d5a74a0bd3daca2056fd148ad1f9f8b122349d6d98c3627,2026-07,Cumbria Constabulary,Cumbria Constabulary,-2.963218,54.889940,On or near Dalton Close,E01019193,Carlisle 009A,Violence and sexual offences,Under investigation,
0c248b62ad34e89468f4d4c937158046535a8d60b511f118632a387ac2562bb5,2026-07,Cumbria Constabulary,Cumbria Constabulary,-2.963218,54.889940,On or near Dalton Close,E01019193,Carlisle 009A,Violence and sexual offences,Under investigation,
4f155703047930b591658574f81340c7d9e39bf93f9cebc92d5d1d6ab381e60f,2026-07,Cumbria Constabulary,Cumbria Constabulary,-2.962922,54.890616,On or near Latrigg Street,E01019193,Carlisle 009A,Violence and sexual offences,Unable to prosecute suspect,
ec240ffd6c65772f2dc548ff9d75a5c6ac3e54c9d8394bdcfbdf9ac3fcba7d02,2026-07,Cumbria Constabulary,Cumbria Constabulary,-2.966312,54.890248,On or near Lichen Grove,E01019193,Carlisle 009A,Violence and sexual offences,Investigation complete; no suspect identified,
d3cf1bf9af926be4b0e40530d76750a22e991e304da166d191931e07c184e724,2026-07,Cumbria Constabulary,Cumbria Constabulary,-2.967850,54.890038,On or near Lime Grove,E01019193,Carlisle 009A,Other crime,Under investigation,
0f17b16be00c7e2e2f469296aac3df45b0983de30e87c0ba6e5b470fb82917c0,2026-07,Cumbria Constabulary,Cumbria Constabulary,-2.966312,54.890248,On or near Lichen Grove,E01019193,Carlisle 009A,Other crime,Under investigation,
c8079d584dd334018c69966f9614d2b5893aaf03385b56cd700aba6d3e963cc6,2026-07,Cumbria Constabulary,Cumbria Constabulary,-2.972681,54.889927,On or near Dobinson Road,E01019194,Carlisle 009B,Criminal damage and arson,Unable to prosecute suspect,
012e3c341ddba9d7c0e98b77df1374e8d344e6ab1eb5d00e91f731b670b22df2,2026-07,Cumbria Constabulary,Cumbria Constabulary,-2.966240,54.894409,On or near Lister Court,E01019194,Carlisle 009B,Drugs,Under investigation,
5b2c7222f019f95950ddfba5c88c52d6a1e15bc73a273053beeb128fe39dfffe,2026-07,Cumbria Constabulary,Cumbria Constabulary,-2.967953,54.894988,On or near Archers Garth,E01019194,Carlisle 009B,Other theft,Under investigation,
63042d2ce5013392fa5da2f44a7345dc126768dc2a381b1bbc4eff6f58e9c34c,2026-07,Cumbria Constabulary,Cumbria Constabulary,-2.966240,54.894409,On or near Lister Court,E01019194,Carlisle 009B,Other theft,Further investigation is not in the public interest,
100f84a175972a5ac93cbbd79ad77ff684796b7d34e0af7d9d4385534cb964b6,2026-07,Cumbria Constabulary,Cumbria Constabulary,-2.964779,54.897224,On or near Merlin Court,E01019194,Carlisle 009B,Public order,Under investigation,
da578fecde8c9496a39e78572d45e69fb734f95c7ef1293fe032f481745f6d49,2026-07,Cumbria Constabulary,Cumbria Constabulary,-2.966240,54.894409,On or near Lister Court,E01019194,Carlisle 009B,Violence and sexual offences,Under investigation,
8661c057e183c2e506b8a5a5884679e1d07bd17725328f704b55cf024ee9cf46,2026-07,Cumbria Constabulary,Cumbria Constabulary,-2.970212,54.892957,On or near Heysham Drive,E01019194,Carlisle 009B,Violence and sexual offences,Under investigation,
c9571e3175bf540037001eb20b466a101022a722ba5db7f1f3f9952a30f3862b,2026-07,Cumbria Constabulary,Cumbria Constabulary,-2.964607,54.894566,On or near Bardsley Street,E01019194,Carlisle 009B,Violence and sexual offences,Unable to prosecute suspect,
02f0bd310f33ee42bc9c190b9cbc912c6f628006070ec070521f838fb945360d,2026-07,Cumbria Constabulary,Cumbria Constabulary,-2.971095,54.892708,On or near Low Meadow,E01019194,Carlisle 009B,Violence and sexual offences,Under investigation,
94a0e1321e890042f3e0b7c60fd9f7a5ae168114136c6b4420dd54c1778ca709,2026-07,Cumbria Constabulary,Cumbria Constabulary,-2.972891,54.892837,On or near High Meadow,E01019194,Carlisle 009B,Violence and sexual offences,Under investigation,
373348614fea8e900af0a1e758c21ee54102ad5988c9d18c915bf1c2b2b41ce1,2026-07,Cumbria Constabulary,Cumbria Constabulary,-2.967378,54.895056,On or near Shady Grove Lane,E01019194,Carlisle 009B,Violence and sexual offences,Under investigation,
19f6259bb85a2fd5e68bb8c67cd86c05dd99262ffccc77aa60aacc0597c9911b,2026-07,Cumbria Constabulary,Cumbria Constabulary,-2.972681,54.889927,On or near Dobinson Road,E01019194,Carlisle 009B,Violence and sexual offences,Under investigation,
9f674f527af64e23933b00d6f453f2acded7d800ac498632f53a6335626eb9e9,2026-07,Cumbria Constabulary,Cumbria Constabulary,-2.967378,54.895056,On or near Shady Grove Lane,E01019194,Carlisle 009B,Violence and sexual offences,Under investigation,
9c624ae2483e3f73fd89d47e04f5423f279fb9aa4ffa82c61fcbcbd995582602,2026-07,Cumbria Constabulary,Cumbria Constabulary,-2.970212,54.892957,On or near Heysham Drive,E01019194,Carlisle 009B,Violence and sexual offences,Unable to prosecute suspect,
,2026-07,Cumbria Constabulary,Cumbria Constabulary,-2.958586,54.878725,On or near Greenside Road,E01019230,Carlisle 009C,Anti-social behaviour,,
0148bf52422b5fd8fbd9541f08ad6accc851130c44ea8a675ced4c58d060a451,2026-07,Cumbria Constabulary,Cumbria Constabulary,-2.965005,54.882547,On or near Supermarket,E01019230,Carlisle 009C,Bicycle theft,Investigation complete; no suspect identified,
cfe719d93e1ead6019df046bd40a235db31e8ef4221d9c21fa8a169d31fd4626,2026-07,Cumbria Constabulary,Cumbria Constabulary,-2.962221,54.878876,On or near Caslin Way,E01019230,Carlisle 009C,Burglary,Unable to prosecute suspect,
5e475dd9da234e8f84f39ecdfc6ac45087393c6a7b970ebbc20ec5ac6aa984f6,2026-07,Cumbria Constabulary,Cumbria Constabulary,-2.959575,54.879005,On or near Rashdall Road,E01019230,Carlisle 009C,Burglary,Under investigation,
8014c14d136580be0a8984b83d355262e91ec7c24120fb036942b64db8965725,2026-07,Cumbria Constabulary,Cumbria Constabulary,-2.962221,54.878876,On or near Caslin Way,E01019230,Carlisle 009C,Burglary,Under investigation,
b90b8f605ba3e0177c9604c86a04365cbbd129867ea43645ab47623f596be3fd,2026-07,Cumbria Constabulary,Cumbria Constabulary,-2.965871,54.883547,On or near Brownrigg Drive,E01019230,Carlisle 009C,Criminal damage and arson,Investigation complete; no suspect identified,
10ad2c3f3b7a1f71cd68930f2dfe186a2ad48b1db4641a4e3ed55fded01906df,2026-07,Cumbria Constabulary,Cumbria Constabulary,-2.965174,54.880497,On or near Whinrigg,E01019230,Carlisle 009C,Criminal damage and arson,Under investigation,
c45df3250fc4e4bb6e79c3184569ce03a7ae8779314267684418c4d0aaccaad0,2026-07,Cumbria Constabulary,Cumbria Constabulary,-2.960662,54.880146,On or near Hallin Crescent,E01019230,Carlisle 009C,Criminal damage and arson,Offender given a caution,
e46050b1e7c423e8ae2f6a937f6e4a61c9a2089ddc40762f114f881088f8e912,2026-07,Cumbria Constabulary,Cumbria Constabulary,-2.965871,54.883547,On or near Brownrigg Drive,E01019230,Carlisle 009C,Drugs,Investigation complete; no suspect identified,
fe53d4a9fd1a77f64eee331f4cc092c0b7086e27bb07df2ac8d0a7c38bac52a2,2026-07,Cumbria Constabulary,Cumbria Constabulary,-2.960662,54.880146,On or near Hallin Crescent,E01019230,Carlisle 009C,Other theft,Under investigation,
2373fba0433b728d4e28eac87cf3006f2fd22406475f72d859f5f8dce50bac65,2026-07,Cumbria Constabulary,Cumbria Constabulary,-2.960662,54.880146,On or near Hallin Crescent,E01019230,Carlisle 009C,Other theft,Under investigation,
b5713c8c89c523ffafca9619d8e636369089366b2f17a7cb0f4a2fb74fcec763,2026-07,Cumbria Constabulary,Cumbria Constabulary,-2.959575,54.879005,On or near Rashdall Road,E01019230,Carlisle 009C,Possession of weapons,Under investigation,
701704a8dafd160da5e253429d656940964474ca0945046c5a61516ca4689565,2026-07,Cumbria Constabulary,Cumbria Constabulary,-2.966371,54.882950,On or near Lowther Browns Lonning,E01019230,Carlisle 009C,Public order,Unable to prosecute suspect,
1a9bdfa5253edd463b676eef99b888c8ccb9ccba0c69624608d0ae56c0338b05,2026-07,Cumbria Constabulary,Cumbria Constabulary,-2.965005,54.882547,On or near Supermarket,E01019230,Carlisle 009C,Shoplifting,Unable to prosecute suspect,
a7fe9832b4c09f4e57180029b7c52d3f8f4880e710dea1a9dec308dc37cbbf3f,2026-07,Cumbria Constabulary,Cumbria Constabulary,-2.959597,54.879939,On or near Levens Drive,E01019230,Carlisle 009C,Vehicle crime,Under investigation,
17147ab3e0548a2761571452f76897d7898d6534ce063f5b5c57189ba68e23c7,2026-07,Cumbria Constabulary,Cumbria Constabulary,-2.962221,54.878876,On or near Caslin Way,E01019230,Carlisle 009C,Violence and sexual offences,Under investigation,
a0c9583b6eb4ea67553e0e604ccd6c52a888f60b14037843a0c59cb656d20998,2026-07,Cumbria Constabulary,Cumbria Constabulary,-2.962221,54.878876,On or near Caslin Way,E01019230,Carlisle 009C,Violence and sexual offences,Unable to prosecute suspect,
675651830cb4bd885d9ca7e8dcb70341d8d768be8ad0faff0b1f1e3ad2a990b9,2026-07,Cumbria Constabulary,Cumbria Constabulary,-2.962706,54.880894,On or near Kingrigg,E01019230,Carlisle 009C,Violence and sexual offences,Under investigation,
70c8f4216a317582a7049eb2537f2deacbf5eee2b68be625e0257715ebba1f3f,2026-07,Cumbria Constabulary,Cumbria Constabulary,-2.965174,54.880497,On or near Whinrigg,E01019230,Carlisle 009C,Violence and sexual offences,Unable to prosecute suspect,
7efa447d2672e5aa5192d42ba0c22c82b7caa3505d130ad2e03d0902acf93281,2026-07,Cumbria Constabulary,Cumbria Constabulary,-2.965871,54.883547,On or near Brownrigg Drive,E01019230,Carlisle 009C,Violence and sexual offences,Unable to prosecute suspect,
a50351ad34a2f58919dd71dd4cbde722d3842f2670636471e669b4695a5db315,2026-07,Cumbria Constabulary,Cumbria Constabulary,-2.960662,54.880146,On or near Hallin Crescent,E01019230,Carlisle 009C,Violence and sexual offences,Offender given a caution,
2aaeec90e9bc49bc4f0987809f46af73069aaa0abd54783181ec07291766acdc,2026-07,Cumbria Constabulary,Cumbria Constabulary,-2.960662,54.880146,On or near Hallin Crescent,E01019230,Carlisle 009C,Violence and sexual offences,Under investigation,
3e16f0cac48977dc6eb27c67284a2a15dd77d1453c8c22ebbd6357f535ddc04a,2026-07,Cumbria Constabulary,Cumbria Constabulary,-2.960662,54.880146,On or near Hallin Crescent,E01019230,Carlisle 009C,Violence and sexual offences,Under investigation,
42e1fec3505320d5e5438fc61eafb1e677aadcc61d5b4890c9950e6e384900e4,2026-07,Cumbria Constabulary,Cumbria Constabulary,-2.959575,54.879005,On or near Rashdall Road,E01019230,Carlisle 009C,Violence and sexual offences,Under investigation,
8c257039222bddf7ef8749dd4da8a7c34683813083653af7e78188566da7465e,2026-07,Cumbria Constabulary,Cumbria Constabulary,-2.962215,54.879945,On or near Newlaithes Avenue,E01019230,Carlisle 009C,Violence and sexual offences,Under investigation,
083d97e03b131a533ede2d57f80f49b3d1982d2e020aa80c9fe66f5e1641ac41,2026-07,Cumbria Constabulary,Cumbria Constabulary,-2.959575,54.879005,On or near Rashdall Road,E01019230,Carlisle 009C,Violence and sexual offences,Under investigation,
98a6c89e37f7c633039f9b8ddceafa37e7760d363364da89e6c42d47ae337b54,2026-07,Cumbria Constabulary,Cumbria Constabulary,-2.964896,54.880598,On or near Burnrigg,E01019230,Carlisle 009C,Violence and sexual offences,Action to be taken by another organisation,
,2026-07,Cumbria Constabulary,Cumbria Constabulary,-2.968264,54.880634,On or near Castlerigg Drive,E01019231,Carlisle 009D,Anti-social behaviour,,
1ec345ef225c0c767aee59b85c177aec03527936fa9e21da670c60f7c2d38365,2026-07,Cumbria Constabulary,Cumbria Constabulary,-2.962773,54.876508,On or near Coombe Height,E01019231,Carlisle 009D,Criminal damage and arson,Under investigation,
708af8d15f147d961b82cc9c84e9c62cf85bb7a6de9355c398cb7866943c06a9,2026-07,Cumbria Constabulary,Cumbria Constabulary,-2.961317,54.874291,On or near Fairybeck Gardens,E01019231,Carlisle 009D,Drugs,Under investigation,
975e734010da8a6e690bf735d07a57fab3766a5f57c853a1c653c1e1c5bfc312,2026-07,Cumbria Constabulary,Cumbria Constabulary,-2.964790,54.878739,On or near Seatoller Close,E01019231,Carlisle 009D,Possession of weapons,Under investigation,
18d9d2e928848b6ff849d64fa6ab693742ad347c62535998c9c55a80a9fd181c,2026-07,Cumbria Constabulary,Cumbria Constabulary,-2.962426,54.873743,On or near Sandalwood Drive,E01019231,Carlisle 009D,Public order,Under investigation,
47dbc81608dee32261c20ff530bd64b857d936fec44d87fb461656b80465f6b2,2026-07,Cumbria Constabulary,Cumbria Constabulary,-2.961317,54.874291,On or near Fairybeck Gardens,E01019231,Carlisle 009D,Public order,Under investigation,
4190557fb1a05a182a69ee49c141a0c181a7942bf28e290b8ba112d21e9c14c8,2026-07,Cumbria Constabulary,Cumbria Constabulary,-2.969023,54.879145,On or near Lyndhurst Gardens,E01019231,Carlisle 009D,Public order,Unable to prosecute suspect,
94a47731281c69fe6cf6965d858be663194c56beedeba7614cb99edd97e97244,2026-07,Cumbria Constabulary,Cumbria Constabulary,-2.962276,54.876593,On or near Eller Beck Raise,E01019231,Carlisle 009D,Public order,Under investigation,
5425a24d5ba60cba4cda407241e0053f7bdd685f7bd48d8849b48439911ad171,2026-07,Cumbria Constabulary,Cumbria Constabulary,-2.963934,54.878817,On or near Middle Rigg,E01019231,Carlisle 009D,Shoplifting,Under investigation,
e5869cd2f9dc03a84a15d4a0d56c596b0df24c9ad59774aa57cec89dec6e7532,2026-07,Cumbria Constabulary,Cumbria Constabulary,-2.966074,54.877686,On or near Ashness Drive,E01019231,Carlisle 009D,Violence and sexual offences,Under investigation,
438d536d0b56b7677577b80a25650803750b4676ae8604061f1a6df235c560a4,2026-07,Cumbria Constabulary,Cumbria Constabulary,-2.968554,54.877792,On or near Easdale Bank,E01019231,Carlisle 009D,Violence and sexual offences,Under investigation,
7633fb43fdf236b00d07e7f583e4080e06dd60c902a24762e972ff8bd0edb514,2026-07,Cumbria Constabulary,Cumbria Constabulary,-2.965193,54.877999,On or near Loughrigg Terrace,E01019231,Carlisle 009D,Violence and sexual offences,Unable to prosecute suspect,
5f2ad3676e8114937568a9c9b5564936d6d52db590340756a070585ce62dc6d0,2026-07,Cumbria Constabulary,Cumbria Constabulary,-2.968264,54.880634,On or near Castlerigg Drive,E01019231,Carlisle 009D,Violence and sexual offences,Action to be taken by another organisation,
2688acfa88e95d7da0769712e2f4714c344689ffbc488ac53aa17d48797105f6,2026-07,Cumbria Constabulary,Cumbria Constabulary,-2.969023,54.879145,On or near Lyndhurst Gardens,E01019231,Carlisle 009D,Violence and sexual offences,Under investigation,
ecfa4ce3387890791961fae94dba3c3c08512cb28fbfc55ee0b1884f33e2e7ca,2026-07,Cumbria Constabulary,Cumbria Constabulary,-2.961317,54.874291,On or near Fairybeck Gardens,E01019231,Carlisle 009D,Violence and sexual offences,Under investigation,
c3177e37686b197f5d37736bfe485157b35cf294810893da9d0232e5dc672cf5,2026-07,Cumbria Constabulary,Cumbria Constabulary,-2.967464,54.878457,On or near Highfield Avenue,E01019231,Carlisle 009D,Violence and sexual offences,Awaiting court outcome,
cfa87fcde921fb95999f7256cf360c5a4f6b3ac8152aef61481ab569aa6e643c,2026-07,Cumbria Constabulary,Cumbria Constabulary,-2.965193,54.877999,On or near Loughrigg Terrace,E01019231,Carlisle 009D,Violence and sexual offences,Awaiting court outcome,
89e9cc1661296495cedd666c9c04853698f9c77720d9a36b8b3c2bfb8d1c95d5,2026-07,Cumbria Constabulary,Cumbria Constabulary,-2.957300,54.886266,On or near Dunmail Drive,E01019232,Carlisle 009E,Other theft,Investigation complete; no suspect identified,
7cff8b8bb6afd1c0a36c505ee53c78d8c0cfa69c6535e49ecbf01d3d726eca51,2026-07,Cumbria Constabulary,Cumbria Constabulary,-2.957993,54.887240,On or near Eskdale Avenue,E01019232,Carlisle 009E,Other crime,Under investigation,
,2026-07,Cumbria Constabulary,Cumbria Constabulary,-2.968241,54.888120,On or near Whinnie House Road,E01019252,Carlisle 009F,Anti-social behaviour,,
,2026-07,Cumbria Constabulary,Cumbria Constabulary,-2.975302,54.887453,On or near Richmond Green,E01019252,Carlisle 009F,Anti-social behaviour,,
b5b723b7be0ba2f8e7d4a454e3f490e25f6d265f11d4f8ee404032ae48ca2331,2026-07,Cumbria Constabulary,Cumbria Constabulary,-2.978671,54.887497,On or near Hutton Way,E01019252,Carlisle 009F,Criminal damage and arson,Investigation complete; no suspect identified,
f49a4e4b872631d105627812cced2bf563049fd87657c4abb1e8e0ca9664f72d,2026-07,Cumbria Constabulary,Cumbria Constabulary,-2.975302,54.887453,On or near Richmond Green,E01019252,Carlisle 009F,Drugs,Awaiting court outcome,
96e566fd177d283b5c465b4d4b20564f137f1c7cc835b2634b00365e34351a40,2026-07,Cumbria Constabulary,Cumbria Constabulary,-2.978671,54.887497,On or near Hutton Way,E01019252,Carlisle 009F,Public order,Under investigation,
1b9e4cf54cfd57275cce5802752a2963736bc9ab92857788c2b0ddb5ac603077,2026-07,Cumbria Constabulary,Cumbria Constabulary,-2.978671,54.887497,On or near Hutton Way,E01019252,Carlisle 009F,Public order,Under investigation,
4895458fc88709606566cdd6efcfe34e6be7ca231f45d3f253ac79eace8a230a,2026-07,Cumbria Constabulary,Cumbria Constabulary,-2.968241,54.888120,On or near Whinnie House Road,E01019252,Carlisle 009F,Public order,Investigation complete; no suspect identified,
cfa0550c293dd81f97b30e4462714a7fa67998b7e5737f23e8950609c819bef8,2026-07,Cumbria Constabulary,Cumbria Constabulary,-2.975302,54.887453,On or near Richmond Green,E01019252,Carlisle 009F,Violence and sexual offences,Under investigation,
e4354ac7ee0cc5538d0d0155f14b0927999ee033674022e03c98493692e4d57d,2026-07,Cumbria Constabulary,Cumbria Constabulary,-2.974615,54.888033,On or near Orton Road,E01019252,Carlisle 009F,Violence and sexual offences,Unable to prosecute suspect,
b845a020970d9a2a7b70adb811c0f3033895516c04cc4aefbe027a0d620249a6,2026-07,Cumbria Constabulary,Cumbria Constabulary,-2.978671,54.887497,On or near Hutton Way,E01019252,Carlisle 009F,Violence and sexual offences,Under investigation,
9fa4b6196e6222a62999dba783b7e260be7379b1aa35d16e57f8438dc200ae21,2026-07,Cumbria Constabulary,Cumbria Constabulary,-2.975302,54.887453,On or near Richmond Green,E01019252,Carlisle 009F,Violence and sexual offences,Under investigation,
b9c9bbd5d486ebf1c80945b9ef71b58ded5e064c41d90ce6439a50d728ed18f7,2026-07,Cumbria Constabulary,Cumbria Constabulary,-2.975302,54.887453,On or near Richmond Green,E01019252,Carlisle 009F,Violence and sexual offences,Under investigation,
f586629c0a390039646e0d84206f85645d987797bfb027658419c46a831d33a7,2026-07,Cumbria Constabulary,Cumbria Constabulary,-2.973266,54.887694,On or near Lytham Close,E01019252,Carlisle 009F,Violence and sexual offences,Unable to prosecute suspect,
0f80e2bc770963b837fd273a345fdcb4b868d99ccdaf8139c6f016bdec13332e,2026-07,Cumbria Constabulary,Cumbria Constabulary,-2.979414,54.888570,On or near Parking Area,E01019252,Carlisle 009F,Violence and sexual offences,Under investigation,
c00b3656b283b6c31a079b8fca2bff0f0cd6c0c7efd8615fed201d50aecf8772,2026-07,Cumbria Constabulary,Cumbria Constabulary,-2.979414,54.888570,On or near Parking Area,E01019252,Carlisle 009F,Violence and sexual offences,Under investigation,
24850f09ed58dd9f1f00fdae4f84a3a029a4792e73731d0b5bb1dc3d76f4e63f,2026-07,Cumbria Constabulary,Cumbria Constabulary,-2.975302,54.887453,On or near Richmond Green,E01019252,Carlisle 009F,Violence and sexual offences,Formal action is not in the public interest,
0b14a1f646b3e91484517f2d95772b3b0cef59c0ce941a491096e28bf1ed476d,2026-07,Cumbria Constabulary,Cumbria Constabulary,-2.975302,54.887453,On or near Richmond Green,E01019252,Carlisle 009F,Violence and sexual offences,Formal action is not in the public interest,
065ac5103c634a96a9454d8d5d9a50b0ec32ba1c25741f2ea855671c3e513abf,2026-07,Cumbria Constabulary,Cumbria Constabulary,-2.975302,54.887453,On or near Richmond Green,E01019252,Carlisle 009F,Violence and sexual offences,Unable to prosecute suspect,
,2026-07,Cumbria Constabulary,Cumbria Constabulary,-2.930926,54.881645,On or near Alton Street,E01019209,Carlisle 010A,Anti-social behaviour,,
e57df0ee799ea549260be5b87a7acd8229fbf795a9c2fde64bdb1c2428eb1328,2026-07,Cumbria Constabulary,Cumbria Constabulary,-2.930841,54.880666,On or near Mayson Street,E01019209,Carlisle 010A,Public order,Under investigation,
b885b8e79b0039940f5967a773b6debc5a86ec055804bd396b660d5165d175a1,2026-07,Cumbria Constabulary,Cumbria Constabulary,-2.926189,54.878976,On or near Millbank Court,E01019209,Carlisle 010A,Shoplifting,Investigation complete; no suspect identified,
25ec05d5fafe42ed59100e522353366f48e610f76276d222735226e5ab118858,2026-07,Cumbria Constabulary,Cumbria Constabulary,-2.929326,54.878485,On or near Millholme Avenue,E01019209,Carlisle 010A,Violence and sexual offences,Under investigation,
a4fbd6cbadec97de318af8b13592f85b5b456ef32632cd62e4bb18e87e246bf6,2026-07,Cumbria Constabulary,Cumbria Constabulary,-2.929326,54.878485,On or near Millholme Avenue,E01019209,Carlisle 010A,Violence and sexual offences,Investigation complete; no suspect identified,
fcb9c0522e98528d230bcb04feb90c6b0cd9a9b714c76a2caa035e47787c9c8d,2026-07,Cumbria Constabulary,Cumbria Constabulary,-2.930841,54.880666,On or near Mayson Street,E01019209,Carlisle 010A,Violence and sexual offences,Under investigation,
9246f3a75337d922cf4df8766dd86b923c042b3448a13dd2df8a308c31f222c7,2026-07,Cumbria Constabulary,Cumbria Constabulary,-2.929726,54.880297,On or near Montreal Street,E01019209,Carlisle 010A,Violence and sexual offences,Under investigation,
0646cc971872dcc4ec16f655d0d75d96ef2813964deb52709090be92dc3fd925,2026-07,Cumbria Constabulary,Cumbria Constabulary,-2.926189,54.878976,On or near Millbank Court,E01019209,Carlisle 010A,Violence and sexual offences,Unable to prosecute suspect,
5736410d4cef43000ce995fb9193d4d119facf0cd1fdc331c2268be3a170c821,2026-07,Cumbria Constabulary,Cumbria Constabulary,-2.926189,54.878976,On or near Millbank Court,E01019209,Carlisle 010A,Violence and sexual offences,Offender given a caution,
48332239e313eaa14c8ae46f802e1fb3f7abb6582fdec36214548494a29a16e1,2026-07,Cumbria Constabulary,Cumbria Constabulary,-2.927787,54.880689,On or near Boundary Road,E01019209,Carlisle 010A,Violence and sexual offences,Investigation complete; no suspect identified,
,2026-07,Cumbria Constabulary,Cumbria Constabulary,-2.931409,54.890439,On or near Collier Lane,E01019211,Carlisle 010B,Anti-social behaviour,,
4ad7bce1443e9523d08e98502a6cbbce0f8a89eb6e07a467fdd8589611463aaf,2026-07,Cumbria Constabulary,Cumbria Constabulary,-2.931421,54.883528,On or near Currock Road,E01019211,Carlisle 010B,Bicycle theft,Under investigation,
9b5ec12754aa2aa3024fa21a579a170e9397f9f8c6c629d2dcc50dd8f4b1a76b,2026-07,Cumbria Constabulary,Cumbria Constabulary,-2.931421,54.883528,On or near Currock Road,E01019211,Carlisle 010B,Bicycle theft,Under investigation,
48c03a6b712eb307668176d1fca35994f38d1a9ccc32f035f4a4d35b50e98b6b,2026-07,Cumbria Constabulary,Cumbria Constabulary,-2.928396,54.888899,On or near King Street,E01019211,Carlisle 010B,Bicycle theft,Investigation complete; no suspect identified,
fbc9cabbf3b672b2426cce17ea2979971c66d9dd5f623dee23f2a52faac39b89,2026-07,Cumbria Constabulary,Cumbria Constabulary,-2.932269,54.883127,On or near South Western Terrace,E01019211,Carlisle 010B,Criminal damage and arson,Unable to prosecute suspect,
c5b6d575db1fa193c4af3ca98e2f33bdef3491cd14e6ba88b13c54f5c8248da4,2026-07,Cumbria Constabulary,Cumbria Constabulary,-2.926571,54.882757,On or near Clementina Terrace,E01019211,Carlisle 010B,Criminal damage and arson,Under investigation,
0d82f053e294c38ef64e5cfa0a6c3575fb601126d8c9154f4c7aea0774e38266,2026-07,Cumbria Constabulary,Cumbria Constabulary,-2.932956,54.881827,On or near Adelphi Terrace,E01019211,Carlisle 010B,Criminal damage and arson,Under investigation,
074a32158785eb07347d6e4fe1d42a1daa5f0761acd56ea035947fe2053812f4,2026-07,Cumbria Constabulary,Cumbria Constabulary,-2.928193,54.880731,On or near Southdale Street,E01019211,Carlisle 010B,Criminal damage and arson,Under investigation,
8aeaa67a620b3b156592da8058b3b3d5fa07f1e512aac28c2fdce387774f31b2,2026-07,Cumbria Constabulary,Cumbria Constabulary,-2.924006,54.886434,On or near Shopping Area,E01019211,Carlisle 010B,Criminal damage and arson,Under investigation,
2cdb01374a8e505362898891867b6a244181e67e786e64d576177e0d2d2b8fbc,2026-07,Cumbria Constabulary,Cumbria Constabulary,-2.926571,54.882757,On or near Clementina Terrace,E01019211,Carlisle 010B,Drugs,Awaiting court outcome,
db27a6cdef8657d64b346eb4c57ab1a2dbb819156ce5c13dc5c0e1f0d71fa101,2026-07,Cumbria Constabulary,Cumbria Constabulary,-2.931409,54.890439,On or near Collier Lane,E01019211,Carlisle 010B,Drugs,Awaiting court outcome,
cd338703a3e7102c472cc55e19cf9e8fafe5126ed694da29a4968f42eeddb450,2026-07,Cumbria Constabulary,Cumbria Constabulary,-2.931421,54.883528,On or near Currock Road,E01019211,Carlisle 010B,Other theft,Under investigation,
eef4fffbfd880f7b2c0f82841743b85a8a593a87ce16d24e32440f80b6b036f2,2026-07,Cumbria Constabulary,Cumbria Constabulary,-2.931421,54.883528,On or near Currock Road,E01019211,Carlisle 010B,Other theft,Under investigation,
b20c97585c8020d3304fec56fea6123350d57ab73fb624ec27622720f68cfe45,2026-07,Cumbria Constabulary,Cumbria Constabulary,-2.931409,54.890439,On or near Collier Lane,E01019211,Carlisle 010B,Other theft,Under investigation,
ac11ee37ca51ffd5a608dc8d9d473eb3642fd930301b879b8d573b4cf51bc7dc,2026-07,Cumbria Constabulary,Cumbria Constabulary,-2.928919,54.881121,On or near Toronto Street,E01019211,Carlisle 010B,Public order,Under investigation,
99994855631862e598e7dc2e8bf46a51a5819dc01c3b31a0fdd1310e91884511,2026-07,Cumbria Constabulary,Cumbria Constabulary,-2.924006,54.886434,On or near Shopping Area,E01019211,Carlisle 010B,Public order,Awaiting court outcome,
03082faf12d55401e08416912f91e229e7cc8f50a1a7d7b88f18237b85e411e8,2026-07,Cumbria Constabulary,Cumbria Constabulary,-2.936626,54.890175,On or near Nelson Bridge,E01019211,Carlisle 010B,Public order,Under investigation,
623b09748e0f066312e2f897e5de71994f240bf722f81e7f01e1d49fbdd31ba4,2026-07,Cumbria Constabulary,Cumbria Constabulary,-2.931409,54.890439,On or near Collier Lane,E01019211,Carlisle 010B,Public order,Unable to prosecute suspect,
623fc90a3b09ef5d4776e6bc54ec289b765b3aba46fffb0129a4e66047a5ccb7,2026-07,Cumbria Constabulary,Cumbria Constabulary,-2.924006,54.886434,On or near Shopping Area,E01019211,Carlisle 010B,Public order,Awaiting court outcome,
4428c717cc947ba40009ed0812abb67092d62a4f42e53194a6d45f2cbe3c06b5,2026-07,Cumbria Constabulary,Cumbria Constabulary,-2.931421,54.883528,On or near Currock Road,E01019211,Carlisle 010B,Public order,Under investigation,
dad8ae471111cbedacc47a56d2940556cfe534f56d9c05bd4e3ca22de38f5370,2026-07,Cumbria Constabulary,Cumbria Constabulary,-2.924006,54.886434,On or near Shopping Area,E01019211,Carlisle 010B,Public order,Under investigation,
e9b8d4d1cea4e590fc292afe8f5760735391350677fe673c739510e556450f72,2026-07,Cumbria Constabulary,Cumbria Constabulary,-2.936626,54.890175,On or near Nelson Bridge,E01019211,Carlisle 010B,Public order,Investigation complete; no suspect identified,
014f376134d436cb57a18de7c79e3b97090b9a9b20137d71d96a72dec87941c1,2026-07,Cumbria Constabulary,Cumbria Constabulary,-2.924006,54.886434,On or near Shopping Area,E01019211,Carlisle 010B,Public order,Awaiting court outcome,
123e1bc00c18b250d347b38feeb9965538b51b7068e75484f3593db2adf5791a,2026-07,Cumbria Constabulary,Cumbria Constabulary,-2.931409,54.890439,On or near Collier Lane,E01019211,Carlisle 010B,Public order,Under investigation,
86cf97616e72a37924147349f23ccf9e33687738a56c3a07a32662ae1073fe74,2026-07,Cumbria Constabulary,Cumbria Constabulary,-2.931409,54.890439,On or near Collier Lane,E01019211,Carlisle 010B,Public order,Under investigation,
1ceaf95d76f6afaf80af5a8de16fa64cf7bf232ed776b6490aad9d51585f882b,2026-07,Cumbria Constabulary,Cumbria Constabulary,-2.924006,54.886434,On or near Shopping Area,E01019211,Carlisle 010B,Shoplifting,Investigation complete; no suspect identified,
85a12e6c3c00ba303640aadd2f9597cc7e2c26a4705c9b342b0f6506a28d1778,2026-07,Cumbria Constabulary,Cumbria Constabulary,-2.924006,54.886434,On or near Shopping Area,E01019211,Carlisle 010B,Shoplifting,Under investigation,
0d8f28d340d775917537685c046cb8e303b0513d35139bb09cbc05c8e62f5e60,2026-07,Cumbria Constabulary,Cumbria Constabulary,-2.929199,54.881775,On or near Grasmere Street,E01019211,Carlisle 010B,Shoplifting,Under investigation,
b0d5b4d5538c26e55a8ba5f6cd7250e4b5d0b19e24b0d07785e3c3ba26c73b74,2026-07,Cumbria Constabulary,Cumbria Constabulary,-2.924006,54.886434,On or near Shopping Area,E01019211,Carlisle 010B,Shoplifting,Unable to prosecute suspect,
7b6d1efcd660d4b002d6bab22d388955a44f8d968bf0fa3ec37b39a69f329585,2026-07,Cumbria Constabulary,Cumbria Constabulary,-2.924006,54.886434,On or near Shopping Area,E01019211,Carlisle 010B,Shoplifting,Awaiting court outcome,
a30d31e8fa7f05e10270fab90a020c0adb54a414f6781c9c4862130da0896890,2026-07,Cumbria Constabulary,Cumbria Constabulary,-2.924006,54.886434,On or near Shopping Area,E01019211,Carlisle 010B,Shoplifting,Under investigation,
6ccbc38412bac986e564699247834bc2262daaf585f6e3ef02e559ad16e85d53,2026-07,Cumbria Constabulary,Cumbria Constabulary,-2.924006,54.886434,On or near Shopping Area,E01019211,Carlisle 010B,Shoplifting,Awaiting court outcome,
842dd93e490f024b9131b7557be3cd5cab30ec48b3673f1eff5bb15eb7920a5b,2026-07,Cumbria Constabulary,Cumbria Constabulary,-2.924006,54.886434,On or near Shopping Area,E01019211,Carlisle 010B,Shoplifting,Under investigation,
e54952b4d3ac11b49d67e15bc421b4858874fd975d54ad14be93aa0973b70dbb,2026-07,Cumbria Constabulary,Cumbria Constabulary,-2.924006,54.886434,On or near Shopping Area,E01019211,Carlisle 010B,Shoplifting,Under investigation,
c462e6e5e6b447de70575afd061401e739683eb29e681861485302785ce2d289,2026-07,Cumbria Constabulary,Cumbria Constabulary,-2.928396,54.888899,On or near King Street,E01019211,Carlisle 010B,Shoplifting,Under investigation,
024aa2a6844acefe9ed3ddea258851ed4e095523207074886d2fdbb5e2f4cfb5,2026-07,Cumbria Constabulary,Cumbria Constabulary,-2.924006,54.886434,On or near Shopping Area,E01019211,Carlisle 010B,Shoplifting,Under investigation,
60273b2e033f9efcdf8d2865365bd9b2475faf064dcd10e1cd719275445cf697,2026-07,Cumbria Constabulary,Cumbria Constabulary,-2.928193,54.880731,On or near Southdale Street,E01019211,Carlisle 010B,Violence and sexual offences,Under investigation,
c87a05ede59f385674553ea7ee9843f087fc426ee965fa81ac6ac9b8432b80e1,2026-07,Cumbria Constabulary,Cumbria Constabulary,-2.926571,54.882757,On or near Clementina Terrace,E01019211,Carlisle 010B,Violence and sexual offences,Unable to prosecute suspect,
faf7d576d22ef6b58097d6bc6815692e2baffee375e8c329132df2a7fe4ec127,2026-07,Cumbria Constabulary,Cumbria Constabulary,-2.932956,54.881827,On or near Adelphi Terrace,E01019211,Carlisle 010B,Violence and sexual offences,Unable to prosecute suspect,
3aee947d503c62bdd683a97494388fcffafc4f5e641bb5943d24fa2c27f4535f,2026-07,Cumbria Constabulary,Cumbria Constabulary,-2.924586,54.887150,On or near Shopping Area,E01019211,Carlisle 010B,Violence and sexual offences,Under investigation,
2280308a5c2a0ce611dbebf8ccc783ef131291b1044e64948f0adcf63b113c61,2026-07,Cumbria Constabulary,Cumbria Constabulary,-2.931409,54.890439,On or near Collier Lane,E01019211,Carlisle 010B,Violence and sexual offences,Unable to prosecute suspect,
b1b6704f24db364ce13c0a2d610f8f46ac8a1b235cba68fb21f7bd228ccbecbd,2026-07,Cumbria Constabulary,Cumbria Constabulary,-2.924006,54.886434,On or near Shopping Area,E01019211,Carlisle 010B,Violence and sexual offences,Unable to prosecute suspect,
52a126ecd9d1c4e8a92b9007bbce8c8329e2def2e136cfc39fca82a916549862,2026-07,Cumbria Constabulary,Cumbria Constabulary,-2.931409,54.890439,On or near Collier Lane,E01019211,Carlisle 010B,Violence and sexual offences,Under investigation,
931285f190c8672e7e6dbbfb78682892be215d67b59bbd1ac1cd03ee0eb6238a,2026-07,Cumbria Constabulary,Cumbria Constabulary,-2.931409,54.890439,On or near Collier Lane,E01019211,Carlisle 010B,Violence and sexual offences,Unable to prosecute suspect,
9abcb07df2a390c5d65a02705d79f4d69f76f23593db319845b0762806d3adf3,2026-07,Cumbria Constabulary,Cumbria Constabulary,-2.931409,54.890439,On or near Collier Lane,E01019211,Carlisle 010B,Violence and sexual offences,Unable to prosecute suspect,
c99966e9ad6d5068858039fdffbd07f06ee3835f56375943670880a0a93d582a,2026-07,Cumbria Constabulary,Cumbria Constabulary,-2.931409,54.890439,On or near Collier Lane,E01019211,Carlisle 010B,Violence and sexual offences,Under investigation,
ee6f5228cc0de4ac4d5a440c4ab36ea46f10ee5d6f0a29021df869a33d527b7f,2026-07,Cumbria Constabulary,Cumbria Constabulary,-2.931409,54.890439,On or near Collier Lane,E01019211,Carlisle 010B,Violence and sexual offences,Offender given a caution,
7556dc281872af8aac3bc277c9418a6e5116f7d7b0a0ea9ef6b1c5471a2ef61f,2026-07,Cumbria Constabulary,Cumbria Constabulary,-2.931409,54.890439,On or near Collier Lane,E01019211,Carlisle 010B,Violence and sexual offences,Under investigation,
82688e5d08f6809722c492128002c4b8dfc21c89b49856826e761ee6e4a7455c,2026-07,Cumbria Constabulary,Cumbria Constabulary,-2.926480,54.882847,On or near Gloucester Road,E01019211,Carlisle 010B,Violence and sexual offences,Under investigation,
5c15eac9d1498c1f880a3a368625fa630ea1c3ba3791ff2880c965e5ef9eff46,2026-07,Cumbria Constabulary,Cumbria Constabulary,-2.926480,54.882847,On or near Gloucester Road,E01019211,Carlisle 010B,Violence and sexual offences,Under investigation,
19b30ad14e0985bec379006982af997fc7e88effb7296db24d585ed78332f1a0,2026-07,Cumbria Constabulary,Cumbria Constabulary,-2.925788,54.882601,On or near Rose Street,E01019211,Carlisle 010B,Violence and sexual offences,Under investigation,
3adb020ef8f9d3247aede1bd796655526879f995f9857b9252db42835f27d5b4,2026-07,Cumbria Constabulary,Cumbria Constabulary,-2.925150,54.885356,On or near St Nicholas Bridge,E01019211,Carlisle 010B,Violence and sexual offences,Under investigation,
36fe09d4af34566dc192ab115ae63254aec3053624611df6363519d80b2d5784,2026-07,Cumbria Constabulary,Cumbria Constabulary,-2.931421,54.883528,On or near Currock Road,E01019211,Carlisle 010B,Violence and sexual offences,Investigation complete; no suspect identified,
051f949b51be91628959ffd4a1301b6726a3afdcf7523ad76f1fde162daa37f8,2026-07,Cumbria Constabulary,Cumbria Constabulary,-2.927289,54.883470,On or near Nicholson Street,E01019211,Carlisle 010B,Violence and sexual offences,Under investigation,
5c23d86386511b9b2ab52fa2d86149152d978e1cafa00a7d34959b248ff96353,2026-07,Cumbria Constabulary,Cumbria Constabulary,-2.931409,54.890439,On or near Collier Lane,E01019211,Carlisle 010B,Violence and sexual offences,Under investigation,
1d7eaad1f3c11cabbbf22a5f5756da7fa085df2dab42d287279a7dd4c6f7643b,2026-07,Cumbria Constabulary,Cumbria Constabulary,-2.928919,54.881121,On or near Toronto Street,E01019211,Carlisle 010B,Violence and sexual offences,Under investigation,
1258466bca17b713bbe04a4caa9d8a354ee01ffd5588fb4e90a30fcc011c874d,2026-07,Cumbria Constabulary,Cumbria Constabulary,-2.927385,54.888331,On or near Lord Street,E01019211,Carlisle 010B,Violence and sexual offences,Awaiting court outcome,
7e934976e5604e378c486c5b9d1b0f2ccdf8ae570b706f50fabe9f2560711373,2026-07,Cumbria Constabulary,Cumbria Constabulary,-2.931409,54.890439,On or near Collier Lane,E01019211,Carlisle 010B,Violence and sexual offences,Unable to prosecute suspect,
f217f46cd644b2dc6827a4f1097d119b8b351f8bedfe91705349c00eb8091e40,2026-07,Cumbria Constabulary,Cumbria Constabulary,-2.931409,54.890439,On or near Collier Lane,E01019211,Carlisle 010B,Violence and sexual offences,Unable to prosecute suspect,
50a54d33c62acd5ee0a7ca92d39c5f10332f80bc5aaca5eb94514c7e7e3916eb,2026-07,Cumbria Constabulary,Cumbria Constabulary,-2.924006,54.886434,On or near Shopping Area,E01019211,Carlisle 010B,Violence and sexual offences,Unable to prosecute suspect,
bc30e27df875bb3cc6d9218be323674b87d6ddd008278ebb279017fe19706ec0,2026-07,Cumbria Constabulary,Cumbria Constabulary,-2.924006,54.886434,On or near Shopping Area,E01019211,Carlisle 010B,Violence and sexual offences,Under investigation,
79f610a06f46ff010747f757259f127878e983c7ebed5fc8f6060e40041f450e,2026-07,Cumbria Constabulary,Cumbria Constabulary,-2.924006,54.886434,On or near Shopping Area,E01019211,Carlisle 010B,Violence and sexual offences,Awaiting court outcome,
c7bf2040f471047794b5c455f863469b0d7c0d34aeeaba8223e9b2c990f16f3d,2026-07,Cumbria Constabulary,Cumbria Constabulary,-2.926571,54.882757,On or near Clementina Terrace,E01019211,Carlisle 010B,Violence and sexual offences,Under investigation,
00e2f715d99eb38557c0c12febe382fa18090439310552ed41e559bc95a2a9ee,2026-07,Cumbria Constabulary,Cumbria Constabulary,-2.928919,54.881121,On or near Toronto Street,E01019211,Carlisle 010B,Violence and sexual offences,Under investigation,
e410df706b9792a6d00f9cd316f2b6932e2aaecdba0db4754eeacb0f6f83a5cb,2026-07,Cumbria Constabulary,Cumbria Constabulary,-2.926571,54.882757,On or near Clementina Terrace,E01019211,Carlisle 010B,Violence and sexual offences,Under investigation,
d5f208e266bd50301775fff17b9f933ad194aa8fcc025466184c09e73c83043a,2026-07,Cumbria Constabulary,Cumbria Constabulary,-2.931409,54.890439,On or near Collier Lane,E01019211,Carlisle 010B,Violence and sexual offences,Under investigation,
1d1fcb70740f4fb96041b5636768bc8b5ce484f429d3bd830d3555b2e059689d,2026-07,Cumbria Constabulary,Cumbria Constabulary,-2.931409,54.890439,On or near Collier Lane,E01019211,Carlisle 010B,Violence and sexual offences,Under investigation,
0e54bd97c54cccdc13578bf86ef739b8ab8720355ce1fa89db89846f8efe54a4,2026-07,Cumbria Constabulary,Cumbria Constabulary,-2.924006,54.886434,On or near Shopping Area,E01019211,Carlisle 010B,Violence and sexual offences,Under investigation,
65e43a746c4aed2f1c88be6fb819d541e116316e243ccf5968da9ec6f26373a9,2026-07,Cumbria Constabulary,Cumbria Constabulary,-2.925788,54.882601,On or near Rose Street,E01019211,Carlisle 010B,Violence and sexual offences,Unable to prosecute suspect,
ea266fd5f40275e302e44fd5f4850e04bd64be92fa2d9767bcf807b378bf5e73,2026-07,Cumbria Constabulary,Cumbria Constabulary,-2.926571,54.882757,On or near Clementina Terrace,E01019211,Carlisle 010B,Other crime,Awaiting court outcome,
2c6ce3c7d368e36c3e83e5ecadbee609e038a99b45a02ea0e41c6f2ea61c0e7b,2026-07,Cumbria Constabulary,Cumbria Constabulary,-2.926571,54.882757,On or near Clementina Terrace,E01019211,Carlisle 010B,Other crime,Investigation complete; no suspect identified,
,2026-07,Cumbria Constabulary,Cumbria Constabulary,-2.937955,54.889661,On or near Elm Street,E01019216,Carlisle 010C,Anti-social behaviour,,
,2026-07,Cumbria Constabulary,Cumbria Constabulary,-2.941653,54.886460,On or near Northumberland Street,E01019216,Carlisle 010C,Anti-social behaviour,,
44dfbc3a20552799ac3fc0aefcba1f8670b9f3c3695ea77a52fcadcd315eb23e,2026-07,Cumbria Constabulary,Cumbria Constabulary,-2.941227,54.888261,On or near Collingwood Street,E01019216,Carlisle 010C,Criminal damage and arson,Local resolution,
038f51c4a02bd90634dbb3627d48e19fa2a0ee6ac96823359b53cfa3ee101411,2026-07,Cumbria Constabulary,Cumbria Constabulary,-2.939995,54.889582,On or near Lorne Street,E01019216,Carlisle 010C,Criminal damage and arson,Investigation complete; no suspect identified,
2e0e08d8bdcce8ab797d3dab2edb65001b9b2b611653c90e33c5dbe610f989d5,2026-07,Cumbria Constabulary,Cumbria Constabulary,-2.941653,54.886460,On or near Northumberland Street,E01019216,Carlisle 010C,Criminal damage and arson,Unable to prosecute suspect,
18b0481eb9a3b986c14b4718eb83f1c61be3b163254df3f0eaf5d7b211bdd8f5,2026-07,Cumbria Constabulary,Cumbria Constabulary,-2.940740,54.886099,On or near Denton Street,E01019216,Carlisle 010C,Drugs,Under investigation,
236cff9c1770d760d84f3f17932788696dca7a79967c44326e320f559eb4317f,2026-07,Cumbria Constabulary,Cumbria Constabulary,-2.943180,54.883743,On or near Carrick Square,E01019216,Carlisle 010C,Other theft,Under investigation,
8777bd7a6d89d8d1327f5f5e99bfa7ca0687e24b25a7dec0ec48d25e523eec6e,2026-07,Cumbria Constabulary,Cumbria Constabulary,-2.941653,54.886460,On or near Northumberland Street,E01019216,Carlisle 010C,Possession of weapons,Under investigation,
539e442561affc040a80f5be03c858ef4135690897ce54e04ac3457edfc91296,2026-07,Cumbria Constabulary,Cumbria Constabulary,-2.941653,54.886460,On or near Northumberland Street,E01019216,Carlisle 010C,Public order,Under investigation,
571871ff2dffff00aae7cd4f23b04bc6bf5f2e1cb1ac689a14845faeb803885d,2026-07,Cumbria Constabulary,Cumbria Constabulary,-2.941653,54.886460,On or near Northumberland Street,E01019216,Carlisle 010C,Public order,Under investigation,
c6efd634a54f500630d67f3de432134eb55623a60b149c32934f6dd4485b44d7,2026-07,Cumbria Constabulary,Cumbria Constabulary,-2.941371,54.887082,On or near Morley Street,E01019216,Carlisle 010C,Public order,Investigation complete; no suspect identified,
0f37e58fe8f92140443dab9ab1b8ebe10c75aa8a9286c7f2f8d98f1e571b65bb,2026-07,Cumbria Constabulary,Cumbria Constabulary,-2.940740,54.886099,On or near Denton Street,E01019216,Carlisle 010C,Robbery,Under investigation,
a58b72e632e0684f27828e897891b378f43a46a40a5453dea9a5b787bb186dc0,2026-07,Cumbria Constabulary,Cumbria Constabulary,-2.940434,54.887018,On or near Supermarket,E01019216,Carlisle 010C,Shoplifting,Under investigation,
1ea1df4d7cfb6f4bdfdbc215b55116acbe95c511d289829f751d35d1b827447a,2026-07,Cumbria Constabulary,Cumbria Constabulary,-2.940434,54.887018,On or near Supermarket,E01019216,Carlisle 010C,Shoplifting,Under investigation,
cb071a8410d41d47bbf8d273115f30ea0fc0863f3b6c45f606841d781c544088,2026-07,Cumbria Constabulary,Cumbria Constabulary,-2.940434,54.887018,On or near Supermarket,E01019216,Carlisle 010C,Shoplifting,Under investigation,
4b6a65e5d4b819aa78ca3c8e7f3aa5e9d3cf8f8cc535bfe1a17a412346a46651,2026-07,Cumbria Constabulary,Cumbria Constabulary,-2.940434,54.887018,On or near Supermarket,E01019216,Carlisle 010C,Shoplifting,Awaiting court outcome,
f7fde4675db357d7f2e42d16fabf1fec56ba74904ef977a967c72d533dfb5548,2026-07,Cumbria Constabulary,Cumbria Constabulary,-2.939885,54.890804,On or near Shopping Area,E01019216,Carlisle 010C,Shoplifting,Under investigation,
4d75edf1ff9008a97740c128ace7df0f9fbb51bf72a143d383382c5a5b474193,2026-07,Cumbria Constabulary,Cumbria Constabulary,-2.942930,54.886396,On or near Teasdale Place,E01019216,Carlisle 010C,Vehicle crime,Under investigation,
7fc8c55c73adeeee0edb634ab573c8b5f4c628cb6567d9812f1dbb9f42e5da55,2026-07,Cumbria Constabulary,Cumbria Constabulary,-2.941653,54.886460,On or near Northumberland Street,E01019216,Carlisle 010C,Violence and sexual offences,Unable to prosecute suspect,
4fb925030992fdb370e58baeadb692e48343f8eed4354979dbf6628a162e1a71,2026-07,Cumbria Constabulary,Cumbria Constabulary,-2.941405,54.887837,On or near Trafalgar Street,E01019216,Carlisle 010C,Violence and sexual offences,Under investigation,
bb3f4eecc442d06ec59a266e43c0cd2cf9c6d644165037b3ea7d9367152f6455,2026-07,Cumbria Constabulary,Cumbria Constabulary,-2.941653,54.886460,On or near Northumberland Street,E01019216,Carlisle 010C,Violence and sexual offences,Awaiting court outcome,
f82a51e1544a1651b8ec5314f904a9049b2147b572c3bf94c15082f39bb3266a,2026-07,Cumbria Constabulary,Cumbria Constabulary,-2.941653,54.886460,On or near Northumberland Street,E01019216,Carlisle 010C,Violence and sexual offences,Unable to prosecute suspect,
1dcd7ee4cdb173f0ecd40907e9b19b5fbc5c680c87e34c70332d1454f871e377,2026-07,Cumbria Constabulary,Cumbria Constabulary,-2.941401,54.891710,On or near Chapel Place,E01019216,Carlisle 010C,Violence and sexual offences,Under investigation,
ae482855adcfeec24fb6a6778ce1936c411169849c23573eb4198e937e2b08d3,2026-07,Cumbria Constabulary,Cumbria Constabulary,-2.941653,54.886460,On or near Northumberland Street,E01019216,Carlisle 010C,Violence and sexual offences,Under investigation,
9d8777abe4cfbb0ffff0a7e081a9eacfc54152e5007519aea4381e662edad829,2026-07,Cumbria Constabulary,Cumbria Constabulary,-2.938823,54.886114,On or near Graham Street,E01019216,Carlisle 010C,Violence and sexual offences,Under investigation,
436e0cbb17d6168b52f9bfc3f97cf4763a50bb90e64f8cae7a472296d997e049,2026-07,Cumbria Constabulary,Cumbria Constabulary,-2.941653,54.886460,On or near Northumberland Street,E01019216,Carlisle 010C,Other crime,Unable to prosecute suspect,
2e6b97e129e2486194833768a979b63b3fac7fceb45874bf515a561a9a2857b5,2026-07,Cumbria Constabulary,Cumbria Constabulary,-2.941371,54.887082,On or near Morley Street,E01019216,Carlisle 010C,Other crime,Unable to prosecute suspect,
ae22df4887e1a2d2388f3763eaace82dedd80b82c8d2e8f434183e0193e9d740,2026-07,Cumbria Constabulary,Cumbria Constabulary,-2.935653,54.886515,On or near Rome Street,E01019217,Carlisle 010D,Bicycle theft,Investigation complete; no suspect identified,
f6a2eee17a35412b40b9e2510857fdf07a6ecc853cdd42c3f4d49edc709f106f,2026-07,Cumbria Constabulary,Cumbria Constabulary,-2.935653,54.886515,On or near Rome Street,E01019217,Carlisle 010D,Bicycle theft,Investigation complete; no suspect identified,
f694bc8feedcc1c060793bb059cb946b34090204ab456e9b466d1285115d6d64,2026-07,Cumbria Constabulary,Cumbria Constabulary,-2.937168,54.883287,On or near Boustead'S Grassing,E01019217,Carlisle 010D,Criminal damage and arson,Under investigation,
267e3c4a0e123f120658803be18ff9d7e8ec50cabed8aa5902cc1d3e5d9c7b84,2026-07,Cumbria Constabulary,Cumbria Constabulary,-2.935653,54.886515,On or near Rome Street,E01019217,Carlisle 010D,Other theft,Under investigation,
37b0ecab0a2f1b754a4ec02e2dfa420e4d793a9d5be288e87a815d4feabd77e9,2026-07,Cumbria Constabulary,Cumbria Constabulary,-2.943828,54.881456,On or near Coogan Close,E01019217,Carlisle 010D,Public order,Unable to prosecute suspect,
0f17a71ee15950eb33d8c64aed6747d1c65f1399fdac6276f57fd0f23a3679f0,2026-07,Cumbria Constabulary,Cumbria Constabulary,-2.941651,54.885705,On or near Cumberland Street,E01019217,Carlisle 010D,Public order,Under investigation,
07f3de8bbf9bd1ed1289947e4b2b1f3c68eba53559beee4197600750aab31022,2026-07,Cumbria Constabulary,Cumbria Constabulary,-2.941651,54.885705,On or near Cumberland Street,E01019217,Carlisle 010D,Violence and sexual offences,Unable to prosecute suspect,
e52f22844b643311bc1d5b605d4e03b33d54d0e565a9f740aed02cfd18ddfae3,2026-07,Cumbria Constabulary,Cumbria Constabulary,-2.940140,54.887101,On or near East Nelson Street,E01019217,Carlisle 010D,Violence and sexual offences,Under investigation,
1a0e0d547bcaaab2822cb0ded0eb618be84369ab1d0f34cac35b80fcf751ad22,2026-07,Cumbria Constabulary,Cumbria Constabulary,-2.937168,54.883287,On or near Boustead'S Grassing,E01019217,Carlisle 010D,Violence and sexual offences,Unable to prosecute suspect,
40a4326343b45a740c7eb6a3f2951f4727fabd37fd37940348b56c030d53fd44,2026-07,Cumbria Constabulary,Cumbria Constabulary,-2.941651,54.885705,On or near Cumberland Street,E01019217,Carlisle 010D,Violence and sexual offences,Unable to prosecute suspect,
4dc14d293b6c3ec218a2a0d7b04f0ae69d02a80a963cae1ee211ae786329154a,2026-07,Cumbria Constabulary,Cumbria Constabulary,-2.940140,54.887101,On or near East Nelson Street,E01019217,Carlisle 010D,Violence and sexual offences,Action to be taken by another organisation,
3ab6fdc3cc0428bf800ae8b061ede8b6992eab7a755d4d43429170ead77573d4,2026-07,Cumbria Constabulary,Cumbria Constabulary,-2.941060,54.883095,On or near Caldew Street,E01019217,Carlisle 010D,Other crime,Investigation complete; no suspect identified,
,2026-07,Cumbria Constabulary,Cumbria Constabulary,-2.909862,54.881409,On or near Harraby Grove,E01019220,Carlisle 010E,Anti-social behaviour,,
094ce6980670d052d53a9ddd9bc88be07d0cf79669864e474670eacacb27169a,2026-07,Cumbria Constabulary,Cumbria Constabulary,-2.908650,54.882937,On or near Brunel Way,E01019220,Carlisle 010E,Criminal damage and arson,Under investigation,
ee2da5f2a15a6a21d0304444d237046b7cd88524f26df7b8df6179bf32847212,2026-07,Cumbria Constabulary,Cumbria Constabulary,-2.914922,54.881803,On or near Herbert Street,E01019220,Carlisle 010E,Criminal damage and arson,Under investigation,
f0b8b5e008d9cb2521f0b83f814334a1f15201366f0b5c5eda39c5265aadd2d8,2026-07,Cumbria Constabulary,Cumbria Constabulary,-2.908650,54.882937,On or near Brunel Way,E01019220,Carlisle 010E,Criminal damage and arson,Offender given a caution,
400cd7a9018df91ea02867528ca920cd9fda969eaf2adbf7428303af2f35de64,2026-07,Cumbria Constabulary,Cumbria Constabulary,-2.911197,54.881148,On or near Highbank Close,E01019220,Carlisle 010E,Criminal damage and arson,Investigation complete; no suspect identified,
e9047b70fef756dae65b9328756b2b8a4526292ba861a77cbe8a1813e4901550,2026-07,Cumbria Constabulary,Cumbria Constabulary,-2.908650,54.882937,On or near Brunel Way,E01019220,Carlisle 010E,Criminal damage and arson,Under investigation,
3cb309a176116a1e50e447f0eb1c31d8de1de12cc200ba3c343d398ccda29eb9,2026-07,Cumbria Constabulary,Cumbria Constabulary,-2.908650,54.882937,On or near Brunel Way,E01019220,Carlisle 010E,Criminal damage and arson,Awaiting court outcome,
3beb34b9b7a61071b19c43ced62857da2cf977c8add8737b400e38091bf00429,2026-07,Cumbria Constabulary,Cumbria Constabulary,-2.908650,54.882937,On or near Brunel Way,E01019220,Carlisle 010E,Drugs,Awaiting court outcome,
fc2e563c3872eac99d5fc73ac51c6f2a2824a8f928b87e3dba7eb6a0f3616dcf,2026-07,Cumbria Constabulary,Cumbria Constabulary,-2.908650,54.882937,On or near Brunel Way,E01019220,Carlisle 010E,Drugs,Under investigation,
f2e625cc4a2949ac063774710cd4a56815f6b115841450d04057dbcc9f303670,2026-07,Cumbria Constabulary,Cumbria Constabulary,-2.916682,54.885051,On or near Shopping Area,E01019220,Carlisle 010E,Drugs,Local resolution,
01d729c1e1e08c716830ca1e84e13d4a5324efda8313788cb5691c80eaae09df,2026-07,Cumbria Constabulary,Cumbria Constabulary,-2.908650,54.882937,On or near Brunel Way,E01019220,Carlisle 010E,Drugs,Under investigation,
fc7fd6aabb272c1f9e54a7a886de87615b03eabd1cfeeddd0981e0d600a6571f,2026-07,Cumbria Constabulary,Cumbria Constabulary,-2.916682,54.885051,On or near Shopping Area,E01019220,Carlisle 010E,Drugs,Local resolution,
3047ea44dbd2cf83770916ccb5d7baa4597a9a2d2af53a52eed0c30ff9257b5c,2026-07,Cumbria Constabulary,Cumbria Constabulary,-2.916682,54.885051,On or near Shopping Area,E01019220,Carlisle 010E,Other theft,Under investigation,
731d5b5aeab11284102d4e91a3137f756dee11f65b016b6f40fc9aa9871ab93f,2026-07,Cumbria Constabulary,Cumbria Constabulary,-2.914922,54.881803,On or near Herbert Street,E01019220,Carlisle 010E,Other theft,Under investigation,
9684d26e4ae4d3fb0b068135de79bae0e1941544b0b09e0dcedec0d774b9f257,2026-07,Cumbria Constabulary,Cumbria Constabulary,-2.908650,54.882937,On or near Brunel Way,E01019220,Carlisle 010E,Public order,Under investigation,
fcc5863589ac556caa324efe05fd683eca64e9a5e728aaaddf02544c0fe79be4,2026-07,Cumbria Constabulary,Cumbria Constabulary,-2.908650,54.882937,On or near Brunel Way,E01019220,Carlisle 010E,Public order,Under investigation,
0c5397c06cc8d47f79912800206673a66a04431269fd43ab57d857075f1e15e0,2026-07,Cumbria Constabulary,Cumbria Constabulary,-2.908650,54.882937,On or near Brunel Way,E01019220,Carlisle 010E,Public order,Under investigation,
7db431704afb5356fed0e083ca779e57f50bb5d86c427bac477705b15044d053,2026-07,Cumbria Constabulary,Cumbria Constabulary,-2.908650,54.882937,On or near Brunel Way,E01019220,Carlisle 010E,Public order,Awaiting court outcome,
14c19f30432b450a45bff8fc4e5587cf4461f859a8b6c45d48f2f67971bf89f9,2026-07,Cumbria Constabulary,Cumbria Constabulary,-2.916682,54.885051,On or near Shopping Area,E01019220,Carlisle 010E,Shoplifting,Investigation complete; no suspect identified,
b5176165003bbcc858fe971598d67f6a59c5309c8027ccee9c4748a57466508b,2026-07,Cumbria Constabulary,Cumbria Constabulary,-2.916682,54.885051,On or near Shopping Area,E01019220,Carlisle 010E,Violence and sexual offences,Under investigation,
ed96313d5dff377045d2f6f16fffacc30c48cf6b5b1e7f2f9efff359bb8e40bc,2026-07,Cumbria Constabulary,Cumbria Constabulary,-2.910470,54.880704,On or near Harraby Grove Court,E01019220,Carlisle 010E,Violence and sexual offences,Under investigation,
8bde98b98dc45bda3c69c967661cdd0dcadc55a438f01bc47d0f4ce8f45af398,2026-07,Cumbria Constabulary,Cumbria Constabulary,-2.908650,54.882937,On or near Brunel Way,E01019220,Carlisle 010E,Violence and sexual offences,Local resolution,
51d941ef3ef27a90580464e0c1b1eff23073f120edded1977833ad82a6b7a27a,2026-07,Cumbria Constabulary,Cumbria Constabulary,-2.910163,54.878855,On or near Carliol Close,E01019220,Carlisle 010E,Violence and sexual offences,Under investigation,
19f5325aaa7cfed76d6b300a10dd33b6b4e5bf526b6b7ffb4506d2db9189b8db,2026-07,Cumbria Constabulary,Cumbria Constabulary,-2.910819,54.879605,On or near Grange Road,E01019220,Carlisle 010E,Violence and sexual offences,Unable to prosecute suspect,
c454621247a189db89af299023c9aaae671fb3c507bf1e609f823d3607289c69,2026-07,Cumbria Constabulary,Cumbria Constabulary,-2.910819,54.879605,On or near Grange Road,E01019220,Carlisle 010E,Violence and sexual offences,Under investigation,
ebdf99e3a596b28fcbd3d54a2b34c2d5df53253720d66227787317047125f49c,2026-07,Cumbria Constabulary,Cumbria Constabulary,-2.908650,54.882937,On or near Brunel Way,E01019220,Carlisle 010E,Violence and sexual offences,Under investigation,
2554a73945a9427e9fca25cc20d9c7abd5f0feda8e43ac4f8da08f4548463d68,2026-07,Cumbria Constabulary,Cumbria Constabulary,-2.916682,54.885051,On or near Shopping Area,E01019220,Carlisle 010E,Violence and sexual offences,Under investigation,
7f9b08de04272951e204fc822937f6e454f6f8b6bc0ecd66041f6dd39f0cc1ea,2026-07,Cumbria Constabulary,Cumbria Constabulary,-2.911853,54.880514,On or near A6,E01019220,Carlisle 010E,Violence and sexual offences,Under investigation,
5da8664351d9a864d633ffc25036910e70be45e309d1863f08dd585806555e5d,2026-07,Cumbria Constabulary,Cumbria Constabulary,-2.910470,54.880704,On or near Harraby Grove Court,E01019220,Carlisle 010E,Violence and sexual offences,Under investigation,
d7624916c3b0f9c529fc26ca731c138287badd69ff6554f7c79b462186f04624,2026-07,Cumbria Constabulary,Cumbria Constabulary,-2.910819,54.879605,On or near Grange Road,E01019220,Carlisle 010E,Violence and sexual offences,Awaiting court outcome,
8d0c20da66e2f268beb62fc1c106b989052720ae7599d7788cde645741e1472e,2026-07,Cumbria Constabulary,Cumbria Constabulary,-2.910819,54.879605,On or near Grange Road,E01019220,Carlisle 010E,Violence and sexual offences,Under investigation,
086b35fe216ec652746893f864d3cb1beca627725e155e46be21402b28f1fac1,2026-07,Cumbria Constabulary,Cumbria Constabulary,-2.910163,54.878855,On or near Carliol Close,E01019220,Carlisle 010E,Violence and sexual offences,Under investigation,
726242a94ab25a59c90f73fd261d4bdc699275748893ffd36058d0b5368a04c0,2026-07,Cumbria Constabulary,Cumbria Constabulary,-2.910819,54.879605,On or near Grange Road,E01019220,Carlisle 010E,Violence and sexual offences,Under investigation,
86bcd6b2610731c593e2ebbc1370fa742c575ca5f3565be0ae54359473712f6c,2026-07,Cumbria Constabulary,Cumbria Constabulary,-2.916027,54.881057,On or near Richard James Avenue,E01019220,Carlisle 010E,Violence and sexual offences,Under investigation,
125d2d042b440309dbd16a412d46eb4887cfc9db7cf35e9536f892750542211d,2026-07,Cumbria Constabulary,Cumbria Constabulary,-2.919145,54.885204,On or near Chertsey Mount,E01019220,Carlisle 010E,Violence and sexual offences,Under investigation,
9b3e33a9631d2573c4152700936b7fa61f20ba295ec0a8de7ad960eaabf4abeb,2026-07,Cumbria Constabulary,Cumbria Constabulary,-2.910470,54.880704,On or near Harraby Grove Court,E01019220,Carlisle 010E,Violence and sexual offences,Under investigation,
655faab9af4aa639c4c32b1461678403ed439944c5b30ec514b32655a4b4dd2c,2026-07,Cumbria Constabulary,Cumbria Constabulary,-2.910470,54.880704,On or near Harraby Grove Court,E01019220,Carlisle 010E,Violence and sexual offences,Under investigation,
c2f5acc07bf0c0b8e3e3f4b0973ec2fe135d8511b4fee997db56c9babbc3c458,2026-07,Cumbria Constabulary,Cumbria Constabulary,-2.910819,54.879605,On or near Grange Road,E01019220,Carlisle 010E,Other crime,Awaiting court outcome,
92bfef154a30ed5a831f9a4ececfc533145a23cf185d0b28877c92f1bf3dc95a,2026-07,Cumbria Constabulary,Cumbria Constabulary,-2.914922,54.881803,On or near Herbert Street,E01019220,Carlisle 010E,Other crime,Investigation complete; no suspect identified,
d99f2c5e35258fddc34484a3e2faf5e49fc2e85cbd6e40cbfe94bd0b163f489d,2026-07,Cumbria Constabulary,Cumbria Constabulary,-2.917123,54.888832,On or near Adelaide Street,E01019236,Carlisle 010F,Burglary,Under investigation,
794d5923584899ed16b0326faa00630dd5d737c43ec4c491289d3ed9afaf7757,2026-07,Cumbria Constabulary,Cumbria Constabulary,-2.922829,54.889507,On or near Howe Street,E01019236,Carlisle 010F,Criminal damage and arson,Unable to prosecute suspect,
9f28b453da9d11d9bb85bc6541b232ee4455bb5a1bbe17c38b30997820549d46,2026-07,Cumbria Constabulary,Cumbria Constabulary,-2.921774,54.886999,On or near David Street,E01019236,Carlisle 010F,Drugs,Under investigation,
4849d862ec9bdafd8e126940f28a1935baeb744e663156e60654cbca08a8feb8,2026-07,Cumbria Constabulary,Cumbria Constabulary,-2.921249,54.886545,On or near St Cuthbert'S Street,E01019236,Carlisle 010F,Drugs,Local resolution,
41824c87783a5aab1787c3e8356ce1a2d85a286a7546e848fc8493c6019f5c20,2026-07,Cumbria Constabulary,Cumbria Constabulary,-2.917123,54.888832,On or near Adelaide Street,E01019236,Carlisle 010F,Drugs,Under investigation,
6e6c320663d75043900214017b7536a8f3332ebef22ac75ab57530b6ad2c3a81,2026-07,Cumbria Constabulary,Cumbria Constabulary,-2.921280,54.887892,On or near Alexander Street,E01019236,Carlisle 010F,Drugs,Investigation complete; no suspect identified,
d1f2666ce972e52daaf4d6b87d09b38a175c65db51d2bf57a3f04b23935e76ef,2026-07,Cumbria Constabulary,Cumbria Constabulary,-2.922829,54.889507,On or near Howe Street,E01019236,Carlisle 010F,Other theft,Under investigation,
2963f060608760e6456911dfa0481e9a089992c53a4c02f6b4286a7fdd3bb265,2026-07,Cumbria Constabulary,Cumbria Constabulary,-2.917123,54.888832,On or near Adelaide Street,E01019236,Carlisle 010F,Other theft,Under investigation,
131bb337c7a2cdaab90bfcf17c23db9635a3f632e5dbcd37cc28c20282affa99,2026-07,Cumbria Constabulary,Cumbria Constabulary,-2.924032,54.888267,On or near Garden Street,E01019236,Carlisle 010F,Other theft,Under investigation,
c30ae9f35172b41cecb7a33fcb219d5bcf18009cc95ba2e9c97a87ff3d84262f,2026-07,Cumbria Constabulary,Cumbria Constabulary,-2.925924,54.888504,On or near Blake Street,E01019236,Carlisle 010F,Public order,Awaiting court outcome,
97d2b7e7987141e8514db15b2aba1c68bc2092f622e3ac3ffa8d0d49ce9f68c3,2026-07,Cumbria Constabulary,Cumbria Constabulary,-2.922829,54.889507,On or near Howe Street,E01019236,Carlisle 010F,Public order,Under investigation,
50d7100d50742fb97adaea03a2105f1a0592b554204b7a94066976eda1dac7dc,2026-07,Cumbria Constabulary,Cumbria Constabulary,-2.924032,54.888267,On or near Garden Street,E01019236,Carlisle 010F,Robbery,Under investigation,
5cfb652dae71f07ed2ed3c62aa6651c8d2c71b69cbde23e0567a4f64cd9339df,2026-07,Cumbria Constabulary,Cumbria Constabulary,-2.921249,54.886545,On or near St Cuthbert'S Street,E01019236,Carlisle 010F,Shoplifting,Under investigation,
85c29204b240d7915931f81001150ec0acf0383a1df6a17c80d12e88b4c50f1c,2026-07,Cumbria Constabulary,Cumbria Constabulary,-2.917123,54.888832,On or near Adelaide Street,E01019236,Carlisle 010F,Violence and sexual offences,Under investigation,
af793f8b1b75e34f6ed49a8e5f8eaa4e791651af7d85d0a10319e49d444b9a91,2026-07,Cumbria Constabulary,Cumbria Constabulary,-2.922829,54.889507,On or near Howe Street,E01019236,Carlisle 010F,Violence and sexual offences,Unable to prosecute suspect,
77cea14afecb5fea36a65df60c73591f28bb45fecfcf2b58d97616a568017014,2026-07,Cumbria Constabulary,Cumbria Constabulary,-2.920791,54.887671,On or near Thomson Street,E01019236,Carlisle 010F,Violence and sexual offences,Unable to prosecute suspect,
98fb243a3fb5197e76e64e5ba185c991db1a95105c930c5452166a78533cef07,2026-07,Cumbria Constabulary,Cumbria Constabulary,-2.922829,54.889507,On or near Howe Street,E01019236,Carlisle 010F,Violence and sexual offences,Under investigation,
b1b7865e32d1269d51bbb5267414c030c4a3c385de6393e5fc1d3254ca7cdbd4,2026-07,Cumbria Constabulary,Cumbria Constabulary,-2.922829,54.889507,On or near Howe Street,E01019236,Carlisle 010F,Violence and sexual offences,Under investigation,
da40be3207f672acef0310995e22d0c46bd357af17dceddc3b5b94ec0cfc74e1,2026-07,Cumbria Constabulary,Cumbria Constabulary,-2.922829,54.889507,On or near Howe Street,E01019236,Carlisle 010F,Violence and sexual offences,Awaiting court outcome,
d6ba583a619e348e2e493bef5ca8c32594a1e61126720b40714d0acbf8e325fd,2026-07,Cumbria Constabulary,Cumbria Constabulary,-2.922829,54.889507,On or near Howe Street,E01019236,Carlisle 010F,Violence and sexual offences,Unable to prosecute suspect,
9e1312edf804f3d6d54c895d5d399830d4478584f39ff3a6db9d9685b7228f0c,2026-07,Cumbria Constabulary,Cumbria Constabulary,-2.924688,54.889691,On or near Close Street,E01019236,Carlisle 010F,Violence and sexual offences,Under investigation,
38682d555697276fdaa3aaf94993df1f32cd5a1b068fbc205b4ecd44198675ea,2026-07,Cumbria Constabulary,Cumbria Constabulary,-2.917123,54.888832,On or near Adelaide Street,E01019236,Carlisle 010F,Violence and sexual offences,Unable to prosecute suspect,
3a47896a2271d39cef44e49af0cbe3de9c4749ddb964aa582b04bb0a22590816,2026-07,Cumbria Constabulary,Cumbria Constabulary,-2.922829,54.889507,On or near Howe Street,E01019236,Carlisle 010F,Violence and sexual offences,Under investigation,
a574077688e16180d40a1aa237d6b6de04061bf8a1e4e8599e6596bbc25c4823,2026-07,Cumbria Constabulary,Cumbria Constabulary,-2.921249,54.886545,On or near St Cuthbert'S Street,E01019236,Carlisle 010F,Violence and sexual offences,Unable to prosecute suspect,
4188de7bde2a287a698037ab29fdfb688cd4b7c04cf5bce645d7515c32d97a4d,2026-07,Cumbria Constabulary,Cumbria Constabulary,-2.922829,54.889507,On or near Howe Street,E01019236,Carlisle 010F,Violence and sexual offences,Unable to prosecute suspect,
26878affc89189831e902e3f0631492bf83b3194edec8ca34b5a4436d5dda3e4,2026-07,Cumbria Constabulary,Cumbria Constabulary,-2.924688,54.889691,On or near Close Street,E01019236,Carlisle 010F,Violence and sexual offences,Unable to prosecute suspect,
7c616222ad91ed75b02b702591f4a28ec7cb8f8ee434dc5e3d3b67eb45edbe12,2026-07,Cumbria Constabulary,Cumbria Constabulary,-2.923412,54.889098,On or near Edward Street,E01019236,Carlisle 010F,Other crime,Offender given a caution,
5b7e6714a9510ee1ca516e381877d4b040ff06705c3c861edecea97737b594ff,2026-07,Cumbria Constabulary,Cumbria Constabulary,-2.917545,54.886815,On or near Farneside Close,E01019236,Carlisle 010F,Other crime,Unable to prosecute suspect,
39417c9b1c680b8dd38b46dfc8e200c8b9f0c6e95c00c289dee6e1f66e750b7d,2026-07,Cumbria Constabulary,Cumbria Constabulary,-2.922829,54.889507,On or near Howe Street,E01019236,Carlisle 010F,Other crime,Unable to prosecute suspect,
65023e396078f721d143682ba64f0f30923611db40a3e2f5f4117c9e6fe5415f,2026-07,Cumbria Constabulary,Cumbria Constabulary,-2.901977,54.887741,On or near Holywell Crescent,E01019197,Carlisle 011A,Burglary,Awaiting court outcome,
1213d1b36b99c095e627bef8508aa8e75f56508b64b28b70f3a08cb6be88e20f,2026-07,Cumbria Constabulary,Cumbria Constabulary,-2.905755,54.890795,On or near Botcherby Avenue,E01019197,Carlisle 011A,Burglary,Under investigation,
0dd659124a58e654c94a3cf559c014707ac6e317d1698e5e91a3c52fcdaf1525,2026-07,Cumbria Constabulary,Cumbria Constabulary,-2.902410,54.886893,On or near Runnerstone Court,E01019197,Carlisle 011A,Criminal damage and arson,Investigation complete; no suspect identified,
7e1a8961fae270ea257ad89e91b8cee0a4b2e9c77743921b60c2ad9ef82443f2,2026-07,Cumbria Constabulary,Cumbria Constabulary,-2.901977,54.887741,On or near Holywell Crescent,E01019197,Carlisle 011A,Criminal damage and arson,Under investigation,
64eed8dd8bc0565101481d15efe75a8787209ad4240327ab2634e176d0aa2744,2026-07,Cumbria Constabulary,Cumbria Constabulary,-2.906971,54.889402,On or near Ennerdale Avenue,E01019197,Carlisle 011A,Possession of weapons,Under investigation,
3946ff42520cf30371cda3bdae8446761d3657592f3669a56695f39887f419d5,2026-07,Cumbria Constabulary,Cumbria Constabulary,-2.902410,54.886893,On or near Runnerstone Court,E01019197,Carlisle 011A,Public order,Under investigation,
c1f7362206faf9b88a250a9528c2e014351ed32ce668f076755c411975650afb,2026-07,Cumbria Constabulary,Cumbria Constabulary,-2.900782,54.887291,On or near Millers Close,E01019197,Carlisle 011A,Public order,Under investigation,
1e7e7053b83a1a379c8302b9b4c618bcf6c4aec00a9674324713cd93029ac156,2026-07,Cumbria Constabulary,Cumbria Constabulary,-2.891591,54.894080,On or near Shopping Area,E01019197,Carlisle 011A,Shoplifting,Under investigation,
665b20be91f7021d1cefe7fb44e4c810057bd410333e7b33afac16b671bb4fde,2026-07,Cumbria Constabulary,Cumbria Constabulary,-2.901504,54.886819,On or near Bedstone Place,E01019197,Carlisle 011A,Vehicle crime,Investigation complete; no suspect identified,
a701f26234b9d74c3a3938f0f415c2becc4128249b77467e695faf51d82c46f4,2026-07,Cumbria Constabulary,Cumbria Constabulary,-2.897390,54.888278,On or near Cumrew Close,E01019197,Carlisle 011A,Violence and sexual offences,Investigation complete; no suspect identified,
e5ec91808eb40160b8b31b84999ee63589e6ca93982af9dfd8ac5103d3b78bbc,2026-07,Cumbria Constabulary,Cumbria Constabulary,-2.902410,54.886893,On or near Runnerstone Court,E01019197,Carlisle 011A,Violence and sexual offences,Under investigation,
3991d4537a35dc1f7dde94b9df6e91f895cad96682899c44844a3bd791c4ba7b,2026-07,Cumbria Constabulary,Cumbria Constabulary,-2.905079,54.888419,On or near Borland Avenue,E01019197,Carlisle 011A,Violence and sexual offences,Under investigation,
2cdb9f88209e55993b2e590f1731a33180a5c2b90ca9436974ebe740645269d5,2026-07,Cumbria Constabulary,Cumbria Constabulary,-2.903844,54.889686,On or near Merith Avenue,E01019197,Carlisle 011A,Violence and sexual offences,Under investigation,
b594eb34234950de71f6df64a2db46e788c0d46417aba7e929a691dc2c4ce331,2026-07,Cumbria Constabulary,Cumbria Constabulary,-2.905079,54.888419,On or near Borland Avenue,E01019197,Carlisle 011A,Violence and sexual offences,Under investigation,
3258eee17360e752dc78455cb558d13844006bd50f0ed4ea2f72f46d37bbc1a3,2026-07,Cumbria Constabulary,Cumbria Constabulary,-2.901504,54.886819,On or near Bedstone Place,E01019197,Carlisle 011A,Violence and sexual offences,Under investigation,
c5ab59f104b2e8a5b0d0a9bcf9c34b3404b945dcc8491840033519692d4ed8e2,2026-07,Cumbria Constabulary,Cumbria Constabulary,-2.901977,54.887741,On or near Holywell Crescent,E01019197,Carlisle 011A,Violence and sexual offences,Action to be taken by another organisation,
1b393b1253bb296aea71c85043aed02cee0243d5eb3b89718aaf543f8a751674,2026-07,Cumbria Constabulary,Cumbria Constabulary,-2.900782,54.887291,On or near Millers Close,E01019197,Carlisle 011A,Violence and sexual offences,Under investigation,
286ccc1286e050cd8f90c7857a328481cc326ca14c6d64702006b7adb21ae4c2,2026-07,Cumbria Constabulary,Cumbria Constabulary,-2.905079,54.888419,On or near Borland Avenue,E01019197,Carlisle 011A,Violence and sexual offences,Under investigation,
c3fde42db4aa7ca8acd787645e88bdaa9f2b326c8019781ac554925fe24b23b7,2026-07,Cumbria Constabulary,Cumbria Constabulary,-2.903233,54.890958,On or near Applewood Close,E01019197,Carlisle 011A,Violence and sexual offences,Unable to prosecute suspect,
c671baf2d300564fdc9d52d80d286df98b4a41257590b47de071fab71ee09021,2026-07,Cumbria Constabulary,Cumbria Constabulary,-2.901504,54.886819,On or near Bedstone Place,E01019197,Carlisle 011A,Violence and sexual offences,Under investigation,
733e2b7f63797241802c603c97d09536ebc685caadc6840e83e2bb754c4db9d5,2026-07,Cumbria Constabulary,Cumbria Constabulary,-2.902410,54.886893,On or near Runnerstone Court,E01019197,Carlisle 011A,Violence and sexual offences,Unable to prosecute suspect,
1ba5594893110f2c2d9b41477bb6b48cd09187ac05a132e3c0cc831a74bf2faa,2026-07,Cumbria Constabulary,Cumbria Constabulary,-2.893152,54.895445,On or near Rotary Way,E01019197,Carlisle 011A,Violence and sexual offences,Investigation complete; no suspect identified,
5e6f28a5dc90a278662e6f2f35c61758b1563a22decc9b9ad914240f6f7db707,2026-07,Cumbria Constabulary,Cumbria Constabulary,-2.905755,54.890795,On or near Botcherby Avenue,E01019197,Carlisle 011A,Violence and sexual offences,Under investigation,
335b3432d3f96c2058ae1ad657a225ad3e5d905b65826e703f1b3846c352d781,2026-07,Cumbria Constabulary,Cumbria Constabulary,-2.905755,54.890795,On or near Botcherby Avenue,E01019197,Carlisle 011A,Violence and sexual offences,Under investigation,
3d2b800a0772f0e0c11d07bc7941e3b309b182df2ad75e2cb0cddbb8f5982dcc,2026-07,Cumbria Constabulary,Cumbria Constabulary,-2.905079,54.888419,On or near Borland Avenue,E01019197,Carlisle 011A,Violence and sexual offences,Under investigation,
9fc2ce1f6808fe5313bbd3bfac985187394079f0b54681e592766e46811dd125,2026-07,Cumbria Constabulary,Cumbria Constabulary,-2.901606,54.883691,On or near Pennine Gardens,E01019198,Carlisle 011B,Criminal damage and arson,Under investigation,
8963a20ec2b6b319dd1334ab6ce08928b31597bc8ad4b476bed0a0a079a9958d,2026-07,Cumbria Constabulary,Cumbria Constabulary,-2.897153,54.886725,On or near Scotby Close,E01019198,Carlisle 011B,Drugs,Awaiting court outcome,
9033df50f0beaefef0fecb1ca65b8990bd85e4952d78c64f1ae6dc632e5e010a,2026-07,Cumbria Constabulary,Cumbria Constabulary,-2.901606,54.883691,On or near Pennine Gardens,E01019198,Carlisle 011B,Violence and sexual offences,Under investigation,
efb2c7fe39b6115fb6d993416d7fcaa650371bdc193db8ab76452d7193f802e9,2026-07,Cumbria Constabulary,Cumbria Constabulary,-2.893286,54.882485,On or near Silverdale Road,E01019198,Carlisle 011B,Violence and sexual offences,Offender given a caution,
d9b7dd20f85486d1399bcc9ae7578c23032dee3623df13c587b20d5f3860d8c9,2026-07,Cumbria Constabulary,Cumbria Constabulary,-2.896010,54.883031,On or near Tindale Drive,E01019198,Carlisle 011B,Violence and sexual offences,Unable to prosecute suspect,
be6c074b516117bd5be14c390acee3c03d79f08a10799249fa8de7b2d2500115,2026-07,Cumbria Constabulary,Cumbria Constabulary,-2.901606,54.883691,On or near Pennine Gardens,E01019198,Carlisle 011B,Violence and sexual offences,Under investigation,
bc6df7805e7599ca136dab82ee4ed51e157d8a163c16d8f10a4f251ab25eec1f,2026-07,Cumbria Constabulary,Cumbria Constabulary,-2.901606,54.883691,On or near Pennine Gardens,E01019198,Carlisle 011B,Violence and sexual offences,Unable to prosecute suspect,
a545b1c1af979861eba256faa2c5a64f9015a8975724b24e6feacc1c81a2c152,2026-07,Cumbria Constabulary,Cumbria Constabulary,-2.895320,54.881418,On or near Allandale Road,E01019198,Carlisle 011B,Violence and sexual offences,Under investigation,
19585b7ef3a8a50637afac38b19d18c2684fad7740ccae394a8f56cdafc8ab6a,2026-07,Cumbria Constabulary,Cumbria Constabulary,-2.899164,54.886737,On or near Scotby Gardens,E01019198,Carlisle 011B,Other crime,Under investigation,
fb57e204a2ba011d0b1cf716d5179c162a6866eb93843c3e323353feee8d5d2d,2026-07,Cumbria Constabulary,Cumbria Constabulary,-2.887517,54.883803,On or near Beverley Rise,E01019199,Carlisle 011C,Bicycle theft,Unable to prosecute suspect,
c50fd5f169136981e03628a0d1bf5a2e6ce9e85112f4c2b50de93287eaffddaa,2026-07,Cumbria Constabulary,Cumbria Constabulary,-2.889992,54.882976,On or near Eldon Drive,E01019199,Carlisle 011C,Criminal damage and arson,Investigation complete; no suspect identified,
9676c0bff08e838d45721e5b11de7933794180e9d3c9b1a38b008d3abe10cccd,2026-07,Cumbria Constabulary,Cumbria Constabulary,-2.887517,54.883803,On or near Beverley Rise,E01019199,Carlisle 011C,Criminal damage and arson,Unable to prosecute suspect,
8132e4256a6bae2e2e7c224afcc0566adee3773e794042b432ff2e2371dbf6f1,2026-07,Cumbria Constabulary,Cumbria Constabulary,-2.887517,54.883803,On or near Beverley Rise,E01019199,Carlisle 011C,Public order,Under investigation,
6955b6d73222bfd77ad2a58f50f5451c38a579dd7590b884c09c6c27e07d2817,2026-07,Cumbria Constabulary,Cumbria Constabulary,-2.887517,54.883803,On or near Beverley Rise,E01019199,Carlisle 011C,Public order,Investigation complete; no suspect identified,
7d4f9c933b48469bc941a6a64481d20ce654e721b3c73e407639dfcc6065b670,2026-07,Cumbria Constabulary,Cumbria Constabulary,-2.887517,54.883803,On or near Beverley Rise,E01019199,Carlisle 011C,Violence and sexual offences,Under investigation,
e068182016e24019cf2b9936b12b1659814f9aa4dec1831e48658e59a0cfcf89,2026-07,Cumbria Constabulary,Cumbria Constabulary,-2.891231,54.883291,On or near Brantwood Avenue,E01019199,Carlisle 011C,Violence and sexual offences,Unable to prosecute suspect,
0fcfceaaf9abbd45a1fbc9d552cf89e34436a67ae925601cebdcae2607078d6a,2026-07,Cumbria Constabulary,Cumbria Constabulary,-2.889992,54.882976,On or near Eldon Drive,E01019199,Carlisle 011C,Violence and sexual offences,Unable to prosecute suspect,
22a2ccd94509e22d3b052a107e6d05a6384e1566227ffb02007658f6c29622f6,2026-07,Cumbria Constabulary,Cumbria Constabulary,-2.891231,54.883291,On or near Brantwood Avenue,E01019199,Carlisle 011C,Violence and sexual offences,Under investigation,
f3dd44f6cd0d6b845d0c507024e8909e2bf54c6fa7abf8919aa2694afd17f89f,2026-07,Cumbria Constabulary,Cumbria Constabulary,-2.887517,54.883803,On or near Beverley Rise,E01019199,Carlisle 011C,Violence and sexual offences,Unable to prosecute suspect,
70e96d7c90354ac03bd0e6b303ad50f46ecea2cd324a9427ebb635ff2e89fd0d,2026-07,Cumbria Constabulary,Cumbria Constabulary,-2.889992,54.882976,On or near Eldon Drive,E01019199,Carlisle 011C,Violence and sexual offences,Under investigation,
bfe03c0a9170ee4587355ff782f86e6873d2eb733e32f63cc0b74b8a5b29524b,2026-07,Cumbria Constabulary,Cumbria Constabulary,-2.889992,54.882976,On or near Eldon Drive,E01019199,Carlisle 011C,Violence and sexual offences,Under investigation,
f1ff6357e257bc3e4cf1c3ce26f7d52d3a1b4e15b40677318b10281544936925,2026-07,Cumbria Constabulary,Cumbria Constabulary,-2.887517,54.883803,On or near Beverley Rise,E01019199,Carlisle 011C,Other crime,Unable to prosecute suspect,
da504d55e3770074494fb2981f0da768ebb15c14ca11783db700df3ffdcec1f6,2026-07,Cumbria Constabulary,Cumbria Constabulary,-2.896755,54.878640,On or near Meadow View,E01019221,Carlisle 011D,Drugs,Offender given a caution,
31368b7ec44a96b467ba30d88455bed459bcf56e5d7091ea37e4ca2b062e345b,2026-07,Cumbria Constabulary,Cumbria Constabulary,-2.899621,54.878565,On or near Winton Crescent,E01019221,Carlisle 011D,Other theft,Investigation complete; no suspect identified,
d7f05f44821ecd19aa3fff6d9194ea4918f6b6e8512df51036ee5bb1ae4945eb,2026-07,Cumbria Constabulary,Cumbria Constabulary,-2.899621,54.878565,On or near Winton Crescent,E01019221,Carlisle 011D,Violence and sexual offences,Under investigation,
dc8600a1da0d4f1de16413789b2bcc4e357b10c0bf2756f916553a310269dc73,2026-07,Cumbria Constabulary,Cumbria Constabulary,-2.899845,54.878114,On or near Crossways,E01019221,Carlisle 011D,Violence and sexual offences,Under investigation,
f835393b99ca1830a62844f650f2fc1fd50cb079236740ba5cb6b759bd544b56,2026-07,Cumbria Constabulary,Cumbria Constabulary,-2.899621,54.878565,On or near Winton Crescent,E01019221,Carlisle 011D,Violence and sexual offences,Under investigation,
9251eebe2f640df265b16e3f3eb1c80380e30ed77d88c417f587e6bda9feeacb,2026-07,Cumbria Constabulary,Cumbria Constabulary,-2.892870,54.877770,On or near Watermans Walk,E01019221,Carlisle 011D,Violence and sexual offences,Unable to prosecute suspect,
cdc155dd630ec50d5e09f2dd96ecbaa15d59b4c9116d546364b2cf74f22e3649,2026-07,Cumbria Constabulary,Cumbria Constabulary,-2.899621,54.878565,On or near Winton Crescent,E01019221,Carlisle 011D,Violence and sexual offences,Unable to prosecute suspect,
325633ac0425c2153a9bfad00e5fc51d62467d34756d14081c4f82984c6be554,2026-07,Cumbria Constabulary,Cumbria Constabulary,-2.893626,54.877432,On or near Longmans Close,E01019221,Carlisle 011D,Violence and sexual offences,Under investigation,
1a27c4f840dae92d0956d52b45fed0b0e35a8e0c442bae2f0335503344fe381c,2026-07,Cumbria Constabulary,Cumbria Constabulary,-2.896808,54.876123,On or near Longholme Road,E01019221,Carlisle 011D,Violence and sexual offences,Unable to prosecute suspect,
d3d0b3aa2550ce6d7cb27ad45737007f5174f054ad5f86fae2571f49ee992700,2026-07,Cumbria Constabulary,Cumbria Constabulary,-2.896755,54.878640,On or near Meadow View,E01019221,Carlisle 011D,Violence and sexual offences,Under investigation,
,2026-07,Cumbria Constabulary,Cumbria Constabulary,-2.902933,54.881030,On or near St Elizabeths Close,E01019222,Carlisle 011E,Anti-social behaviour,,
,2026-07,Cumbria Constabulary,Cumbria Constabulary,-2.902933,54.881030,On or near St Elizabeths Close,E01019222,Carlisle 011E,Anti-social behaviour,,
12e57dc4d5de4de5a326abf0ce2037017738738f8a9147c2cb64ae5575b14c46,2026-07,Cumbria Constabulary,Cumbria Constabulary,-2.902742,54.880824,On or near Arnside Road,E01019222,Carlisle 011E,Bicycle theft,Under investigation,
2b6507839337171a7f55e1083859ca6eb4b20d529c22744f16c0d9d2ec6fbac8,2026-07,Cumbria Constabulary,Cumbria Constabulary,-2.905520,54.880300,On or near Mayfield Avenue,E01019222,Carlisle 011E,Burglary,Under investigation,
7bbf8b4a95122ff8c3c4254a6ebbc39fb76249fdd82f650a571538c3cac45f4c,2026-07,Cumbria Constabulary,Cumbria Constabulary,-2.905503,54.882340,On or near Peacock Road,E01019222,Carlisle 011E,Burglary,Under investigation,
f814e18581ed774ce5e498fb290a3cd30107e2a0096f85ddffaeb9369f7318eb,2026-07,Cumbria Constabulary,Cumbria Constabulary,-2.901825,54.881640,On or near Central Avenue,E01019222,Carlisle 011E,Burglary,Investigation complete; no suspect identified,
063256aeff62e6a5bdafaf0ee178e3404fc466a8767c4bbe26f45ad077db75be,2026-07,Cumbria Constabulary,Cumbria Constabulary,-2.905196,54.876969,On or near Lingside Crescent,E01019222,Carlisle 011E,Criminal damage and arson,Investigation complete; no suspect identified,
422a21ad5811937c4bcd2feb1f1b71e6a10f799f2e783f5ff471135db3a86651,2026-07,Cumbria Constabulary,Cumbria Constabulary,-2.898792,54.881923,On or near Linden Terrace,E01019222,Carlisle 011E,Criminal damage and arson,Unable to prosecute suspect,
a86ca095d75a22f26f762235dd4c9c907f6e8630e96688be4187fc3f7ed9804d,2026-07,Cumbria Constabulary,Cumbria Constabulary,-2.902742,54.880824,On or near Arnside Road,E01019222,Carlisle 011E,Criminal damage and arson,Investigation complete; no suspect identified,
4be3fe32186a53801934bfd10fc1a155d9568c87fb827368e6c2a48060ecc06a,2026-07,Cumbria Constabulary,Cumbria Constabulary,-2.908003,54.883440,On or near Police Station,E01019222,Carlisle 011E,Criminal damage and arson,Under investigation,
9dadad1d1700ceda6e9a4b44ba7596526d69895f1f02aa2fe036c63e2406d533,2026-07,Cumbria Constabulary,Cumbria Constabulary,-2.908003,54.883440,On or near Police Station,E01019222,Carlisle 011E,Criminal damage and arson,Awaiting court outcome,
04ed803574117e6ddca560792a218cd3cf5d0c1999d1f58aa5cec87ddb74765e,2026-07,Cumbria Constabulary,Cumbria Constabulary,-2.905196,54.876969,On or near Lingside Crescent,E01019222,Carlisle 011E,Drugs,Under investigation,
8caa3deb639203476f1d7f13b06df41ac4694812a9fc881aad5927a9cbdc0689,2026-07,Cumbria Constabulary,Cumbria Constabulary,-2.905196,54.876969,On or near Lingside Crescent,E01019222,Carlisle 011E,Drugs,Under investigation,
f0de256121d71359eb42185a931f8a17b74e582928e0e49f50c5f149f17db53c,2026-07,Cumbria Constabulary,Cumbria Constabulary,-2.907578,54.876984,On or near Supermarket,E01019222,Carlisle 011E,Other theft,Under investigation,
579636ff9dc49c724b89386d5195f0359e581e87e0388e412bb7d41c6d3440ce,2026-07,Cumbria Constabulary,Cumbria Constabulary,-2.901825,54.881640,On or near Central Avenue,E01019222,Carlisle 011E,Public order,Investigation complete; no suspect identified,
4126e39970b59585d26d1a5d0af1e641743b8ad5e12a7249c18f19341956ff0b,2026-07,Cumbria Constabulary,Cumbria Constabulary,-2.908003,54.883440,On or near Police Station,E01019222,Carlisle 011E,Public order,Under investigation,
96ef6fb0d789820341b2cdf66a3525bef798510dc0db21d0d5a1255c38a7cd2d,2026-07,Cumbria Constabulary,Cumbria Constabulary,-2.907578,54.876984,On or near Supermarket,E01019222,Carlisle 011E,Shoplifting,Under investigation,
b7f6fbe84849f9775aacd3f1b8c6b6f10c606c4c0fae9ad80e8675b9bacaa236,2026-07,Cumbria Constabulary,Cumbria Constabulary,-2.907578,54.876984,On or near Supermarket,E01019222,Carlisle 011E,Shoplifting,Investigation complete; no suspect identified,
2b347d1c72306932ca6ac7f1c4ffe28fe7d60e8fa667d99b2f6c5dac1e16c834,2026-07,Cumbria Constabulary,Cumbria Constabulary,-2.908003,54.883440,On or near Police Station,E01019222,Carlisle 011E,Violence and sexual offences,Under investigation,
5039a5f37d2fefd8d6e682d8edb4fb576567a10a779d2fc1eed1023c073154bf,2026-07,Cumbria Constabulary,Cumbria Constabulary,-2.901825,54.881640,On or near Central Avenue,E01019222,Carlisle 011E,Violence and sexual offences,Under investigation,
beec63b25b028c431e801a234dde97a958412984d970aefe9594fd924a9c883a,2026-07,Cumbria Constabulary,Cumbria Constabulary,-2.901825,54.881640,On or near Central Avenue,E01019222,Carlisle 011E,Violence and sexual offences,Under investigation,
3c27b958af98cc709ba5af2c0235b22386b378f8ba203ce1854067185002cddd,2026-07,Cumbria Constabulary,Cumbria Constabulary,-2.908003,54.883440,On or near Police Station,E01019222,Carlisle 011E,Violence and sexual offences,Awaiting court outcome,
49da703e96da8495c014647c18669d6887f359fc56932598a93532633cc5d675,2026-07,Cumbria Constabulary,Cumbria Constabulary,-2.901825,54.881640,On or near Central Avenue,E01019222,Carlisle 011E,Violence and sexual offences,Under investigation,
5b47c5148e0b9e711eaae9b08c859725cb2365b729b7dac44161467a33dff51c,2026-07,Cumbria Constabulary,Cumbria Constabulary,-2.901825,54.881640,On or near Central Avenue,E01019222,Carlisle 011E,Violence and sexual offences,Under investigation,
83e564f19bf1fd88751f78eec22a3311b3c5d5215f0448b1fbbb2a93ec004a1e,2026-07,Cumbria Constabulary,Cumbria Constabulary,-2.901825,54.881640,On or near Central Avenue,E01019222,Carlisle 011E,Violence and sexual offences,Unable to prosecute suspect,
20255b859f054135641a9437414acae6bb3849d64c3ce32d42927ee9eb454f9e,2026-07,Cumbria Constabulary,Cumbria Constabulary,-2.908003,54.883440,On or near Police Station,E01019222,Carlisle 011E,Violence and sexual offences,Awaiting court outcome,
7a2b31a23e2b108f6c335e1d8c63a033c4fe18815e6a12745794076bd4f59ab2,2026-07,Cumbria Constabulary,Cumbria Constabulary,-2.905503,54.882340,On or near Peacock Road,E01019222,Carlisle 011E,Violence and sexual offences,Under investigation,
f992f1c23e6dbfee7599a4b327ea3a9f1902babdf4e91774824504d10bb31f91,2026-07,Cumbria Constabulary,Cumbria Constabulary,-2.905196,54.876969,On or near Lingside Crescent,E01019222,Carlisle 011E,Violence and sexual offences,Unable to prosecute suspect,
8237963c4a5692e6cfb74402f973531d01a837ac6216b6e8885ca8854d40254e,2026-07,Cumbria Constabulary,Cumbria Constabulary,-2.905503,54.882340,On or near Peacock Road,E01019222,Carlisle 011E,Violence and sexual offences,Under investigation,
8a7755acf7108a228cb5aca607305b2bcb70baba5799a994442a9962ac602128,2026-07,Cumbria Constabulary,Cumbria Constabulary,-2.901275,54.882129,On or near Argyll Drive,E01019222,Carlisle 011E,Violence and sexual offences,Investigation complete; no suspect identified,
f61eb29715378b7de4156cb0edbc94787d9606dfbac7b1652d44f28bfffa24ab,2026-07,Cumbria Constabulary,Cumbria Constabulary,-2.908003,54.883440,On or near Police Station,E01019222,Carlisle 011E,Violence and sexual offences,Under investigation,
62df1536573503899883626e1d8e7732a3977632c84aaa86facd4bc34f63965b,2026-07,Cumbria Constabulary,Cumbria Constabulary,-2.899894,54.881717,On or near Whinsmoor Drive,E01019222,Carlisle 011E,Violence and sexual offences,Under investigation,
1ccd6d085fb756b4ce8d3688d46c16e106e8961584b558889052a8365d510ec2,2026-07,Cumbria Constabulary,Cumbria Constabulary,-2.901275,54.882129,On or near Argyll Drive,E01019222,Carlisle 011E,Violence and sexual offences,Under investigation,
8ec8a2663e2ce303cd13cceeffb76c212b290ce610c046149dfe174e03d92c2f,2026-07,Cumbria Constabulary,Cumbria Constabulary,-2.898792,54.881923,On or near Linden Terrace,E01019222,Carlisle 011E,Violence and sexual offences,Under investigation,
4033c60f3edea6a0876bc939eb40f59fd82b5faea5a27728def46b7bd0c7562e,2026-07,Cumbria Constabulary,Cumbria Constabulary,-2.904206,54.873148,On or near Semple Road,E01019245,Carlisle 011F,Criminal damage and arson,Under investigation,
5d76a77a6ee12d5259cd0d2790080ba676eb344f55703d9a60613239fad0bcb2,2026-07,Cumbria Constabulary,Cumbria Constabulary,-2.906493,54.875054,On or near Haig Road,E01019245,Carlisle 011F,Criminal damage and arson,Under investigation,
4a0887b783ec84d17e005f2f45cbccea28c9af379bc9f7b553920e452bc558ba,2026-07,Cumbria Constabulary,Cumbria Constabulary,-2.906493,54.875054,On or near Haig Road,E01019245,Carlisle 011F,Other theft,Investigation complete; no suspect identified,
442fd563a2db34e76d13aa95e5e592bd80b1dfbb221d0922e5136a7091cadc72,2026-07,Cumbria Constabulary,Cumbria Constabulary,-2.904206,54.873148,On or near Semple Road,E01019245,Carlisle 011F,Public order,Investigation complete; no suspect identified,
50a72a90ecd689a36be6cce62c2856f5767c629d9ed5b3dc2f2cea17a79e03b4,2026-07,Cumbria Constabulary,Cumbria Constabulary,-2.906493,54.875054,On or near Haig Road,E01019245,Carlisle 011F,Public order,Under investigation,
a34830db8c33b20ccfe89b53b322065d1185bebc90b8bf31cfb4870a8d4b0c83,2026-07,Cumbria Constabulary,Cumbria Constabulary,-2.904206,54.873148,On or near Semple Road,E01019245,Carlisle 011F,Public order,Under investigation,
7cd1d8fc5e64a45b3c59b50792288618fc6fde23b2e0bcc8ef235782dd61e6bf,2026-07,Cumbria Constabulary,Cumbria Constabulary,-2.906493,54.875054,On or near Haig Road,E01019245,Carlisle 011F,Public order,Unable to prosecute suspect,
f9f72e06a6fda56856172774a91a156042e7f381b0d1f08e7114fb3c0d0dbd2d,2026-07,Cumbria Constabulary,Cumbria Constabulary,-2.909430,54.876721,On or near Baird Road,E01019245,Carlisle 011F,Vehicle crime,Under investigation,
7b325ca347f7ef1dcc497db4e37ee86815a56b77b0b41cd617df19b1ef79e8dd,2026-07,Cumbria Constabulary,Cumbria Constabulary,-2.909724,54.875946,On or near Atkinson Crescent,E01019245,Carlisle 011F,Vehicle crime,Investigation complete; no suspect identified,
d81e8d6c5268e14c98d1ce65afb939c132d56bcfec666f86b5eb07671a89282a,2026-07,Cumbria Constabulary,Cumbria Constabulary,-2.906493,54.875054,On or near Haig Road,E01019245,Carlisle 011F,Violence and sexual offences,Under investigation,
a90329eaa9fb59ecd991abecb56c091874eeb56a6294f288eea9895d27a17ab8,2026-07,Cumbria Constabulary,Cumbria Constabulary,-2.907410,54.872872,On or near Burnett Road,E01019245,Carlisle 011F,Violence and sexual offences,Unable to prosecute suspect,
8d62fb73d334d8f80c981de46cea7ad512974ad08e5abaa16765b165f3e29aa9,2026-07,Cumbria Constabulary,Cumbria Constabulary,-2.906493,54.875054,On or near Haig Road,E01019245,Carlisle 011F,Violence and sexual offences,Under investigation,
894f947fc6cd63bc6def6477d2f1a8546f87daba025e85a44fbce74a806a0c5b,2026-07,Cumbria Constabulary,Cumbria Constabulary,-2.905148,54.873455,On or near Harris Crescent,E01019245,Carlisle 011F,Violence and sexual offences,Under investigation,
f4a710e9f4762e0c1b16d683c1cd7bdcffca31af123e8ffec9c0317f51a52bc6,2026-07,Cumbria Constabulary,Cumbria Constabulary,-2.907410,54.872872,On or near Burnett Road,E01019245,Carlisle 011F,Violence and sexual offences,Under investigation,
8888f991c9c1b79f2682e108b90037e46d39daee1fd1b42c630dbc6e8568acee,2026-07,Cumbria Constabulary,Cumbria Constabulary,-2.907410,54.872872,On or near Burnett Road,E01019245,Carlisle 011F,Violence and sexual offences,Under investigation,
c986a4b8d8321a883f203954f6dc4de261f6d776b70cd6185ff2508b0166d450,2026-07,Cumbria Constabulary,Cumbria Constabulary,-2.907410,54.872872,On or near Burnett Road,E01019245,Carlisle 011F,Violence and sexual offences,Under investigation,
839041fc056befb3eab97a6ae91d516192f213ff62ebb6a116a3a87f8db1160b,2026-07,Cumbria Constabulary,Cumbria Constabulary,-2.907410,54.872872,On or near Burnett Road,E01019245,Carlisle 011F,Violence and sexual offences,Under investigation,
6dc441ce0319e233ea71fa64248e19a67299887470887656dd80fcd68efa4ade,2026-07,Cumbria Constabulary,Cumbria Constabulary,-2.906493,54.875054,On or near Haig Road,E01019245,Carlisle 011F,Violence and sexual offences,Under investigation,
3e659c12d20e060442275e70a91ad9d90838044755b5eda32e1baa8c65943467,2026-07,Cumbria Constabulary,Cumbria Constabulary,-2.906493,54.875054,On or near Haig Road,E01019245,Carlisle 011F,Violence and sexual offences,Under investigation,
1db28ff07f52a7cd7d649e5c681a174d18d96c2ff2c24ac49fa1282cce82a662,2026-07,Cumbria Constabulary,Cumbria Constabulary,-2.906493,54.875054,On or near Haig Road,E01019245,Carlisle 011F,Violence and sexual offences,Under investigation,
61aac07c373daf7dc3dcafff9c484227a7a237db850f7ac94824764b64ef7d5a,2026-07,Cumbria Constabulary,Cumbria Constabulary,-2.906493,54.875054,On or near Haig Road,E01019245,Carlisle 011F,Violence and sexual offences,Under investigation,
d845faed37005145fd8b7bc101456cb58aeb972636cfeb0268e569d28d2b77ac,2026-07,Cumbria Constabulary,Cumbria Constabulary,-2.906493,54.875054,On or near Haig Road,E01019245,Carlisle 011F,Other crime,Unable to prosecute suspect,
fe8ce72e06afaba225a900b62fe106238d292f0eb3a06e6343131a013facacf8,2026-07,Cumbria Constabulary,Cumbria Constabulary,-2.933353,54.880791,On or near Coney Street,E01019208,Carlisle 012A,Criminal damage and arson,Under investigation,
7f9c0e55df456860d88aeadb91e91397f0a7973370aa7ba50471e61d392f5532,2026-07,Cumbria Constabulary,Cumbria Constabulary,-2.931021,54.876971,On or near Sewell Place,E01019208,Carlisle 012A,Public order,Unable to prosecute suspect,
bf3514a4a50f8841ec02baef12a09bf434d971ac93da7d053f09ec87ab7f772a,2026-07,Cumbria Constabulary,Cumbria Constabulary,-2.933353,54.880791,On or near Coney Street,E01019208,Carlisle 012A,Public order,Unable to prosecute suspect,
1660bd0bdb856e3726b6551719fe75fc7f69ba4fc3e9f25aacd567f72f062338,2026-07,Cumbria Constabulary,Cumbria Constabulary,-2.937124,54.879387,On or near Lund Crescent,E01019208,Carlisle 012A,Violence and sexual offences,Under investigation,
fccd6f34dd8ece64a523fbc11ae013036b08f81b17229801f954e44063ca2c8b,2026-07,Cumbria Constabulary,Cumbria Constabulary,-2.931080,54.877528,On or near Ridley Place,E01019208,Carlisle 012A,Violence and sexual offences,Under investigation,
ff647b582312aa178a71fe2767db7a755c5536a0e288d2f7c1a2afcecc937f83,2026-07,Cumbria Constabulary,Cumbria Constabulary,-2.934283,54.879858,On or near Lediard Avenue,E01019208,Carlisle 012A,Violence and sexual offences,Unable to prosecute suspect,
57eb81c97529e96df4723b0e844ffa4a53d32b639a61e463b8a55845a84156f3,2026-07,Cumbria Constabulary,Cumbria Constabulary,-2.934800,54.877293,On or near Jubilee Road,E01019208,Carlisle 012A,Violence and sexual offences,Unable to prosecute suspect,
7ebb98888a8614fbb6ecb115c6aa74a1583e87b5695dbb5e8247b34545407eef,2026-07,Cumbria Constabulary,Cumbria Constabulary,-2.935785,54.876773,On or near Marina Crescent,E01019208,Carlisle 012A,Violence and sexual offences,Under investigation,
a092dc13b9395dc1a19172bee5857aa6a493ca2bc27de7fae6512a2528f34c9d,2026-07,Cumbria Constabulary,Cumbria Constabulary,-2.934437,54.880477,On or near Webster Crescent,E01019208,Carlisle 012A,Violence and sexual offences,Under investigation,
3ea3ac68e9a7479244aa6d0e1cdeb659e650600ed4878240d740f2679001f1bb,2026-07,Cumbria Constabulary,Cumbria Constabulary,-2.932203,54.878229,On or near Blackwell Road,E01019208,Carlisle 012A,Violence and sexual offences,Unable to prosecute suspect,
795f2e3e52e055c2b1c4f192e8ea45e74de00d7dceeedc2bc02a954c11546812,2026-07,Cumbria Constabulary,Cumbria Constabulary,-2.937321,54.879142,On or near Parking Area,E01019208,Carlisle 012A,Violence and sexual offences,Under investigation,
aa6377c1e449df2bf392bc7d565df5dd428af56a62299edf2317c9711640bbbd,2026-07,Cumbria Constabulary,Cumbria Constabulary,-2.934283,54.879858,On or near Lediard Avenue,E01019208,Carlisle 012A,Violence and sexual offences,Unable to prosecute suspect,
92ff2123c9ec6b1163e16f9b335418e22f683241b86c2105bc7c29cdcf85c377,2026-07,Cumbria Constabulary,Cumbria Constabulary,-2.930911,54.876289,On or near Sewell Road,E01019210,Carlisle 012B,Violence and sexual offences,Under investigation,
f2f83635ab80b12c2ba63614a877ca94a978f919a70fcb4d59f32babf2de7cc4,2026-07,Cumbria Constabulary,Cumbria Constabulary,-2.929179,54.875511,On or near Mount Pleasant Road,E01019210,Carlisle 012B,Violence and sexual offences,Unable to prosecute suspect,
2901a1cdf84f46ca1b3da3d76e644d378648f8c4aee16e8e752a0e643b6705f6,2026-07,Cumbria Constabulary,Cumbria Constabulary,-2.928890,54.875136,On or near Holmes Avenue,E01019210,Carlisle 012B,Violence and sexual offences,Awaiting court outcome,
23057cd810be0b655c1fabd2f25093a2f6232c4c6bd91924107f95d3960d4b72,2026-07,Cumbria Constabulary,Cumbria Constabulary,-2.927705,54.875801,On or near Buchanan Road,E01019210,Carlisle 012B,Violence and sexual offences,Under investigation,
23509b81c83ec91e2e6f3c2c6999d05bc28c240aedb0a87f5346ab8b4bb94cc0,2026-07,Cumbria Constabulary,Cumbria Constabulary,-2.929179,54.875511,On or near Mount Pleasant Road,E01019210,Carlisle 012B,Violence and sexual offences,Under investigation,
8d48cb00113252d50bd585a48894a008e89e4495137029462daf5350bad783e6,2026-07,Cumbria Constabulary,Cumbria Constabulary,-2.928890,54.875136,On or near Holmes Avenue,E01019210,Carlisle 012B,Other crime,Awaiting court outcome,
37fe8299177444d6e4e4e7c59a87be9c1196c47f2e0c69e9cb04bc8aea612d08,2026-07,Cumbria Constabulary,Cumbria Constabulary,-2.922066,54.869068,On or near Oaklands Drive,E01019246,Carlisle 012C,Criminal damage and arson,Under investigation,
f779398a63782536458e2d1de7fce191ae59b1d6bba9badce36c1f17e82cd1ca,2026-07,Cumbria Constabulary,Cumbria Constabulary,-2.922066,54.869068,On or near Oaklands Drive,E01019246,Carlisle 012C,Criminal damage and arson,Under investigation,
cbf161b60be0e4a9c5bd27e538a9ae02572e82cf5e217bec40045ba20d30ff3e,2026-07,Cumbria Constabulary,Cumbria Constabulary,-2.919437,54.870625,On or near Woodside North,E01019246,Carlisle 012C,Other theft,Under investigation,
7f6d9d9874d638674ceacce8de86af7c4bb8033b71b5c71134cc5a4efa40277e,2026-07,Cumbria Constabulary,Cumbria Constabulary,-2.922066,54.869068,On or near Oaklands Drive,E01019246,Carlisle 012C,Other theft,Under investigation,
7e4777598c7cb95fcff25552df06950a0b349cbeaf9ffe97dcd1ebde6ba10705,2026-07,Cumbria Constabulary,Cumbria Constabulary,-2.922066,54.869068,On or near Oaklands Drive,E01019246,Carlisle 012C,Public order,Under investigation,
db2fa430e110f51acccb5ee61f8b5b332315d0b04cb49778328cb030e88c2d64,2026-07,Cumbria Constabulary,Cumbria Constabulary,-2.920914,54.871881,On or near Lamb Street,E01019246,Carlisle 012C,Public order,Under investigation,
2f8f51a49f8a87ea26804e06bd26a6b0a14e8191af4517b50fa8ea662f6dd3b4,2026-07,Cumbria Constabulary,Cumbria Constabulary,-2.920914,54.871881,On or near Lamb Street,E01019246,Carlisle 012C,Shoplifting,Unable to prosecute suspect,
1785358a8d720ee779457a03371aaf371aabdf9d9fefcb1529c1efb5dccca289,2026-07,Cumbria Constabulary,Cumbria Constabulary,-2.922066,54.869068,On or near Oaklands Drive,E01019246,Carlisle 012C,Violence and sexual offences,Under investigation,
,2026-07,Cumbria Constabulary,Cumbria Constabulary,-2.909272,54.873883,On or near Gillford Crescent,E01019247,Carlisle 012D,Anti-social behaviour,,
15315ae0b3106a08386c51d458f28c99534c12a8d25d9e1194464c2500026537,2026-07,Cumbria Constabulary,Cumbria Constabulary,-2.926329,54.873538,On or near Parking Area,E01019247,Carlisle 012D,Criminal damage and arson,Investigation complete; no suspect identified,
167d7bb49b1ad2cdac1b086a5284e5d31dbae68bf06da27594fce2eca88c4d3c,2026-07,Cumbria Constabulary,Cumbria Constabulary,-2.909272,54.873883,On or near Gillford Crescent,E01019247,Carlisle 012D,Criminal damage and arson,Investigation complete; no suspect identified,
bc0c89b2ac1e4358bb09e2258890588e71299a8683134019c79d99b7b3cb172b,2026-07,Cumbria Constabulary,Cumbria Constabulary,-2.922783,54.875893,On or near Upperby Road,E01019247,Carlisle 012D,Drugs,Under investigation,
a6fdd46200e885680fbd18281c08e6a47385041436b6d5218d11e599f88f9a9b,2026-07,Cumbria Constabulary,Cumbria Constabulary,-2.922783,54.875893,On or near Upperby Road,E01019247,Carlisle 012D,Drugs,Local resolution,
6d1a6cdf6f2093291f8460cdf8796650a599dc75f87f9ad834331d890420af2b,2026-07,Cumbria Constabulary,Cumbria Constabulary,-2.926447,54.871911,On or near Park/Open Space,E01019247,Carlisle 012D,Other theft,Investigation complete; no suspect identified,
c69fbc941bade915d9b3eeb325e9f67d59391b85aa49d3dd7cf542f20514f654,2026-07,Cumbria Constabulary,Cumbria Constabulary,-2.917520,54.872679,On or near St Ninian'S Avenue,E01019247,Carlisle 012D,Other theft,Investigation complete; no suspect identified,
764a7356034cc3878464e374fba2b2806303be31ded1a91fff54dda000870a14,2026-07,Cumbria Constabulary,Cumbria Constabulary,-2.922783,54.875893,On or near Upperby Road,E01019247,Carlisle 012D,Possession of weapons,Under investigation,
29d246a557e74be918581373b061cb2dfa5aab141d8e12cc0717ca1c026753b6,2026-07,Cumbria Constabulary,Cumbria Constabulary,-2.923639,54.875176,On or near Embleton Road,E01019247,Carlisle 012D,Violence and sexual offences,Under investigation,
9bb09c3c251262ecd5fac6814c5b456735e2c765f434ff208bb0e06f6fd9fc51,2026-07,Cumbria Constabulary,Cumbria Constabulary,-2.917372,54.873723,On or near Manor Place,E01019247,Carlisle 012D,Violence and sexual offences,Under investigation,
cf94a8e38d59c9255bd1d2a1ab5c9dd99865d11bff215850c835d1f380186eb2,2026-07,Cumbria Constabulary,Cumbria Constabulary,-2.926447,54.871911,On or near Park/Open Space,E01019247,Carlisle 012D,Violence and sexual offences,Unable to prosecute suspect,
924a6da4f083cba255bd923ea2792dcef1117fd6ec16c0b3981cf0b0acbce2c8,2026-07,Cumbria Constabulary,Cumbria Constabulary,-2.922783,54.875893,On or near Upperby Road,E01019247,Carlisle 012D,Violence and sexual offences,Unable to prosecute suspect,
6e164db995a352a19585c18401b7a3ac1eac181445bed504311248afc4973759,2026-07,Cumbria Constabulary,Cumbria Constabulary,-2.909272,54.873883,On or near Gillford Crescent,E01019247,Carlisle 012D,Violence and sexual offences,Awaiting court outcome,
39f81f0e06e35e90a7c00c856ce605202bb9888e57c1666a967b853039c775a4,2026-07,Cumbria Constabulary,Cumbria Constabulary,-2.917372,54.873723,On or near Manor Place,E01019247,Carlisle 012D,Violence and sexual offences,Under investigation,
,2026-07,Cumbria Constabulary,Cumbria Constabulary,-2.923802,54.877521,On or near Upperby Way,E01019248,Carlisle 012E,Anti-social behaviour,,
9126635b8be526cff2f640d60d10beadb16fe186a2bad1e98fd60053e9017c62,2026-07,Cumbria Constabulary,Cumbria Constabulary,-2.921510,54.877502,On or near Belmont Road,E01019248,Carlisle 012E,Burglary,Under investigation,
211ac7bb511c9b12ed8fe6ae5c1b127777331bb714f7bed6f885ac2b4690a91c,2026-07,Cumbria Constabulary,Cumbria Constabulary,-2.929494,54.874287,On or near Henderson Road,E01019248,Carlisle 012E,Criminal damage and arson,Under investigation,
c92f9b79bfb346898306573e28a18721d3f2da74356b8fd27d211aac2113b83c,2026-07,Cumbria Constabulary,Cumbria Constabulary,-2.932422,54.872880,On or near Blackwell Place,E01019248,Carlisle 012E,Criminal damage and arson,Under investigation,
b3eb244c32492cd39fc7c068611fd8fc4b19e73a78a516ce04256c41bb1b6412,2026-07,Cumbria Constabulary,Cumbria Constabulary,-2.932422,54.872880,On or near Blackwell Place,E01019248,Carlisle 012E,Criminal damage and arson,Under investigation,
249ab1cc016da6b1cec759045cff081f0f6e0efe43ccf6e165ff7a89381f9a61,2026-07,Cumbria Constabulary,Cumbria Constabulary,-2.925198,54.876548,On or near Kirklands Road,E01019248,Carlisle 012E,Public order,Investigation complete; no suspect identified,
ab57f072a17d88166602bc75bfbc9f17aaea215bab74cba0fca29a9496eac000,2026-07,Cumbria Constabulary,Cumbria Constabulary,-2.932422,54.872880,On or near Blackwell Place,E01019248,Carlisle 012E,Violence and sexual offences,Under investigation,
9133e519cee2540a761cf8794b72f26ba60b6ed06b1aa0929de6d36290fd0e5c,2026-07,Cumbria Constabulary,Cumbria Constabulary,-2.929494,54.874287,On or near Henderson Road,E01019248,Carlisle 012E,Violence and sexual offences,Unable to prosecute suspect,
8ef382f57cd7c83bf5e6ab71450c4f9323777ae8e925328bb68fc3d8b0e19250,2026-07,Cumbria Constabulary,Cumbria Constabulary,-2.922083,54.876653,On or near Cant Crescent,E01019248,Carlisle 012E,Violence and sexual offences,Under investigation,
3c588d93d55e6787392b5247d1d4a2c9a11956d6e365d2f2065759deb1d2c183,2026-07,Cumbria Constabulary,Cumbria Constabulary,-2.932422,54.872880,On or near Blackwell Place,E01019248,Carlisle 012E,Violence and sexual offences,Unable to prosecute suspect,
97465f144edea4332646ff0dd77c30c6dcc6b3d7c4d19f6194d19d40b62f918f,2026-07,Cumbria Constabulary,Cumbria Constabulary,-2.932422,54.872880,On or near Blackwell Place,E01019248,Carlisle 012E,Violence and sexual offences,Under investigation,
,2026-07,Cumbria Constabulary,Cumbria Constabulary,-2.996460,54.825676,On or near Nook Lane,E01019212,Carlisle 013A,Anti-social behaviour,,
14a01b3595ede87a5ac51168ec1eb79bab517ebea92fb42341a2db96f579e161,2026-07,Cumbria Constabulary,Cumbria Constabulary,-2.983875,54.836213,On or near The Green,E01019212,Carlisle 013A,Criminal damage and arson,Under investigation,
9f18d30de01c23b7d653595b1404464e5cfe7f9f5413ad4638c3d9abbcf78718,2026-07,Cumbria Constabulary,Cumbria Constabulary,-2.985372,54.841404,On or near Glave Hill,E01019212,Carlisle 013A,Public order,Unable to prosecute suspect,
2173ce3488299a3fbcff339e4de09b15866120a01a8391adea9d4c4e3e3e78d2,2026-07,Cumbria Constabulary,Cumbria Constabulary,-2.943855,54.848618,On or near Parking Area,E01019212,Carlisle 013A,Violence and sexual offences,Unable to prosecute suspect,
700dd41c6e10d761bd8aafc5e9dc0f464eef0c4ee1158f8bb7b72f5ef906ef88,2026-07,Cumbria Constabulary,Cumbria Constabulary,-2.987970,54.841949,On or near Orchard Way,E01019212,Carlisle 013A,Violence and sexual offences,Under investigation,
96bc3c627e5863d97b256e853ea81222c671256278c49dc2ad1a244ce0e599b6,2026-07,Cumbria Constabulary,Cumbria Constabulary,-2.986558,54.842176,On or near Appletree Close,E01019212,Carlisle 013A,Violence and sexual offences,Under investigation,
a650733957cfa5d7b1f72b2f944eb7ceae6771ad9a6d0f53ab6e505469ff74b3,2026-07,Cumbria Constabulary,Cumbria Constabulary,-2.895693,54.874325,On or near Longdyke Drive,E01019223,Carlisle 013D,Burglary,Under investigation,
23ce96e3eb0174e41b373f69091a2de2d8b44f79ec80506193c8d59443c7e67b,2026-07,Cumbria Constabulary,Cumbria Constabulary,-2.902143,54.875634,On or near Highwood Crescent,E01019223,Carlisle 013D,Shoplifting,Under investigation,
09866281b8297fcdd03d86226af7f09960c1a22b4650fd86282f6e9a0120b682,2026-07,Cumbria Constabulary,Cumbria Constabulary,-2.904459,54.874683,On or near Welsh Road,E01019223,Carlisle 013D,Violence and sexual offences,Under investigation,
56f8f3b62df1aafa576d4980f9bf3296156c9feba0589a100414ef3f78f52b8e,2026-07,Cumbria Constabulary,Cumbria Constabulary,-2.900546,54.873948,On or near Ashford Way,E01019223,Carlisle 013D,Violence and sexual offences,Under investigation,
,2026-07,Cumbria Constabulary,Cumbria Constabulary,-2.975935,54.885264,On or near Whernside,E01019253,Carlisle 013E,Anti-social behaviour,,
56bb4f3665ed0c121d6c3d308deee28dc28aa02279041fcdf17aa373568c9269,2026-07,Cumbria Constabulary,Cumbria Constabulary,-2.975935,54.885264,On or near Whernside,E01019253,Carlisle 013E,Criminal damage and arson,Under investigation,
712c6e23fd377d268529d7e24b0714c30f80d30f5755a937a043973ff1da99e9,2026-07,Cumbria Constabulary,Cumbria Constabulary,-2.981829,54.884650,On or near St Edmunds Park,E01019253,Carlisle 013E,Criminal damage and arson,Investigation complete; no suspect identified,
755398ccdf67e4b1eb4ea14f2cc38d477ad67c0721aea6192c91fb706d020198,2026-07,Cumbria Constabulary,Cumbria Constabulary,-2.976066,54.880365,On or near Helvellyn Rise,E01019253,Carlisle 013E,Other theft,Investigation complete; no suspect identified,
97bbf25d4d68ce29c8c18f8d223ad63b77343b11e14b63a30a0ba565e62d8198,2026-07,Cumbria Constabulary,Cumbria Constabulary,-2.967962,54.884303,On or near Dee Close,E01019253,Carlisle 013E,Possession of weapons,Under investigation,
109baefb9b2a5a3963980e7fac25591cbc1a6835d3544273e6c1939bb92f8c64,2026-07,Cumbria Constabulary,Cumbria Constabulary,-2.973682,54.884239,On or near Queensway,E01019253,Carlisle 013E,Violence and sexual offences,Under investigation,
51a6a5a1a1572598208d1bface0b6a607890e592d368b9575e9b509890f561c4,2026-07,Cumbria Constabulary,Cumbria Constabulary,-2.970767,54.883616,On or near Suttle Close,E01019253,Carlisle 013E,Violence and sexual offences,Local resolution,
4c8fe9c0e4a74f681fdc22cbb7b6c139678a351106bc91e5eaa46c5ab92c0634,2026-07,Cumbria Constabulary,Cumbria Constabulary,-2.973682,54.884239,On or near Queensway,E01019253,Carlisle 013E,Violence and sexual offences,Under investigation,
ded139fa1707a09280feea07236049ca4c6fb8ba2c352225348f254b6d735bac,2026-07,Cumbria Constabulary,Cumbria Constabulary,-2.885199,54.876208,On or near Cherry Lane,E01034070,Carlisle 013F,Criminal damage and arson,Investigation complete; no suspect identified,
bfa9b86bb3ceffd4a474fedab294d9f11ff5f730a8757f404bf7d9431fcc05c4,2026-07,Cumbria Constabulary,Cumbria Constabulary,-2.892487,54.876658,On or near Dalesman Drive,E01034070,Carlisle 013F,Public order,Unable to prosecute suspect,
9b95527b85033be503e82dc07aabebdb8f185c49fc4982b7a808b18459c47bdf,2026-07,Cumbria Constabulary,Cumbria Constabulary,-2.885199,54.876208,On or near Cherry Lane,E01034070,Carlisle 013F,Public order,Under investigation,
29b15769f554b30d496512f9a0571f056bcea070da09629baf25d691fffe565e,2026-07,Cumbria Constabulary,Cumbria Constabulary,-2.892487,54.876658,On or near Dalesman Drive,E01034070,Carlisle 013F,Violence and sexual offences,Unable to prosecute suspect,
70e71fa581e5cde448e8acfbe5bd9f85b63e94d27090f8a408ff45ed08b7eb8c,2026-07,Cumbria Constabulary,Cumbria Constabulary,-2.974592,54.876108,On or near Petrol Station,E01034071,Carlisle 013G,Drugs,Local resolution,
6b9ad6263c7eb34ac69d17b3c9c6438e1d8200f832a7253639564a5088e28015,2026-07,Cumbria Constabulary,Cumbria Constabulary,-2.974592,54.876108,On or near Petrol Station,E01034071,Carlisle 013G,Public order,Local resolution,
3b5284430a0350e1cbb2d7ea37668c8a6a90f826dcd01efaa6ac003df8959cf2,2026-07,Cumbria Constabulary,Cumbria Constabulary,-2.974592,54.876108,On or near Petrol Station,E01034071,Carlisle 013G,Public order,Local resolution,
dedbc931ac598abb144aabb0ac7e7477b0a16b4c8547b2c1ca08e2897f5e8b8e,2026-07,Cumbria Constabulary,Cumbria Constabulary,-2.953969,54.870008,On or near The Crescent,E01034071,Carlisle 013G,Violence and sexual offences,Under investigation,
298b13d46544904964dc1373962fcb1ce68422399e68c0360cf34145ba8e18b6,2026-07,Cumbria Constabulary,Cumbria Constabulary,-2.928816,54.864452,On or near Stockwell Road,E01034072,Carlisle 013H,Violence and sexual offences,Under investigation,
56e600794ce434da677c16e6ea5eca970cccdd8e3ba389fcda7d5211a66f401a,2026-07,Cumbria Constabulary,Cumbria Constabulary,-2.929253,54.865176,On or near Low Moor Avenue,E01034072,Carlisle 013H,Violence and sexual offences,Under investigation,
70ffcb506d965df5887fd80364e215a14befed2eeaf4cfa24d5eafdf632b00dc,2026-07,Cumbria Constabulary,Cumbria Constabulary,-2.929123,54.861546,On or near Durdar Road,E01034072,Carlisle 013H,Violence and sexual offences,Under investigation,
d5963b210d145526852b19b7c6bb453d9d46a27de25921b94887bdc08cf1ae6e,2026-07,Cumbria Constabulary,Cumbria Constabulary,-2.925539,54.868997,On or near Huntingdon Lane,E01034072,Carlisle 013H,Violence and sexual offences,Under investigation,
ac8c8b32e25a088a5bdbc720b35e106100259c6ffdd0f7b254b03882e9d350c0,2026-07,Cumbria Constabulary,Cumbria Constabulary,-2.989016,54.840143,On or near Crakegarth,E01034073,Carlisle 013I,Other theft,Under investigation,
20fef585b81e2676fd48d50333c457951cb3280d9d449afe1c259bf4452be0f1,2026-07,Cumbria Constabulary,Cumbria Constabulary,-2.986840,54.845436,On or near Summerfields,E01034073,Carlisle 013I,Violence and sexual offences,Under investigation,
3cd55023aa6c3538c18a550cfd2541b1da71e8028aa0402ba2e442d7867fbc73,2026-07,Cumbria Constabulary,Cumbria Constabulary,-3.009316,54.857437,On or near Grange Park Road,E01034073,Carlisle 013I,Violence and sexual offences,Unable to prosecute suspect,
72f4f10a902bbad83812db424752bbdbaf3e27649d0006dff609230bbf11d91d,2026-07,Cumbria Constabulary,Cumbria Constabulary,-2.987492,54.842780,On or near Inglewood Drive,E01034073,Carlisle 013I,Violence and sexual offences,Unable to prosecute suspect,
53e3431226189cdb67eb105e631555b8c1b11fa98bbb32898233ed5b0881d86f,2026-07,Cumbria Constabulary,Cumbria Constabulary,-2.986656,54.843640,On or near Inglewood Drive,E01034073,Carlisle 013I,Violence and sexual offences,Under investigation,
60d57441992a31318e0c478c00c0b8e67d6ab9973df35723b58e0bba3078cd42,2026-07,Cumbria Constabulary,Cumbria Constabulary,-2.976531,54.851235,On or near Parking Area,E01034073,Carlisle 013I,Violence and sexual offences,Unable to prosecute suspect,
3326868e2ffd63b84d00164e12b7f63a6acf672c12c3c26f37cf6c9171e666fe,2026-07,Cumbria Constabulary,Cumbria Constabulary,-2.986656,54.843640,On or near Inglewood Drive,E01034073,Carlisle 013I,Violence and sexual offences,Under investigation,
ba93b77e323dd3509a5af15041da3602a37a920dc4329d6880c907b162db4a26,2026-07,Cumbria Constabulary,Cumbria Constabulary,-2.989016,54.840143,On or near Crakegarth,E01034073,Carlisle 013I,Violence and sexual offences,Under investigation,
8dd122c51fced839ee2bdbc4e3e8777abbd6eb4220bbe7f0b210f25bf44df70f,2026-07,Cumbria Constabulary,Cumbria Constabulary,-3.009316,54.857437,On or near Grange Park Road,E01034073,Carlisle 013I,Other crime,Under investigation,
6f56099628fa421c36cb595c65387797f1c2aa59750321599d15a90ac5c13621,2026-07,Cumbria Constabulary,Cumbria Constabulary,-2.894038,54.869278,On or near Sewell Lane,E01034074,Carlisle 013J,Burglary,Under investigation,
6cd9d25d96773f2794d7e44a893384c10414dd9da5205fb9d5f2104dcbbc4dc7,2026-07,Cumbria Constabulary,Cumbria Constabulary,-2.887115,54.864107,On or near Roman Road,E01034074,Carlisle 013J,Burglary,Under investigation,
d299264baa589b887358598c210c2f5b1327ba5b719c8e887eec6959a910fe2f,2026-07,Cumbria Constabulary,Cumbria Constabulary,-2.880743,54.874138,On or near Axson Drive,E01034074,Carlisle 013J,Criminal damage and arson,Under investigation,
2dca666408a4f8943b811fa0be64697dc9fc6f40e4fb819f0ccdd19f13b19a4e,2026-07,Cumbria Constabulary,Cumbria Constabulary,-2.859717,54.838117,On or near Scalesceugh Gardens,E01034074,Carlisle 013J,Drugs,Local resolution,
946eba5cba135693e77fedeee1bef414b0aaded184e44794814cf9a6e1bf6f92,2026-07,Cumbria Constabulary,Cumbria Constabulary,-2.880743,54.874138,On or near Axson Drive,E01034074,Carlisle 013J,Drugs,Awaiting court outcome,
f804151c20cc969e2fac25b287b96e036909fb1670d314fda85eab6f1bc91fb1,2026-07,Cumbria Constabulary,Cumbria Constabulary,-2.859717,54.838117,On or near Scalesceugh Gardens,E01034074,Carlisle 013J,Drugs,Local resolution,
e3e78e085f36c7887ff8fe8d3932cb356276f8efd253a2461efc6df1d04ded59,2026-07,Cumbria Constabulary,Cumbria Constabulary,-2.887115,54.864107,On or near Roman Road,E01034074,Carlisle 013J,Other theft,Further investigation is not in the public interest,
e8e28c7f22265e4a6683a47df45a65598774bbf61a97b8ed0a927c7c20363b03,2026-07,Cumbria Constabulary,Cumbria Constabulary,-2.875078,54.857431,On or near Petrol Station,E01034074,Carlisle 013J,Other theft,Under investigation,
284b58fe9142ac0702f76162d4d5e08ff7bd87e85e7311370ab0138c1b3fe642,2026-07,Cumbria Constabulary,Cumbria Constabulary,-2.879718,54.874981,On or near Clarksville Close,E01034074,Carlisle 013J,Other theft,Under investigation,
37d7fe1590dbc043b3cf2cd2e02d1a32d21a58441834fd311e6dfd25ff8b0105,2026-07,Cumbria Constabulary,Cumbria Constabulary,-2.881985,54.876052,On or near Staunton Drive,E01034074,Carlisle 013J,Public order,Unable to prosecute suspect,
afec5cd83e566ff140525b8b1644cc754f4708e42655dc2083c63064199fbbf4,2026-07,Cumbria Constabulary,Cumbria Constabulary,-2.880743,54.874138,On or near Axson Drive,E01034074,Carlisle 013J,Public order,Unable to prosecute suspect,
6b07c782a7c29d9241603066904a6157d5fbcc85bf419c6b12644fd9d19b2a79,2026-07,Cumbria Constabulary,Cumbria Constabulary,-2.880743,54.874138,On or near Axson Drive,E01034074,Carlisle 013J,Violence and sexual offences,Under investigation,
9662b7806de8e65f98a184679ac515ec5fe8a853df4c50008ba15ce5934c6691,2026-07,Cumbria Constabulary,Cumbria Constabulary,-2.882522,54.874251,On or near Cumwhinton Drive,E01034074,Carlisle 013J,Violence and sexual offences,Under investigation,
c99886a838c0d5fab2aa59217e2ffec5e86447151d007f218f6863038508603b,2026-07,Cumbria Constabulary,Cumbria Constabulary,-2.880743,54.874138,On or near Axson Drive,E01034074,Carlisle 013J,Violence and sexual offences,Under investigation,
025cb75627eeffc2fabc775cbc7cb528d785fa5c498ae1c850ce5fcaafbad5c3,2026-07,Cumbria Constabulary,Cumbria Constabulary,-2.880743,54.874138,On or near Axson Drive,E01034074,Carlisle 013J,Violence and sexual offences,Under investigation,
70e9c6bf36ddc6f508aa799de2f406a655b0ffd42f8b2856f17ca1195f5b5a4f,2026-07,Cumbria Constabulary,Cumbria Constabulary,-2.880743,54.874138,On or near Axson Drive,E01034074,Carlisle 013J,Violence and sexual offences,Under investigation,
bc56de0417f98fcd49eccc618c8c41082f1650b2a82c1248e27c063f44600d7b,2026-07,Cumbria Constabulary,Cumbria Constabulary,-2.894038,54.869278,On or near Sewell Lane,E01034074,Carlisle 013J,Violence and sexual offences,Under investigation,
c8ed080f059f9764573afc6d80d06e56cb44c9146c6a6a9dfd84ea357b1db3f1,2026-07,Cumbria Constabulary,Cumbria Constabulary,-2.880743,54.874138,On or near Axson Drive,E01034074,Carlisle 013J,Violence and sexual offences,Under investigation,
3abd2986b3adfa2a328b93824038bf45ee548560989fa5389adba2d56e326fd4,2026-07,Cumbria Constabulary,Cumbria Constabulary,-2.880743,54.874138,On or near Axson Drive,E01034074,Carlisle 013J,Violence and sexual offences,Under investigation,
d10825bdbb52ee6cc705330270c6a30b31e6600463832f6a6a77bcc592f39c63,2026-07,Cumbria Constabulary,Cumbria Constabulary,-2.880743,54.874138,On or near Axson Drive,E01034074,Carlisle 013J,Violence and sexual offences,Under investigation,
77cd52cded01d7285a411bb36f0dbea10357262f850addf7d67d4668250ee9ba,2026-07,Cumbria Constabulary,Cumbria Constabulary,-2.880743,54.874138,On or near Axson Drive,E01034074,Carlisle 013J,Violence and sexual offences,Unable to prosecute suspect,
1fb318aafffe014e560dc6936a4be05f8122b2cd881c18c81c81821832941e43,2026-07,Cumbria Constabulary,Cumbria Constabulary,-2.881985,54.876052,On or near Staunton Drive,E01034074,Carlisle 013J,Violence and sexual offences,Under investigation,
20e410e99bf77746b481607b5a0e2ca34f5ba561f4ca8bac57690c82d69932cd,2026-07,Cumbria Constabulary,Cumbria Constabulary,-2.882522,54.874251,On or near Cumwhinton Drive,E01034074,Carlisle 013J,Violence and sexual offences,Under investigation,
6fcdbc358e3433626fefd7c92443c3526bfe36add910e67bd56e323d1007b105,2026-07,Cumbria Constabulary,Cumbria Constabulary,-2.880743,54.874138,On or near Axson Drive,E01034074,Carlisle 013J,Violence and sexual offences,Unable to prosecute suspect,
82533222f66428cc8803e8b746def38eea205654009e284f3d8baee3277e38cd,2026-07,Cumbria Constabulary,Cumbria Constabulary,-2.880743,54.874138,On or near Axson Drive,E01034074,Carlisle 013J,Violence and sexual offences,Under investigation,
afa7d82d93b8f533ca27ab9b509dcc29edfc296d0d01416b9c9f39ec55e34161,2026-07,Cumbria Constabulary,Cumbria Constabulary,-2.880743,54.874138,On or near Axson Drive,E01034074,Carlisle 013J,Violence and sexual offences,Under investigation,
645f49fee1f65496b06bd0de802839c335474de8d8bffe3de191df37f93754be,2026-07,Cumbria Constabulary,Cumbria Constabulary,-2.880743,54.874138,On or near Axson Drive,E01034074,Carlisle 013J,Violence and sexual offences,Under investigation,
47409745bf48ff03494dc1562e5307b05467dc851a7f9ba778fe85675fc29eff,2026-07,Cumbria Constabulary,Cumbria Constabulary,-3.543838,54.593107,On or near Barngill Place,E01019269,Copeland 001B,Violence and sexual offences,Under investigation,
8db2487691dd0d7689b2c19af43236ee3e22d3a47d1f86e9ada551a6875ef724,2026-07,Cumbria Constabulary,Cumbria Constabulary,-3.543838,54.593107,On or near Barngill Place,E01019269,Copeland 001B,Violence and sexual offences,Further investigation is not in the public interest,
429835b4bdb45f2b909c295d130b9260c2f0b9b2214625de0baa091737f87003,2026-07,Cumbria Constabulary,Cumbria Constabulary,-3.539852,54.599863,On or near Kilnside Place,E01019269,Copeland 001B,Violence and sexual offences,Under investigation,
d5835e6354685c52be32a693d0897645737689d4ff1e7eb028d820e41f6bbd44,2026-07,Cumbria Constabulary,Cumbria Constabulary,-3.543499,54.595619,On or near Central Avenue,E01019269,Copeland 001B,Violence and sexual offences,Under investigation,
959b8d9705b3000e432647c22f07ca07ad5f5ab841a471e560408790f907e92f,2026-07,Cumbria Constabulary,Cumbria Constabulary,-3.539852,54.599863,On or near Kilnside Place,E01019269,Copeland 001B,Other crime,Under investigation,
7959a981163c40f8d546234dd1601b97c763f2afcca9717adce4b7103cb711ff,2026-07,Cumbria Constabulary,Cumbria Constabulary,-3.582015,54.566990,On or near Bank Yard Road,E01019270,Copeland 001C,Criminal damage and arson,Unable to prosecute suspect,
b3b1f651884e53230b52d289ac5bcc4018e5751c2eb9f4916e8d0c37cb870400,2026-07,Cumbria Constabulary,Cumbria Constabulary,-3.582015,54.566990,On or near Bank Yard Road,E01019270,Copeland 001C,Public order,Under investigation,
212f7a1b1feb9889ebf35e1e51db3cb9eb88347e405171dc804e361a282bd46b,2026-07,Cumbria Constabulary,Cumbria Constabulary,-3.576028,54.569764,On or near Ross View,E01019270,Copeland 001C,Violence and sexual offences,Awaiting court outcome,
d47e58af1e6dfd0e76d8c82bf3e73d64e25fa01d26864d2a7592870e2c63bce5,2026-07,Cumbria Constabulary,Cumbria Constabulary,-3.582015,54.566990,On or near Bank Yard Road,E01019270,Copeland 001C,Violence and sexual offences,Under investigation,
055c0f80abad556256b1b04d0273ecc44b77284dc3ad788c3f4e84c7ec573c87,2026-07,Cumbria Constabulary,Cumbria Constabulary,-3.580893,54.566780,On or near Parton Brow,E01019270,Copeland 001C,Violence and sexual offences,Under investigation,
91471dc27341a04fa4c576d4398e111966ee797d544385742b0eaa596b0f4231,2026-07,Cumbria Constabulary,Cumbria Constabulary,-3.576028,54.569764,On or near Ross View,E01019270,Copeland 001C,Violence and sexual offences,Unable to prosecute suspect,
6fa16e2bff3452dc33ef38dc006a095fe3cfde190fc58ba9aead80f3eeeeb4c8,2026-07,Cumbria Constabulary,Cumbria Constabulary,-3.576028,54.569764,On or near Ross View,E01019270,Copeland 001C,Violence and sexual offences,Awaiting court outcome,
914e8ac80a39aed050b41d8ae56368e2a8e1dec51a2dc78c4b08732b6db1d71a,2026-07,Cumbria Constabulary,Cumbria Constabulary,-3.580893,54.566780,On or near Parton Brow,E01019270,Copeland 001C,Violence and sexual offences,Under investigation,
c73770be4e1a4738ed5558e03a4b293c8ac09bba389aa3adf47dd7fb6e6dd618,2026-07,Cumbria Constabulary,Cumbria Constabulary,-3.518379,54.583606,On or near Parking Area,E01034075,Copeland 001E,Criminal damage and arson,Unable to prosecute suspect,
bd78e1346f9221a70bcae3e24587c30a1171320ad7784cda5b41e0c92e618692,2026-07,Cumbria Constabulary,Cumbria Constabulary,-3.562407,54.566881,On or near Theatre/Concert Hall,E01034075,Copeland 001E,Public order,Investigation complete; no suspect identified,
57df02cc9a20c27e05b03cd9a2f4e9bb5ea5c80d10b5926db3a426391ecd1e10,2026-07,Cumbria Constabulary,Cumbria Constabulary,-3.546804,54.586427,On or near B5306,E01034075,Copeland 001E,Public order,Offender given a caution,
a0b96c7e63c3c1437d29beaae7c4f6bdd8e0eac9cea50635fa3860622b0b188b,2026-07,Cumbria Constabulary,Cumbria Constabulary,-3.518379,54.583606,On or near Parking Area,E01034075,Copeland 001E,Public order,Under investigation,
24cc9af1992562c428459c8484327cf3a23567b1dbd6287ebe872f983e91f872,2026-07,Cumbria Constabulary,Cumbria Constabulary,-3.541415,54.596167,On or near Chapel Street,E01034075,Copeland 001E,Violence and sexual offences,Under investigation,
6b93984d93cc0f2f67c7db874080d657d32b953b4e310761bf4f63b1c4384415,2026-07,Cumbria Constabulary,Cumbria Constabulary,-3.549191,54.558813,On or near Solway Road,E01034075,Copeland 001E,Violence and sexual offences,Under investigation,
fd26df4fe986aa11c1980828c56b6f4ebf676a77fe2fb52b0e65554a9b8fa604,2026-07,Cumbria Constabulary,Cumbria Constabulary,-3.549191,54.558813,On or near Solway Road,E01034075,Copeland 001E,Violence and sexual offences,Under investigation,
f853d4a78016eaa8a3361c195490bf391eef7e78233deb9b33cf0798bc696c6a,2026-07,Cumbria Constabulary,Cumbria Constabulary,-3.540648,54.593067,On or near Prospect View,E01034075,Copeland 001E,Violence and sexual offences,Under investigation,
8a0a90ce73440d8b52e636868a932c42c0891d756476c8e44e0c866a9a0e17f6,2026-07,Cumbria Constabulary,Cumbria Constabulary,-3.576379,54.562039,On or near Oak Crescent,E01034075,Copeland 001E,Violence and sexual offences,Unable to prosecute suspect,
8caf8341cfbdcc89dd82b1f1faa819c7a30ff77ae7a2aba0cf4ee720962f7d72,2026-07,Cumbria Constabulary,Cumbria Constabulary,-3.518379,54.583606,On or near Parking Area,E01034075,Copeland 001E,Other crime,Under investigation,
c8d4d885fa0ba2933f9c4e9aef82b5c85d2315117dfb553d61091a0100ac236e,2026-07,Cumbria Constabulary,Cumbria Constabulary,-3.585239,54.553600,On or near Commodore Street,E01019260,Copeland 002A,Criminal damage and arson,Under investigation,
4f0402a355fdc717b3bc0e87c0e07434a4e1032c1d1de05e19a0536a70008268,2026-07,Cumbria Constabulary,Cumbria Constabulary,-3.587001,54.552786,On or near Whitehaven,E01019260,Copeland 002A,Violence and sexual offences,Under investigation,
118dcced7034103aae8947ad3c10a98c1540b2de7c81fc0c4de33fabdb8c81e4,2026-07,Cumbria Constabulary,Cumbria Constabulary,-3.583335,54.553940,On or near The Square,E01019260,Copeland 002A,Violence and sexual offences,Under investigation,
dbf59020deb0977ba5224ea636258664fe66af7b0a9ac3d8a3b50a249257c262,2026-07,Cumbria Constabulary,Cumbria Constabulary,-3.587001,54.552786,On or near Whitehaven,E01019260,Copeland 002A,Other crime,Unable to prosecute suspect,
,2026-07,Cumbria Constabulary,Cumbria Constabulary,-3.588246,54.550049,On or near Nightclub,E01019280,Copeland 002B,Anti-social behaviour,,
,2026-07,Cumbria Constabulary,Cumbria Constabulary,-3.583761,54.550582,On or near High Street,E01019280,Copeland 002B,Anti-social behaviour,,
240cd12bbaf43a82dcd11bc609560b5af843c2269653666c0574e7fd18f4c264,2026-07,Cumbria Constabulary,Cumbria Constabulary,-3.591286,54.548065,On or near East Strand,E01019280,Copeland 002B,Burglary,Under investigation,
29900f6492864b9decf622ee1383dbe39ca283684efc307372b5f2ee50f427fa,2026-07,Cumbria Constabulary,Cumbria Constabulary,-3.591286,54.548065,On or near East Strand,E01019280,Copeland 002B,Burglary,Under investigation,
5fefa8c4523e5a735af46a3258f2ca89be8a4bdec7e49683d896e59a781d4a39,2026-07,Cumbria Constabulary,Cumbria Constabulary,-3.591286,54.548065,On or near East Strand,E01019280,Copeland 002B,Burglary,Under investigation,
3b530fff3ad8bb76171690b8d812f7582194b3873b6d6f70cd96110c2a3e3990,2026-07,Cumbria Constabulary,Cumbria Constabulary,-3.583958,54.549285,On or near Windmill Brow,E01019280,Copeland 002B,Criminal damage and arson,Investigation complete; no suspect identified,
cbb31041b4762ce59d7e22f07e441e707f3b3eee03fd51208cba79429c7c79e0,2026-07,Cumbria Constabulary,Cumbria Constabulary,-3.588246,54.550049,On or near Nightclub,E01019280,Copeland 002B,Criminal damage and arson,Investigation complete; no suspect identified,
295f5b89ebca71ef897c1f67a65bc6ab64b0161c81e5d994af3b92d31e1d1411,2026-07,Cumbria Constabulary,Cumbria Constabulary,-3.589776,54.546225,On or near Cross Street,E01019280,Copeland 002B,Criminal damage and arson,Under investigation,
25f331aad403056f81760a60f51541980520c473867812977dfeb849db01e9a4,2026-07,Cumbria Constabulary,Cumbria Constabulary,-3.586810,54.549077,On or near Duke Street,E01019280,Copeland 002B,Criminal damage and arson,Local resolution,
f81e917b7d847692c1923e07c1fb2affda1690bb0dc2075418dd939704c826ce,2026-07,Cumbria Constabulary,Cumbria Constabulary,-3.589335,54.548783,On or near Shopping Area,E01019280,Copeland 002B,Criminal damage and arson,Under investigation,
2f3187335f0ecc1cce43adb2e5582b2f05f31574e61c0349fc6b2d8046d51a68,2026-07,Cumbria Constabulary,Cumbria Constabulary,-3.590845,54.546265,On or near James Street,E01019280,Copeland 002B,Criminal damage and arson,Under investigation,
f6a2f0ff2200f7990d46bf49d8f4c95e230b7abfa88eccaf94285cf673ef8959,2026-07,Cumbria Constabulary,Cumbria Constabulary,-3.580952,54.553108,On or near Solway View,E01019280,Copeland 002B,Criminal damage and arson,Under investigation,
d09d24281bb93f28ffcdf1523a0976aff57856d80541a43487b1994421c45fd5,2026-07,Cumbria Constabulary,Cumbria Constabulary,-3.585203,54.549493,On or near George Street,E01019280,Copeland 002B,Drugs,Local resolution,
266f302d7f2105599fe91171da189fea379b17120b513b40abb29a7c71fbc3bd,2026-07,Cumbria Constabulary,Cumbria Constabulary,-3.589559,54.547800,On or near Chapel Street,E01019280,Copeland 002B,Drugs,Local resolution,
4c6f54ece042b3ab4ab02dcd991a4327433d5e8687dd9a0472276f8a6b346597,2026-07,Cumbria Constabulary,Cumbria Constabulary,-3.583958,54.549285,On or near Windmill Brow,E01019280,Copeland 002B,Other theft,Unable to prosecute suspect,
338c89fd3142f0ce3dacfbcc25d15c346bdbd7db3077862ebb50fb4f7c76500b,2026-07,Cumbria Constabulary,Cumbria Constabulary,-3.585339,54.547802,On or near Sandhills Lane,E01019280,Copeland 002B,Other theft,Further investigation is not in the public interest,
5d9f884f0cf7ebd3be8f01815b564a5edec319313c511dfea20dee98b1d3cf10,2026-07,Cumbria Constabulary,Cumbria Constabulary,-3.588246,54.550049,On or near Nightclub,E01019280,Copeland 002B,Public order,Under investigation,
4859ce5d4c9bc19ae3d49dca62ba9bfe6f59db0dc93f29113f0b0dd3af94a52f,2026-07,Cumbria Constabulary,Cumbria Constabulary,-3.585896,54.546634,On or near Sports/Recreation Area,E01019280,Copeland 002B,Public order,Unable to prosecute suspect,
6743080423ae94f6b2a5dd72636821c6a601652110e3958a2beb20d739a8316b,2026-07,Cumbria Constabulary,Cumbria Constabulary,-3.592062,54.547741,On or near Parking Area,E01019280,Copeland 002B,Public order,Under investigation,
7e7ae163c936905b60fa600213c7d2b15a2fc2cf0f614940e55fba61aa65599c,2026-07,Cumbria Constabulary,Cumbria Constabulary,-3.583361,54.549446,On or near Peter Street,E01019280,Copeland 002B,Public order,Under investigation,
32b6b24384ec7aa85cd5fd11a48c7c8b151385bc07a0af4eb2e4a0c7af637d8a,2026-07,Cumbria Constabulary,Cumbria Constabulary,-3.586810,54.549077,On or near Duke Street,E01019280,Copeland 002B,Public order,Awaiting court outcome,
0d6c732f153dda0cf28b9ebd6db999529e1862f079d17576a69d67a44965ac69,2026-07,Cumbria Constabulary,Cumbria Constabulary,-3.584798,54.548222,On or near Scotch Street,E01019280,Copeland 002B,Public order,Under investigation,
51157777a84eed1b87860e07798e7aea827135c01aa8331deec4383bc5892685,2026-07,Cumbria Constabulary,Cumbria Constabulary,-3.588092,54.547847,On or near Shopping Area,E01019280,Copeland 002B,Public order,Under investigation,
814e807cc9c80aa501318715c1c61f160d5d47928dbf2b1a247c637a5301639a,2026-07,Cumbria Constabulary,Cumbria Constabulary,-3.587185,54.550357,On or near Gregg'S Lane,E01019280,Copeland 002B,Robbery,Under investigation,
33f1ba7800da769964c27f564f4f609ed119c7b67b56206bbdf9e5dad791b90d,2026-07,Cumbria Constabulary,Cumbria Constabulary,-3.588599,54.551741,On or near Parking Area,E01019280,Copeland 002B,Shoplifting,Under investigation,
6ef6469103926ab35592aac31b7c4236bceb3a5b8030d61ca84ed64947130118,2026-07,Cumbria Constabulary,Cumbria Constabulary,-3.583361,54.549446,On or near Peter Street,E01019280,Copeland 002B,Vehicle crime,Under investigation,
372fac33932916e9adf41087439c0f0c9aa2abc8c2e0fb932c6c50fe1b33ba85,2026-07,Cumbria Constabulary,Cumbria Constabulary,-3.585339,54.547802,On or near Sandhills Lane,E01019280,Copeland 002B,Violence and sexual offences,Under investigation,
cad7d18235f9cee2e40eab47cddbdaf1928689dd1866320bdb5b6c06a062c1a3,2026-07,Cumbria Constabulary,Cumbria Constabulary,-3.592062,54.547741,On or near Parking Area,E01019280,Copeland 002B,Violence and sexual offences,Under investigation,
ebc1658f50665fa830c10f1a2d8356146f177585d6d60620c5c9915bbcf8cf20,2026-07,Cumbria Constabulary,Cumbria Constabulary,-3.592062,54.547741,On or near Parking Area,E01019280,Copeland 002B,Violence and sexual offences,Under investigation,
768e022ea80cc2493eff824668a17dd1293e1d17b99d6907994fe88d4eab21e2,2026-07,Cumbria Constabulary,Cumbria Constabulary,-3.585203,54.549493,On or near George Street,E01019280,Copeland 002B,Violence and sexual offences,Unable to prosecute suspect,
b89c45d4a4ed0136b7187d8ee9c451b2afed43277186e7632ea2ae2468019800,2026-07,Cumbria Constabulary,Cumbria Constabulary,-3.590845,54.546265,On or near James Street,E01019280,Copeland 002B,Violence and sexual offences,Unable to prosecute suspect,
9dd5ae6d7537c785dbfaac715f350fe7b283f50c2a63d2e76dcc86d6a331f368,2026-07,Cumbria Constabulary,Cumbria Constabulary,-3.585203,54.549493,On or near George Street,E01019280,Copeland 002B,Violence and sexual offences,Unable to prosecute suspect,
0a82247d7f6e02a943a87fddd0b281079661eda1f1a281212fe5101c8aeb679b,2026-07,Cumbria Constabulary,Cumbria Constabulary,-3.585203,54.549493,On or near George Street,E01019280,Copeland 002B,Violence and sexual offences,Under investigation,
a6385fad21d32ded9ab8f29cd6978ecf2ef75c97dfdc41d2c7cbd09031af6ecb,2026-07,Cumbria Constabulary,Cumbria Constabulary,-3.585203,54.549493,On or near George Street,E01019280,Copeland 002B,Violence and sexual offences,Under investigation,
3592c8cdc883e382c0cf945c465bd727a61de35c96e599cc397bbdde56228018,2026-07,Cumbria Constabulary,Cumbria Constabulary,-3.588092,54.547847,On or near Shopping Area,E01019280,Copeland 002B,Violence and sexual offences,Under investigation,
c1cd0d1a92298a76f7afd88c3f714f9d65a767a0d7635cb075dbb63ace874500,2026-07,Cumbria Constabulary,Cumbria Constabulary,-3.589559,54.547800,On or near Chapel Street,E01019280,Copeland 002B,Violence and sexual offences,Unable to prosecute suspect,
f5ae3155df7a21bcaa65106540b2717fa32e0a11a8bc1f91c1c5cdb05072dd86,2026-07,Cumbria Constabulary,Cumbria Constabulary,-3.585203,54.549493,On or near George Street,E01019280,Copeland 002B,Violence and sexual offences,Under investigation,
9b41135a9df4725968bb39db0df6f5698b3e478970a3ab89a16ff47b0e2bfbd7,2026-07,Cumbria Constabulary,Cumbria Constabulary,-3.585203,54.549493,On or near George Street,E01019280,Copeland 002B,Violence and sexual offences,Under investigation,
1bc6c8f4ff0d86405995add406599d1933247e7d8e72e86bdd737968f667e046,2026-07,Cumbria Constabulary,Cumbria Constabulary,-3.589776,54.546225,On or near Cross Street,E01019280,Copeland 002B,Violence and sexual offences,Unable to prosecute suspect,
05a2b77230579094deac1c20a4238de94900afe5d1885709bb3b105b58cadce5,2026-07,Cumbria Constabulary,Cumbria Constabulary,-3.583361,54.549446,On or near Peter Street,E01019280,Copeland 002B,Violence and sexual offences,Unable to prosecute suspect,
3416239875f9ff1cd86b18d5e05d5d9d9dc5b0ea5f7fa4862eee99420b392946,2026-07,Cumbria Constabulary,Cumbria Constabulary,-3.592232,54.548143,On or near Hamilton Lane,E01019280,Copeland 002B,Violence and sexual offences,Unable to prosecute suspect,
c4829acedd80d36b51e25f65e2eb0eb53d769ec98031b20c58bd3eb63541ba7e,2026-07,Cumbria Constabulary,Cumbria Constabulary,-3.589776,54.546225,On or near Cross Street,E01019280,Copeland 002B,Violence and sexual offences,Under investigation,
8050d81998a2ba5fc52e817da28ac819b0cd0b8a4d78eeafbdd0bcd015a24f89,2026-07,Cumbria Constabulary,Cumbria Constabulary,-3.583672,54.548282,On or near Michael Street,E01019280,Copeland 002B,Violence and sexual offences,Under investigation,
775b2dbe464d3ea26a3c548e0a01e4e10989be320667edb34727d375affb34db,2026-07,Cumbria Constabulary,Cumbria Constabulary,-3.589776,54.546225,On or near Cross Street,E01019280,Copeland 002B,Violence and sexual offences,Under investigation,
925c6b5acd18cb02d828d495f6f0e67ff49a9db8ad1d8d18d2d99237255b746b,2026-07,Cumbria Constabulary,Cumbria Constabulary,-3.591021,54.547215,On or near Market Place,E01019280,Copeland 002B,Violence and sexual offences,Under investigation,
ac217a39edc4b6e87ea25ce8c826d682d07f18569ddbaf96b5c3587893bf5e16,2026-07,Cumbria Constabulary,Cumbria Constabulary,-3.588092,54.547847,On or near Shopping Area,E01019280,Copeland 002B,Violence and sexual offences,Unable to prosecute suspect,
288239daf9f85ec97a5dcea3c8a37ceeecb1748fc2efe11d0af3f951cecea958,2026-07,Cumbria Constabulary,Cumbria Constabulary,-3.592062,54.547741,On or near Parking Area,E01019280,Copeland 002B,Violence and sexual offences,Under investigation,
eda918b0dadd4f88db8b6034885d19fab5e41d8c8d9f7212e235a076af299dfb,2026-07,Cumbria Constabulary,Cumbria Constabulary,-3.584798,54.548222,On or near Scotch Street,E01019280,Copeland 002B,Violence and sexual offences,Investigation complete; no suspect identified,
5654ae23578a8758f51a8b1dc8eed135f77a32bc478ded952864e641fcd103a5,2026-07,Cumbria Constabulary,Cumbria Constabulary,-3.588246,54.550049,On or near Nightclub,E01019280,Copeland 002B,Violence and sexual offences,Investigation complete; no suspect identified,
09af1ce3caf8d733082d327cf9c749a03dd19b8b9b22fb33603766c742827263,2026-07,Cumbria Constabulary,Cumbria Constabulary,-3.588246,54.550049,On or near Nightclub,E01019280,Copeland 002B,Violence and sexual offences,Under investigation,
eace58341fb6fa73ce273253f62ce4d10c06210b9151622180fc818c53545f37,2026-07,Cumbria Constabulary,Cumbria Constabulary,-3.588255,54.548465,On or near Addison Street,E01019280,Copeland 002B,Violence and sexual offences,Under investigation,
5d87c4a1a8a6c899ea4a1370f9b641b127e6a430abf78cd47160c8984d063ac3,2026-07,Cumbria Constabulary,Cumbria Constabulary,-3.586810,54.549077,On or near Duke Street,E01019280,Copeland 002B,Violence and sexual offences,Under investigation,
d3cb5cee8534f266b6d73321e7537707d791122b8f54990b1eac55b1631ed62b,2026-07,Cumbria Constabulary,Cumbria Constabulary,-3.590845,54.546265,On or near James Street,E01019280,Copeland 002B,Violence and sexual offences,Under investigation,
d6b02a26f57e7d733374d46d9cc97fcb619f4d472f69565ffd960e2fdf55984b,2026-07,Cumbria Constabulary,Cumbria Constabulary,-3.590845,54.546265,On or near James Street,E01019280,Copeland 002B,Violence and sexual offences,Under investigation,
09d46bca1e1e934d40ae262f305b80777c2142d6b679b9f3450c3753d46d55f6,2026-07,Cumbria Constabulary,Cumbria Constabulary,-3.590845,54.546265,On or near James Street,E01019280,Copeland 002B,Violence and sexual offences,Under investigation,
a67edbcd6bf131fe3bbe7af614bbb93e80a77848f36c67812ec8c718aeb96b75,2026-07,Cumbria Constabulary,Cumbria Constabulary,-3.589235,54.547014,On or near Roper Street,E01019280,Copeland 002B,Other crime,Under investigation,
,2026-07,Cumbria Constabulary,Cumbria Constabulary,-3.584117,54.547405,On or near Temple Terrace,E01019281,Copeland 002C,Anti-social behaviour,,
,2026-07,Cumbria Constabulary,Cumbria Constabulary,-3.584117,54.547405,On or near Temple Terrace,E01019281,Copeland 002C,Anti-social behaviour,,
98f1f36d118e3c85a4e89fd4e12a3bd8c3532ea1be81f57a9d3f7d546bdcfc40,2026-07,Cumbria Constabulary,Cumbria Constabulary,-3.585145,54.545998,On or near Supermarket,E01019281,Copeland 002C,Other theft,Investigation complete; no suspect identified,
17d9e227a9e33b5cab97bb0a51fc3a5db7cbe41904f2ac355ca49869a72538d3,2026-07,Cumbria Constabulary,Cumbria Constabulary,-3.584068,54.544942,On or near Petrol Station,E01019281,Copeland 002C,Other theft,Local resolution,
30beb2dc6213adeba756a817d7021b4fd3b9292ed288f42912b34588f032f087,2026-07,Cumbria Constabulary,Cumbria Constabulary,-3.591243,54.544974,On or near New Town,E01019281,Copeland 002C,Public order,Unable to prosecute suspect,
af2671601faae8f68e3e5a7817b813e20d08d56796941a50a3753cafabf743d9,2026-07,Cumbria Constabulary,Cumbria Constabulary,-3.573572,54.543758,On or near A595,E01019281,Copeland 002C,Public order,Under investigation,
c9d763bf6f369e03bf972a58c858bf9f0e56cd9259eb582f01a279ec5c225a31,2026-07,Cumbria Constabulary,Cumbria Constabulary,-3.589862,54.545244,On or near Howgill Street,E01019281,Copeland 002C,Public order,Under investigation,
8ac5a4b2ffc4fea093780db599030d1f55276cc53fba29556787e06b817f00dc,2026-07,Cumbria Constabulary,Cumbria Constabulary,-3.577212,54.545544,On or near Clitheroe Drive,E01019281,Copeland 002C,Public order,Under investigation,
606fd812c5169a9b3b6d89ddc98db9b077a2ae177269c28ed5c9d373af0d800a,2026-07,Cumbria Constabulary,Cumbria Constabulary,-3.588527,54.545100,On or near Catherine Mews,E01019281,Copeland 002C,Public order,Under investigation,
7c62b53506380866f2121a7a250f3ecaca0c481f0e8fbc5d3a740af175424102,2026-07,Cumbria Constabulary,Cumbria Constabulary,-3.585145,54.545998,On or near Supermarket,E01019281,Copeland 002C,Shoplifting,Awaiting court outcome,
1a4bf15efc13a9947be1b3617665ebd89908e0c092ce2744afeccad0a6d601cf,2026-07,Cumbria Constabulary,Cumbria Constabulary,-3.583505,54.544761,On or near Flatt Walks,E01019281,Copeland 002C,Shoplifting,Investigation complete; no suspect identified,
2648792b4a985ce66cad7952c8d9b7039865acb80ddb877340bf411c743352c8,2026-07,Cumbria Constabulary,Cumbria Constabulary,-3.584873,54.545372,On or near Parking Area,E01019281,Copeland 002C,Shoplifting,Local resolution,
ceed2066211fe247eadf1e57b45da6d8137828396c98f91e7c440e93d1cdf78e,2026-07,Cumbria Constabulary,Cumbria Constabulary,-3.584068,54.544942,On or near Petrol Station,E01019281,Copeland 002C,Shoplifting,Awaiting court outcome,
7cd166d7c06a1a2e7766aa60d2bedc23553da5933a31c648ec7c4a4263053cd2,2026-07,Cumbria Constabulary,Cumbria Constabulary,-3.583505,54.544761,On or near Flatt Walks,E01019281,Copeland 002C,Shoplifting,Awaiting court outcome,
81956c53c12fc5cdb47d226bcdea523985cc0616d24ccb751633e50a8bc4183a,2026-07,Cumbria Constabulary,Cumbria Constabulary,-3.583505,54.544761,On or near Flatt Walks,E01019281,Copeland 002C,Shoplifting,Awaiting court outcome,
135898432251ef8625be4ac10ad4cca2bd1e6b73dd5fec0b0c09f1ae65f13e57,2026-07,Cumbria Constabulary,Cumbria Constabulary,-3.585145,54.545998,On or near Supermarket,E01019281,Copeland 002C,Shoplifting,Under investigation,
cdd2a6f5ecc08c3677dea2c44737068fd1b781534e6b7371f134fe2fe0d3ee65,2026-07,Cumbria Constabulary,Cumbria Constabulary,-3.589706,54.546001,On or near Irish Street,E01019281,Copeland 002C,Violence and sexual offences,Under investigation,
dfc39bb6e8cb00fd050f26fa97173affcd69de1cb119f3d34ed5e95dd0fecab3,2026-07,Cumbria Constabulary,Cumbria Constabulary,-3.585145,54.545998,On or near Supermarket,E01019281,Copeland 002C,Violence and sexual offences,Under investigation,
496c324d640742dc76c93f8d62393c024a910901638fc67d5162126b311a1e7b,2026-07,Cumbria Constabulary,Cumbria Constabulary,-3.591243,54.544974,On or near New Town,E01019281,Copeland 002C,Violence and sexual offences,Unable to prosecute suspect,
8e20920874b0fc4f6bdb0c9fd6a444456aa6dde52caf29b4c4e75f3b71690336,2026-07,Cumbria Constabulary,Cumbria Constabulary,-3.573572,54.543758,On or near A595,E01019281,Copeland 002C,Violence and sexual offences,Under investigation,
1df0083eee6d0187be364ef9028fbed06bdb04f10891bad6e06eabdc1f7786b8,2026-07,Cumbria Constabulary,Cumbria Constabulary,-3.585145,54.545998,On or near Supermarket,E01019281,Copeland 002C,Violence and sexual offences,Unable to prosecute suspect,
032585f5c1c621b45866c34c5d8596ae6fd3dfc29a7c7535792a10baefc98bd0,2026-07,Cumbria Constabulary,Cumbria Constabulary,-3.585145,54.545998,On or near Supermarket,E01019281,Copeland 002C,Violence and sexual offences,Under investigation,
92d12a8671d1c03ce3d90857d9dc94892ee6e6d2e94e887ef84d697cb5384272,2026-07,Cumbria Constabulary,Cumbria Constabulary,-3.585184,54.542213,On or near Coach Road,E01019281,Copeland 002C,Violence and sexual offences,Under investigation,
ac745456a5c0c6c16e386af896efb4254420221c29913839a652c3b9cf9e23a4,2026-07,Cumbria Constabulary,Cumbria Constabulary,-3.585145,54.545998,On or near Supermarket,E01019281,Copeland 002C,Violence and sexual offences,Under investigation,
cb7af0ec72c3a18cff45695ed3fa48367e3f123afff8ad38fd71757528687b94,2026-07,Cumbria Constabulary,Cumbria Constabulary,-3.582308,54.543006,On or near Station Road,E01019281,Copeland 002C,Violence and sexual offences,Unable to prosecute suspect,
25facc5783903acf83117b169d8c79dcb1cf531fc754ec2e5493c633aa3c4778,2026-07,Cumbria Constabulary,Cumbria Constabulary,-3.591243,54.544974,On or near New Town,E01019281,Copeland 002C,Violence and sexual offences,Under investigation,
f19d64a677947ec2e29e74c538c0c9314fda161b930e943185d614ebc87f96e9,2026-07,Cumbria Constabulary,Cumbria Constabulary,-3.588527,54.545100,On or near Catherine Mews,E01019281,Copeland 002C,Violence and sexual offences,Under investigation,
83443ae319757f548a3a5e6e1fe53a8350badf5a0bf5dc6c18719eb2a1ecc7d9,2026-07,Cumbria Constabulary,Cumbria Constabulary,-3.577880,54.560042,On or near Petrol Station,E01019261,Copeland 003A,Other theft,Under investigation,
7350a5013ed1dd805d5643d6edc7d53b2f08b320f3b4e0f988c77c4b3bbeabf3,2026-07,Cumbria Constabulary,Cumbria Constabulary,-3.575707,54.560646,On or near Rowantree Close,E01019261,Copeland 003A,Public order,Unable to prosecute suspect,
8f9134b78494a47d1c48a2e2578d573d2d54d5f7d081e8f37e4049453d6e890d,2026-07,Cumbria Constabulary,Cumbria Constabulary,-3.577880,54.560042,On or near Petrol Station,E01019261,Copeland 003A,Violence and sexual offences,Under investigation,
ab82657da02e538900503a9f4ae87a6968ee55ec865d394c3172b46b31bfee4d,2026-07,Cumbria Constabulary,Cumbria Constabulary,-3.577880,54.560042,On or near Petrol Station,E01019261,Copeland 003A,Violence and sexual offences,Under investigation,
6c39f0d76d7a5678707ff543e4c30006c677639930d998e850e7eedbacdb4fcc,2026-07,Cumbria Constabulary,Cumbria Constabulary,-3.579762,54.557537,On or near Bank Road,E01019262,Copeland 003B,Violence and sexual offences,Awaiting court outcome,
6d9b81924813eb386b07629509f48fc2c2d1601711a52ee18a98d6991d873599,2026-07,Cumbria Constabulary,Cumbria Constabulary,-3.581794,54.554877,On or near Earl'S Road,E01019262,Copeland 003B,Violence and sexual offences,Under investigation,
ec6f304456547dda16d68cf2d1cca13a91c8f292c31e44adda709ce45a558f3b,2026-07,Cumbria Constabulary,Cumbria Constabulary,-3.557755,54.535586,On or near Ullswater Avenue,E01019284,Copeland 003C,Violence and sexual offences,Under investigation,
3c81fac9509fe2ec6044b2b9f0bf01ceb8730f65447bdd0237b8481e7f3a56bc,2026-07,Cumbria Constabulary,Cumbria Constabulary,-3.562658,54.532440,On or near Sneckyeat Road,E01019284,Copeland 003C,Violence and sexual offences,Under investigation,
67f61a907fc7cbd4d41bea46849fc6eb634f9833baf46898b29e0ab2370dd713,2026-07,Cumbria Constabulary,Cumbria Constabulary,-3.564900,54.532870,On or near Devon Road,E01019285,Copeland 003D,Burglary,Under investigation,
da9da3cfcf0132f5b4ba971500ce693e466a855fd80566d97334a7c1af118a13,2026-07,Cumbria Constabulary,Cumbria Constabulary,-3.564744,54.531209,On or near Cambridge Road,E01019285,Copeland 003D,Criminal damage and arson,Under investigation,
e9388d2b0589257678d948b9007fe495d4ffd8fb504d17f1f61f39ab4c6f579d,2026-07,Cumbria Constabulary,Cumbria Constabulary,-3.565435,54.534741,On or near Rosebank,E01019285,Copeland 003D,Drugs,Local resolution,
090521a59f5cf94334537ddf12dd8fe67ffb4f0ad468a4662065c8872b207b85,2026-07,Cumbria Constabulary,Cumbria Constabulary,-3.564744,54.531209,On or near Cambridge Road,E01019285,Copeland 003D,Other theft,Unable to prosecute suspect,
049f85944b6d96d69bf449453984acab7d603b42ae393eb85a4622b761bc887f,2026-07,Cumbria Constabulary,Cumbria Constabulary,-3.563250,54.530132,On or near Hospital,E01019285,Copeland 003D,Public order,Under investigation,
cd7916945cf8ae67da4f7db85c1d145b845ca77ee36f126aedfcf9d4566e5d11,2026-07,Cumbria Constabulary,Cumbria Constabulary,-3.564744,54.531209,On or near Cambridge Road,E01019285,Copeland 003D,Violence and sexual offences,Under investigation,
e0da4c007250ec9703397bce2e6ce284471f19d52baecdde56d636e317490925,2026-07,Cumbria Constabulary,Cumbria Constabulary,-3.564900,54.532870,On or near Devon Road,E01019285,Copeland 003D,Violence and sexual offences,Under investigation,
f1ac15209a70573bed2fbc1e51b7ef87f9dfaee2674d251f871bdbb526b64bef,2026-07,Cumbria Constabulary,Cumbria Constabulary,-3.564744,54.531209,On or near Cambridge Road,E01019285,Copeland 003D,Violence and sexual offences,Under investigation,
037e1d406960b110c66001288b33b8663d6deee1c20e7360615d03f338f112a4,2026-07,Cumbria Constabulary,Cumbria Constabulary,-3.564744,54.531209,On or near Cambridge Road,E01019285,Copeland 003D,Violence and sexual offences,Unable to prosecute suspect,
5a5434bd3eaef98454b216116c0b6fc8d6dd02e0d39a8a90bf097b5959a675b0,2026-07,Cumbria Constabulary,Cumbria Constabulary,-3.564744,54.531209,On or near Cambridge Road,E01019285,Copeland 003D,Violence and sexual offences,Under investigation,
6f18cc94726cdba9cbc27a47bd47181253e462e2ab3a2e9f659a2677c2aa2657,2026-07,Cumbria Constabulary,Cumbria Constabulary,-3.564744,54.531209,On or near Cambridge Road,E01019285,Copeland 003D,Violence and sexual offences,Under investigation,
7488abefc5e0ceba74d0fce822a5cfc0ef19648a772101f13372163958295d99,2026-07,Cumbria Constabulary,Cumbria Constabulary,-3.567499,54.531739,On or near Westmorland Road,E01019285,Copeland 003D,Violence and sexual offences,Unable to prosecute suspect,
a33f8cc583714fc386d7fb212445cd2243f9a138003b68f6269a72bad92edce1,2026-07,Cumbria Constabulary,Cumbria Constabulary,-3.558243,54.542707,On or near Moresby Road,E01019286,Copeland 003E,Criminal damage and arson,Under investigation,
96c7f361d1bdf1cb186d6190f7963433a01c04810fb65296f18e5f1fa8a74b4e,2026-07,Cumbria Constabulary,Cumbria Constabulary,-3.558409,54.538957,On or near Cleator Moor Road,E01019286,Copeland 003E,Drugs,Under investigation,
253ee80502a8dbe4bda9c868a6274bb30d60bf4c214ed5b9b382a47c9d9b9ab8,2026-07,Cumbria Constabulary,Cumbria Constabulary,-3.548959,54.544322,On or near Park/Open Space,E01019286,Copeland 003E,Public order,Under investigation,
abe0ffb571888a922357d876a9aba70cda4832eee2f2f8d88fa0b8eeaa665ff6,2026-07,Cumbria Constabulary,Cumbria Constabulary,-3.548959,54.544322,On or near Park/Open Space,E01019286,Copeland 003E,Shoplifting,Under investigation,
418f1607108c5e2a93aabf5f3765e918fffa70b8eea3accac8a75246ba538596,2026-07,Cumbria Constabulary,Cumbria Constabulary,-3.558409,54.538957,On or near Cleator Moor Road,E01019286,Copeland 003E,Violence and sexual offences,Unable to prosecute suspect,
5cd6dab7a27b98c44c2c8c4f1b61cbcdaf37eee937bb99d16cec0986fffe6d27,2026-07,Cumbria Constabulary,Cumbria Constabulary,-3.558243,54.542707,On or near Moresby Road,E01019286,Copeland 003E,Violence and sexual offences,Under investigation,
2f02d989eaf332c7749e2f453dfb5f73c138b7b9b8a35263cd156661580b6792,2026-07,Cumbria Constabulary,Cumbria Constabulary,-3.561462,54.543628,On or near Red Lonning,E01019286,Copeland 003E,Violence and sexual offences,Under investigation,
eec700868802bddf4b9e55cc919ae6e2d66d444f1f90ede1100f3973d3674066,2026-07,Cumbria Constabulary,Cumbria Constabulary,-3.558243,54.542707,On or near Moresby Road,E01019286,Copeland 003E,Violence and sexual offences,Under investigation,
b3e0eface33d3810258b5d4bf2815da2e14b9aed71d159222024e78aeaa893fe,2026-07,Cumbria Constabulary,Cumbria Constabulary,-3.558243,54.542707,On or near Moresby Road,E01019286,Copeland 003E,Violence and sexual offences,Under investigation,
7e1c8fd2f76462670b15807e1c68420198210c191d12b97250ee6f554b2a8ee4,2026-07,Cumbria Constabulary,Cumbria Constabulary,-3.568399,54.536258,On or near Church Lane,E01019286,Copeland 003E,Violence and sexual offences,Under investigation,
0676f7ec6c3258e0d71d1392b8d46e00a7e19a8b8265fbf6318bc462e2b48f89,2026-07,Cumbria Constabulary,Cumbria Constabulary,-3.558243,54.542707,On or near Moresby Road,E01019286,Copeland 003E,Violence and sexual offences,Under investigation,
78b2e8ac23729076ed9d33f2a1a0f363c9c35529567dfd057b1a61f52ac92af5,2026-07,Cumbria Constabulary,Cumbria Constabulary,-3.558243,54.542707,On or near Moresby Road,E01019286,Copeland 003E,Violence and sexual offences,Under investigation,
01997144ed2a9868dc48cbeddaff8919d6c62160345b437ab58c47b6d13b50bc,2026-07,Cumbria Constabulary,Cumbria Constabulary,-3.558243,54.542707,On or near Moresby Road,E01019286,Copeland 003E,Violence and sexual offences,Unable to prosecute suspect,
06cead663cd96a860c70da936d1f2138f5dfaff24fe46a64c36e85df4aa8506d,2026-07,Cumbria Constabulary,Cumbria Constabulary,-3.558243,54.542707,On or near Moresby Road,E01019286,Copeland 003E,Violence and sexual offences,Further action is not in the public interest,
a5aed7ac66030c6b5211b32eaa008dc6d638d74d0b50b812b2817d077663076b,2026-07,Cumbria Constabulary,Cumbria Constabulary,-3.567137,54.536813,On or near Garden Villas,E01019286,Copeland 003E,Other crime,Under investigation,
db680e312d5a1ed0e28bd5e125620e938a224355e2ecfd08a94f831ebfbba053,2026-07,Cumbria Constabulary,Cumbria Constabulary,-3.567368,54.539201,On or near Gill Close,E01019287,Copeland 003F,Drugs,Awaiting court outcome,
,2026-07,Cumbria Constabulary,Cumbria Constabulary,-3.563163,54.545250,On or near Sandhurst Drive,E01019288,Copeland 003G,Anti-social behaviour,,
398c6efd1f7d0b32ba9740dc92d373ac8b5b136cc3e3e1f943dc3de6c1d44f02,2026-07,Cumbria Constabulary,Cumbria Constabulary,-3.570341,54.545364,On or near Woodlands Avenue,E01019288,Copeland 003G,Other theft,Unable to prosecute suspect,
ff149f8127c50f6f42b3a92def74f772a85c47e31329824cf125d00308099199,2026-07,Cumbria Constabulary,Cumbria Constabulary,-3.566597,54.543283,On or near The Crest,E01019288,Copeland 003G,Violence and sexual offences,Unable to prosecute suspect,
3cbdc021052add3d742687dcabe2f4c135036840931dc0720960658fd59d7e5c,2026-07,Cumbria Constabulary,Cumbria Constabulary,-3.561985,54.545562,On or near Sandringham Avenue,E01019288,Copeland 003G,Violence and sexual offences,Local resolution,
b714f8e8297449c7750364874f9f91579909d887e4b302c0172a579fe102d5ba,2026-07,Cumbria Constabulary,Cumbria Constabulary,-3.564103,54.545562,On or near Chatsworth Drive,E01019288,Copeland 003G,Violence and sexual offences,Unable to prosecute suspect,
c50d22457f632d4619e587befc95632e903e5a701732c8b2dfb6a48d218459c6,2026-07,Cumbria Constabulary,Cumbria Constabulary,-3.564103,54.545562,On or near Chatsworth Drive,E01019288,Copeland 003G,Other crime,Under investigation,
8283fe08e817f7067ac64b9c9f9da24d93820daee8af7fd06cfc7ae312104ee3,2026-07,Cumbria Constabulary,Cumbria Constabulary,-3.463562,54.553184,On or near Arlecdon Parks Road,E01019256,Copeland 004A,Vehicle crime,Under investigation,
0e1216ff2ce4725935be49bc1e1bcc714e29acd83a2ad309b8a56873c5f9e0b4,2026-07,Cumbria Constabulary,Cumbria Constabulary,-3.545560,54.526584,On or near Summergrove Park,E01019256,Copeland 004A,Violence and sexual offences,Unable to prosecute suspect,
5bba052b843aa5abd378fdb64144e5e784c292b705796ddcbc5a82ef0f0b6d14,2026-07,Cumbria Constabulary,Cumbria Constabulary,-3.541871,54.532860,On or near Parking Area,E01019256,Copeland 004A,Violence and sexual offences,Under investigation,
c543937c656d5fc6df9bf23799d1b5f5d1844ad8ef2578ea0cbed204a4caef6f,2026-07,Cumbria Constabulary,Cumbria Constabulary,-3.545560,54.526584,On or near Summergrove Park,E01019256,Copeland 004A,Violence and sexual offences,Unable to prosecute suspect,
394ee61300e6b9305f89d80e218f3b09b66b5a15fa986e14741c48534bc791e4,2026-07,Cumbria Constabulary,Cumbria Constabulary,-3.541871,54.532860,On or near Parking Area,E01019256,Copeland 004A,Violence and sexual offences,Further investigation is not in the public interest,
9f41a00543fa51ad4b09fc035d076f657cfea62cbfefade83d36065d00e058d1,2026-07,Cumbria Constabulary,Cumbria Constabulary,-3.522134,54.528679,On or near Layfield Lane,E01019264,Copeland 004C,Criminal damage and arson,Investigation complete; no suspect identified,
0e0330c37480da34145dcb3b9200185c69544adba7145017321d82a040ef2d66,2026-07,Cumbria Constabulary,Cumbria Constabulary,-3.529225,54.526540,On or near The Crescent,E01019264,Copeland 004C,Criminal damage and arson,Investigation complete; no suspect identified,
a02e529985fcc36b7056e158c3184a16de3fdd6eb550a7a635628f2f3ac8ddf9,2026-07,Cumbria Constabulary,Cumbria Constabulary,-3.530906,54.526860,On or near Whitehaven Road,E01019264,Copeland 004C,Criminal damage and arson,Under investigation,
873bb8ea6cb7f1d6fdb15a572072fab701500342e41d36c2ce12182fccacd51b,2026-07,Cumbria Constabulary,Cumbria Constabulary,-3.530906,54.526860,On or near Whitehaven Road,E01019264,Copeland 004C,Criminal damage and arson,Under investigation,
9bee6a81ebf6c8d1772c2f480c43cbd9bdef9e564eac0dc6c930180396a6dd5b,2026-07,Cumbria Constabulary,Cumbria Constabulary,-3.530906,54.526860,On or near Whitehaven Road,E01019264,Copeland 004C,Criminal damage and arson,Under investigation,
71d3d7da44907f6d768e273809903a8558cd15f58de9f542228c9e6b1a008f34,2026-07,Cumbria Constabulary,Cumbria Constabulary,-3.530906,54.526860,On or near Whitehaven Road,E01019264,Copeland 004C,Criminal damage and arson,Under investigation,
2239e01278443607de30711b258820a933ed3af158c54d940853ab776c4c01ae,2026-07,Cumbria Constabulary,Cumbria Constabulary,-3.530884,54.528766,On or near Mill Hill,E01019264,Copeland 004C,Other theft,Under investigation,
3a651529e8c909980650f5258c3f4343dd383ee843c3ea5f085542f4cc59e4b0,2026-07,Cumbria Constabulary,Cumbria Constabulary,-3.530151,54.529915,On or near Sports/Recreation Area,E01019264,Copeland 004C,Violence and sexual offences,Under investigation,
e3267710a09628b1f8248cb686d6b1ef0a913641390a7ebe1729f91167dd1a3b,2026-07,Cumbria Constabulary,Cumbria Constabulary,-3.529225,54.526540,On or near The Crescent,E01019264,Copeland 004C,Violence and sexual offences,Under investigation,
85f0c696b7d730369834cfb9c01df29277187549288189b60303d5ea8bf23352,2026-07,Cumbria Constabulary,Cumbria Constabulary,-3.528574,54.527330,On or near Snowdon Avenue,E01019264,Copeland 004C,Violence and sexual offences,Unable to prosecute suspect,
8d3bb71c7ae0efa7cb0dd2f0d94502a00a3fc14b1ee113c7653d1db5740bcd46,2026-07,Cumbria Constabulary,Cumbria Constabulary,-3.530884,54.528766,On or near Mill Hill,E01019264,Copeland 004C,Violence and sexual offences,Unable to prosecute suspect,
357bdd3de5c7cd94b8679da191ed8f2003bc3097d21714e1e4d5ac7ec46ae382,2026-07,Cumbria Constabulary,Cumbria Constabulary,-3.530151,54.529915,On or near Sports/Recreation Area,E01019264,Copeland 004C,Violence and sexual offences,Under investigation,
b65159d6fbffc5415461cf54caca6f1c247e650efb321b23e995fde5bacb5233,2026-07,Cumbria Constabulary,Cumbria Constabulary,-3.522134,54.528679,On or near Layfield Lane,E01019264,Copeland 004C,Violence and sexual offences,Unable to prosecute suspect,
120116d678d9c4e2388886bc2fa53b3866c678aaaa6acab40f1df8e8fe014b97,2026-07,Cumbria Constabulary,Cumbria Constabulary,-3.530906,54.526860,On or near Whitehaven Road,E01019264,Copeland 004C,Violence and sexual offences,Under investigation,
7416aab39219c1ffd8a89df9eaba58557d65f8be4fac6d4269d328c4915ca544,2026-07,Cumbria Constabulary,Cumbria Constabulary,-3.529225,54.526540,On or near The Crescent,E01019264,Copeland 004C,Violence and sexual offences,Under investigation,
b2a8a00261e3bea724c2efd220fbfb1c46ba09ca4ddc602e6987f7e958e96480,2026-07,Cumbria Constabulary,Cumbria Constabulary,-3.530884,54.528766,On or near Mill Hill,E01019264,Copeland 004C,Violence and sexual offences,Offender given a caution,
d1e39f1fbc4c3f8c712afa9d6b3c3850ea4bad74abbd12fc5cd769859bdbcd5e,2026-07,Cumbria Constabulary,Cumbria Constabulary,-3.530151,54.529915,On or near Sports/Recreation Area,E01019264,Copeland 004C,Violence and sexual offences,Under investigation,
,2026-07,Cumbria Constabulary,Cumbria Constabulary,-3.518581,54.521641,On or near Montreal Street,E01019265,Copeland 004D,Anti-social behaviour,,
,2026-07,Cumbria Constabulary,Cumbria Constabulary,-3.515364,54.521538,On or near Back Ennerdale Road,E01019265,Copeland 004D,Anti-social behaviour,,
2bfe44632b7f4146b049822d3bc2c970265ccaf62f08facbdeddd76ae8da2be3,2026-07,Cumbria Constabulary,Cumbria Constabulary,-3.518097,54.520658,On or near Parking Area,E01019265,Copeland 004D,Criminal damage and arson,Offender given a caution,
f40b67852bef73bf435b62a70a714a585a63238efdb74a96aeb91f95638660a3,2026-07,Cumbria Constabulary,Cumbria Constabulary,-3.516343,54.524599,On or near Heather Bank,E01019265,Copeland 004D,Other theft,Under investigation,
352338e55701e0f9a983761cee5a8737feec29364190df4c3f2dc969fe9ed92a,2026-07,Cumbria Constabulary,Cumbria Constabulary,-3.514259,54.523834,On or near Birks Road,E01019265,Copeland 004D,Other theft,Under investigation,
096f406cea8b89fad93581db5e88c8602ab990f0adcdeecfe9f50aea29cafccd,2026-07,Cumbria Constabulary,Cumbria Constabulary,-3.525892,54.522951,On or near Little Croft,E01019265,Copeland 004D,Public order,Under investigation,
8ec6546b6f13f662c69c332a781afea8234447712372f0904875008049d46411,2026-07,Cumbria Constabulary,Cumbria Constabulary,-3.525892,54.522951,On or near Little Croft,E01019265,Copeland 004D,Shoplifting,Under investigation,
39079c4f12967522a144492ffd252c2e170f344c66db3ac4cd8a8f70e0263b7f,2026-07,Cumbria Constabulary,Cumbria Constabulary,-3.525892,54.522951,On or near Little Croft,E01019265,Copeland 004D,Shoplifting,Under investigation,
68a69ffb0b274866d1056bee12a9e13e789b6034b1d5e7bed6594c9cf6366c5f,2026-07,Cumbria Constabulary,Cumbria Constabulary,-3.517328,54.521594,On or near Duke Street,E01019265,Copeland 004D,Violence and sexual offences,Under investigation,
e76a86acbd46c30ed690418623599483bf747a00a85d97cce6e4119535b66083,2026-07,Cumbria Constabulary,Cumbria Constabulary,-3.515364,54.521538,On or near Back Ennerdale Road,E01019265,Copeland 004D,Violence and sexual offences,Unable to prosecute suspect,
559c1ed25390faa4deea1669be090af709d97389531664fdfa911dcfea90d079,2026-07,Cumbria Constabulary,Cumbria Constabulary,-3.517328,54.521594,On or near Duke Street,E01019265,Copeland 004D,Violence and sexual offences,Under investigation,
310a22bfa3721538771eb1d5d738dcadde7a2bcac0bb93037e3ae831ef8fbef6,2026-07,Cumbria Constabulary,Cumbria Constabulary,-3.514653,54.521529,On or near Wyndham Street,E01019265,Copeland 004D,Violence and sexual offences,Under investigation,
480df409ebfb4c41d7cd0ffb6f6178203c68236041e10296fe5bd0f9c3ed2c9f,2026-07,Cumbria Constabulary,Cumbria Constabulary,-3.522607,54.522705,On or near St John'S Close,E01019265,Copeland 004D,Violence and sexual offences,Under investigation,
713170ce7294ba33612d6d712730876495baf5c514126a62a8dde26e8522a14e,2026-07,Cumbria Constabulary,Cumbria Constabulary,-3.522965,54.506163,On or near Ehen Hall Gardens,E01019266,Copeland 004E,Drugs,Under investigation,
92edd48a6673d7effb3e855526c24197d803ca41f87212e9d941f03f2755fd94,2026-07,Cumbria Constabulary,Cumbria Constabulary,-3.522965,54.506163,On or near Ehen Hall Gardens,E01019266,Copeland 004E,Drugs,Unable to prosecute suspect,
9988aea71303f86d8678dafd0556fcd9cce859141a64bf7b24ea583b1946be4f,2026-07,Cumbria Constabulary,Cumbria Constabulary,-3.522965,54.506163,On or near Ehen Hall Gardens,E01019266,Copeland 004E,Drugs,Awaiting court outcome,
1d40a6f15ad37b9418b6d535a5c60e9fbbd43f99c7555432a2d7c3695c353a04,2026-07,Cumbria Constabulary,Cumbria Constabulary,-3.506416,54.515601,On or near Trumpet Road,E01019266,Copeland 004E,Other theft,Under investigation,
d4305237c20dc47734f4fae151c1f6d38760b065924a38188227dac2efe2b0e8,2026-07,Cumbria Constabulary,Cumbria Constabulary,-3.506416,54.515601,On or near Trumpet Road,E01019266,Copeland 004E,Possession of weapons,Under investigation,
9c16773a223890e3b43eb3b8676d27a124aa674e4a29054c2b4d94c2c0951e01,2026-07,Cumbria Constabulary,Cumbria Constabulary,-3.505342,54.516666,On or near King Street,E01019266,Copeland 004E,Possession of weapons,Unable to prosecute suspect,
1233f0be578ff3c0a23b20f0ca8fb01995c0f1c3ab006890622c4ef02e02bd30,2026-07,Cumbria Constabulary,Cumbria Constabulary,-3.511601,54.517972,On or near Sea View Place,E01019266,Copeland 004E,Public order,Under investigation,
731342a76086444f630339b7edfd90058832ea06fba4099cd9085bacce6ab085,2026-07,Cumbria Constabulary,Cumbria Constabulary,-3.513744,54.512013,On or near Brookside,E01019266,Copeland 004E,Violence and sexual offences,Unable to prosecute suspect,
88fd82c5f1d2e8a2f343917263cad13fe4a4e3ea397920df919973a139394c8c,2026-07,Cumbria Constabulary,Cumbria Constabulary,-3.511601,54.517972,On or near Sea View Place,E01019266,Copeland 004E,Violence and sexual offences,Unable to prosecute suspect,
b96f626eeb937f7c897151a4d70f524db4bf0b3ec50e5405a7fe7efbe49c4971,2026-07,Cumbria Constabulary,Cumbria Constabulary,-3.505435,54.517069,On or near Ehenside Court,E01019266,Copeland 004E,Violence and sexual offences,Awaiting court outcome,
5e3ae83ec86762ac75c65aeaadf5736fb517f95e475f3f3e35811d6a47f43d0d,2026-07,Cumbria Constabulary,Cumbria Constabulary,-3.512871,54.517632,On or near Todholes Road,E01019266,Copeland 004E,Violence and sexual offences,Under investigation,
92ea5b583dea4b2857e90b649c55532080429194b31b23059c3efff1469696b6,2026-07,Cumbria Constabulary,Cumbria Constabulary,-3.482223,54.511325,On or near Parking Area,E01019266,Copeland 004E,Violence and sexual offences,Unable to prosecute suspect,
,2026-07,Cumbria Constabulary,Cumbria Constabulary,-3.510657,54.518747,On or near Kinniside Place,E01019267,Copeland 004F,Anti-social behaviour,,
,2026-07,Cumbria Constabulary,Cumbria Constabulary,-3.515610,54.516510,On or near Holden Place,E01019267,Copeland 004F,Anti-social behaviour,,
51ddffbb204116378ae97baf2ca2beabbc909c624e6d1d7a532d8349e4ed3c42,2026-07,Cumbria Constabulary,Cumbria Constabulary,-3.514527,54.520209,On or near Fletcher Street,E01019267,Copeland 004F,Criminal damage and arson,Under investigation,
d4da09a89f41306bd73dd34264bc8445307adaebe81618ca760ea85775a13c7e,2026-07,Cumbria Constabulary,Cumbria Constabulary,-3.515610,54.516510,On or near Holden Place,E01019267,Copeland 004F,Criminal damage and arson,Unable to prosecute suspect,
5dce6332ef009c31b7447ed0a4e9a42985ec77aa16a50cd39819ce518d4472c2,2026-07,Cumbria Constabulary,Cumbria Constabulary,-3.511098,54.518562,On or near Priory Drive,E01019267,Copeland 004F,Public order,Under investigation,
22df60098d56a04888ddf9148b5df1bc78c2215c904cac8f3ed2abca801ee1a6,2026-07,Cumbria Constabulary,Cumbria Constabulary,-3.514665,54.516423,On or near Meadley Place,E01019267,Copeland 004F,Public order,Under investigation,
ab62d5fdf86274bc2c6e591009b93c522fc1eee139b1407121a535b03e620b71,2026-07,Cumbria Constabulary,Cumbria Constabulary,-3.515610,54.516510,On or near Holden Place,E01019267,Copeland 004F,Public order,Under investigation,
d72c941d817dcfbe6df78eb5861dd8310d8db4e4d9c3e9f4ed171f21a0271839,2026-07,Cumbria Constabulary,Cumbria Constabulary,-3.515610,54.516510,On or near Holden Place,E01019267,Copeland 004F,Public order,Unable to prosecute suspect,
83f6505c07e67fa6498ded5cdd6ff7a6a4326b5036d41ea96203fa8fbecf884f,2026-07,Cumbria Constabulary,Cumbria Constabulary,-3.515610,54.516510,On or near Holden Place,E01019267,Copeland 004F,Violence and sexual offences,Unable to prosecute suspect,
c18611e05b8ff591d70cea0c3e3e88116c897227b595a1322fca53ebe1388f50,2026-07,Cumbria Constabulary,Cumbria Constabulary,-3.511098,54.518562,On or near Priory Drive,E01019267,Copeland 004F,Violence and sexual offences,Under investigation,
a67e9b2ea67f780a63fe0fe671770e6d78c6c73a31076b4c76e003d2b74238b4,2026-07,Cumbria Constabulary,Cumbria Constabulary,-3.515493,54.519613,On or near Jacktrees Crescent,E01019267,Copeland 004F,Violence and sexual offences,Under investigation,
182fb3e4f4100b59b412e2923cc08dc938fc8886751d06c9eed1ae9ab5b22d01,2026-07,Cumbria Constabulary,Cumbria Constabulary,-3.510657,54.518747,On or near Kinniside Place,E01019267,Copeland 004F,Violence and sexual offences,Under investigation,
ac8b207127ffb91a6b264e19c67829d5d2ff8942698f4dcdf18ad4f47ddc816f,2026-07,Cumbria Constabulary,Cumbria Constabulary,-3.515610,54.516510,On or near Holden Place,E01019267,Copeland 004F,Other crime,Under investigation,
,2026-07,Cumbria Constabulary,Cumbria Constabulary,-3.494815,54.539733,On or near Parking Area,E01019277,Copeland 004H,Anti-social behaviour,,
,2026-07,Cumbria Constabulary,Cumbria Constabulary,-3.494815,54.539733,On or near Parking Area,E01019277,Copeland 004H,Anti-social behaviour,,
4ae9cd7f0a583677c2a3d3e048d95cbe1d08a8ebcf30f51f6c9d8c7703bf2a2b,2026-07,Cumbria Constabulary,Cumbria Constabulary,-3.490390,54.540057,On or near Newtown,E01019277,Copeland 004H,Criminal damage and arson,Under investigation,
3d5d93ba733968c0af661ce1ddd3f603a6121c2d62a4916675e36d38467e6166,2026-07,Cumbria Constabulary,Cumbria Constabulary,-3.491933,54.540820,On or near Queens Crescent,E01019277,Copeland 004H,Criminal damage and arson,Investigation complete; no suspect identified,
77f388a0b73e6b64302fbc172217036746ee693862d84c90161e07cb3d86f16d,2026-07,Cumbria Constabulary,Cumbria Constabulary,-3.495490,54.541720,On or near Griffin Close,E01019277,Copeland 004H,Criminal damage and arson,Investigation complete; no suspect identified,
490376685e0b9622343316bd19188d8c8ab1f863a5b4e88ca2ae00de57cbb515,2026-07,Cumbria Constabulary,Cumbria Constabulary,-3.495490,54.541720,On or near Griffin Close,E01019277,Copeland 004H,Other theft,Under investigation,
406abbf2556890983c699880a135e82e2d54fadbe3809038bf140f430ee89afa,2026-07,Cumbria Constabulary,Cumbria Constabulary,-3.495490,54.541720,On or near Griffin Close,E01019277,Copeland 004H,Other theft,Under investigation,
7dadd8dfec784747ee1adab762e8415a291d344987fb9db3aab0caf630764a2f,2026-07,Cumbria Constabulary,Cumbria Constabulary,-3.489123,54.540909,On or near Yeathouse Road,E01019277,Copeland 004H,Other theft,Investigation complete; no suspect identified,
5d662b01b8e20d0521d9c09fb388bda1ef1ce7f3c182da75708c1e04adc1762d,2026-07,Cumbria Constabulary,Cumbria Constabulary,-3.489759,54.541818,On or near Priory Close,E01019277,Copeland 004H,Vehicle crime,Investigation complete; no suspect identified,
a82aad24b0824aa4586e4260d631e18f588924bc9def83d9a95cc10c13975d13,2026-07,Cumbria Constabulary,Cumbria Constabulary,-3.489612,54.544983,On or near Dean Close,E01019277,Copeland 004H,Violence and sexual offences,Offender given a caution,
4c639bda20acd7d07bf4bfdfeeeb0f9adde5cf6a9f96d27987f5df2f26ee17c1,2026-07,Cumbria Constabulary,Cumbria Constabulary,-3.495490,54.541720,On or near Griffin Close,E01019277,Copeland 004H,Violence and sexual offences,Under investigation,
dba5009466232ae96bf885bbcad410a403d45381e3eae416716a9a66c79affc9,2026-07,Cumbria Constabulary,Cumbria Constabulary,-3.489612,54.544983,On or near Dean Close,E01019277,Copeland 004H,Violence and sexual offences,Unable to prosecute suspect,
da25a5641f0d4e6461671a1388607234df1f3145663b463c78c8a66b351b106f,2026-07,Cumbria Constabulary,Cumbria Constabulary,-3.489612,54.544983,On or near Dean Close,E01019277,Copeland 004H,Violence and sexual offences,Unable to prosecute suspect,
aed64a063b35b2bc0b3ace5984d3b2a347a4d265a6a865219e52bf1a51be9de3,2026-07,Cumbria Constabulary,Cumbria Constabulary,-3.490390,54.540057,On or near Newtown,E01019277,Copeland 004H,Violence and sexual offences,Under investigation,
07d7e7d4d3d799010524b619a2b3f61073f60c04ffc79cfd8440c767ea862086,2026-07,Cumbria Constabulary,Cumbria Constabulary,-3.495490,54.541720,On or near Griffin Close,E01019277,Copeland 004H,Violence and sexual offences,Unable to prosecute suspect,
e7d8f41ab7ed0342270538afd4e5e5308bdd1788cb1a2e84f4cdfe9f82422e36,2026-07,Cumbria Constabulary,Cumbria Constabulary,-3.495490,54.541720,On or near Griffin Close,E01019277,Copeland 004H,Violence and sexual offences,Unable to prosecute suspect,
3bbbac288b852c6affe09f110cbf39e026e4ebab9c89d99810297c83f6214c76,2026-07,Cumbria Constabulary,Cumbria Constabulary,-3.489612,54.544983,On or near Dean Close,E01019277,Copeland 004H,Violence and sexual offences,Under investigation,
9d0951cf914e00b6ea077405088b6ca2c7acf484eed8069d4cc687ec11908901,2026-07,Cumbria Constabulary,Cumbria Constabulary,-3.493788,54.539117,On or near Weavers Avenue,E01019277,Copeland 004H,Violence and sexual offences,Action to be taken by another organisation,
,2026-07,Cumbria Constabulary,Cumbria Constabulary,-3.494274,54.536774,On or near Frizington Road,E01019278,Copeland 004I,Anti-social behaviour,,
4dcbbfe04d6183b16d7480025810975b5336cc3393d4ca090c657295f06bacae,2026-07,Cumbria Constabulary,Cumbria Constabulary,-3.500131,54.535497,On or near Lingla Gardens,E01019278,Copeland 004I,Criminal damage and arson,Unable to prosecute suspect,
db0b7c3e79c30c0fd4bda2dfa30b0adbd9eccc74b18cc4db2f097bbb86affd4d,2026-07,Cumbria Constabulary,Cumbria Constabulary,-3.500131,54.535497,On or near Lingla Gardens,E01019278,Copeland 004I,Violence and sexual offences,Unable to prosecute suspect,
0f43d3d82c285d22eb14217d1f53206a91ef7c53e3aadea04091ae85e12f36ab,2026-07,Cumbria Constabulary,Cumbria Constabulary,-3.503067,54.519489,On or near Red Beck Park,E01034076,Copeland 004J,Burglary,Under investigation,
f4c3d5e75fa80b121ae87e2c055e66e2a391924509037a435b79142ebf91ae15,2026-07,Cumbria Constabulary,Cumbria Constabulary,-3.513916,54.521241,On or near Quarry Road,E01034076,Copeland 004J,Criminal damage and arson,Under investigation,
4a25d2ea58c130c6b9ba9b9547a341194a8dd0651d39792c8df072aa2bb1b0f0,2026-07,Cumbria Constabulary,Cumbria Constabulary,-3.513916,54.521241,On or near Quarry Road,E01034076,Copeland 004J,Criminal damage and arson,Unable to prosecute suspect,
b7cfc97e1776a2ce5ce31f8226a4c836767e323f5fbbf8aa18d432ff1e30cee8,2026-07,Cumbria Constabulary,Cumbria Constabulary,-3.510418,54.520251,On or near Aldby Grove,E01034076,Copeland 004J,Drugs,Local resolution,
bbf9daf314ee18156a2350a13923085d5cb6feaa00c293384f1b22db63148fcb,2026-07,Cumbria Constabulary,Cumbria Constabulary,-3.507052,54.519448,On or near Lansbury Place,E01034076,Copeland 004J,Other theft,Investigation complete; no suspect identified,
861a3ded0439935c72c7500957134331456b150370c652ce6571c7e9f22e70fa,2026-07,Cumbria Constabulary,Cumbria Constabulary,-3.436419,54.530044,On or near Sports/Recreation Area,E01034076,Copeland 004J,Public order,Under investigation,
0b8370b77e85eb860e3b92f700e1c014f4f12a1d22f7cacb9a9d91f17581605a,2026-07,Cumbria Constabulary,Cumbria Constabulary,-3.503360,54.518623,On or near Greystone Avenue,E01034076,Copeland 004J,Violence and sexual offences,Unable to prosecute suspect,
b556adb68e75a5748a9699ecfc3888e02324794987ef7ccb87a65689f2f3105e,2026-07,Cumbria Constabulary,Cumbria Constabulary,-3.404248,54.544189,On or near Cauda Brow,E01034076,Copeland 004J,Violence and sexual offences,Under investigation,
cd6ed6b3f8f71eb96c1cb31187a2905b5a903c4e142aa611810954d1afbc0d7b,2026-07,Cumbria Constabulary,Cumbria Constabulary,-3.503995,54.518264,On or near Greystone Place,E01034076,Copeland 004J,Violence and sexual offences,Unable to prosecute suspect,
8368cad3395efa150a31db4ef43997f145cf69792200d016f6da834ff9255231,2026-07,Cumbria Constabulary,Cumbria Constabulary,-3.508833,54.519579,On or near Orchard Place,E01034076,Copeland 004J,Other crime,Unable to prosecute suspect,
b46a8b59e010c8a2f0e37c8d433d6d3cd8c8b6706824b3c6e185295773a7cdf6,2026-07,Cumbria Constabulary,Cumbria Constabulary,-3.596971,54.540423,On or near Solway Road,E01019291,Copeland 005A,Criminal damage and arson,Unable to prosecute suspect,
32ffc799f4c381bbf00f6ba26fc96a722995aa592300e4a819d9a0c85cabcdef,2026-07,Cumbria Constabulary,Cumbria Constabulary,-3.596971,54.540423,On or near Solway Road,E01019291,Copeland 005A,Criminal damage and arson,Unable to prosecute suspect,
7e69bb7afe6a377ebb95e5cb45af9e30dcc8e72473d6ae2771e90bc3c89dfe4d,2026-07,Cumbria Constabulary,Cumbria Constabulary,-3.596243,54.538428,On or near Cliff Road,E01019291,Copeland 005A,Other theft,Investigation complete; no suspect identified,
d43ae8fd39ce9f0b1a1db71dcc480221e14e0690ade60435a41677b4bb9ec76f,2026-07,Cumbria Constabulary,Cumbria Constabulary,-3.596572,54.541291,On or near Ravenhill Road,E01019291,Copeland 005A,Violence and sexual offences,Under investigation,
1a63a2687688578f38d4a1fc8f05448edf6f1fbbb2c62f9c55825279649b8bd2,2026-07,Cumbria Constabulary,Cumbria Constabulary,-3.595311,54.537101,On or near Monkwray Road,E01019291,Copeland 005A,Violence and sexual offences,Further investigation is not in the public interest,
6ceaae90a25fcece8d4495877cccda4fff7aaca251a2f3326b8a3c6647adc4c9,2026-07,Cumbria Constabulary,Cumbria Constabulary,-3.598318,54.536135,On or near White School Close,E01019291,Copeland 005A,Violence and sexual offences,Under investigation,
a7a37d0ae41d18bd8071aa42435af9259f7ffa36e9dcac565f86646d3f387ecf,2026-07,Cumbria Constabulary,Cumbria Constabulary,-3.595311,54.537101,On or near Monkwray Road,E01019291,Copeland 005A,Violence and sexual offences,Further investigation is not in the public interest,
cc4b7cd841780436bda8ea0825c281965c95ec344913d24aaa1bbaba4c1b2493,2026-07,Cumbria Constabulary,Cumbria Constabulary,-3.594765,54.541333,On or near Ravenhill Lane,E01019292,Copeland 005B,Violence and sexual offences,Under investigation,
c126050034706a749c5073c598dc7e26a746352115b845a71ef6ae91e6b6b624,2026-07,Cumbria Constabulary,Cumbria Constabulary,-3.594765,54.541333,On or near Ravenhill Lane,E01019292,Copeland 005B,Violence and sexual offences,Unable to prosecute suspect,
f405d5fcd13000294fccaefeeb9655023d5bc96ce512bf5f6dba17818461f955,2026-07,Cumbria Constabulary,Cumbria Constabulary,-3.594765,54.541333,On or near Ravenhill Lane,E01019292,Copeland 005B,Violence and sexual offences,Under investigation,
c7b3600b193eb8e81a8e999c8507a65120673528217e9ec84fc191ad6ffd10b0,2026-07,Cumbria Constabulary,Cumbria Constabulary,-3.584423,54.539726,On or near Sports/Recreation Area,E01019292,Copeland 005B,Violence and sexual offences,Under investigation,
a4f9feeb317b44ac7c8c8a1054707f2355836b0aa3fc59962b7c2a74478306b8,2026-07,Cumbria Constabulary,Cumbria Constabulary,-3.594765,54.541333,On or near Ravenhill Lane,E01019292,Copeland 005B,Violence and sexual offences,Under investigation,
5f18567e04a6879480e8fbc20db2dc0afc95484d8a329911c833f5556bd74c0d,2026-07,Cumbria Constabulary,Cumbria Constabulary,-3.575314,54.530802,On or near Whinlatter Road,E01019294,Copeland 005C,Criminal damage and arson,Under investigation,
40986a5c8248f6ae8390864ea93de4fa240885028e4eac19b71dc8a5a546b959,2026-07,Cumbria Constabulary,Cumbria Constabulary,-3.580465,54.529315,On or near Meadow Road,E01019294,Copeland 005C,Violence and sexual offences,Under investigation,
63cd815476183ad8eb27e1d06343ef4ac95c2b9e1a74caa687f8bf0e892c92e7,2026-07,Cumbria Constabulary,Cumbria Constabulary,-3.575314,54.530802,On or near Whinlatter Road,E01019294,Copeland 005C,Violence and sexual offences,Under investigation,
ba3e5950909a5560068376f564628d905216044bcc87f36a82b10ac53b65af90,2026-07,Cumbria Constabulary,Cumbria Constabulary,-3.577116,54.535039,On or near Snebro Road,E01019294,Copeland 005C,Violence and sexual offences,Investigation complete; no suspect identified,
74faf11163077079d8cf7f8b05225e5e05574907bd264694b387fff9b7d85917,2026-07,Cumbria Constabulary,Cumbria Constabulary,-3.575314,54.530802,On or near Whinlatter Road,E01019294,Copeland 005C,Violence and sexual offences,Under investigation,
44345ec5657240013e99fd56c9cf0d35687f0504100ac77383d22a362cfefde6,2026-07,Cumbria Constabulary,Cumbria Constabulary,-3.577116,54.535039,On or near Snebro Road,E01019294,Copeland 005C,Violence and sexual offences,Investigation complete; no suspect identified,
97ffb2c0fea2b51d9b3e9c04c6f05224843532524b1ef83cf6b4bf47ac53d503,2026-07,Cumbria Constabulary,Cumbria Constabulary,-3.576231,54.535347,On or near Scafell Close,E01019294,Copeland 005C,Violence and sexual offences,Unable to prosecute suspect,
725f267fd8910f7ae4d0707f9cb1b44cf663e7c458b635568ebcefc3d408ac9f,2026-07,Cumbria Constabulary,Cumbria Constabulary,-3.578176,54.525668,On or near Kinniside Avenue,E01019295,Copeland 005D,Criminal damage and arson,Investigation complete; no suspect identified,
1a2736bfd2bb449bc6e41a27d86acec701f35ccd96f2829e9bd571367ec04ff7,2026-07,Cumbria Constabulary,Cumbria Constabulary,-3.575914,54.524314,On or near The Oval,E01019295,Copeland 005D,Criminal damage and arson,Unable to prosecute suspect,
acb1505d7314c72f5d11f0438df0e3d88e37a5daad847e72159d129d6dbdb80d,2026-07,Cumbria Constabulary,Cumbria Constabulary,-3.577478,54.528005,On or near Croasdale Avenue,E01019295,Copeland 005D,Public order,Under investigation,
4bc4c211c852ce61ae38fb118db5b35fcd397e3bfd65f36bef56839917e7e2c3,2026-07,Cumbria Constabulary,Cumbria Constabulary,-3.580126,54.526533,On or near Langdale Close,E01019295,Copeland 005D,Violence and sexual offences,Under investigation,
31a1890db15e3869686d0b5c539c6fd49e86c4028c3605f3f885fce3d8a84ea5,2026-07,Cumbria Constabulary,Cumbria Constabulary,-3.580233,54.523727,On or near Ashness Close,E01019295,Copeland 005D,Violence and sexual offences,Unable to prosecute suspect,
c2d62801164114d7e8f6f4e6cb3b0f0363ce69297d5c2d89bd6cc6bd179e50d0,2026-07,Cumbria Constabulary,Cumbria Constabulary,-3.580233,54.523727,On or near Ashness Close,E01019295,Copeland 005D,Violence and sexual offences,Further investigation is not in the public interest,
0e8234cad12857e84e6235e10a822ad0b4f5cf4363c8d3eb68904d927db3f8a7,2026-07,Cumbria Constabulary,Cumbria Constabulary,-3.580126,54.526533,On or near Langdale Close,E01019295,Copeland 005D,Violence and sexual offences,Awaiting court outcome,
40b7903afd0bf606ca20f59f3ae176bb222dea6f7e4d0e3f6414cb1f26f5ca69,2026-07,Cumbria Constabulary,Cumbria Constabulary,-3.580233,54.523727,On or near Ashness Close,E01019295,Copeland 005D,Violence and sexual offences,Unable to prosecute suspect,
ec0c0c1b63723510cedae41b448b50bae516fd35774f8e57fe906631425ae85d,2026-07,Cumbria Constabulary,Cumbria Constabulary,-3.580233,54.523727,On or near Ashness Close,E01019295,Copeland 005D,Violence and sexual offences,Unable to prosecute suspect,
327e05736df4d7bf3ea53adaf60c92d9d2bc4ed73491ac79d60e2d93ac1ab772,2026-07,Cumbria Constabulary,Cumbria Constabulary,-3.580233,54.523727,On or near Ashness Close,E01019295,Copeland 005D,Violence and sexual offences,Unable to prosecute suspect,
,2026-07,Cumbria Constabulary,Cumbria Constabulary,-3.570302,54.522625,On or near Bow Fell Road,E01019296,Copeland 005E,Anti-social behaviour,,
61bea8cea2bfdcb619741ee7cb034811d750769fd01f61996cdb5252915b3fbb,2026-07,Cumbria Constabulary,Cumbria Constabulary,-3.575351,54.522524,On or near Melbreak Close,E01019296,Copeland 005E,Burglary,Under investigation,
b47e613ca2a3b327c4e553487e10672f12d062fedaf2cbf3a1c97a34cf96be89,2026-07,Cumbria Constabulary,Cumbria Constabulary,-3.571225,54.524114,On or near Link Road,E01019296,Copeland 005E,Criminal damage and arson,Under investigation,
88291ae7447baa0e7e36296399de77e77c175ce7be70dbbca520b3cc50c5451f,2026-07,Cumbria Constabulary,Cumbria Constabulary,-3.571225,54.524114,On or near Link Road,E01019296,Copeland 005E,Criminal damage and arson,Investigation complete; no suspect identified,
5059ff6cdb99eeb8d623470d4c6c72baf6c698185379e75f2980d2081cf6837f,2026-07,Cumbria Constabulary,Cumbria Constabulary,-3.567119,54.525030,On or near Yewbarrow Close,E01019296,Copeland 005E,Public order,Under investigation,
963dc8305d0f4d843193dcd7a9331aceeb36ad58ac43e93c9525bd1e92d97629,2026-07,Cumbria Constabulary,Cumbria Constabulary,-3.569797,54.525562,On or near Greystone Close,E01019296,Copeland 005E,Robbery,Under investigation,
714d57dfc8a331d30c2ec6c719ee79b6c6eba83df501fb87293b39dc96b454bd,2026-07,Cumbria Constabulary,Cumbria Constabulary,-3.569474,54.527624,On or near Hollins Close,E01019296,Copeland 005E,Vehicle crime,Under investigation,
54f604fd03039d7ef81989e7e56cb1b92051532120107f77cdcadb77260e7abb,2026-07,Cumbria Constabulary,Cumbria Constabulary,-3.571225,54.524114,On or near Link Road,E01019296,Copeland 005E,Violence and sexual offences,Under investigation,
810f4686040cf21d8d36d7d1cc20ca68ac878c37be21c54b0b92c97d87beb0a1,2026-07,Cumbria Constabulary,Cumbria Constabulary,-3.579909,54.522931,On or near Lingmell Close,E01019296,Copeland 005E,Other crime,Under investigation,
,2026-07,Cumbria Constabulary,Cumbria Constabulary,-3.595175,54.529652,On or near Leander Close,E01019301,Copeland 005F,Anti-social behaviour,,
0fe7d62a7a73e90b391f2b69bfc034fe7a6b3b608babcc25a115fb1c02acacb6,2026-07,Cumbria Constabulary,Cumbria Constabulary,-3.593961,54.533793,On or near Lakeland Avenue,E01019301,Copeland 005F,Drugs,Under investigation,
b5270ca452083cc4acf589a5c3db9242abf8022017575cda90dda181a3f08671,2026-07,Cumbria Constabulary,Cumbria Constabulary,-3.593128,54.529490,On or near Crummock Avenue,E01019301,Copeland 005F,Possession of weapons,Under investigation,
2936552a4b583ddff87f69155cb928eac8840ea20cfdf4aaebfd0a43d76c9b9b,2026-07,Cumbria Constabulary,Cumbria Constabulary,-3.590370,54.530497,On or near Woodhouse Road,E01019301,Copeland 005F,Public order,Unable to prosecute suspect,
a30567583eb4ea923a073280041ffd76d0d59eee6c7b850705e56fc8f23d14db,2026-07,Cumbria Constabulary,Cumbria Constabulary,-3.586608,54.535903,On or near Jefferson Park,E01019301,Copeland 005F,Public order,Under investigation,
9f4cce1d77a7c1ba80f924d01e936701af434093715632a7ff9ecb58bacdba93,2026-07,Cumbria Constabulary,Cumbria Constabulary,-3.591238,54.530162,On or near Fleswick Avenue,E01019301,Copeland 005F,Public order,Unable to prosecute suspect,
7046a89c2a509fbfc7bbbcb827a0d9d4338c3cc21f19ce7970bc275f8f56cbbd,2026-07,Cumbria Constabulary,Cumbria Constabulary,-3.591386,54.531985,On or near Fell View Avenue,E01019301,Copeland 005F,Public order,Under investigation,
4ae6f7b0bb1d1b53d8913bfca4f3e6914546f16944c78b171aed93772824d6bb,2026-07,Cumbria Constabulary,Cumbria Constabulary,-3.593128,54.529490,On or near Crummock Avenue,E01019301,Copeland 005F,Vehicle crime,Under investigation,
11372bd7e7e372047137a108ebcfbf2af45b38e28c1abd9baa2d1f05c283e74c,2026-07,Cumbria Constabulary,Cumbria Constabulary,-3.593128,54.529490,On or near Crummock Avenue,E01019301,Copeland 005F,Vehicle crime,Unable to prosecute suspect,
16d488030d16d4921954bf2159b5d71c2529a4e906fd6d438bbbb938b28c0a5f,2026-07,Cumbria Constabulary,Cumbria Constabulary,-3.593111,54.533418,On or near Brakeside Gardens,E01019301,Copeland 005F,Vehicle crime,Under investigation,
679c31f0939ed1e24646e631641ae55a1f03ad6403cec0d1da8e65967d7e6a9b,2026-07,Cumbria Constabulary,Cumbria Constabulary,-3.584971,54.528357,On or near Bowness Road,E01019301,Copeland 005F,Violence and sexual offences,Under investigation,
4eebce7b817e3e1b3d53662c93208302c77ec05df79e31c4726f8ac72eea3f86,2026-07,Cumbria Constabulary,Cumbria Constabulary,-3.595175,54.529652,On or near Leander Close,E01019301,Copeland 005F,Violence and sexual offences,Under investigation,
6d1348e1166f42c86227fe5e6c351ef8d9bcf5693081744b00e95245fbcd2416,2026-07,Cumbria Constabulary,Cumbria Constabulary,-3.591238,54.530162,On or near Fleswick Avenue,E01019301,Copeland 005F,Violence and sexual offences,Unable to prosecute suspect,
089497d7dfdc2aeff7a5fb86576cfe1fe2673dd7cd44dab33eded1b0d8f06579,2026-07,Cumbria Constabulary,Cumbria Constabulary,-3.593128,54.529490,On or near Crummock Avenue,E01019301,Copeland 005F,Violence and sexual offences,Under investigation,
ec5df3f4028496ec9e9ab9c98b3ffde3eb42b3999cf2fb7c35ea789b08b413a8,2026-07,Cumbria Constabulary,Cumbria Constabulary,-3.593961,54.533793,On or near Lakeland Avenue,E01019301,Copeland 005F,Violence and sexual offences,Under investigation,
9cbc9a20ff8cde312a303084324e1d8cfd5e5e6316280f580f9b92f9b669c92c,2026-07,Cumbria Constabulary,Cumbria Constabulary,-3.591238,54.530162,On or near Fleswick Avenue,E01019301,Copeland 005F,Violence and sexual offences,Under investigation,
e2c26d64a4e1d82e014eca7be5c75aad79baa48d853080184d3b56d066f6cf38,2026-07,Cumbria Constabulary,Cumbria Constabulary,-3.593961,54.533793,On or near Lakeland Avenue,E01019301,Copeland 005F,Violence and sexual offences,Under investigation,
a32d07d23aed6715397bd156bece4b5cbe9d6fe6865dd2fbe89e9177944ef6d7,2026-07,Cumbria Constabulary,Cumbria Constabulary,-3.585142,54.527261,On or near Sports/Recreation Area,E01019301,Copeland 005F,Violence and sexual offences,Under investigation,
c8e58b01fc86ee8c9a9e8692110ffc8444029383101eb9267fe749fe05c60b12,2026-07,Cumbria Constabulary,Cumbria Constabulary,-3.585142,54.527261,On or near Sports/Recreation Area,E01019301,Copeland 005F,Violence and sexual offences,Under investigation,
d5374fd52469a53c1698a04a442de63750f70a1a1cd797128e7fe849932eb88e,2026-07,Cumbria Constabulary,Cumbria Constabulary,-3.591238,54.530162,On or near Fleswick Avenue,E01019301,Copeland 005F,Violence and sexual offences,Under investigation,
edcba86f38e91c522732f9d2b27825b7e8a837d20720c9a9508e41198f006500,2026-07,Cumbria Constabulary,Cumbria Constabulary,-3.590370,54.530497,On or near Woodhouse Road,E01019301,Copeland 005F,Violence and sexual offences,Under investigation,
e332a6fb2965e7ff85517b84ec4dc409b7cd0af42f01f99fe0eca6dc5c26d19b,2026-07,Cumbria Constabulary,Cumbria Constabulary,-3.587697,54.523728,On or near Clarendon Drive,E01019302,Copeland 005G,Criminal damage and arson,Investigation complete; no suspect identified,
168c4a98d98aa1e3fb547dcf9849eb08c0d42b87cbb664fa7e24348fcd2d93e3,2026-07,Cumbria Constabulary,Cumbria Constabulary,-3.594287,54.531452,On or near Grasmere Avenue,E01019302,Copeland 005G,Criminal damage and arson,Local resolution,
a81067c21c7c799c8fe6e2f37f1de5c14a3d7ad6cca8e27391e7bd86482bd649,2026-07,Cumbria Constabulary,Cumbria Constabulary,-3.609807,54.506846,On or near Park/Open Space,E01019302,Copeland 005G,Other theft,Under investigation,
ea97404a5ce18e176833bbf8f64b856ce1025ba975854bb9d21ffd1427b40090,2026-07,Cumbria Constabulary,Cumbria Constabulary,-3.590069,54.523931,On or near Dove Way,E01019302,Copeland 005G,Other theft,Investigation complete; no suspect identified,
a8047f26ebdea8eb3ddf97b96c817e9c6ad83a3c45da4df09bc11a5143ef754e,2026-07,Cumbria Constabulary,Cumbria Constabulary,-3.600025,54.519719,On or near Julia Drive,E01019302,Copeland 005G,Public order,Investigation complete; no suspect identified,
ae7c81cd197b55ea88cdf31f8fe1b26774a4e4ab8f8ed65a2b272ceb8439ad47,2026-07,Cumbria Constabulary,Cumbria Constabulary,-3.590069,54.523931,On or near Dove Way,E01019302,Copeland 005G,Violence and sexual offences,Local resolution,
c7bde660e717906562bb4cf6a1d8e41b651258c0c39835d0b5199e6359967175,2026-07,Cumbria Constabulary,Cumbria Constabulary,-3.594287,54.531452,On or near Grasmere Avenue,E01019302,Copeland 005G,Violence and sexual offences,Awaiting court outcome,
27be2cf7cf05d83f958991b8152787317ea96ca6d8add3317ff55782977e91c4,2026-07,Cumbria Constabulary,Cumbria Constabulary,-3.594287,54.531452,On or near Grasmere Avenue,E01019302,Copeland 005G,Violence and sexual offences,Local resolution,
df1eed44e14e5f7f7af8ea15d4dafe23d431a8c40fd46fc5f1c1f65442ca48b5,2026-07,Cumbria Constabulary,Cumbria Constabulary,-3.594287,54.531452,On or near Grasmere Avenue,E01019302,Copeland 005G,Violence and sexual offences,Local resolution,
,2026-07,Cumbria Constabulary,Cumbria Constabulary,-3.536604,54.484374,On or near Croadalla Avenue,E01019271,Copeland 006A,Anti-social behaviour,,
d0a0db2cc221f24d7a9b8cd8d001d22fca23ff891b3ec8a7d3080176e162f3d0,2026-07,Cumbria Constabulary,Cumbria Constabulary,-3.532014,54.485888,On or near Copeland Avenue,E01019271,Copeland 006A,Burglary,Under investigation,
98974e22d2809031b615feace5b4af01dfc47c0e056e853802f2bc56bed8211c,2026-07,Cumbria Constabulary,Cumbria Constabulary,-3.533346,54.487238,On or near Beech Avenue,E01019271,Copeland 006A,Drugs,Awaiting court outcome,
361ab5d562cc80ce30546784f9f0e8589b86dd18d2a465746a6fce7834aabac0,2026-07,Cumbria Constabulary,Cumbria Constabulary,-3.532014,54.485888,On or near Copeland Avenue,E01019271,Copeland 006A,Public order,Unable to prosecute suspect,
7122367e62ff587d296f7714f55e19d0fb3517fa628b2e4e32da15333f12fbae,2026-07,Cumbria Constabulary,Cumbria Constabulary,-3.535888,54.483403,On or near Whitegate,E01019271,Copeland 006A,Vehicle crime,Investigation complete; no suspect identified,
d89d7ef315a1d33c99011fbeb857605a60940bc78153dc473354d52521539771,2026-07,Cumbria Constabulary,Cumbria Constabulary,-3.535466,54.485314,On or near The Crescent,E01019271,Copeland 006A,Violence and sexual offences,Under investigation,
59187159b9cb4f5f20122e9e4dc394bbc55f672b039b752593f98186e18e3667,2026-07,Cumbria Constabulary,Cumbria Constabulary,-3.533834,54.484619,On or near Sports/Recreation Area,E01019271,Copeland 006A,Violence and sexual offences,Under investigation,
3a52f6d90c885327aafe6f9da44016217455bc1a9a91adf312c85c1737f1bf3c,2026-07,Cumbria Constabulary,Cumbria Constabulary,-3.532014,54.485888,On or near Copeland Avenue,E01019271,Copeland 006A,Other crime,Under investigation,
,2026-07,Cumbria Constabulary,Cumbria Constabulary,-3.536851,54.484389,On or near Dryden Way,E01019272,Copeland 006B,Anti-social behaviour,,
9b8422b8378d22952b25f7b246e2362b3f27a4771bd53d581e5343f6b624bab4,2026-07,Cumbria Constabulary,Cumbria Constabulary,-3.545868,54.482809,On or near Ashlea Road,E01019272,Copeland 006B,Criminal damage and arson,Under investigation,
1e3566b904f4ab16d634b60edb178e22beed7ee08cbbe9db7a65a0c932c6f17c,2026-07,Cumbria Constabulary,Cumbria Constabulary,-3.536834,54.483095,On or near Coleridge Drive,E01019272,Copeland 006B,Other theft,Investigation complete; no suspect identified,
1a3e39c4e7e9ad19af20ea513a3429b063bad2a02255cd3fd7016cdd5320a029,2026-07,Cumbria Constabulary,Cumbria Constabulary,-3.536834,54.483095,On or near Coleridge Drive,E01019272,Copeland 006B,Violence and sexual offences,Under investigation,
faae8013ee7336ec7ff252bd2a3b41e652abb7077d07a873d9ca0a008ec24c35,2026-07,Cumbria Constabulary,Cumbria Constabulary,-3.536834,54.483095,On or near Coleridge Drive,E01019272,Copeland 006B,Violence and sexual offences,Under investigation,
e18e2f7ec810d8f6821c438b7183990e0fc81f6efef0c39a99b1ecc21bf22545,2026-07,Cumbria Constabulary,Cumbria Constabulary,-3.537808,54.482327,On or near Tennyson Drive,E01019272,Copeland 006B,Violence and sexual offences,Under investigation,
72315c697dbb9f0b24c9e5c4d8b6a7703b75106d876ab6ed9908766578b832c3,2026-07,Cumbria Constabulary,Cumbria Constabulary,-3.542874,54.482407,On or near Baybarrow Road,E01019272,Copeland 006B,Violence and sexual offences,Under investigation,
8173bce9c3829211c906a27c7443d3497db8b94146ef1b9503ea92b99628b68e,2026-07,Cumbria Constabulary,Cumbria Constabulary,-3.545868,54.482809,On or near Ashlea Road,E01019272,Copeland 006B,Other crime,Under investigation,
,2026-07,Cumbria Constabulary,Cumbria Constabulary,-3.536892,54.514273,On or near Dalzell Street,E01019273,Copeland 006C,Anti-social behaviour,,
4e9737b2e5fee682f00fad048bd759879aa57282773cd8a1db0e20a75ec69652,2026-07,Cumbria Constabulary,Cumbria Constabulary,-3.542690,54.502929,On or near Downfield Lane,E01019273,Copeland 006C,Public order,Under investigation,
039506374717d6f6a894101aa1bc363548a2230aa47dc8c64b8a2719b9a2a272,2026-07,Cumbria Constabulary,Cumbria Constabulary,-3.544639,54.514894,On or near Rusper Drive,E01019273,Copeland 006C,Violence and sexual offences,Under investigation,
1902f36df5dfb0e2f1fcac5de4a3cd11a00a09d0903bbc6cefb14811698c1d14,2026-07,Cumbria Constabulary,Cumbria Constabulary,-3.541050,54.514346,On or near Church Mews,E01019273,Copeland 006C,Violence and sexual offences,Investigation complete; no suspect identified,
10c5c61d3ad019719e51d998498104e2c9850e62b6a5097303d4fca176bef5d5,2026-07,Cumbria Constabulary,Cumbria Constabulary,-3.536892,54.514273,On or near Dalzell Street,E01019273,Copeland 006C,Violence and sexual offences,Under investigation,
7d0fea01ff0c6f7eef11f3d2d2e6b6cfba8c9d639f90f612f8b023ea0c525e74,2026-07,Cumbria Constabulary,Cumbria Constabulary,-3.544639,54.514894,On or near Rusper Drive,E01019273,Copeland 006C,Violence and sexual offences,Under investigation,
3f7e748b160fb214c365fd13465ef914438cccff1ed6e5dcdb91591d40dfccc2,2026-07,Cumbria Constabulary,Cumbria Constabulary,-3.544639,54.514894,On or near Rusper Drive,E01019273,Copeland 006C,Violence and sexual offences,Under investigation,
82de9cc8141ef69c84ee719a0d00058ab10f050848bf370e787a280d3cc30a10,2026-07,Cumbria Constabulary,Cumbria Constabulary,-3.544639,54.514894,On or near Rusper Drive,E01019273,Copeland 006C,Violence and sexual offences,Under investigation,
658e368877b91b5a3dac0ff00cbf31016a3eeb7ef419600bed4b3e92b82c74c0,2026-07,Cumbria Constabulary,Cumbria Constabulary,-3.536999,54.515485,On or near Pearson Close,E01019273,Copeland 006C,Violence and sexual offences,Under investigation,
f7dceaedef11185f66c21a671960d6d2bae6586e4f1d01ba1bdd5220c54917a5,2026-07,Cumbria Constabulary,Cumbria Constabulary,-3.544639,54.514894,On or near Rusper Drive,E01019273,Copeland 006C,Violence and sexual offences,Under investigation,
2e27b869a43042e1333a878c14e062524d73ebdc791f5980ec4548106d00f030,2026-07,Cumbria Constabulary,Cumbria Constabulary,-3.538771,54.514132,On or near Penzance Street,E01019273,Copeland 006C,Violence and sexual offences,Under investigation,
4bba9028acf4736bca631259a6bc27b7b3fa9147064cd63201156df88eb59f05,2026-07,Cumbria Constabulary,Cumbria Constabulary,-3.544639,54.514894,On or near Rusper Drive,E01019273,Copeland 006C,Other crime,Under investigation,
b32bf55e74a89c998eb323e99c690c40afa74d289411c991a947af8e645cc853,2026-07,Cumbria Constabulary,Cumbria Constabulary,-3.527302,54.485552,On or near Petrol Station,E01019274,Copeland 006D,Criminal damage and arson,Under investigation,
1472275d8327dcf0ac69aa09663fe53b2efac1fd2fc8c639ded50969720939fb,2026-07,Cumbria Constabulary,Cumbria Constabulary,-3.528640,54.484008,On or near Wyndham Way,E01019274,Copeland 006D,Criminal damage and arson,Investigation complete; no suspect identified,
86d7a87e6750cde14d2867f23a87a88c64d8e9e33302828087fc549a55f1a438,2026-07,Cumbria Constabulary,Cumbria Constabulary,-3.529139,54.482078,On or near Bank Lane,E01019274,Copeland 006D,Criminal damage and arson,Under investigation,
fb16ccf5e91a194ca06186e1e6d5e35665d91cafb13f67f0e05653d9ae6c764d,2026-07,Cumbria Constabulary,Cumbria Constabulary,-3.525456,54.483491,On or near A595,E01019274,Copeland 006D,Criminal damage and arson,Under investigation,
d69cf614c380365aeb7e569ee59e2e978d88dda6f71de58cdcccfcd5f4d945ce,2026-07,Cumbria Constabulary,Cumbria Constabulary,-3.527302,54.485552,On or near Petrol Station,E01019274,Copeland 006D,Criminal damage and arson,Under investigation,
7c3b83b4731d51f0eea48381a0f8d2f8695dfab6b1fa5bf7de20727019cdfd57,2026-07,Cumbria Constabulary,Cumbria Constabulary,-3.530422,54.486250,On or near Long Croft,E01019274,Copeland 006D,Criminal damage and arson,Under investigation,
8b9c6193f14559952692e97830d5064a55dfebdd272dd81460ffd0a6ad5b1b11,2026-07,Cumbria Constabulary,Cumbria Constabulary,-3.528640,54.484008,On or near Wyndham Way,E01019274,Copeland 006D,Criminal damage and arson,Under investigation,
999a3a27822b3148447cc3f36488ff25731d3f5454bbd5df0b0d6f1518344a8d,2026-07,Cumbria Constabulary,Cumbria Constabulary,-3.526682,54.489461,On or near Dent View,E01019274,Copeland 006D,Drugs,Local resolution,
f6fa992d3ec04de1b6337bdfd7aca653c27c4ca36570ee2bbfdf449d82abb198,2026-07,Cumbria Constabulary,Cumbria Constabulary,-3.524491,54.489066,On or near Briscoe Road,E01019274,Copeland 006D,Other theft,Under investigation,
565ff730fbbd79fc27e115debeef96959fb5826f418ae001bf53140f89a9c509,2026-07,Cumbria Constabulary,Cumbria Constabulary,-3.526682,54.489461,On or near Dent View,E01019274,Copeland 006D,Public order,Under investigation,
21df280498856e2ab41ed99a5dd321fc091795f9ae780ee4ba98133753715cf9,2026-07,Cumbria Constabulary,Cumbria Constabulary,-3.527127,54.482346,On or near Ehen Court Road,E01019274,Copeland 006D,Shoplifting,Under investigation,
b542c5ac30785f04014aedc9d36655480e8addbd1c6c43cc5d96639c6626aa81,2026-07,Cumbria Constabulary,Cumbria Constabulary,-3.528640,54.484008,On or near Wyndham Way,E01019274,Copeland 006D,Violence and sexual offences,Unable to prosecute suspect,
75adc561ca562f785112e8b1244c6de58c57c6e20e47a04f4903ba3e15334db4,2026-07,Cumbria Constabulary,Cumbria Constabulary,-3.529139,54.482078,On or near Bank Lane,E01019274,Copeland 006D,Violence and sexual offences,Under investigation,
09aaeabacd98de51ef986667cead4f18e8e11f1ad4d9b20e36a4f6df486696ff,2026-07,Cumbria Constabulary,Cumbria Constabulary,-3.529139,54.482078,On or near Bank Lane,E01019274,Copeland 006D,Violence and sexual offences,Under investigation,
0149283cc23eab7b4f089b9afff8d4bcac7e0a08c17ba4419975422997b0a837,2026-07,Cumbria Constabulary,Cumbria Constabulary,-3.528680,54.487144,On or near Christy Place,E01019274,Copeland 006D,Violence and sexual offences,Under investigation,
a73bc9b377048697097e135cac936c57069f9b1416099d0e5b956ce4b715a23e,2026-07,Cumbria Constabulary,Cumbria Constabulary,-3.526682,54.489461,On or near Dent View,E01019274,Copeland 006D,Violence and sexual offences,Under investigation,
3d69da67db86273816fe391eddfde83dcae4baedf004b14809803c2a8cfe5f12,2026-07,Cumbria Constabulary,Cumbria Constabulary,-3.529139,54.482078,On or near Bank Lane,E01019274,Copeland 006D,Violence and sexual offences,Under investigation,
d5eadcfa2fa0e4d7242683c1ad61a8270da6ce809422f84baf967e41c893e006,2026-07,Cumbria Constabulary,Cumbria Constabulary,-3.529139,54.482078,On or near Bank Lane,E01019274,Copeland 006D,Violence and sexual offences,Under investigation,
e4d1cd17e4304639706c66befce77a295f08ec9e64b98a2c8b42eb1b82c7e94a,2026-07,Cumbria Constabulary,Cumbria Constabulary,-3.525025,54.482283,On or near Parking Area,E01019274,Copeland 006D,Violence and sexual offences,Under investigation,
516f5e5b49801f9b5f3cd7aa3492c8d8358c4bba13b295d58b062c5436098a9e,2026-07,Cumbria Constabulary,Cumbria Constabulary,-3.527302,54.485552,On or near Petrol Station,E01019274,Copeland 006D,Violence and sexual offences,Under investigation,
af523d5a484488a72a6a9a9c6a239129ba062525e70a1f3c36157d7b515802c9,2026-07,Cumbria Constabulary,Cumbria Constabulary,-3.529139,54.482078,On or near Bank Lane,E01019274,Copeland 006D,Violence and sexual offences,Under investigation,
51c64eff2dd59aeee3cec984a8fd5c17b8c57ee53adfb5723beb1c80b01ff327,2026-07,Cumbria Constabulary,Cumbria Constabulary,-3.529139,54.482078,On or near Bank Lane,E01019274,Copeland 006D,Violence and sexual offences,Under investigation,
544654b420b895fcf5d5130d6a893a6fd937209904179f99dab7e86066d5930d,2026-07,Cumbria Constabulary,Cumbria Constabulary,-3.529139,54.482078,On or near Bank Lane,E01019274,Copeland 006D,Violence and sexual offences,Unable to prosecute suspect,
21983becb6e4053ce35149fc72abceee0d2b26796356cea6b0cb5f9e7ad30ab3,2026-07,Cumbria Constabulary,Cumbria Constabulary,-3.525025,54.482283,On or near Parking Area,E01019274,Copeland 006D,Violence and sexual offences,Under investigation,
0aa314bb6fc5fcec1c9c25b257197c52dae15355c2dab55b3ce21458de5cad14,2026-07,Cumbria Constabulary,Cumbria Constabulary,-3.528640,54.484008,On or near Wyndham Way,E01019274,Copeland 006D,Violence and sexual offences,Under investigation,
d860b73e7faaad4b9228c1058ec11d520401963e326b5e96fbfaef60b2c7a746,2026-07,Cumbria Constabulary,Cumbria Constabulary,-3.526682,54.489461,On or near Dent View,E01019274,Copeland 006D,Violence and sexual offences,Unable to prosecute suspect,
f9c207bf19ed092675fc74d9e3a1754c4f225944eea06344766f9181aa7f3085,2026-07,Cumbria Constabulary,Cumbria Constabulary,-3.528640,54.484008,On or near Wyndham Way,E01019274,Copeland 006D,Other crime,Under investigation,
0dcd77189a69ec70002b361b97d948d53556ace7230f91b4d11f5f7fddd2f1d9,2026-07,Cumbria Constabulary,Cumbria Constabulary,-3.531976,54.481997,On or near St Bridget'S Lane,E01019274,Copeland 006D,Other crime,Under investigation,
,2026-07,Cumbria Constabulary,Cumbria Constabulary,-3.530957,54.479511,On or near Castle Close,E01019275,Copeland 006E,Anti-social behaviour,,
,2026-07,Cumbria Constabulary,Cumbria Constabulary,-3.530957,54.479511,On or near Castle Close,E01019275,Copeland 006E,Anti-social behaviour,,
,2026-07,Cumbria Constabulary,Cumbria Constabulary,-3.536821,54.474943,On or near Royal Drive,E01019275,Copeland 006E,Anti-social behaviour,,
00256d1a19067b61cef765eb3a797612aaf1ce8b7a85fc2870e11d303157cbf6,2026-07,Cumbria Constabulary,Cumbria Constabulary,-3.536821,54.474943,On or near Royal Drive,E01019275,Copeland 006E,Criminal damage and arson,Investigation complete; no suspect identified,
686f5d25dc93a65049fb945a21ce2f858c1b555f725887917046998d5ad7c67d,2026-07,Cumbria Constabulary,Cumbria Constabulary,-3.528457,54.479920,On or near South Street,E01019275,Copeland 006E,Criminal damage and arson,Investigation complete; no suspect identified,
f2814028f083275ab0bb4ef2e65386d829ab2b7952559a8a1e49b9926abac9da,2026-07,Cumbria Constabulary,Cumbria Constabulary,-3.525557,54.478312,On or near Bridge End Park,E01019275,Copeland 006E,Other theft,Local resolution,
fbb5ef7c48d28b296437f3840163760541b3343ed32531433491fec7856caefb,2026-07,Cumbria Constabulary,Cumbria Constabulary,-3.525557,54.478312,On or near Bridge End Park,E01019275,Copeland 006E,Other theft,Under investigation,
e2580b4be52fecff2fe495c647e6af3da0e08a3c348df90ac6397b1c50c19f72,2026-07,Cumbria Constabulary,Cumbria Constabulary,-3.523612,54.478714,On or near Woodbank,E01019275,Copeland 006E,Public order,Unable to prosecute suspect,
b3e181134a257836a435ab2e952f68c83840801eea35d10937fce754b27f0097,2026-07,Cumbria Constabulary,Cumbria Constabulary,-3.537170,54.475595,On or near Kings Drive,E01019275,Copeland 006E,Violence and sexual offences,Unable to prosecute suspect,
57b2c8d300c202515230df706c0f3d14251becddd3e9625f1c95e926fc7f36e9,2026-07,Cumbria Constabulary,Cumbria Constabulary,-3.538833,54.476328,On or near Ling Road,E01019275,Copeland 006E,Violence and sexual offences,Unable to prosecute suspect,
e67dbb9a01fd2aa1242a460f1753afa14047b6601c90a28020171dfbd63f50a6,2026-07,Cumbria Constabulary,Cumbria Constabulary,-3.537170,54.475595,On or near Kings Drive,E01019275,Copeland 006E,Violence and sexual offences,Under investigation,
e6f528bde1729770982d02da0de4a6e76b604eb84f1c51abde30a9ce09848dce,2026-07,Cumbria Constabulary,Cumbria Constabulary,-3.533273,54.439926,On or near Beck Close,E01019257,Copeland 007A,Criminal damage and arson,Under investigation,
e58871a54ccea73e10752a8cdbbb1419d2c0a7778531966c3a7401afa918898b,2026-07,Cumbria Constabulary,Cumbria Constabulary,-3.533273,54.439926,On or near Beck Close,E01019257,Copeland 007A,Violence and sexual offences,Under investigation,
1fc7b3e4c4294e512c8fabc9a96bfa8f1111a1895d279975d22a44e52d93adbd,2026-07,Cumbria Constabulary,Cumbria Constabulary,-3.533273,54.439926,On or near Beck Close,E01019257,Copeland 007A,Violence and sexual offences,Under investigation,
ae499d6c7cd0ec42860b8d37574c99bbb566cb4bbe264307e62c599b524a8427,2026-07,Cumbria Constabulary,Cumbria Constabulary,-3.482446,54.438969,On or near North Drive,E01019258,Copeland 007B,Violence and sexual offences,Unable to prosecute suspect,
4278819132c57b550d0737c87d18375a94ff7acb19e632210b54932fa22f7bbb,2026-07,Cumbria Constabulary,Cumbria Constabulary,-3.440234,54.418168,On or near Sports/Recreation Area,E01019279,Copeland 007C,Criminal damage and arson,Under investigation,
b37de657dc292d5ddab4e7d3d783fe9716e1fdd4ab5658ea7c270e9571ec34d8,2026-07,Cumbria Constabulary,Cumbria Constabulary,-3.438083,54.417809,On or near Meadowfield Grove,E01019279,Copeland 007C,Criminal damage and arson,Unable to prosecute suspect,
14a25c2a2991273ce88ea1062bb886607ac6714c664a5cd40fedbb1265c5c295,2026-07,Cumbria Constabulary,Cumbria Constabulary,-3.431510,54.407865,On or near Parking Area,E01019279,Copeland 007C,Other theft,Investigation complete; no suspect identified,
f3f14f8a1b92f05448a015213e0fbb88558b8a3a036b0eb9752014d9db3551b2,2026-07,Cumbria Constabulary,Cumbria Constabulary,-3.482183,54.438110,On or near Pelham Drive,E01019279,Copeland 007C,Shoplifting,Local resolution,
e193f79fd37448da7836b5b0b55ce7cbae3f4af07987a5670e7dd5a69df78b1b,2026-07,Cumbria Constabulary,Cumbria Constabulary,-3.438083,54.417809,On or near Meadowfield Grove,E01019279,Copeland 007C,Violence and sexual offences,Unable to prosecute suspect,
fd9a6eea2894d02e9ee38af899efd8a76759b2ed2ab7dae5cbf0c52e0a890b0d,2026-07,Cumbria Constabulary,Cumbria Constabulary,-3.438083,54.417809,On or near Meadowfield Grove,E01019279,Copeland 007C,Violence and sexual offences,Unable to prosecute suspect,
f523c0f574d7e6f8a602ceb90bc15017ecb6381efb8e2ffaa769176902e0abbe,2026-07,Cumbria Constabulary,Cumbria Constabulary,-3.316178,54.432437,On or near Park/Open Space,E01019279,Copeland 007C,Violence and sexual offences,Under investigation,
59fb348453ee2684a63c3a5bd37398f823a41aa87453ae1a7a62ce081c9f6a21,2026-07,Cumbria Constabulary,Cumbria Constabulary,-3.316178,54.432437,On or near Park/Open Space,E01019279,Copeland 007C,Violence and sexual offences,Unable to prosecute suspect,
,2026-07,Cumbria Constabulary,Cumbria Constabulary,-3.604032,54.491470,On or near Firth Drive,E01019300,Copeland 007D,Anti-social behaviour,,
7a3061b1aa12bcd998f11a316ff9c9f0dcaf7d3f5cf5c67cc76e75ebe6f8746a,2026-07,Cumbria Constabulary,Cumbria Constabulary,-3.602638,54.492145,On or near Abbotts Way,E01019300,Copeland 007D,Criminal damage and arson,Investigation complete; no suspect identified,
d1b3ae45e22ce48a162d4828d7985bc27b4e35de14a6f8f79423c41d88d10fee,2026-07,Cumbria Constabulary,Cumbria Constabulary,-3.589508,54.489622,On or near Main Street,E01019300,Copeland 007D,Other theft,Unable to prosecute suspect,
5a9d939938144671f3c419964dab38ee38261b835212644e2048e86589f4242e,2026-07,Cumbria Constabulary,Cumbria Constabulary,-3.603333,54.491776,On or near Priory Road,E01019300,Copeland 007D,Public order,Unable to prosecute suspect,
b10df88d8544e9902572e838d2ef6c6e935f9117aec0cdd101dc762c7fb7652e,2026-07,Cumbria Constabulary,Cumbria Constabulary,-3.605293,54.491346,On or near Parking Area,E01019300,Copeland 007D,Violence and sexual offences,Under investigation,
1893ad2269b00eeceab1811de7d95a87b3a757a15b3aabfc9111badacde92a35,2026-07,Cumbria Constabulary,Cumbria Constabulary,-3.591177,54.492027,On or near Parking Area,E01019300,Copeland 007D,Violence and sexual offences,Local resolution,
8c13ab5f1be79523e3c0391c988fae0b5b44efc223ae4b3101af60eb303dc7a0,2026-07,Cumbria Constabulary,Cumbria Constabulary,-3.483923,54.394092,On or near The Crescent,E01019303,Copeland 007E,Criminal damage and arson,Unable to prosecute suspect,
e0bac8ef5276e0eb5c37caf6c62fec0380cd9d82781f322d3d4a6ad99ca67cf2,2026-07,Cumbria Constabulary,Cumbria Constabulary,-3.483863,54.395001,On or near Albert Street,E01019303,Copeland 007E,Public order,Investigation complete; no suspect identified,
0556b252583438adcdb161792c6bfbd583ac52e04b48a9fd593a76ff1261a178,2026-07,Cumbria Constabulary,Cumbria Constabulary,-3.480967,54.399150,On or near Sports/Recreation Area,E01019303,Copeland 007E,Public order,Further investigation is not in the public interest,
4abb231d9bc50c7f7dd080c97a4df9546a71ca4fed36f655cfdea23e28331b99,2026-07,Cumbria Constabulary,Cumbria Constabulary,-3.477795,54.398455,On or near Whole House Road,E01019303,Copeland 007E,Violence and sexual offences,Under investigation,
6369bf41bce1c93e85454e41341aaa45645cfa0356300a8bfceeef6cb3f561f8,2026-07,Cumbria Constabulary,Cumbria Constabulary,-3.483863,54.395001,On or near Albert Street,E01019303,Copeland 007E,Violence and sexual offences,Unable to prosecute suspect,
c4653111476a17edadcd477ce1116e3115f3bb1c0f226f79e5e91d725ccffdfc,2026-07,Cumbria Constabulary,Cumbria Constabulary,-3.477795,54.398455,On or near Whole House Road,E01019303,Copeland 007E,Violence and sexual offences,Under investigation,
d2a6e2d52f2887b52f81d513ce5d864913521199dd84c73793b994ff1c8ad9bb,2026-07,Cumbria Constabulary,Cumbria Constabulary,-3.486345,54.398898,On or near Parking Area,E01019303,Copeland 007E,Violence and sexual offences,Unable to prosecute suspect,
a0caf110b60c36ee991eb036ca38b3e4f9b6975fd84bd43f27ef829d349ad5ae,2026-07,Cumbria Constabulary,Cumbria Constabulary,-3.476294,54.396963,On or near Santon Way,E01019303,Copeland 007E,Violence and sexual offences,Unable to prosecute suspect,
ad7d32bb2dfcb3bf5c40586e669fe2147b0306963defc7ddf23d58c4acb2ceec,2026-07,Cumbria Constabulary,Cumbria Constabulary,-3.483863,54.395001,On or near Albert Street,E01019303,Copeland 007E,Violence and sexual offences,Under investigation,
cc5d6b52d8fda4676f17bf284616423215c10ae68dfe1e0e9f4ff4d548311fe1,2026-07,Cumbria Constabulary,Cumbria Constabulary,-3.480039,54.392756,On or near Wasdale Park,E01019304,Copeland 007F,Violence and sexual offences,Under investigation,
c18b326f56ee368199fe67cffc0c1b35ed9b0ed6bca081a3b80886787fd8bc76,2026-07,Cumbria Constabulary,Cumbria Constabulary,-3.370689,54.425684,On or near Park/Open Space,E01019304,Copeland 007F,Violence and sexual offences,Unable to prosecute suspect,
3e8e725760d3484a1baec37c70e46bb1d104a089fd4e4b8f5f9cdd17fe15a5cf,2026-07,Cumbria Constabulary,Cumbria Constabulary,-3.423683,54.382073,On or near Smithy Banks,E01019304,Copeland 007F,Violence and sexual offences,Under investigation,
f3e3e6a024ffffa3f1fd80842c73a05d45a50aad58dc395bb8c6674ecebafa8c,2026-07,Cumbria Constabulary,Cumbria Constabulary,-3.417357,54.383037,On or near Parking Area,E01019304,Copeland 007F,Violence and sexual offences,Under investigation,
4d7f458587d0b272b9bc852704a5291b3c05a11773ac8788a4ae91668b1e603e,2026-07,Cumbria Constabulary,Cumbria Constabulary,-3.362057,54.380573,On or near Murthwaite Halt,E01019259,Copeland 008A,Criminal damage and arson,Local resolution,
3dc415eb76d8c80dbf86d23002ed2d921bf0bc2ba79c4468011283e7bbd1026f,2026-07,Cumbria Constabulary,Cumbria Constabulary,-3.404269,54.350582,On or near Walls Drive,E01019259,Copeland 008A,Public order,Under investigation,
7cec8c64ace299ac23116c8015f972f23d0cd45d7bbe12c3daef8ef9a6aa6149,2026-07,Cumbria Constabulary,Cumbria Constabulary,-3.367516,54.333118,On or near Lowther Street,E01019259,Copeland 008A,Vehicle crime,Under investigation,
5c3dfd76dd700bebf0b4d79b2d270b899c50cc642785419a259e1ee751a69810,2026-07,Cumbria Constabulary,Cumbria Constabulary,-3.406114,54.355063,On or near Walls Drive,E01019259,Copeland 008A,Violence and sexual offences,Under investigation,
,2026-07,Cumbria Constabulary,Cumbria Constabulary,-3.286852,54.199626,On or near Poolside,E01019283,Copeland 008B,Anti-social behaviour,,
cf58ed10123befd3db823b0edff3657f75ad3634f3b234fc5301c5f0c93f0d9d,2026-07,Cumbria Constabulary,Cumbria Constabulary,-3.285858,54.198381,On or near Sports/Recreation Area,E01019283,Copeland 008B,Vehicle crime,Investigation complete; no suspect identified,
d65174c2f8a512213383d8cc08096c974809d7d2baed6fa5d436f2e529294382,2026-07,Cumbria Constabulary,Cumbria Constabulary,-3.292185,54.196639,On or near St Luke'S Road,E01019283,Copeland 008B,Violence and sexual offences,Under investigation,
573ab897c80459c8cdd6ea67861b60e62ddceec1558a28c2b9fd7c98ddff03a3,2026-07,Cumbria Constabulary,Cumbria Constabulary,-3.295671,54.199289,On or near Green Street,E01019283,Copeland 008B,Violence and sexual offences,Unable to prosecute suspect,
42a8e78b2186263d6f43693f94dd3ef5042b55ca05e4515ad35717fbf35d6d4c,2026-07,Cumbria Constabulary,Cumbria Constabulary,-3.287614,54.196526,On or near Sea View,E01019283,Copeland 008B,Violence and sexual offences,Under investigation,
a944da5dcce341a9f1493cc658f0744b4f9eccd36fcbc6fdb53ec2017661ef67,2026-07,Cumbria Constabulary,Cumbria Constabulary,-3.307307,54.200763,On or near Bank Head,E01019283,Copeland 008B,Other crime,Action to be taken by another organisation,
d411362819831cef54033cec5a810dd7714d5d4c95a662c349214fe9ef3669ec,2026-07,Cumbria Constabulary,Cumbria Constabulary,-3.280699,54.212329,On or near Cleator Street,E01019289,Copeland 008C,Criminal damage and arson,Unable to prosecute suspect,
057302b61d7b9e8e8cc6e2dbb145a1ff1c64a5b0602274ad3f432b59ca06fc29,2026-07,Cumbria Constabulary,Cumbria Constabulary,-3.274244,54.213359,On or near Leyfield Close,E01019289,Copeland 008C,Other theft,Unable to prosecute suspect,
f1b6705317049d7e113c4668fa81b42379633004ffd2aab28c8d0d266f0b22d1,2026-07,Cumbria Constabulary,Cumbria Constabulary,-3.274012,54.214782,On or near Trinity Road,E01019289,Copeland 008C,Public order,Unable to prosecute suspect,
4eb1bfbf276badb1699df23f0ebe6f3d425b2d9ada226cc4dfb8b5b9bbba660d,2026-07,Cumbria Constabulary,Cumbria Constabulary,-3.280699,54.212329,On or near Cleator Street,E01019289,Copeland 008C,Violence and sexual offences,Under investigation,
,2026-07,Cumbria Constabulary,Cumbria Constabulary,-3.235460,54.284130,On or near Park/Open Space,E01019293,Copeland 008E,Anti-social behaviour,,
,2026-07,Cumbria Constabulary,Cumbria Constabulary,-3.265890,54.207964,On or near Lincoln Street,E01019298,Copeland 008F,Anti-social behaviour,,
,2026-07,Cumbria Constabulary,Cumbria Constabulary,-3.264059,54.205737,On or near Boundary Lane,E01019298,Copeland 008F,Anti-social behaviour,,
bcdf385fc572e38e80bb2bf5623cebe084200e5e6bdc2bf62df22c488e661fb7,2026-07,Cumbria Constabulary,Cumbria Constabulary,-3.264059,54.205737,On or near Boundary Lane,E01019298,Copeland 008F,Criminal damage and arson,Under investigation,
32fee57d7d71b0fe2ce0edd8159c14ca7620cb36bf8df7574bffc9c8ec383d5d,2026-07,Cumbria Constabulary,Cumbria Constabulary,-3.263463,54.206812,On or near Cook Road,E01019298,Copeland 008F,Violence and sexual offences,Under investigation,
75eba064c0c05c3b3d91eda37c6cd079bcf8f2c93a39c1f25cb8336304623c94,2026-07,Cumbria Constabulary,Cumbria Constabulary,-3.264129,54.208522,On or near Newton Street,E01019299,Copeland 008G,Criminal damage and arson,Under investigation,
b84202edded4bdb9eea970e06be39ebbfc2f88d59fb2da0642af28008c2cb4fe,2026-07,Cumbria Constabulary,Cumbria Constabulary,-3.263876,54.208282,On or near Rottington Road,E01019299,Copeland 008G,Other theft,Under investigation,
f84666575650667f72990fd50efa51438442b1d5471b5d4b1b9928ab2da12ff0,2026-07,Cumbria Constabulary,Cumbria Constabulary,-3.264129,54.208522,On or near Newton Street,E01019299,Copeland 008G,Public order,Under investigation,
ecce41104ad73cf368279e31ed6fac6113e4bf52a5e2aef95cc089c5ecb0013e,2026-07,Cumbria Constabulary,Cumbria Constabulary,-3.263876,54.208282,On or near Rottington Road,E01019299,Copeland 008G,Public order,Under investigation,
beba5b0b8168a32fbea5eecfd6a88fda9572103a1bf67c2c9d4e4b73f675ee8d,2026-07,Cumbria Constabulary,Cumbria Constabulary,-3.262995,54.208049,On or near Windsor Street,E01019299,Copeland 008G,Violence and sexual offences,Unable to prosecute suspect,
68b5e1700e27d84ad37e3904dcee4fe89a0ef7adc9e9711870266041bcbf982a,2026-07,Cumbria Constabulary,Cumbria Constabulary,-3.263073,54.210106,On or near King Street,E01019299,Copeland 008G,Violence and sexual offences,Unable to prosecute suspect,
6368e01d0755ba73c8ea4905078bc36705d16d5038adb04e0c4d3179e136921d,2026-07,Cumbria Constabulary,Cumbria Constabulary,-3.260712,54.208091,On or near Bedford Street,E01019299,Copeland 008G,Violence and sexual offences,Unable to prosecute suspect,
eb6b21442dbd5fda010f29ed34291a0d1a49254cb02cbaca889b7916ba312bb5,2026-07,Cumbria Constabulary,Cumbria Constabulary,-3.264129,54.208522,On or near Newton Street,E01019299,Copeland 008G,Violence and sexual offences,Under investigation,
14f87b5a5e16e51587c0e25b796c3638ad661df7cf9786ca93f6abe068c93b85,2026-07,Cumbria Constabulary,Cumbria Constabulary,-3.263073,54.210106,On or near King Street,E01019299,Copeland 008G,Violence and sexual offences,Unable to prosecute suspect,
22e4bbf119fddc2f393406f024f7eeead3802a539c4045e9aea846ba55c26ecc,2026-07,Cumbria Constabulary,Cumbria Constabulary,-3.267639,54.210004,On or near Crown Street,E01019299,Copeland 008G,Violence and sexual offences,Under investigation,
1eb561c22c391cac0452f0eff8115b5c2267818a11c73c41c126c7fca5433e28,2026-07,Cumbria Constabulary,Cumbria Constabulary,-4.448950,50.448450,On or near Haviland Road,E01018778,Cornwall 016D,Violence and sexual offences,Under investigation,
df6e12fbf72cd5f2eaeee9f5de628268f3b53f7e6656f467df26d78386022080,2026-07,Cumbria Constabulary,Cumbria Constabulary,-2.083427,54.629806,On or near King'S Walk,E01034511,County Durham 067A,Violence and sexual offences,Investigation complete; no suspect identified,
16320c857650b3026a2599721eae2a6bac6506f36be5a320d5a0d664e564a402,2026-07,Cumbria Constabulary,Cumbria Constabulary,-1.548969,54.547782,On or near Bowman Street,E01012323,Darlington 002C,Other theft,Investigation complete; no suspect identified,
0c0a7ca8fae6e3bde8340431e234def8f8a965c314c14f6fa40e9b430f6e2d57,2026-07,Cumbria Constabulary,Cumbria Constabulary,-2.365177,54.799266,On or near Parking Area,E01019305,Eden 001A,Burglary,Under investigation,
a944e288d0878ed1d4f719602b365616a3652870237da1d115404e18e5ee4763,2026-07,Cumbria Constabulary,Cumbria Constabulary,-2.341745,54.789296,On or near Church Lane,E01019305,Eden 001A,Criminal damage and arson,Under investigation,
db2736b44dfa174d8f940fcd204ab013d633b8413d6c62498e3d53156b453d88,2026-07,Cumbria Constabulary,Cumbria Constabulary,-2.341745,54.789296,On or near Church Lane,E01019305,Eden 001A,Criminal damage and arson,Under investigation,
51920217fd38de275e707aef4b3c6770450b41693601b2e692e603fe8c9f2051,2026-07,Cumbria Constabulary,Cumbria Constabulary,-2.434436,54.808815,On or near B6277,E01019305,Eden 001A,Violence and sexual offences,Under investigation,
caafc8f6ec239912c952da99c55c021d5867d4b3f5f1434a25de73a7e4de3dc7,2026-07,Cumbria Constabulary,Cumbria Constabulary,-2.437372,54.811276,On or near Overburn,E01019305,Eden 001A,Violence and sexual offences,Under investigation,
42ad6a3ed5dfbefbddf5e0f85c76033c67e359e5824f3a845062a90779d3e28f,2026-07,Cumbria Constabulary,Cumbria Constabulary,-2.434436,54.808815,On or near B6277,E01019305,Eden 001A,Violence and sexual offences,Unable to prosecute suspect,
5dafa5ae85b43bb113cd1a8e52df7969961628fa325f1e5fa2edcf512e1d99e4,2026-07,Cumbria Constabulary,Cumbria Constabulary,-2.341745,54.789296,On or near Church Lane,E01019305,Eden 001A,Violence and sexual offences,Under investigation,
dbaa1f71949ccb2b55fb8fbfdcea2ae0052900b644aa66f197745219934ab129,2026-07,Cumbria Constabulary,Cumbria Constabulary,-2.341745,54.789296,On or near Church Lane,E01019305,Eden 001A,Violence and sexual offences,Under investigation,
082417f83d6ff692f9658fd67dc075fcb86539c1a9dac0d9d128b8e94f33f94d,2026-07,Cumbria Constabulary,Cumbria Constabulary,-2.341745,54.789296,On or near Church Lane,E01019305,Eden 001A,Violence and sexual offences,Under investigation,
4c9aad530082091a104482aecf9f6ec922704968b3986d6cba22dec712433342,2026-07,Cumbria Constabulary,Cumbria Constabulary,-2.437372,54.811276,On or near Overburn,E01019305,Eden 001A,Violence and sexual offences,Under investigation,
ae7ee4770b361581e585bcadf5b15327e35ddaac64c646cd32acd9c790519644,2026-07,Cumbria Constabulary,Cumbria Constabulary,-2.603151,54.661277,On or near Chestnut Close,E01019314,Eden 001B,Drugs,Awaiting court outcome,
1aca7b79858a0ff771d0738ab6ff51c2312a5fff8d80f5ff385bdda231aa4713,2026-07,Cumbria Constabulary,Cumbria Constabulary,-2.612918,54.657211,On or near Woodland Way,E01019314,Eden 001B,Violence and sexual offences,Unable to prosecute suspect,
0345d62553b06bc6029fbde1799f6707b785e05a078965bf2ad9d86fb7b21ba1,2026-07,Cumbria Constabulary,Cumbria Constabulary,-2.606070,54.656401,On or near Station Road,E01019314,Eden 001B,Violence and sexual offences,Under investigation,
b80c654f14738bcb0ffc87e2b79d4d1f0091d04b858491c9d7d1d7c88effdf87,2026-07,Cumbria Constabulary,Cumbria Constabulary,-2.642924,54.806038,On or near Clint Lane,E01019320,Eden 001C,Public order,Under investigation,
016de7ef6636ed7893f43f6fb9aa9166e4693a12df0c70002ad6aa0b29ae2e48,2026-07,Cumbria Constabulary,Cumbria Constabulary,-2.728255,54.808485,On or near Powsy Sike,E01019320,Eden 001C,Violence and sexual offences,Under investigation,
e7d0aa8ca1c9483cc718bdf77e969a68baf186c11eef6bb028f60e435b549474,2026-07,Cumbria Constabulary,Cumbria Constabulary,-2.694411,54.763813,On or near Croft Place,E01019320,Eden 001C,Violence and sexual offences,Under investigation,
f39f5f398a3cbdf550177fb7402a445a80ff1ae723f2e69f6e37e4547f18802a,2026-07,Cumbria Constabulary,Cumbria Constabulary,-2.728261,54.807973,On or near Broomrigg Crescent,E01019320,Eden 001C,Violence and sexual offences,Under investigation,
9c3f8a5749dde323fffeadf52e00a7f254ce0da247d5268f1dcd43d8043e5719,2026-07,Cumbria Constabulary,Cumbria Constabulary,-2.707186,54.795903,On or near Park/Open Space,E01019320,Eden 001C,Violence and sexual offences,Under investigation,
1888e9ace807efa90058514efe04f4d1b36314f82084d244f1bde80553e3d527,2026-07,Cumbria Constabulary,Cumbria Constabulary,-2.728261,54.807973,On or near Broomrigg Crescent,E01019320,Eden 001C,Violence and sexual offences,Under investigation,
e064fe52c5e1d91a2f0a800cf5cf18037a8ff78ff45c5e24a602aff978295547,2026-07,Cumbria Constabulary,Cumbria Constabulary,-2.668270,54.695849,On or near Powleys Garth,E01019321,Eden 001D,Vehicle crime,Investigation complete; no suspect identified,
d911cc130b56131b9a8bfa9b44e24323c0b1d064cda0fd15e1f9293c16dc5d81,2026-07,Cumbria Constabulary,Cumbria Constabulary,-2.669686,54.695195,On or near Eden Straits,E01019321,Eden 001D,Violence and sexual offences,Awaiting court outcome,
,2026-07,Cumbria Constabulary,Cumbria Constabulary,-2.770332,54.807201,On or near Front Street,E01019315,Eden 002A,Anti-social behaviour,,
,2026-07,Cumbria Constabulary,Cumbria Constabulary,-2.772017,54.809886,On or near Parking Area,E01019315,Eden 002A,Anti-social behaviour,,
224c8f72775a5c776d514abd0216e91e27de6e844a5aa77d2ac6ca510163131c,2026-07,Cumbria Constabulary,Cumbria Constabulary,-2.810474,54.783960,On or near Parking Area,E01019315,Eden 002A,Criminal damage and arson,Under investigation,
21d9ccdbe6d6c69a2940609b35188d380d07999f244b853c31cd3a2c11583475,2026-07,Cumbria Constabulary,Cumbria Constabulary,-2.810474,54.783960,On or near Parking Area,E01019315,Eden 002A,Drugs,Under investigation,
3761a636ce02ec75b2cb7ed1550b0556c1524ed2e4d6009f38d00a348a27d0e0,2026-07,Cumbria Constabulary,Cumbria Constabulary,-2.774783,54.804818,On or near Mill Brow,E01019315,Eden 002A,Other theft,Investigation complete; no suspect identified,
370149d9c6da4c80358fa6b573fb6151ef21f37aeaafea3549b958a1a4b1f762,2026-07,Cumbria Constabulary,Cumbria Constabulary,-2.898638,54.783914,On or near Parking Area,E01019315,Eden 002A,Other theft,Investigation complete; no suspect identified,
7b5935f7cbee90cad5f1c9d3ed159511c0588bab8807992016575bef29f823a3,2026-07,Cumbria Constabulary,Cumbria Constabulary,-2.872123,54.797879,On or near Motorway Service Area,E01019315,Eden 002A,Public order,Under investigation,
557e4bf9bc727ef76123c139f8b6f58fae20e91ef18ec149fc2a6d9342fd979f,2026-07,Cumbria Constabulary,Cumbria Constabulary,-2.770332,54.807201,On or near Front Street,E01019315,Eden 002A,Shoplifting,Under investigation,
b92bb3ea7b8c24a6d14c4016d80d9f39b40debc9cafcde5856847a8034ec2d2e,2026-07,Cumbria Constabulary,Cumbria Constabulary,-2.810474,54.783960,On or near Parking Area,E01019315,Eden 002A,Violence and sexual offences,Under investigation,
9da3e7a2cd448a30c3f345f88c6c123ba4c04406114b81a7907ea1a8e33c0e62,2026-07,Cumbria Constabulary,Cumbria Constabulary,-2.906084,54.780381,On or near High Garth Meadows,E01019315,Eden 002A,Violence and sexual offences,Under investigation,
bf97bb82bd054c41641c5714ef2e46d7835481798fa4661bb89345915ba06054,2026-07,Cumbria Constabulary,Cumbria Constabulary,-2.906084,54.780381,On or near High Garth Meadows,E01019315,Eden 002A,Violence and sexual offences,Under investigation,
a4e2b995029d07af86970b24b1c88891947b94c0408d3059326ce6e936491e3d,2026-07,Cumbria Constabulary,Cumbria Constabulary,-2.706074,54.749915,On or near High Seat Hill,E01019322,Eden 002C,Criminal damage and arson,Investigation complete; no suspect identified,
c2f8e8bcb296a942f2088b85c29d2b195fae4b95a6836357da222ddceef27dd5,2026-07,Cumbria Constabulary,Cumbria Constabulary,-2.697101,54.751207,On or near Bateman Lane,E01019322,Eden 002C,Public order,Under investigation,
edb58f36900f050cc6b1eab65d59f09d79bd71ef9b3a6c4baa0098e633937b1b,2026-07,Cumbria Constabulary,Cumbria Constabulary,-2.703449,54.747279,On or near Scaur Lane,E01019322,Eden 002C,Robbery,Under investigation,
bd18fb93b62da4c78b641bc168cba6c448d68bd46ca463d45b74a7d1faee2f05,2026-07,Cumbria Constabulary,Cumbria Constabulary,-2.702462,54.747681,On or near Barton Dale,E01019322,Eden 002C,Violence and sexual offences,Under investigation,
ff46df04f0d38cd055886a7ac558e7ee06fb626ed0ef5fad0f0ecc47befd4915,2026-07,Cumbria Constabulary,Cumbria Constabulary,-2.702462,54.747681,On or near Barton Dale,E01019322,Eden 002C,Violence and sexual offences,Under investigation,
9c863915081eea591adb2ed880dcd06d96cfdbe2e28e9e23ecc99c0f96df8374,2026-07,Cumbria Constabulary,Cumbria Constabulary,-2.703449,54.747279,On or near Scaur Lane,E01019322,Eden 002C,Violence and sexual offences,Unable to prosecute suspect,
e926b4b5cab016fe238a40a1d17a8e4c9dd32bca9a9e1b6f1ae1607709d71082,2026-07,Cumbria Constabulary,Cumbria Constabulary,-2.706074,54.749915,On or near High Seat Hill,E01019322,Eden 002C,Violence and sexual offences,Under investigation,
22e9ac7faca2eee18e4470fc3f63d073059816a782dc6d7535e2419a83a47665,2026-07,Cumbria Constabulary,Cumbria Constabulary,-2.884591,54.762287,On or near Parking Area,E01019338,Eden 002D,Violence and sexual offences,Under investigation,
d4956b46868e7eff107d509b223502652e357ffa51d498549dc382d6584c5614,2026-07,Cumbria Constabulary,Cumbria Constabulary,-2.884591,54.762287,On or near Parking Area,E01019338,Eden 002D,Violence and sexual offences,Unable to prosecute suspect,
456834e95d13adcecfb55eb7ac7d00f7eb31ae60cbe2cd3b1ca5d7413543ade4,2026-07,Cumbria Constabulary,Cumbria Constabulary,-2.973440,54.755181,On or near B5305,E01019338,Eden 002D,Violence and sexual offences,Under investigation,
95e4784ade32dc80b0d48663c1a0a3c7cbc0572bc518db19c3297e0f08667899,2026-07,Cumbria Constabulary,Cumbria Constabulary,-2.884591,54.762287,On or near Parking Area,E01019338,Eden 002D,Violence and sexual offences,Unable to prosecute suspect,
7e2cfad5b9d768a955ea71734e1101b3d7337c8017b59f05cddbc8ab10455a2b,2026-07,Cumbria Constabulary,Cumbria Constabulary,-2.884591,54.762287,On or near Parking Area,E01019338,Eden 002D,Violence and sexual offences,Unable to prosecute suspect,
a0940e97ce051d473714117131605ee0e576b63674fddebc61951996d90d14ab,2026-07,Cumbria Constabulary,Cumbria Constabulary,-2.884591,54.762287,On or near Parking Area,E01019338,Eden 002D,Violence and sexual offences,Under investigation,
e95bf144ab6bfe1c88101b3cda2313b19ca890861c507f333d09de2c749c4c03,2026-07,Cumbria Constabulary,Cumbria Constabulary,-2.884591,54.762287,On or near Parking Area,E01019338,Eden 002D,Violence and sexual offences,Local resolution,
22ef68cc3463d215aa8042a3768d5dc0d817d2acd030a5ee9ad6eb8132fd745e,2026-07,Cumbria Constabulary,Cumbria Constabulary,-2.748398,54.663325,On or near Bakers Place,E01019327,Eden 003A,Criminal damage and arson,Under investigation,
ad6ac0c1638f10f126ae65686a52474e1c057d5bff596b33095b201adb48d39a,2026-07,Cumbria Constabulary,Cumbria Constabulary,-2.748885,54.663681,On or near Friargate,E01019327,Eden 003A,Drugs,Under investigation,
9cc6a8996c9272bd45e19a268c982e41b6f9126bd5974b9cd3dc1bfbe083039a,2026-07,Cumbria Constabulary,Cumbria Constabulary,-2.747955,54.662869,On or near Ridley Court,E01019327,Eden 003A,Other theft,Investigation complete; no suspect identified,
7c2efba4b6d78789edfc6aa0e9e09a19c0ace2efb0922c744277cb53ef2e681c,2026-07,Cumbria Constabulary,Cumbria Constabulary,-2.750253,54.665578,On or near Parking Area,E01019327,Eden 003A,Other theft,Under investigation,
ae4aa53031fda00c605571b7c15a3503660ecd5fcf65aa8bcbe5bf75ea15bde6,2026-07,Cumbria Constabulary,Cumbria Constabulary,-2.747955,54.662869,On or near Ridley Court,E01019327,Eden 003A,Public order,Under investigation,
e67d03975322d4b83bfa3f2268d68f8417afeb319c91f30b53d814c1b01e9466,2026-07,Cumbria Constabulary,Cumbria Constabulary,-2.749776,54.662373,On or near Langton Street,E01019327,Eden 003A,Public order,Under investigation,
ffa11a42fe47263e4313b8e7ac96741dd39fcb436c4d3f66592da0e4e81eec36,2026-07,Cumbria Constabulary,Cumbria Constabulary,-2.749776,54.662373,On or near Langton Street,E01019327,Eden 003A,Shoplifting,Investigation complete; no suspect identified,
35d20d66cc6f258295922ef01770814be2c7cb9037c5b4d7e1dbb3b3d823b89b,2026-07,Cumbria Constabulary,Cumbria Constabulary,-2.749776,54.662373,On or near Langton Street,E01019327,Eden 003A,Shoplifting,Awaiting court outcome,
0dd408ed957e6bd9cfacca819ae2df3c1f15782e192ede03ed0bed56f83a2be9,2026-07,Cumbria Constabulary,Cumbria Constabulary,-2.745714,54.666586,On or near Hutton Hill,E01019327,Eden 003A,Violence and sexual offences,Under investigation,
65598e18d75e37e9f25e39ca66494d0b7dd8e5a83949c64d57fbadc67f8a8af8,2026-07,Cumbria Constabulary,Cumbria Constabulary,-2.743803,54.663874,On or near Friars Rise,E01019327,Eden 003A,Violence and sexual offences,Under investigation,
29490e32b8e27df6041809829597904bebf3ec566aaa3bc42d26a323a7ae209e,2026-07,Cumbria Constabulary,Cumbria Constabulary,-2.748398,54.663325,On or near Bakers Place,E01019327,Eden 003A,Violence and sexual offences,Under investigation,
481c39d76393dd82db0953e4532eb992445336020780dc76fca41688f4abeccb,2026-07,Cumbria Constabulary,Cumbria Constabulary,-2.749776,54.662373,On or near Langton Street,E01019327,Eden 003A,Violence and sexual offences,Unable to prosecute suspect,
930a143fee424b5ebb3fa9f3105bb58d539a4531feb87054e468cea622254f18,2026-07,Cumbria Constabulary,Cumbria Constabulary,-2.747241,54.661939,On or near Old London Road,E01019327,Eden 003A,Violence and sexual offences,Under investigation,
de855b63c341257d0be353b0eb55a7328dbb0f0e22c99032b7f52eef285570a1,2026-07,Cumbria Constabulary,Cumbria Constabulary,-2.745714,54.666586,On or near Hutton Hill,E01019327,Eden 003A,Violence and sexual offences,Under investigation,
6353bddaf3d31a695fb965cc4376c691e93673d3803140be8048dde69e9644b6,2026-07,Cumbria Constabulary,Cumbria Constabulary,-2.742660,54.664924,On or near Brentfield Way,E01019327,Eden 003A,Violence and sexual offences,Under investigation,
9c639eef2efe3eb09f627f459a904be3be4e328c4f87d0633474e193f74348ab,2026-07,Cumbria Constabulary,Cumbria Constabulary,-2.749776,54.662373,On or near Langton Street,E01019327,Eden 003A,Violence and sexual offences,Under investigation,
21659a512c7cf475becd2e487f476cbe1c530d24c5d439c8b67eb08f4053d129,2026-07,Cumbria Constabulary,Cumbria Constabulary,-2.749776,54.662373,On or near Langton Street,E01019327,Eden 003A,Violence and sexual offences,Unable to prosecute suspect,
b43b5e2e9ff7c9621b750d9f1e79cb2170ff128c156c60cf07d3e6832e93e4d0,2026-07,Cumbria Constabulary,Cumbria Constabulary,-2.749242,54.665378,On or near Benson Row,E01019327,Eden 003A,Violence and sexual offences,Unable to prosecute suspect,
f6e6c07f9480923260fce5073f32882c66525eee078093d8f1cf1eac053fc00d,2026-07,Cumbria Constabulary,Cumbria Constabulary,-2.744112,54.665490,On or near Roman Road,E01019327,Eden 003A,Violence and sexual offences,Under investigation,
dad0452fbb04ba627febc0989040bf007163e27a8c6d2b28162b82951b197c59,2026-07,Cumbria Constabulary,Cumbria Constabulary,-2.747955,54.662869,On or near Ridley Court,E01019327,Eden 003A,Violence and sexual offences,Under investigation,
2abb9a417312b22af0da77abc4e9a9ab3f158b15ef46bac43e86c20c2f5dcf82,2026-07,Cumbria Constabulary,Cumbria Constabulary,-2.744112,54.665490,On or near Roman Road,E01019327,Eden 003A,Violence and sexual offences,Under investigation,
ac004fb8211be7d147220ecfd5afb99f30a0b522a7ecf557c95156737aad7a86,2026-07,Cumbria Constabulary,Cumbria Constabulary,-2.748398,54.663325,On or near Bakers Place,E01019327,Eden 003A,Violence and sexual offences,Unable to prosecute suspect,
,2026-07,Cumbria Constabulary,Cumbria Constabulary,-2.744584,54.658235,On or near Tynefield Drive,E01019332,Eden 003B,Anti-social behaviour,,
,2026-07,Cumbria Constabulary,Cumbria Constabulary,-2.742473,54.658949,On or near Pategill Road,E01019332,Eden 003B,Anti-social behaviour,,
567d1f9ba7d2194309ec84a1989b1db3c8c33d1e94e832e7d31e0894516b1907,2026-07,Cumbria Constabulary,Cumbria Constabulary,-2.739755,54.658615,On or near Mary Langley Way,E01019332,Eden 003B,Other theft,Local resolution,
cc0bdbd1b282c1c8755e14dd89dc8e3b2dad2a70b8bd5ec03734d7653d81d4c3,2026-07,Cumbria Constabulary,Cumbria Constabulary,-2.742721,54.661463,On or near Carleton Road,E01019332,Eden 003B,Other theft,Investigation complete; no suspect identified,
692a11881ad3c644269712427a9d31ab88adfef8971c516b6a9365b92c33c311,2026-07,Cumbria Constabulary,Cumbria Constabulary,-2.742721,54.661463,On or near Carleton Road,E01019332,Eden 003B,Public order,Unable to prosecute suspect,
6502fea0ee0d880e67c024ab82a10b08194ccc42c9da6d1d0c382907b244eb77,2026-07,Cumbria Constabulary,Cumbria Constabulary,-2.738614,54.657292,On or near Pategill Park,E01019332,Eden 003B,Public order,Investigation complete; no suspect identified,
ab1e371b4ec470489ebb367a76ea5c266125cb8dd638faf214ee85ab56490aee,2026-07,Cumbria Constabulary,Cumbria Constabulary,-2.740440,54.660480,On or near Prince Charles Close,E01019332,Eden 003B,Violence and sexual offences,Under investigation,
a9624d6c5e2779e30b47b67b69ad2c17ff140ea2ecad7f753cf94d7e8e0c2f2b,2026-07,Cumbria Constabulary,Cumbria Constabulary,-2.742721,54.661463,On or near Carleton Road,E01019332,Eden 003B,Violence and sexual offences,Awaiting court outcome,
822dbe3582b73c7817a5497e941543162dd7369a9f8b7d1f00b0a3d9ddaf7364,2026-07,Cumbria Constabulary,Cumbria Constabulary,-2.742473,54.658949,On or near Pategill Road,E01019332,Eden 003B,Violence and sexual offences,Under investigation,
746aa767e6caf7a89b282b491235b4b83241ee1e9e19e6334dddddeb29b25e84,2026-07,Cumbria Constabulary,Cumbria Constabulary,-2.740440,54.660480,On or near Prince Charles Close,E01019332,Eden 003B,Violence and sexual offences,Unable to prosecute suspect,
cbde9ffb8d495d7db5d10bfcc5b58767cca3704f267611c32c7e6082eeb6f917,2026-07,Cumbria Constabulary,Cumbria Constabulary,-2.747111,54.659948,On or near Petrol Station,E01019332,Eden 003B,Violence and sexual offences,Under investigation,
d63777b37fcd40cc53fdd4d4dcfc1654a56ab58ac6158bc017067c6135fc4b42,2026-07,Cumbria Constabulary,Cumbria Constabulary,-2.742721,54.661463,On or near Carleton Road,E01019332,Eden 003B,Violence and sexual offences,Unable to prosecute suspect,
58461bd70575d26a31c873afd475460f2a06f010ea97be0096ecdd263b011322,2026-07,Cumbria Constabulary,Cumbria Constabulary,-2.742721,54.661463,On or near Carleton Road,E01019332,Eden 003B,Violence and sexual offences,Unable to prosecute suspect,
0bd2e3e8253d5d776e2b844ee7e23798209b222838e09d1acb0389dfa9c28a57,2026-07,Cumbria Constabulary,Cumbria Constabulary,-2.738614,54.657292,On or near Pategill Park,E01019332,Eden 003B,Other crime,Further investigation is not in the public interest,
,2026-07,Cumbria Constabulary,Cumbria Constabulary,-2.750646,54.662475,On or near Crown Square,E01019333,Eden 003C,Anti-social behaviour,,
,2026-07,Cumbria Constabulary,Cumbria Constabulary,-2.750646,54.662475,On or near Crown Square,E01019333,Eden 003C,Anti-social behaviour,,
214fed71d4895568567b5fe2098aa9da558f06a5ca11f8e6435571b127bf917b,2026-07,Cumbria Constabulary,Cumbria Constabulary,-2.748876,54.661488,On or near Victoria Road,E01019333,Eden 003C,Bicycle theft,Investigation complete; no suspect identified,
88314592b878d1056fc38a2b43efea3485311cdf7071cd4974c35eef92f36af2,2026-07,Cumbria Constabulary,Cumbria Constabulary,-2.752584,54.663362,On or near Angel Lane,E01019333,Eden 003C,Burglary,Under investigation,
26c951c855dc9268d7c6910864877102979c3728ae5cb60d3bd52f3e3603b7d3,2026-07,Cumbria Constabulary,Cumbria Constabulary,-2.752584,54.663362,On or near Angel Lane,E01019333,Eden 003C,Criminal damage and arson,Under investigation,
453847fcfba23ab000ec806580e934cb9572355e3e69d53a62bc7dfa82377ed8,2026-07,Cumbria Constabulary,Cumbria Constabulary,-2.751876,54.661955,On or near Brewery Lane,E01019333,Eden 003C,Criminal damage and arson,Under investigation,
0b1bdc294d4a30d2d0d4065b4cc79a276a71b88037fae4c110e1bd34fa473f76,2026-07,Cumbria Constabulary,Cumbria Constabulary,-2.750646,54.662475,On or near Crown Square,E01019333,Eden 003C,Drugs,Local resolution,
541d8250aceac11e8506065e693111c784618ccf025f59e3c69190f07346d045,2026-07,Cumbria Constabulary,Cumbria Constabulary,-2.751876,54.661955,On or near Brewery Lane,E01019333,Eden 003C,Public order,Unable to prosecute suspect,
4196b2f35fa5932f1bdb39249389f875bfb495a22d0a8b0a0a18efd1de8d4f50,2026-07,Cumbria Constabulary,Cumbria Constabulary,-2.751876,54.661955,On or near Brewery Lane,E01019333,Eden 003C,Robbery,Under investigation,
677dfefb208075ffcd702c787331f24648ad8bd27d565c77b5795f498d20e387,2026-07,Cumbria Constabulary,Cumbria Constabulary,-2.755158,54.661692,On or near Castle Terrace,E01019333,Eden 003C,Robbery,Under investigation,
5df61910979a0df63fae2dcb141570fcd708f08df0ccd95de3b5265b435cb48b,2026-07,Cumbria Constabulary,Cumbria Constabulary,-2.751025,54.661215,On or near Common Garden Square,E01019333,Eden 003C,Shoplifting,Under investigation,
a86bd9a75922b7722625acb3334f4746739f129c15a4d9010b40cebd534a87d1,2026-07,Cumbria Constabulary,Cumbria Constabulary,-2.751846,54.661156,On or near Supermarket,E01019333,Eden 003C,Shoplifting,Under investigation,
9e73dafd33b9dbac30c21cb27bfcc990d0cbbec3bcea864b63779bb16f150bfc,2026-07,Cumbria Constabulary,Cumbria Constabulary,-2.751846,54.661156,On or near Supermarket,E01019333,Eden 003C,Shoplifting,Under investigation,
98fec4f89652a1ac40641062a3869e104e9e731bb263553ece3c316e3de356f2,2026-07,Cumbria Constabulary,Cumbria Constabulary,-2.751846,54.661156,On or near Supermarket,E01019333,Eden 003C,Shoplifting,Under investigation,
b39e31aea34b2fd4841ae46b83988f71dae0400ae14b03dc80965c1369092e9f,2026-07,Cumbria Constabulary,Cumbria Constabulary,-2.751846,54.661156,On or near Supermarket,E01019333,Eden 003C,Shoplifting,Investigation complete; no suspect identified,
0f0b2ef6d9580fd7cfb721028c958c94afcbcd488345ccc72ab04bc6b4d8fb45,2026-07,Cumbria Constabulary,Cumbria Constabulary,-2.750646,54.662475,On or near Crown Square,E01019333,Eden 003C,Shoplifting,Investigation complete; no suspect identified,
c19aa282183564f406adb865bc7c3cbd56383cf5746f422b9f7a07c098367ec0,2026-07,Cumbria Constabulary,Cumbria Constabulary,-2.750646,54.662475,On or near Crown Square,E01019333,Eden 003C,Shoplifting,Under investigation,
e81b0491b13bbdfa826a97a3dba354c89222bb5047748eb72a9c8f047a907487,2026-07,Cumbria Constabulary,Cumbria Constabulary,-2.751876,54.661955,On or near Brewery Lane,E01019333,Eden 003C,Shoplifting,Under investigation,
ff7b03427bb67df9d54c96a25b135a5356078980a6dd367da47a014269f2cfc4,2026-07,Cumbria Constabulary,Cumbria Constabulary,-2.751846,54.661156,On or near Supermarket,E01019333,Eden 003C,Shoplifting,Awaiting court outcome,
1504142b6d0a771ec1421e4bfb3f01fb197ea733931dcc4a724eb043607af78f,2026-07,Cumbria Constabulary,Cumbria Constabulary,-2.755158,54.661692,On or near Castle Terrace,E01019333,Eden 003C,Violence and sexual offences,Under investigation,
af2b14fd2f9467ee8d1b6fcf380b38fafa2bf2af625d556913684693307ebaf6,2026-07,Cumbria Constabulary,Cumbria Constabulary,-2.751876,54.661955,On or near Brewery Lane,E01019333,Eden 003C,Violence and sexual offences,Under investigation,
ebd2cc5b9b57c5c87226462a8798e3f765566bd921c37594f75a3a10543c5f2e,2026-07,Cumbria Constabulary,Cumbria Constabulary,-2.753116,54.663619,On or near Corn Market,E01019333,Eden 003C,Violence and sexual offences,Investigation complete; no suspect identified,
ce88a1911092b8426cbca266b1284e9dfe989f740a5629bd5c6ab9a3774b6752,2026-07,Cumbria Constabulary,Cumbria Constabulary,-2.745798,54.657634,On or near Petrol Station,E01019333,Eden 003C,Violence and sexual offences,Unable to prosecute suspect,
13f7d181f5822cd453d8de8ed67e1f586bfa41a744cb0058dbc68960e19c0c00,2026-07,Cumbria Constabulary,Cumbria Constabulary,-2.745798,54.657634,On or near Petrol Station,E01019333,Eden 003C,Violence and sexual offences,Under investigation,
bfc518986313a5b30976a4517562389af58ad774c70e302e2d7dc1a4eed2e474,2026-07,Cumbria Constabulary,Cumbria Constabulary,-2.750780,54.663013,On or near King Street,E01019333,Eden 003C,Violence and sexual offences,Under investigation,
3afce3043a37d81775144c3c374942f6c34c73c3d514d32114ab6c0f39092f50,2026-07,Cumbria Constabulary,Cumbria Constabulary,-2.748876,54.661488,On or near Victoria Road,E01019333,Eden 003C,Violence and sexual offences,Under investigation,
,2026-07,Cumbria Constabulary,Cumbria Constabulary,-2.757105,54.663010,On or near Cromwell Road,E01019335,Eden 003D,Anti-social behaviour,,
44f14958210612b9d0f308ba821590cef8dcaeb31c7c8f89fb2573c13703218d,2026-07,Cumbria Constabulary,Cumbria Constabulary,-2.761473,54.657006,On or near Petrol Station,E01019335,Eden 003D,Burglary,Under investigation,
312be4824ba7ebeb92f5e8a1e035ea636e3ee37ea7d34b870bb424dd7a0a8fe3,2026-07,Cumbria Constabulary,Cumbria Constabulary,-2.759339,54.662286,On or near Myers Lane,E01019335,Eden 003D,Criminal damage and arson,Under investigation,
decec29b1dde9fad6a0bedd2a721779e14d3034f860bc715f6290bf11912676c,2026-07,Cumbria Constabulary,Cumbria Constabulary,-2.770769,54.664137,On or near Castletown Drive,E01019335,Eden 003D,Criminal damage and arson,Under investigation,
080c9110f608c6fc588b597f7840f74f157fc0e4163c5351ea2eb896b98f9a0b,2026-07,Cumbria Constabulary,Cumbria Constabulary,-2.770896,54.664325,On or near Castletown Court,E01019335,Eden 003D,Drugs,Awaiting court outcome,
0c911505f3be0530fe765b5f0e3eb00e3486c0a3d881753931d4ad62277854db,2026-07,Cumbria Constabulary,Cumbria Constabulary,-2.770896,54.664325,On or near Castletown Court,E01019335,Eden 003D,Drugs,Local resolution,
7df387e03b616a1217fd2cbac775b1356f3476121cc8f504cfbdb38026853f23,2026-07,Cumbria Constabulary,Cumbria Constabulary,-2.770896,54.664325,On or near Castletown Court,E01019335,Eden 003D,Other theft,Under investigation,
b9fb6c2e3df7aa4af2cf2535aca3b02c61f6a09bdb2c32a7c6c7872a016b2925,2026-07,Cumbria Constabulary,Cumbria Constabulary,-2.759339,54.662286,On or near Myers Lane,E01019335,Eden 003D,Other theft,Investigation complete; no suspect identified,
a0cc2ec6b5892a79c0dca49417ef6295261698da238e43d2be1e380351115f57,2026-07,Cumbria Constabulary,Cumbria Constabulary,-2.759339,54.662286,On or near Myers Lane,E01019335,Eden 003D,Public order,Under investigation,
6374c8b354e994eb11450aa02fbeace8047c5a67e1521ccb6a676f0dcc69e07e,2026-07,Cumbria Constabulary,Cumbria Constabulary,-2.759339,54.662286,On or near Myers Lane,E01019335,Eden 003D,Shoplifting,Under investigation,
fcd642f0685c085b28412534743abbe91ed5f072dad47eccef3408866fc09479,2026-07,Cumbria Constabulary,Cumbria Constabulary,-2.759339,54.662286,On or near Myers Lane,E01019335,Eden 003D,Shoplifting,Under investigation,
faa1c66989545c51f4d0962bde99ed0babba4aa80ab32da3ff414401df7d219a,2026-07,Cumbria Constabulary,Cumbria Constabulary,-2.759560,54.658339,On or near Ullswater Road,E01019335,Eden 003D,Shoplifting,Under investigation,
5b990294276194a9bb4858566074901325a81ba6f6548ebc3e247d3dc7236aca,2026-07,Cumbria Constabulary,Cumbria Constabulary,-2.759339,54.662286,On or near Myers Lane,E01019335,Eden 003D,Shoplifting,Unable to prosecute suspect,
83007ae9eb6b104fedac92fce22770f0f3932572cd1ca691be8204f085bd1201,2026-07,Cumbria Constabulary,Cumbria Constabulary,-2.765728,54.662354,On or near Greystoke Park Road,E01019335,Eden 003D,Violence and sexual offences,Unable to prosecute suspect,
8dfe9a9c9b3e4abd839f43d330ad1ff13716a0106a930e1b305d67cc4cbf1c0e,2026-07,Cumbria Constabulary,Cumbria Constabulary,-2.759339,54.662286,On or near Myers Lane,E01019335,Eden 003D,Violence and sexual offences,Under investigation,
43e9b05b9a4ca2a52b4b9d3f7633a0f2c6302bdf374c13c077af25c26f7cbfdb,2026-07,Cumbria Constabulary,Cumbria Constabulary,-2.765949,54.661768,On or near Greystoke Park Close,E01019335,Eden 003D,Violence and sexual offences,Unable to prosecute suspect,
3a34b79851baad1c6a24c3ce107121779b1bd5e323edc87c92e16c84c9159360,2026-07,Cumbria Constabulary,Cumbria Constabulary,-2.757046,54.663181,On or near Auctionmart Road,E01019335,Eden 003D,Violence and sexual offences,Under investigation,
88574ffec923daabe23c90486b3a2841baf1c7b6142ae9972cdd44a61427bf83,2026-07,Cumbria Constabulary,Cumbria Constabulary,-2.759339,54.662286,On or near Myers Lane,E01019335,Eden 003D,Violence and sexual offences,Under investigation,
0fb581812bc980a931c852efb1a53fc0e93b680109ba94c1f2452bac6059d61a,2026-07,Cumbria Constabulary,Cumbria Constabulary,-2.765728,54.662354,On or near Greystoke Park Road,E01019335,Eden 003D,Violence and sexual offences,Under investigation,
56b41a42cadd00368cdfa0af144926f66edb8be9e3393b9986c8671a1786d3cc,2026-07,Cumbria Constabulary,Cumbria Constabulary,-2.759339,54.662286,On or near Myers Lane,E01019335,Eden 003D,Violence and sexual offences,Under investigation,
14a97e6bfce19efd396986c37b8cdf433b808e9f398d1ee290a3a96a150990c6,2026-07,Cumbria Constabulary,Cumbria Constabulary,-2.765728,54.662354,On or near Greystoke Park Road,E01019335,Eden 003D,Violence and sexual offences,Under investigation,
9e79af4965e44e4469c9c3f44ca186919cf77e797491adee8f5db5dcd4d07ea8,2026-07,Cumbria Constabulary,Cumbria Constabulary,-2.754039,54.664871,On or near Shopping Area,E01019336,Eden 003E,Criminal damage and arson,Under investigation,
587a8c1d146b832907d723eaeb6ba8a407938ad6c04b441419f463ad4ddadf0f,2026-07,Cumbria Constabulary,Cumbria Constabulary,-2.751293,54.664781,On or near Market Court,E01019336,Eden 003E,Criminal damage and arson,Unable to prosecute suspect,
e8cc67b2c1af750d435e9a7f1e0b4d80fb20cb1cff4212b04c4c8a1cc0d64fff,2026-07,Cumbria Constabulary,Cumbria Constabulary,-2.751293,54.664781,On or near Market Court,E01019336,Eden 003E,Drugs,Awaiting court outcome,
be1baaa573e0d1eecd24b609c16f150a39406a06e4a2699d6653d82b18f5e944,2026-07,Cumbria Constabulary,Cumbria Constabulary,-2.754039,54.664871,On or near Shopping Area,E01019336,Eden 003E,Other theft,Under investigation,
65594afa10e4318cfe0ffb08ce55da9139556c18632ff34d78a9135cc03ef3f0,2026-07,Cumbria Constabulary,Cumbria Constabulary,-2.753177,54.664365,On or near Little Dockray,E01019336,Eden 003E,Public order,Under investigation,
f36fe033acedcb9673f99b324e8a7129e31c0e574030c53d635a3eb45e0ede14,2026-07,Cumbria Constabulary,Cumbria Constabulary,-2.754039,54.664871,On or near Shopping Area,E01019336,Eden 003E,Public order,Under investigation,
ef8d8e26c1c1b54150ff6ce67e46f7d33ee830ca8b5f8483b24b810470caccf6,2026-07,Cumbria Constabulary,Cumbria Constabulary,-2.753177,54.664365,On or near Little Dockray,E01019336,Eden 003E,Public order,Under investigation,
c161abc8f070291e49bbba43cc1778c578472610be3d852400996101732535a5,2026-07,Cumbria Constabulary,Cumbria Constabulary,-2.755088,54.666267,On or near Duke Street,E01019336,Eden 003E,Shoplifting,Under investigation,
30469f79026eef7a75b70f47cff62c17e0bfca01b58aa6a14042f7b57672bbc1,2026-07,Cumbria Constabulary,Cumbria Constabulary,-2.756507,54.665036,On or near Brunswick Road,E01019336,Eden 003E,Shoplifting,Investigation complete; no suspect identified,
9d19f77eb9b34893b4e446589af5f11a74be60d9df82d64e3c12e1048d272480,2026-07,Cumbria Constabulary,Cumbria Constabulary,-2.762777,54.663756,On or near Alexandra Road,E01019336,Eden 003E,Violence and sexual offences,Under investigation,
2d073a33097fe5a43a4f056590ad8160eb34b0f986ded2b6b43a9c3725ddacb9,2026-07,Cumbria Constabulary,Cumbria Constabulary,-2.751293,54.664781,On or near Market Court,E01019336,Eden 003E,Violence and sexual offences,Under investigation,
6e6814f318af5f57d626868c784704d668f6a9cee3bd18ec6b1f6b0f2a3b97a7,2026-07,Cumbria Constabulary,Cumbria Constabulary,-2.759479,54.663975,On or near Mill Terrace,E01019336,Eden 003E,Violence and sexual offences,Under investigation,
0d858fc7813336672a39d200ad4835ae7104916f3865fe9e8b262084726d59ae,2026-07,Cumbria Constabulary,Cumbria Constabulary,-2.751293,54.664781,On or near Market Court,E01019336,Eden 003E,Violence and sexual offences,Under investigation,
3f90f533c3440617b9776eba9c07f3c14b0411b83a96b20d6b8f915c5835aef7,2026-07,Cumbria Constabulary,Cumbria Constabulary,-2.755088,54.666267,On or near Duke Street,E01019336,Eden 003E,Violence and sexual offences,Under investigation,
75101da6791216a92ada624b80cbe7d1436327cf27d0a5ade5cb7127be3e69d5,2026-07,Cumbria Constabulary,Cumbria Constabulary,-2.756234,54.667033,On or near Watson Terrace,E01019336,Eden 003E,Violence and sexual offences,Awaiting court outcome,
deb695ace8d5c84574a665a35e14b2c1de489f2f74803b0bfa15eabac8fdfd4d,2026-07,Cumbria Constabulary,Cumbria Constabulary,-2.755088,54.666267,On or near Duke Street,E01019336,Eden 003E,Violence and sexual offences,Under investigation,
6fa9bd8a32749270f01ca652474bd7ec20a47daafd74edbc30e210d40c5e7443,2026-07,Cumbria Constabulary,Cumbria Constabulary,-2.753177,54.664365,On or near Little Dockray,E01019336,Eden 003E,Violence and sexual offences,Unable to prosecute suspect,
1903747cf56bedf2a08ad966e7a8c1d02a7176b1078a3f474adad7c6f7f98dd3,2026-07,Cumbria Constabulary,Cumbria Constabulary,-2.756234,54.667033,On or near Watson Terrace,E01019336,Eden 003E,Violence and sexual offences,Awaiting court outcome,
8f160441d4f7b26ef35e514b1b7b040fd70fac709b271af46721326d8982b70f,2026-07,Cumbria Constabulary,Cumbria Constabulary,-2.754039,54.664871,On or near Shopping Area,E01019336,Eden 003E,Violence and sexual offences,Under investigation,
c431eed9fdda9d384ae0cf5ad5bf7a368bbee6ffe1dc3cd6a590fd2c51992edc,2026-07,Cumbria Constabulary,Cumbria Constabulary,-2.754039,54.664871,On or near Shopping Area,E01019336,Eden 003E,Violence and sexual offences,Under investigation,
a9fe13a8e9de1abad8533e1a0694cf775db7b3786f6b49e0517fb22e4a79a2ab,2026-07,Cumbria Constabulary,Cumbria Constabulary,-2.754039,54.664871,On or near Shopping Area,E01019336,Eden 003E,Violence and sexual offences,Under investigation,
18ffd342f3716a31876071853d1a3624a8ce2af5785fddded0c90656a9cb9383,2026-07,Cumbria Constabulary,Cumbria Constabulary,-2.753177,54.664365,On or near Little Dockray,E01019336,Eden 003E,Violence and sexual offences,Unable to prosecute suspect,
c2c44adc19ea0394d69f8a898cc095b7643bf7211e45b5ce52f70e8be9f254f3,2026-07,Cumbria Constabulary,Cumbria Constabulary,-2.756234,54.667033,On or near Watson Terrace,E01019336,Eden 003E,Violence and sexual offences,Awaiting court outcome,
a50dbc26a81d3e39b956a9bf3c0dc0e38dd7c4e19edc299a10c87665ffdf7909,2026-07,Cumbria Constabulary,Cumbria Constabulary,-2.754039,54.664871,On or near Shopping Area,E01019336,Eden 003E,Violence and sexual offences,Under investigation,
d65206d05189f6458ff0584baefc111359836e855f7e6b3bb0f310f6a19ed2a9,2026-07,Cumbria Constabulary,Cumbria Constabulary,-2.751293,54.664781,On or near Market Court,E01019336,Eden 003E,Violence and sexual offences,Under investigation,
40c1ccd9f744799ccdcb5b2cde083117c9c581e79098d2040b7c8f2e844009cd,2026-07,Cumbria Constabulary,Cumbria Constabulary,-2.722022,54.632453,On or near Fairview Gardens,E01019312,Eden 004A,Drugs,Local resolution,
47975319250d5876948f626b6a72309a5ef72a4b270b5541ad065a446d466b65,2026-07,Cumbria Constabulary,Cumbria Constabulary,-2.719898,54.630614,On or near Cumberland Close,E01019312,Eden 004A,Other theft,Under investigation,
47a9e45e525f4620677b7b54eb449cc23626851e3f5947491d8380f217a7c87b,2026-07,Cumbria Constabulary,Cumbria Constabulary,-2.722022,54.632453,On or near Fairview Gardens,E01019312,Eden 004A,Possession of weapons,Under investigation,
13c8b5e7690238dcfbad711e126966a45adc12201e63af456c49f4331694b72d,2026-07,Cumbria Constabulary,Cumbria Constabulary,-2.722022,54.632453,On or near Fairview Gardens,E01019312,Eden 004A,Vehicle crime,Investigation complete; no suspect identified,
7aefaef805ff990f34b5aa522dd37b5afb9bd1a8d859062ac633d80c6226b6f2,2026-07,Cumbria Constabulary,Cumbria Constabulary,-2.722022,54.632453,On or near Fairview Gardens,E01019312,Eden 004A,Violence and sexual offences,Under investigation,
6081245aa395b37feb3c87250bd5914a32b5423a90b45b547f037b4fa7c2a3e8,2026-07,Cumbria Constabulary,Cumbria Constabulary,-2.772548,54.632896,On or near Petrol Station,E01019312,Eden 004A,Violence and sexual offences,Under investigation,
8e296890991c8a878f140bb0477ed658d949a9fa65faf29dc5c3836c72f40118,2026-07,Cumbria Constabulary,Cumbria Constabulary,-2.772548,54.632896,On or near Petrol Station,E01019312,Eden 004A,Violence and sexual offences,Unable to prosecute suspect,
0e1ec3e3f05b98d232308b0152b6c43a9d5da9d5d53bf7a4302b53b3c6659c17,2026-07,Cumbria Constabulary,Cumbria Constabulary,-2.729665,54.660455,On or near Harthwaite Gardens,E01019326,Eden 004B,Violence and sexual offences,Under investigation,
1a01d96938fd1f38d10b05ee9ccf5ce97a3ac267f9d45fe3671f9551ba4c2a97,2026-07,Cumbria Constabulary,Cumbria Constabulary,-2.729665,54.660455,On or near Harthwaite Gardens,E01019326,Eden 004B,Violence and sexual offences,Under investigation,
9c4cfd014f0f57585afadd0b709fb9edd77047f3407551df3d989d73c359cd88,2026-07,Cumbria Constabulary,Cumbria Constabulary,-2.730367,54.664999,On or near Cypress Way,E01019326,Eden 004B,Violence and sexual offences,Under investigation,
126fd4b526008dadf4873388471f094806e14494ecce98a11e99bc4ad4bb08d2,2026-07,Cumbria Constabulary,Cumbria Constabulary,-2.729665,54.660455,On or near Harthwaite Gardens,E01019326,Eden 004B,Violence and sexual offences,Unable to prosecute suspect,
d6a79fdc0290ce2191b561391451ed6e4b8e1b8e637e1ce62495a8abc53dc10a,2026-07,Cumbria Constabulary,Cumbria Constabulary,-2.735033,54.666687,On or near Carleton Meadows,E01019328,Eden 004C,Criminal damage and arson,Under investigation,
152f78de93b99353bcb2ea74d49439258c58c14abd531d52a00831c8e03821b1,2026-07,Cumbria Constabulary,Cumbria Constabulary,-2.740703,54.665592,On or near Rowan Court,E01019328,Eden 004C,Violence and sexual offences,Under investigation,
0e96b6b5349ffcc557510de267487b095855de7b2d9eb55bda78c9cdd88bf9f1,2026-07,Cumbria Constabulary,Cumbria Constabulary,-2.738756,54.666808,On or near Milner Mount,E01019328,Eden 004C,Violence and sexual offences,Under investigation,
1aa1d9042c7ec0dc0448d52dda38cdee75710bb4cb8231197a02dfa28102a617,2026-07,Cumbria Constabulary,Cumbria Constabulary,-2.740703,54.665592,On or near Rowan Court,E01019328,Eden 004C,Violence and sexual offences,Under investigation,
d7e60358cb90d348cda5237a1f2041f864f6a0d4beda429c829d6427d368f182,2026-07,Cumbria Constabulary,Cumbria Constabulary,-2.738756,54.666808,On or near Milner Mount,E01019328,Eden 004C,Violence and sexual offences,Under investigation,
f7225bd433c42d2c5b5a549775ed8db37848b513dbdeee904db8cba5b2f6bbde,2026-07,Cumbria Constabulary,Cumbria Constabulary,-2.780900,54.693594,On or near Parking Area,E01019329,Eden 004D,Drugs,Awaiting court outcome,
33bfc908f6ad8d0f229cbc6416396ca0dd3bf464e1f2dc6e9181dbe6e6123e6e,2026-07,Cumbria Constabulary,Cumbria Constabulary,-2.758434,54.701052,On or near Greengill Lane,E01019329,Eden 004D,Drugs,Under investigation,
3d5599be2480e48aec3b4cb1222697e4dad00e3e75f92ca733e01028902e6dbb,2026-07,Cumbria Constabulary,Cumbria Constabulary,-2.764915,54.685078,On or near Inglewood Road,E01019329,Eden 004D,Violence and sexual offences,Unable to prosecute suspect,
a735c1f274faacb95a216d3c9799a5ad746ea5d151fad0d7f12e4111e56e039b,2026-07,Cumbria Constabulary,Cumbria Constabulary,-2.754163,54.672429,On or near Beacon Close,E01019329,Eden 004D,Violence and sexual offences,Under investigation,
eb582a646761319a095cff4aa67fcad2a42a2c0ee9890ed8096819a79f084eaa,2026-07,Cumbria Constabulary,Cumbria Constabulary,-2.756239,54.667311,On or near Stricklandgate,E01019330,Eden 004E,Drugs,Local resolution,
8a9804c32c7e89b626d8d3498b8fe55b918ebdc97a2bdd911e6ac3c72475bf88,2026-07,Cumbria Constabulary,Cumbria Constabulary,-2.756239,54.667311,On or near Stricklandgate,E01019330,Eden 004E,Drugs,Local resolution,
06ad30614f5b31ab91b298e01b2dcc1d4a6376207c0f54602003462a23e02532,2026-07,Cumbria Constabulary,Cumbria Constabulary,-2.756239,54.667311,On or near Stricklandgate,E01019330,Eden 004E,Drugs,Under investigation,
e4ce20c1bf933ea0fe9a81ae3a309b085f6cd8270c54203f79329224c5daf7d3,2026-07,Cumbria Constabulary,Cumbria Constabulary,-2.756239,54.667311,On or near Stricklandgate,E01019330,Eden 004E,Drugs,Local resolution,
7ad252844629ce0faabb6639985a74386cd43f077e23f48f48ad58d53b6ca226,2026-07,Cumbria Constabulary,Cumbria Constabulary,-2.751245,54.669760,On or near Wordsworth Street,E01019330,Eden 004E,Public order,Under investigation,
6e9dc331c540e6f3bf25a429c1a4e5e1dca1746c456ff7ef65fb5a31ad819c2a,2026-07,Cumbria Constabulary,Cumbria Constabulary,-2.751245,54.669760,On or near Wordsworth Street,E01019330,Eden 004E,Violence and sexual offences,Under investigation,
27c73d199c3e4ab2f5d61e55ef40d99fca209b3e36b7b624f1b810b903de747b,2026-07,Cumbria Constabulary,Cumbria Constabulary,-2.760480,54.671877,On or near Tara Hill,E01019331,Eden 004F,Drugs,Offender given a caution,
d25ce70670ad09cc2111f52668ae793d8a0186051e60cde45acc0ef8726caffc,2026-07,Cumbria Constabulary,Cumbria Constabulary,-2.760480,54.671877,On or near Tara Hill,E01019331,Eden 004F,Other theft,Investigation complete; no suspect identified,
75e7ea5098d5d2d605ca5bf61e10adfd92c1ff428c183764227d2aa59583a7bf,2026-07,Cumbria Constabulary,Cumbria Constabulary,-2.760219,54.670378,On or near Scotland Road,E01019331,Eden 004F,Violence and sexual offences,Under investigation,
4bdeb4106c757b6530a72bda22eb1a8cb6f869902fb21262e2be67a152ac46c9,2026-07,Cumbria Constabulary,Cumbria Constabulary,-2.757607,54.669190,On or near Field House Gardens,E01019331,Eden 004F,Violence and sexual offences,Under investigation,
4dc2191ff888d12ddaabc4af52b2595c6d3da8ec82eb5f612a77c02ea4b8e4f0,2026-07,Cumbria Constabulary,Cumbria Constabulary,-2.761274,54.674568,On or near White Ox Way,E01019331,Eden 004F,Violence and sexual offences,Unable to prosecute suspect,
eb80fd702b02668dbe94c46eee5359e50e623647f5752d77f7a35ab9ec53d120,2026-07,Cumbria Constabulary,Cumbria Constabulary,-2.763807,54.673168,On or near Pennyhill Park,E01019331,Eden 004F,Violence and sexual offences,Under investigation,
0cc05fed9029bbf8b7b5452f0fe701ce2614ef385e71d2ba71853be6928a8bce,2026-07,Cumbria Constabulary,Cumbria Constabulary,-2.761274,54.674568,On or near White Ox Way,E01019331,Eden 004F,Violence and sexual offences,Offender given a caution,
,2026-07,Cumbria Constabulary,Cumbria Constabulary,-2.745125,54.654867,On or near Sports/Recreation Area,E01019334,Eden 004G,Anti-social behaviour,,
a4ca677aa88dd6446437add56e8d1b9f175c1cd52477a8c655195bb7b1ccf9fb,2026-07,Cumbria Constabulary,Cumbria Constabulary,-2.756219,54.655404,On or near Clifford Close,E01019334,Eden 004G,Burglary,Under investigation,
090e32839172c998d88bebdec162f47e10c38df6719095eef8c543ff60a06f76,2026-07,Cumbria Constabulary,Cumbria Constabulary,-2.759099,54.656069,On or near Skirsgill Close,E01019334,Eden 004G,Criminal damage and arson,Under investigation,
664664395a9745cd005ebeb98ef02defdfc67c2e0972b79fcee7b012e223488d,2026-07,Cumbria Constabulary,Cumbria Constabulary,-2.755401,54.654081,On or near Park/Open Space,E01019334,Eden 004G,Drugs,Awaiting court outcome,
d6ff20dd464a60725873300aa0c633669ae77e0a709bf7a8ec3840ffc622f6c2,2026-07,Cumbria Constabulary,Cumbria Constabulary,-2.759099,54.656069,On or near Skirsgill Close,E01019334,Eden 004G,Public order,Further investigation is not in the public interest,
273a7c7d650aea6c7cce1d41ce15e23b12346cbbeb5e84103dec33dd6df87e67,2026-07,Cumbria Constabulary,Cumbria Constabulary,-2.753341,54.655664,On or near Porthouse Road,E01019334,Eden 004G,Violence and sexual offences,Under investigation,
,2026-07,Cumbria Constabulary,Cumbria Constabulary,-2.889044,54.571748,On or near Park/Open Space,E01019308,Eden 005A,Anti-social behaviour,,
,2026-07,Cumbria Constabulary,Cumbria Constabulary,-2.889044,54.571748,On or near Park/Open Space,E01019308,Eden 005A,Anti-social behaviour,,
0a88c0285406c628d72bc5289e6d97b838425cfc08e1c79f43c44f05b692fc3f,2026-07,Cumbria Constabulary,Cumbria Constabulary,-2.687155,54.619832,On or near Back Lane,E01019308,Eden 005A,Burglary,Investigation complete; no suspect identified,
fd58be75649af83a1e9ee160a6a429ef2db07e6e0cebac85b15819b347e76b9b,2026-07,Cumbria Constabulary,Cumbria Constabulary,-2.715641,54.604308,On or near Pattinson Close,E01019308,Eden 005A,Criminal damage and arson,Under investigation,
ef7a4dc11bfb5683c504569b8536a330a97ad90f9c89ca08fdc913cb1270cf5a,2026-07,Cumbria Constabulary,Cumbria Constabulary,-2.715641,54.604308,On or near Pattinson Close,E01019308,Eden 005A,Criminal damage and arson,Under investigation,
37a0bcd8877a71d596da190925b4a14b27f300afcd0d8a05c56c5817ad7253d3,2026-07,Cumbria Constabulary,Cumbria Constabulary,-2.715641,54.604308,On or near Pattinson Close,E01019308,Eden 005A,Drugs,Local resolution,
0607e8279b65ac991d045eed413dd465670584a6eef0c577d127df38b484ca35,2026-07,Cumbria Constabulary,Cumbria Constabulary,-2.715641,54.604308,On or near Pattinson Close,E01019308,Eden 005A,Drugs,Local resolution,
93e9d7dc529dba9308e1e2da11dd5a73224210353913265e528d7f6260ae3435,2026-07,Cumbria Constabulary,Cumbria Constabulary,-2.715641,54.604308,On or near Pattinson Close,E01019308,Eden 005A,Drugs,Local resolution,
a218d9491862f5a229212efae1c2a733db049fbedb715d3ea526fd340e21c67e,2026-07,Cumbria Constabulary,Cumbria Constabulary,-2.771341,54.541331,On or near Park/Open Space,E01019308,Eden 005A,Other theft,Under investigation,
ac49c4e580f76b3985943d6c8c032445a3731f6d9daf6657c0c361a7df13a87f,2026-07,Cumbria Constabulary,Cumbria Constabulary,-2.848405,54.574531,On or near Park/Open Space,E01019308,Eden 005A,Other theft,Investigation complete; no suspect identified,
fff9c80be4119995d712bec3adf90329c872ad7ec1791e6f7e362264f5bf5c8c,2026-07,Cumbria Constabulary,Cumbria Constabulary,-2.751676,54.556215,On or near Petrol Station,E01019308,Eden 005A,Possession of weapons,Under investigation,
ef345143a5d07dea4ed144eb619d466d2506c4fa38b15c40ebcf44a3e2cc9794,2026-07,Cumbria Constabulary,Cumbria Constabulary,-2.715641,54.604308,On or near Pattinson Close,E01019308,Eden 005A,Vehicle crime,Under investigation,
405f20c3af57f52240f08f8bbb99bcb92b6c2030126f38a16f4e25e7e5c1c0ae,2026-07,Cumbria Constabulary,Cumbria Constabulary,-2.715641,54.604308,On or near Pattinson Close,E01019308,Eden 005A,Violence and sexual offences,Investigation complete; no suspect identified,
3c8ad0a356d11f0ac18fd9c3006352b7c276b5e9a6cf49223fa6df073e17048e,2026-07,Cumbria Constabulary,Cumbria Constabulary,-2.715641,54.604308,On or near Pattinson Close,E01019308,Eden 005A,Violence and sexual offences,Investigation complete; no suspect identified,
e88929803a3fd9832597f2c4632077adc41161df50d64b45010c89ee96d86ac1,2026-07,Cumbria Constabulary,Cumbria Constabulary,-2.771341,54.541331,On or near Park/Open Space,E01019308,Eden 005A,Violence and sexual offences,Unable to prosecute suspect,
679bb979bcd0291aeb8e373da216f1aac82ddab87abd067faab3ca41a29c06f7,2026-07,Cumbria Constabulary,Cumbria Constabulary,-2.716372,54.605373,On or near Pennine Close,E01019308,Eden 005A,Violence and sexual offences,Unable to prosecute suspect,
0ac7e5ddbc8dd59120f181e2fdc499df3ef3de800d13852bd0669333df405346,2026-07,Cumbria Constabulary,Cumbria Constabulary,-2.863033,54.571370,On or near Ferry Terminal,E01019308,Eden 005A,Violence and sexual offences,Unable to prosecute suspect,
800d5f188b9d49665751c88c801c2524129484cc355ce2d3562f092c16032d6e,2026-07,Cumbria Constabulary,Cumbria Constabulary,-2.885354,54.572750,On or near Park/Open Space,E01019308,Eden 005A,Violence and sexual offences,Unable to prosecute suspect,
87365db28d640d81255238d56e64ffa1d0a1135b58fbb877c7155763955bd1e6,2026-07,Cumbria Constabulary,Cumbria Constabulary,-2.715641,54.604308,On or near Pattinson Close,E01019308,Eden 005A,Violence and sexual offences,Investigation complete; no suspect identified,
86af7a8124549d11fced565c9e598370dd49f4aa2408b7514bbea39929bb6b54,2026-07,Cumbria Constabulary,Cumbria Constabulary,-2.715641,54.604308,On or near Pattinson Close,E01019308,Eden 005A,Violence and sexual offences,Under investigation,
,2026-07,Cumbria Constabulary,Cumbria Constabulary,-2.827483,54.610084,On or near Ferry Terminal,E01019311,Eden 005B,Anti-social behaviour,,
470496c95ceafe4a54ced48841ab14ad007ab32bc334a41c7ed0d69920ed0192,2026-07,Cumbria Constabulary,Cumbria Constabulary,-2.827483,54.610084,On or near Ferry Terminal,E01019311,Eden 005B,Other theft,Investigation complete; no suspect identified,
000f38e511f75443f42d54ec7bc06a06e01d00bab59347fd3de9a57af25ce9b2,2026-07,Cumbria Constabulary,Cumbria Constabulary,-2.781083,54.647418,On or near Theatre/Concert Hall,E01019311,Eden 005B,Public order,Investigation complete; no suspect identified,
1f16555558aaa66705a31305d35fdf245e91b336272e74347efbe22e89993dfb,2026-07,Cumbria Constabulary,Cumbria Constabulary,-2.834806,54.663749,On or near Park/Open Space,E01019311,Eden 005B,Vehicle crime,Under investigation,
447ed89f73bd0844752b686c4c813bb1da0a3d1d3789120a9ec3a8ee31fa1e8b,2026-07,Cumbria Constabulary,Cumbria Constabulary,-2.837908,54.644998,On or near Parking Area,E01019311,Eden 005B,Violence and sexual offences,Investigation complete; no suspect identified,
aa5d9c1c330d8527166de2fc3d972a62ccff5bbe67d408ea87883ef4ccb14b29,2026-07,Cumbria Constabulary,Cumbria Constabulary,-2.827483,54.610084,On or near Ferry Terminal,E01019311,Eden 005B,Violence and sexual offences,Offender given a caution,
250d5a1c17f1fd2d4551db0d067306f4edd31a0299bfcb63baa0a04b3159e340,2026-07,Cumbria Constabulary,Cumbria Constabulary,-2.801212,54.645723,On or near Sunny Bank,E01019311,Eden 005B,Violence and sexual offences,Under investigation,
7076c0e21408b144859bb96f13ba628685dc8d9e190694b3638cced356c14342,2026-07,Cumbria Constabulary,Cumbria Constabulary,-2.827483,54.610084,On or near Ferry Terminal,E01019311,Eden 005B,Violence and sexual offences,Awaiting court outcome,
4d002f31fead84e27e630af72a5743a8abf900d2c0f353c5eec9a7bda83345e9,2026-07,Cumbria Constabulary,Cumbria Constabulary,-2.825709,54.669302,On or near B5288,E01019311,Eden 005B,Violence and sexual offences,Under investigation,
40242fec8610d54f7244ed28458e80608bb5865dd390f46fbaa5dfb4ab442e1f,2026-07,Cumbria Constabulary,Cumbria Constabulary,-2.827483,54.610084,On or near Ferry Terminal,E01019311,Eden 005B,Other crime,Awaiting court outcome,
043788c82b4d87e823e743e94f9b3c1bf3c496040851c92c7a30dc7d5073bff9,2026-07,Cumbria Constabulary,Cumbria Constabulary,-2.871354,54.669144,On or near Ashburn Croft,E01019313,Eden 005C,Violence and sexual offences,Under investigation,
,2026-07,Cumbria Constabulary,Cumbria Constabulary,-2.943909,54.543571,On or near Ferry Terminal,E01019339,Eden 005D,Anti-social behaviour,,
,2026-07,Cumbria Constabulary,Cumbria Constabulary,-2.942363,54.583161,On or near Park/Open Space,E01019339,Eden 005D,Anti-social behaviour,,
,2026-07,Cumbria Constabulary,Cumbria Constabulary,-2.947116,54.563149,On or near Parking Area,E01019339,Eden 005D,Anti-social behaviour,,
9291404d996788e030109b548007df8613ed04822036da277e87cfd87918446e,2026-07,Cumbria Constabulary,Cumbria Constabulary,-2.937659,54.638974,On or near Parking Area,E01019339,Eden 005D,Burglary,Under investigation,
5d4dcafde575c4bc39453ccfecc27ec2015f37ccae5cf2b58213d650bddd9caa,2026-07,Cumbria Constabulary,Cumbria Constabulary,-2.942363,54.583161,On or near Park/Open Space,E01019339,Eden 005D,Burglary,Under investigation,
af2e90a30c0f172b39cca441eab831448251ec569225fe5067d9bbd45524e8bc,2026-07,Cumbria Constabulary,Cumbria Constabulary,-2.957821,54.544882,On or near Greenside Road,E01019339,Eden 005D,Burglary,Under investigation,
433c232736cf230ba0991011917490f053e96c784a8df205780552c8c3d96d83,2026-07,Cumbria Constabulary,Cumbria Constabulary,-2.937085,54.602562,On or near Means Brow,E01019339,Eden 005D,Burglary,Under investigation,
f41a04737707dff57321f2dddfebfbe1645d3ec266722e2b1b70ec9360cf4cb9,2026-07,Cumbria Constabulary,Cumbria Constabulary,-2.942363,54.583161,On or near Park/Open Space,E01019339,Eden 005D,Burglary,Under investigation,
9262404d4fd6a5e04a420dc977293964e9eafcc4513647bcd3d7db489ddb92b2,2026-07,Cumbria Constabulary,Cumbria Constabulary,-2.937549,54.598541,On or near Means Brow,E01019339,Eden 005D,Other theft,Under investigation,
ee24747542b63a24aa644d7d3a316b9a706f7d1867968eccedf3b5623a8c662b,2026-07,Cumbria Constabulary,Cumbria Constabulary,-2.942363,54.583161,On or near Park/Open Space,E01019339,Eden 005D,Public order,Offender given a caution,
d8470d885e3731fd3da9b73397f50f762386467bcab353303c25f270cb988bf7,2026-07,Cumbria Constabulary,Cumbria Constabulary,-2.950374,54.561001,On or near Parking Area,E01019339,Eden 005D,Public order,Under investigation,
f013fa754f3ab29cdac2bd0d53d7b5f9e8987c508fdb1c45321c53073df5603d,2026-07,Cumbria Constabulary,Cumbria Constabulary,-2.951342,54.544124,On or near Parking Area,E01019339,Eden 005D,Violence and sexual offences,Under investigation,
7b957b1d0b11bb2ab9655f1b5b1be0f78de78726e4852ce5b4e438165870171e,2026-07,Cumbria Constabulary,Cumbria Constabulary,-2.954078,54.544138,On or near Browfield Close,E01019339,Eden 005D,Violence and sexual offences,Unable to prosecute suspect,
6fdc7927e84de3f7c646b7d986a1fafa107cd3dae5e7e6c8fb20e66c2dc305cd,2026-07,Cumbria Constabulary,Cumbria Constabulary,-2.490130,54.578066,On or near Bridge Street,E01019306,Eden 006A,Other theft,Investigation complete; no suspect identified,
10a04bf4b9e7ed1ab0305e7f7f583fd30760a051a3f63da7ceee2b71d2d1f95d,2026-07,Cumbria Constabulary,Cumbria Constabulary,-2.491490,54.572812,On or near Caesar'S View,E01019306,Eden 006A,Public order,Under investigation,
b4c65941305c58512852bde4d6cadc1e26d4dd0071d06abaf38d6e8ba7882465,2026-07,Cumbria Constabulary,Cumbria Constabulary,-2.491604,54.577081,On or near Shopping Area,E01019306,Eden 006A,Public order,Under investigation,
c74278a5201ac59557f47cd65bdc9f379358574e5bbb2053dfb9d22368418796,2026-07,Cumbria Constabulary,Cumbria Constabulary,-2.493194,54.578117,On or near Chapel Street,E01019306,Eden 006A,Violence and sexual offences,Under investigation,
61a23ec31ca9ab7b371ef05e2301fe9ddef63ff54f50b72270246cccbb28f269,2026-07,Cumbria Constabulary,Cumbria Constabulary,-2.490710,54.570946,On or near Scattergate Crescent,E01019306,Eden 006A,Violence and sexual offences,Under investigation,
da14a31543d30b15a269743c4b455f5b7d6245361cf1823db6a2eabaceb77372,2026-07,Cumbria Constabulary,Cumbria Constabulary,-2.492106,54.577699,On or near Low Wiend,E01019306,Eden 006A,Violence and sexual offences,Under investigation,
b52c09d2f6de241c852042f2813d9d53ac1992470060c6079d9eb7877e9aa2a2,2026-07,Cumbria Constabulary,Cumbria Constabulary,-2.490130,54.578066,On or near Bridge Street,E01019306,Eden 006A,Violence and sexual offences,Unable to prosecute suspect,
b4f44604c5ccb15a7d1b63aec1115c783390e97703ee59becf51c9c33b7456b8,2026-07,Cumbria Constabulary,Cumbria Constabulary,-2.490710,54.570946,On or near Scattergate Crescent,E01019306,Eden 006A,Violence and sexual offences,Under investigation,
cab46c22e456e80eb8b834a64ebcd18ca0a8e3785e7d0fd72211e1bc69151ecb,2026-07,Cumbria Constabulary,Cumbria Constabulary,-2.491490,54.572812,On or near Caesar'S View,E01019306,Eden 006A,Violence and sexual offences,Under investigation,
fc68c1577a80f56ae7b6d381bf3fe3ee346f4dcbc8539cb84bee2d8e847ad16c,2026-07,Cumbria Constabulary,Cumbria Constabulary,-2.490611,54.571684,On or near Scattergate Close,E01019306,Eden 006A,Violence and sexual offences,Unable to prosecute suspect,
7114ee3abab3fedd750975a56a1c3e41c78ef38cd21a7566a78deccd29700430,2026-07,Cumbria Constabulary,Cumbria Constabulary,-2.483072,54.577744,On or near Drawbriggs Mount,E01019307,Eden 006B,Public order,Under investigation,
86b38cefed2efe36e2a0f81a070d51d59cef156fc9ddc588c745e54a1c1406c0,2026-07,Cumbria Constabulary,Cumbria Constabulary,-2.484787,54.580173,On or near Thanet Terrace,E01019307,Eden 006B,Violence and sexual offences,Under investigation,
,2026-07,Cumbria Constabulary,Cumbria Constabulary,-2.586557,54.519806,On or near Gilts Lane,E01019310,Eden 006C,Anti-social behaviour,,
0e26f743444abbe898f1789f8f8514b726e547fe0fbde6ca75c3df41e16adb39,2026-07,Cumbria Constabulary,Cumbria Constabulary,-2.589249,54.525473,On or near Tenter Row,E01019310,Eden 006C,Vehicle crime,Investigation complete; no suspect identified,
979765f4cbf3cec70418d4ef63da9f3e6d65397d6be1fbbd1b390e54b15efd20,2026-07,Cumbria Constabulary,Cumbria Constabulary,-2.500273,54.509400,On or near Sayle Lane,E01019310,Eden 006C,Violence and sexual offences,Under investigation,
b0042a7abcba74a3e1a206c2a4ddad9f46ca10c237c035c348cb56fc5a262ef1,2026-07,Cumbria Constabulary,Cumbria Constabulary,-2.581534,54.572880,On or near Littlebeck Lane,E01019310,Eden 006C,Violence and sexual offences,Under investigation,
5ac4307d9bd0dc192f3101fbb5c0c707c16c14aec0154c2ae71c3edfa7fd0c43,2026-07,Cumbria Constabulary,Cumbria Constabulary,-2.600308,54.634646,On or near Petrol Station,E01019319,Eden 006D,Burglary,Under investigation,
77abe2034e32625a8bc3d34bacb1809d111915e3a877be02e6ba52253bd7417a,2026-07,Cumbria Constabulary,Cumbria Constabulary,-2.563543,54.623274,On or near Main Street,E01019319,Eden 006D,Other theft,Awaiting court outcome,
78fb78e913a9433fda29b23672df1c47fd5b4bafd9f545f7316b3bd59793e523,2026-07,Cumbria Constabulary,Cumbria Constabulary,-2.656631,54.635171,On or near Park/Open Space,E01019319,Eden 006D,Other theft,Under investigation,
d380b3944912c3c81d53ee5bb413a7209f5752e7ba6d18e983f6e08ecfa40291,2026-07,Cumbria Constabulary,Cumbria Constabulary,-2.563543,54.623274,On or near Main Street,E01019319,Eden 006D,Other theft,Under investigation,
831d876d969177b2991f00a26e944f975d4672b59f3cd2c4ebb3d69b454c55f8,2026-07,Cumbria Constabulary,Cumbria Constabulary,-2.732161,54.647544,On or near Brougham Hall Gardens,E01019319,Eden 006D,Public order,Under investigation,
00dcfc72b682c7374709598572ae74d3d2b2b4140db87b2fc06de952c6eb3be9,2026-07,Cumbria Constabulary,Cumbria Constabulary,-2.602094,54.636982,On or near Chapel Street,E01019319,Eden 006D,Public order,Unable to prosecute suspect,
fa160d327113fa2fe840670fae9d15415d18f78c01b6246fc405e6ffc78a23cd,2026-07,Cumbria Constabulary,Cumbria Constabulary,-2.732161,54.647544,On or near Brougham Hall Gardens,E01019319,Eden 006D,Violence and sexual offences,Under investigation,
6db23838cb4af78571c53e3b65dfd0aa2df964f5a64dfaef478da6cbf101c20e,2026-07,Cumbria Constabulary,Cumbria Constabulary,-2.557776,54.626231,On or near Town Head Garth,E01019319,Eden 006D,Violence and sexual offences,Under investigation,
afef5911579256fdc3d23c8840427dc8d910ceb447fe37ce6596a3dbc29f05ad,2026-07,Cumbria Constabulary,Cumbria Constabulary,-2.656631,54.635171,On or near Park/Open Space,E01019319,Eden 006D,Violence and sexual offences,Under investigation,
81cb47b1889ce4a2b95df8ced53e1ddff3aa76d3164a78f2051ed7806a36838a,2026-07,Cumbria Constabulary,Cumbria Constabulary,-2.656631,54.635171,On or near Park/Open Space,E01019319,Eden 006D,Violence and sexual offences,Under investigation,
0ed0f51a612f999f5f89928e1e35074a5b8a806376b6381fd856f2837c09a7b8,2026-07,Cumbria Constabulary,Cumbria Constabulary,-2.480999,54.619757,On or near The Ride,E01019323,Eden 006E,Burglary,Investigation complete; no suspect identified,
00b0dc1ad35b43c13990b65cec8c616db852332a29f1b78ba04d52bbf136448e,2026-07,Cumbria Constabulary,Cumbria Constabulary,-2.480999,54.619757,On or near The Ride,E01019323,Eden 006E,Criminal damage and arson,Investigation complete; no suspect identified,
ddbc3168890232de39a0dc76c6d37942b20fcf10911956a5f9249cdbd4d1dbdd,2026-07,Cumbria Constabulary,Cumbria Constabulary,-2.673311,54.505442,On or near Park/Open Space,E01019337,Eden 006G,Drugs,Under investigation,
9592d110a22c218ee798ee1aa010d15479ef6ea6a4783d955e50a8a39ccca6cf,2026-07,Cumbria Constabulary,Cumbria Constabulary,-2.674608,54.525062,On or near Greencroft,E01019337,Eden 006G,Vehicle crime,Under investigation,
c6ebeb546bd1deaa7649d5ecf2526d7c59b235716dbc4d32ec721d1316ecc28d,2026-07,Cumbria Constabulary,Cumbria Constabulary,-2.322816,54.527044,On or near Castle View,E01019309,Eden 007A,Burglary,Investigation complete; no suspect identified,
d9ffde468fff7f43f233c48e8b7e8958ddb678a00b7d0a375374693fbae3cea4,2026-07,Cumbria Constabulary,Cumbria Constabulary,-2.321064,54.526177,On or near Castle Park,E01019309,Eden 007A,Criminal damage and arson,Under investigation,
d0705b546469e071e6ea6b4de8b9d1ee1845fd01bf710643e16e5a9a8e55a090,2026-07,Cumbria Constabulary,Cumbria Constabulary,-2.240298,54.501749,On or near Barras Brow,E01019309,Eden 007A,Vehicle crime,Under investigation,
9cdfdf821f96363e1403363d71852214c4183abe1db32c212142e726277ca110,2026-07,Cumbria Constabulary,Cumbria Constabulary,-2.322699,54.525822,On or near Lady Anne Drive,E01019309,Eden 007A,Violence and sexual offences,Under investigation,
c4a6d4f9fc389c03a19a23baccc6c115eb06390dffc3feb0c11acdb22bad16b9,2026-07,Cumbria Constabulary,Cumbria Constabulary,-2.322816,54.527044,On or near Castle View,E01019309,Eden 007A,Violence and sexual offences,Under investigation,
686d2b55cfc889c2f886b7dbe55481ff8d0b1f8e94da08f1a617b77c4b995368,2026-07,Cumbria Constabulary,Cumbria Constabulary,-2.322699,54.525822,On or near Lady Anne Drive,E01019309,Eden 007A,Violence and sexual offences,Under investigation,
b149a28037605045fcf6aeeeb87a5f2de03aae6bf604c53816855503c426c816,2026-07,Cumbria Constabulary,Cumbria Constabulary,-2.354911,54.465007,On or near Croglam Park,E01019317,Eden 007B,Public order,Awaiting court outcome,
d9b0a18ced2ca4f940251d8bc3bf5fea94b7350208a42fb15d9f6e59b1de86a1,2026-07,Cumbria Constabulary,Cumbria Constabulary,-2.351950,54.474146,On or near Parking Area,E01019317,Eden 007B,Violence and sexual offences,Unable to prosecute suspect,
6fcc3a631ba20000c3861b142c69e9abb5fa6acf269241fb8cb6b59766d7981e,2026-07,Cumbria Constabulary,Cumbria Constabulary,-2.345833,54.474273,On or near Sports/Recreation Area,E01019317,Eden 007B,Violence and sexual offences,Under investigation,
2bbfcc070c5cde8fec117caeb5da18f4ffaad87860d883f6a1449838a881f44e,2026-07,Cumbria Constabulary,Cumbria Constabulary,-2.351950,54.474146,On or near Parking Area,E01019317,Eden 007B,Violence and sexual offences,Local resolution,
,2026-07,Cumbria Constabulary,Cumbria Constabulary,-2.349515,54.474486,On or near Silver Street,E01019318,Eden 007C,Anti-social behaviour,,
,2026-07,Cumbria Constabulary,Cumbria Constabulary,-2.353749,54.469809,On or near Stye Lane,E01019318,Eden 007C,Anti-social behaviour,,
a4dc79fcc895cd3febf904e976d6ffa53e09cef12e50b99b4747392ea4d8bea0,2026-07,Cumbria Constabulary,Cumbria Constabulary,-2.348441,54.473464,On or near Market Square,E01019318,Eden 007C,Burglary,Under investigation,
ca379cf12c0520cbbb539dfa2b05f69984bfce5022945fd1e71a1c3c5d8d28bb,2026-07,Cumbria Constabulary,Cumbria Constabulary,-2.349093,54.472043,On or near Croft Street,E01019318,Eden 007C,Drugs,Awaiting court outcome,
7efaba55b94ff6a0d81f0231355c374c938104bb3de3431cee32f33df7adc9d3,2026-07,Cumbria Constabulary,Cumbria Constabulary,-2.349093,54.472043,On or near Croft Street,E01019318,Eden 007C,Other theft,Under investigation,
74f470f111f477fd493f218f197e453de3c64c4b5f08bc4e49f1f5734d9b8fc0,2026-07,Cumbria Constabulary,Cumbria Constabulary,-2.351643,54.468935,On or near A685,E01019318,Eden 007C,Public order,Local resolution,
5e4aba77c3d485357ce36a0f5615d8e09a27597c3fa086449e2163c190a268e2,2026-07,Cumbria Constabulary,Cumbria Constabulary,-2.352902,54.469956,On or near Westgarth Avenue,E01019318,Eden 007C,Public order,Unable to prosecute suspect,
8cfe79a8c36a19e813b3146053800d597dba26a7f28c49a03e46801dfc7491cb,2026-07,Cumbria Constabulary,Cumbria Constabulary,-2.350356,54.477162,On or near Gasgarth Mews,E01019318,Eden 007C,Shoplifting,Under investigation,
cfc9579bb03c6963a24b2acf9ae9d2aa718351259eb9a9e314b5e7f12a51d301,2026-07,Cumbria Constabulary,Cumbria Constabulary,-2.349515,54.474486,On or near Silver Street,E01019318,Eden 007C,Shoplifting,Under investigation,
f5ff9396bb7c0b029b4a6da4d6f46e7eb025f116fd9cc736607ed98ef0909244,2026-07,Cumbria Constabulary,Cumbria Constabulary,-2.352799,54.470603,On or near Westgarth Road,E01019318,Eden 007C,Violence and sexual offences,Under investigation,
952b18b55a4dfe4746fea718043ada94708b9a58edff24971bb6f1fc09ef4eb7,2026-07,Cumbria Constabulary,Cumbria Constabulary,-2.349151,54.475242,On or near North Road,E01019318,Eden 007C,Violence and sexual offences,Local resolution,
0b845c9d58d788a0ebebfa5e23379860e415049418f81bebbab2ddfb684d7253,2026-07,Cumbria Constabulary,Cumbria Constabulary,-2.348441,54.473464,On or near Market Square,E01019318,Eden 007C,Violence and sexual offences,Unable to prosecute suspect,
cae81103cae030bfb5a66f0dae7023596a4fb82a10b885b3ea388da00079158f,2026-07,Cumbria Constabulary,Cumbria Constabulary,-2.353762,54.469549,On or near Westgarth Gate,E01019318,Eden 007C,Violence and sexual offences,Under investigation,
a862989241180a205e2540bb13fb956ed8f557787c7b6f29ad6e351be2314a3a,2026-07,Cumbria Constabulary,Cumbria Constabulary,-2.348441,54.473464,On or near Market Square,E01019318,Eden 007C,Violence and sexual offences,Local resolution,
3b020d3f46b5ae04a718ca46f483817008ec53fa3563273d783b62509680b5b2,2026-07,Cumbria Constabulary,Cumbria Constabulary,-2.353762,54.469549,On or near Westgarth Gate,E01019318,Eden 007C,Other crime,Unable to prosecute suspect,
52f39c8ba1ded4fb876cad5201a9c4a5f5cf7d08e7ff11a63520379cc49a81c8,2026-07,Cumbria Constabulary,Cumbria Constabulary,-2.584160,54.466641,On or near Martinagap Lane,E01019325,Eden 007D,Criminal damage and arson,Under investigation,
c9f38ba15903c9b75809d194aede6acf165006f6f3fd91aeb38d23f5c8c42b82,2026-07,Cumbria Constabulary,Cumbria Constabulary,-2.586366,54.468751,On or near West End Road,E01019325,Eden 007D,Criminal damage and arson,Investigation complete; no suspect identified,
1eb25cac54794b6ccd70f9a3872af70a9243b24835166b49fb836b694504cc1e,2026-07,Cumbria Constabulary,Cumbria Constabulary,-2.594433,54.435603,On or near Galloper Park,E01019325,Eden 007D,Criminal damage and arson,Investigation complete; no suspect identified,
ffa1fc197c4e1dd130ce9c7f3ea287d825a5600c2f6b137b0a3d2f774c2abd3e,2026-07,Cumbria Constabulary,Cumbria Constabulary,-2.620032,54.444183,On or near Pikestol Lane,E01019325,Eden 007D,Drugs,Under investigation,
76352e6c16954a56db304bb30d17d6203e368c65cce4ccbe5288e8257e227a32,2026-07,Cumbria Constabulary,Cumbria Constabulary,-2.584160,54.466641,On or near Martinagap Lane,E01019325,Eden 007D,Other theft,Under investigation,
559162d9bfb1da52504ce440a3ce171548b1e19a34215646e3f00cacbc5e4dc3,2026-07,Cumbria Constabulary,Cumbria Constabulary,-2.594213,54.438489,On or near Petrol Station,E01019325,Eden 007D,Violence and sexual offences,Under investigation,
6b820f9df13f2c1ae5cd5b2f91b7010d5657f234a149dba737f58a2e5a31a819,2026-07,Cumbria Constabulary,Cumbria Constabulary,-2.620032,54.444183,On or near Pikestol Lane,E01019325,Eden 007D,Violence and sexual offences,Under investigation,
eb942806df41640cb969a4de987eb569c811b9725eeb5f0c0cb74076f8f613dc,2026-07,Cumbria Constabulary,Cumbria Constabulary,-2.416668,54.519594,On or near Ravelands Brow,E01019340,Eden 007E,Violence and sexual offences,Under investigation,
99f6f046b63ee18420f1d79ed151cb4fb8f27cef4d5dfd2e4d63b9a2521ce349,2026-07,Cumbria Constabulary,Cumbria Constabulary,-2.764134,54.125659,On or near Prince Avenue,E01025097,Lancaster 001C,Violence and sexual offences,Under investigation,
0ab73926f686e82bc552b4bda980727856a30a35c32fc87b23f5c0b5a372d68e,2026-07,Cumbria Constabulary,Cumbria Constabulary,-2.793006,54.107910,On or near Tennyson Close,E01025090,Lancaster 003B,Violence and sexual offences,Unable to prosecute suspect,
8dac4b1b916a26d4d7d0369ac6a7842ee096edee36b1337edd7651d3c3518b35,2026-07,Cumbria Constabulary,Cumbria Constabulary,-2.809155,54.060599,On or near Edenvale Road,E01025150,Lancaster 011B,Violence and sexual offences,Under investigation,
6c66d58ed3e0b931500e18f77d6d7e4d3b3056a315f00427cb9fae65e8fcb419,2026-07,Cumbria Constabulary,Cumbria Constabulary,-2.845570,53.982001,On or near Moss Lane,E01025107,Lancaster 019C,Violence and sexual offences,Under investigation,
2b1fb9f467dc97512deeed351e6d62681b3a3bc3bc87e5042f1216cfeebd69f0,2026-07,Cumbria Constabulary,Cumbria Constabulary,-2.810645,54.059456,On or near Ashdale Place,E01025156,Lancaster 020H,Violence and sexual offences,Under investigation,
a0159309b43abcd7a9c0574d15e16f8d97febe12d9f572234eabbaa48528d3b4,2026-07,Cumbria Constabulary,Cumbria Constabulary,-2.223738,53.454480,On or near Parking Area,E01005288,Manchester 025E,Violence and sexual offences,Under investigation,
2352840ba0ba1a4f5f023d76fa5134f4cbd489b8953188a86a02d4e9391f1420,2026-07,Cumbria Constabulary,Cumbria Constabulary,-2.728453,53.770074,On or near Plumpton Road,E01025311,Preston 012D,Violence and sexual offences,Under investigation,
b3e5021328cfd710280a37f93d799910125fda076432b46606cac48cfa8b03a6,2026-07,Cumbria Constabulary,Cumbria Constabulary,-2.706227,53.757489,On or near Falkland Street,E01025314,Preston 012G,Violence and sexual offences,Under investigation,
f9ea06ed1021b0d2650c0e347346227d3a5575f40cc636a062da0fc6760bd189,2026-07,Cumbria Constabulary,Cumbria Constabulary,-2.143232,53.632753,On or near Buckley Farm Lane,E01005490,Rochdale 005B,Drugs,Awaiting court outcome,
f4532b02e18f6d7bf77ede57a378a5b04fa3d3fed55e2f4ae6307f2d37c17e10,2026-07,Cumbria Constabulary,Cumbria Constabulary,-0.416596,54.296149,On or near Strensall Drive,E01034974,Scarborough 006F,Other crime,Under investigation,
dc79bc1163879a241cfd73d727478ca091d677fc4dcba4c039a7c204ef39c853,2026-07,Cumbria Constabulary,Cumbria Constabulary,-2.488123,51.443723,On or near The Grove,E01014941,South Gloucestershire 030E,Violence and sexual offences,Unable to prosecute suspect,
ed698f9762dce6220715489f3c7c75ca0a58bf29706f85b80a02df7d05c12727,2026-07,Cumbria Constabulary,Cumbria Constabulary,-2.963224,54.430340,On or near King Street,E01019374,South Lakeland 001A,Other theft,Under investigation,
0e4f9cd56613c77999ea6a565d89ecbd7f8a357c5892960cdcb53726a473cd82,2026-07,Cumbria Constabulary,Cumbria Constabulary,-2.963684,54.432179,On or near Supermarket,E01019374,South Lakeland 001A,Shoplifting,Under investigation,
f3688d99c1c1ae5c61b6dcf8b9ff807ea12de040ad462eecf99422180d06e1f2,2026-07,Cumbria Constabulary,Cumbria Constabulary,-2.963684,54.432179,On or near Supermarket,E01019374,South Lakeland 001A,Violence and sexual offences,Under investigation,
528fecdb20301296705f9887c79afc8a783db337c2254d0cc8985a0f1fcb0a7c,2026-07,Cumbria Constabulary,Cumbria Constabulary,-2.963224,54.430340,On or near King Street,E01019374,South Lakeland 001A,Violence and sexual offences,Under investigation,
,2026-07,Cumbria Constabulary,Cumbria Constabulary,-2.929613,54.417159,On or near Hundreds Road,E01019375,South Lakeland 001B,Anti-social behaviour,,
dc2a8651f8c7cdcf7a1400573d88a4c70f66d30a04d25c1d3865af4458007184,2026-07,Cumbria Constabulary,Cumbria Constabulary,-2.940606,54.400554,On or near Parking Area,E01019375,South Lakeland 001B,Criminal damage and arson,Investigation complete; no suspect identified,
2474c8a98208165d0d0aef45b15922207ff3287999beeb2ca7e3757fbe28884a,2026-07,Cumbria Constabulary,Cumbria Constabulary,-2.948509,54.410613,On or near Skelghyll Lane,E01019375,South Lakeland 001B,Drugs,Local resolution,
a6ba95dc7c422ca77657ee7618f06d8fd230c376ee8d1a78fbb7fa0fd6097203,2026-07,Cumbria Constabulary,Cumbria Constabulary,-2.956468,54.432138,On or near Stockghyll Lane,E01019375,South Lakeland 001B,Other theft,Under investigation,
1c94b6a55fc3c76b3018caf4090067d60b6e79f67713deaef0f352cf1106095b,2026-07,Cumbria Constabulary,Cumbria Constabulary,-2.961321,54.427390,On or near Old Lake Road,E01019375,South Lakeland 001B,Other theft,Under investigation,
c7c4c56f5240e89985d401d197699acca900898d9830b19ff2d4a6700fecbb58,2026-07,Cumbria Constabulary,Cumbria Constabulary,-2.921224,54.396246,On or near Bridge Lane,E01019375,South Lakeland 001B,Violence and sexual offences,Investigation complete; no suspect identified,
494d374d1f5f7eb7702d5927cda66ea4f8849afeeb6feda145f34218bbea32ad,2026-07,Cumbria Constabulary,Cumbria Constabulary,-2.940606,54.400554,On or near Parking Area,E01019375,South Lakeland 001B,Violence and sexual offences,Under investigation,
f51eaf3ebbd9b906657fba36a7a63207fa80cec0d78030f549946289e535cd71,2026-07,Cumbria Constabulary,Cumbria Constabulary,-2.960098,54.442327,On or near Sweden Bridge Lane,E01019375,South Lakeland 001B,Violence and sexual offences,Under investigation,
1f6dd30204aa56fb120ba14c80b886acf0b451f78f156b119d5b5c82cdcfb79f,2026-07,Cumbria Constabulary,Cumbria Constabulary,-2.962232,54.422197,On or near Mciver Close,E01019375,South Lakeland 001B,Violence and sexual offences,Under investigation,
,2026-07,Cumbria Constabulary,Cumbria Constabulary,-3.021839,54.444805,On or near Red Bank,E01019376,South Lakeland 001C,Anti-social behaviour,,
f4d11e993f7a06abe3f61ba8f0e9be70a25212eb9f24902f9b64abebd55e66ef,2026-07,Cumbria Constabulary,Cumbria Constabulary,-3.087652,54.448167,On or near Parking Area,E01019376,South Lakeland 001C,Bicycle theft,Under investigation,
c27cb7fd88902f6c59fccd452ab40b2ec9d6ad1a3c5c1cae2f506e68ea4169fb,2026-07,Cumbria Constabulary,Cumbria Constabulary,-3.054919,54.439496,On or near B5343,E01019376,South Lakeland 001C,Burglary,Unable to prosecute suspect,
6a2230a8d6690042ead22349e88591746d25d51e7522df14ae94f2ce3617a7f1,2026-07,Cumbria Constabulary,Cumbria Constabulary,-3.010214,54.450021,On or near Park/Open Space,E01019376,South Lakeland 001C,Other theft,Investigation complete; no suspect identified,
d0d8d5caf8a0b9dae10405132d9ccfd4989663f46ebdbc85ef3999120385d946,2026-07,Cumbria Constabulary,Cumbria Constabulary,-3.022838,54.462618,On or near Broadgate Orchard,E01019376,South Lakeland 001C,Other theft,Under investigation,
c1bce9af0a2442bef0268cd9d5ef43f0c100b0ad6d6c0b0fd01bed060bcf7856,2026-07,Cumbria Constabulary,Cumbria Constabulary,-3.019776,54.443097,On or near Red Bank,E01019376,South Lakeland 001C,Other theft,Investigation complete; no suspect identified,
ef4154b15a7a0092ad6a5bca177b7d16e80d0f1422c453216f1ce5310b1f02c6,2026-07,Cumbria Constabulary,Cumbria Constabulary,-3.010214,54.450021,On or near Park/Open Space,E01019376,South Lakeland 001C,Other theft,Investigation complete; no suspect identified,
a07517bd013ca9e726e5d83ee4a1711f4ee2b52f2f7de485d70af48f70b1cdc3,2026-07,Cumbria Constabulary,Cumbria Constabulary,-3.022432,54.456214,On or near Lake View Drive,E01019376,South Lakeland 001C,Public order,Investigation complete; no suspect identified,
e18dbb891edba54a2a5d368e81a25d45b6675662367e169314d84a234bb21399,2026-07,Cumbria Constabulary,Cumbria Constabulary,-3.023752,54.459043,On or near College Street,E01019376,South Lakeland 001C,Theft from the person,Under investigation,
4a18a52386a1ec883ca8f96101aad771f103f7b7ae7c37fba5d2930ce6363b91,2026-07,Cumbria Constabulary,Cumbria Constabulary,-3.023846,54.468330,On or near Parking Area,E01019376,South Lakeland 001C,Violence and sexual offences,Under investigation,
2bd7eafbfba5f07bb7ca6d8490546a83589ff74f64725c6ec89c47a0257dcb09,2026-07,Cumbria Constabulary,Cumbria Constabulary,-3.022838,54.462618,On or near Broadgate Orchard,E01019376,South Lakeland 001C,Violence and sexual offences,Under investigation,
fed6db198334c5eb1b34104843fda068c0e356fd74a233f92b352a5893627b0c,2026-07,Cumbria Constabulary,Cumbria Constabulary,-3.022432,54.456214,On or near Lake View Drive,E01019376,South Lakeland 001C,Violence and sexual offences,Under investigation,
2c72b6dc770d304b10a31c24bd6176bd88494c8aab140cb9062a575dbdfb6d81,2026-07,Cumbria Constabulary,Cumbria Constabulary,-3.054919,54.439496,On or near B5343,E01019376,South Lakeland 001C,Violence and sexual offences,Under investigation,
1ac4e70eb38230f284f444f01b99f8d3711540fd002b445726099875addea6ba,2026-07,Cumbria Constabulary,Cumbria Constabulary,-3.021981,54.465349,On or near Pye Lane,E01019376,South Lakeland 001C,Violence and sexual offences,Under investigation,
710d0eb11d796a5cc5f93b0cb12e514796c86a34628077f5a7e55b49a7db3f75,2026-07,Cumbria Constabulary,Cumbria Constabulary,-3.023969,54.457854,On or near Church Stile,E01019376,South Lakeland 001C,Violence and sexual offences,Under investigation,
,2026-07,Cumbria Constabulary,Cumbria Constabulary,-2.909381,54.379619,On or near Phoenix Way,E01019395,South Lakeland 001D,Anti-social behaviour,,
5cde6a380bb105a2a79acb99a7412caca7132875905fcbdad42245910f192045,2026-07,Cumbria Constabulary,Cumbria Constabulary,-2.906402,54.378599,On or near Main Road,E01019395,South Lakeland 001D,Burglary,Under investigation,
a119fd8a6ddd517e67b1dc1cf9b06438b8abf1008d11566e62aee559c718a182,2026-07,Cumbria Constabulary,Cumbria Constabulary,-2.913140,54.378324,On or near Birthwaite Road,E01019395,South Lakeland 001D,Burglary,Under investigation,
0b571ca5a93163f633f557c11dc643c182877fd22ae2a4f0e5d4b62900464035,2026-07,Cumbria Constabulary,Cumbria Constabulary,-2.905606,54.380205,On or near High Street,E01019395,South Lakeland 001D,Other theft,Under investigation,
6b4a46d7200758128e843ec29c0935d79ece445744dcee1d0ba0a10bc7cb866b,2026-07,Cumbria Constabulary,Cumbria Constabulary,-2.906354,54.377818,On or near Petrol Station,E01019395,South Lakeland 001D,Robbery,Under investigation,
b5fdc578dfa2f0820da8648be9ee0a585f1313a497e97b7031a0b08e5fd0583c,2026-07,Cumbria Constabulary,Cumbria Constabulary,-2.907321,54.378386,On or near College Road,E01019395,South Lakeland 001D,Violence and sexual offences,Unable to prosecute suspect,
d3d71cd84b0f383b902b1d82a0a61037546ace37fdb1d05d16386878acc1c606,2026-07,Cumbria Constabulary,Cumbria Constabulary,-2.919403,54.369918,On or near Millbeckstock,E01019395,South Lakeland 001D,Violence and sexual offences,Further investigation is not in the public interest,
edf13d11c32c651a139319d25792686c70cf9597852c9583559a44a841188a78,2026-07,Cumbria Constabulary,Cumbria Constabulary,-2.906354,54.377818,On or near Petrol Station,E01019395,South Lakeland 001D,Violence and sexual offences,Under investigation,
cf5c0620378f968fd6bd74ba05cf47f69f834109a7ca7ba20675dbc2c9f30b20,2026-07,Cumbria Constabulary,Cumbria Constabulary,-2.919403,54.369918,On or near Millbeckstock,E01019395,South Lakeland 001D,Violence and sexual offences,Under investigation,
66f5b62ded857730c8848424d3ffcf1bfbabe6e9e12fed9850fc3e6bdaf0c144,2026-07,Cumbria Constabulary,Cumbria Constabulary,-2.907321,54.378386,On or near College Road,E01019395,South Lakeland 001D,Violence and sexual offences,Unable to prosecute suspect,
15ee3633e93ecdc8f87749fe1d5cd19803eed4989f9bc32dfbc207bb99c04b1d,2026-07,Cumbria Constabulary,Cumbria Constabulary,-2.915794,54.386222,On or near Ambleside Road,E01019395,South Lakeland 001D,Violence and sexual offences,Unable to prosecute suspect,
588c51dc8eee7ea2d16d019f6367e029cee13eadcecf3851424ead31a928d863,2026-07,Cumbria Constabulary,Cumbria Constabulary,-2.905442,54.379721,On or near Cross Street,E01019395,South Lakeland 001D,Violence and sexual offences,Under investigation,
fdc677c2563597ca3100d2dfe854a95284d54efe65155754e584118715cc7d72,2026-07,Cumbria Constabulary,Cumbria Constabulary,-2.905104,54.379058,On or near Maple Court,E01019395,South Lakeland 001D,Violence and sexual offences,Awaiting court outcome,
38c069648b4c8ae11e61c867c0ccf09f7f27fb1b4558854c02a8fa1473d5d674,2026-07,Cumbria Constabulary,Cumbria Constabulary,-2.923919,54.392697,On or near Sports/Recreation Area,E01019395,South Lakeland 001D,Violence and sexual offences,Under investigation,
c87ff9dc6d7b39de1cb097dd77a9c318e8fca8387e0f4b80319e85699e26796d,2026-07,Cumbria Constabulary,Cumbria Constabulary,-2.905580,54.379711,On or near Victoria Street,E01019395,South Lakeland 001D,Violence and sexual offences,Under investigation,
69fdf50cc06031ecb82b02a85cd74ac60726d3d612a449f554cd7aaea924c1bd,2026-07,Cumbria Constabulary,Cumbria Constabulary,-2.814888,54.375378,On or near Gowan Terrace,E01019387,South Lakeland 002A,Burglary,Investigation complete; no suspect identified,
668772f197860220cc1c2bdb9a626df8f838d3a71905882d6cdb9865a319342a,2026-07,Cumbria Constabulary,Cumbria Constabulary,-2.828396,54.378045,On or near Seed Howe,E01019387,South Lakeland 002A,Drugs,Under investigation,
066981af56654ada2f3766be4f4e960971175ae9a8f01d2fbf7c69b8be729f6d,2026-07,Cumbria Constabulary,Cumbria Constabulary,-2.852395,54.380152,On or near Petrol Station,E01019387,South Lakeland 002A,Other theft,Investigation complete; no suspect identified,
a407891166c417b52988054a930f16e4f2eae292a326a3d3d010cb43108759e8,2026-07,Cumbria Constabulary,Cumbria Constabulary,-2.852395,54.380152,On or near Petrol Station,E01019387,South Lakeland 002A,Other theft,Under investigation,
6ce0c3a05d11f620c2fabe0006df8663e22544418b12e6663acaa500b837d431,2026-07,Cumbria Constabulary,Cumbria Constabulary,-2.852395,54.380152,On or near Petrol Station,E01019387,South Lakeland 002A,Other theft,Under investigation,
8a5de7c54b6d8f20eb45c970594754865de4c7ee6f416ea68ccbe1219e0965bc,2026-07,Cumbria Constabulary,Cumbria Constabulary,-2.852395,54.380152,On or near Petrol Station,E01019387,South Lakeland 002A,Other theft,Under investigation,
3b0f36725285285af9c8fb27db2325df7897bc1843bbbf207970436fea272302,2026-07,Cumbria Constabulary,Cumbria Constabulary,-2.817206,54.377403,On or near Parking Area,E01019387,South Lakeland 002A,Possession of weapons,Under investigation,
c9741b34e5a11bae49e8813da018a27f4900a62cb88f884cba869f335c306903,2026-07,Cumbria Constabulary,Cumbria Constabulary,-2.816843,54.375410,On or near The Banks,E01019387,South Lakeland 002A,Public order,Under investigation,
33243121cadd7f921dbf1475a6f9d06e6f5b517201d0618c17481abf5e7edb63,2026-07,Cumbria Constabulary,Cumbria Constabulary,-2.815741,54.376478,On or near Main Street,E01019387,South Lakeland 002A,Public order,Investigation complete; no suspect identified,
f8133a93a202c29fcd71045b2c78089f51b062d53cb9509fda72cce15f75d2e0,2026-07,Cumbria Constabulary,Cumbria Constabulary,-2.817919,54.372967,On or near Crookfield,E01019387,South Lakeland 002A,Public order,Under investigation,
ee29188401f09ba46f30d65b6c51b594a597f0af3d17128d9e430ad20004619d,2026-07,Cumbria Constabulary,Cumbria Constabulary,-2.816181,54.377715,On or near Crag View,E01019387,South Lakeland 002A,Shoplifting,Under investigation,
7b135f9ea7a2b65fd03e6d1ba93f24f6572ad490bb45f46f1c3f58f0538472af,2026-07,Cumbria Constabulary,Cumbria Constabulary,-2.817206,54.377403,On or near Parking Area,E01019387,South Lakeland 002A,Violence and sexual offences,Under investigation,
e1ba2972085f538003e1281dae6a011afaaf5b936508f927ffddfd967670033c,2026-07,Cumbria Constabulary,Cumbria Constabulary,-2.817476,54.379333,On or near Scroggs Close,E01019387,South Lakeland 002A,Violence and sexual offences,Under investigation,
b159bde6b90e95a0cc709b7693ba94d172fdf4f9cb54d84a0b0dd65781bdc867,2026-07,Cumbria Constabulary,Cumbria Constabulary,-2.820376,54.376545,On or near Beck Nook,E01019387,South Lakeland 002A,Violence and sexual offences,Unable to prosecute suspect,
,2026-07,Cumbria Constabulary,Cumbria Constabulary,-2.901660,54.372263,On or near Nelson Road,E01019396,South Lakeland 002B,Anti-social behaviour,,
,2026-07,Cumbria Constabulary,Cumbria Constabulary,-2.916134,54.367597,On or near Bank Road,E01019396,South Lakeland 002B,Anti-social behaviour,,
,2026-07,Cumbria Constabulary,Cumbria Constabulary,-2.904433,54.374444,On or near Oldfield Court,E01019396,South Lakeland 002B,Anti-social behaviour,,
e68c48e40aeb6bc1a4d1eab072fc3a18f3655513e1a1d737c3758e324564d142,2026-07,Cumbria Constabulary,Cumbria Constabulary,-2.916134,54.367597,On or near Bank Road,E01019396,South Lakeland 002B,Drugs,Local resolution,
079134edcccb1753b151ef578036926f152dfd1cefa4c2effe670c665e5089c3,2026-07,Cumbria Constabulary,Cumbria Constabulary,-2.909691,54.371376,On or near Queen'S Drive,E01019396,South Lakeland 002B,Public order,Unable to prosecute suspect,
8ded9fa1707df8ad2942f02228fb93e75991145824733f750699f8b27eb43e2a,2026-07,Cumbria Constabulary,Cumbria Constabulary,-2.913768,54.367804,On or near Beresford Road,E01019396,South Lakeland 002B,Violence and sexual offences,Unable to prosecute suspect,
2e71c03001791740c1bc9797e49b99eaa7cd87df2b9befbc952f9d07f0b9acc1,2026-07,Cumbria Constabulary,Cumbria Constabulary,-2.905786,54.370875,On or near Thornhill,E01019396,South Lakeland 002B,Violence and sexual offences,Under investigation,
deb8e554806977cb12c81d46b5a11f9976e80e92688972bce6ef138fe8d0d73d,2026-07,Cumbria Constabulary,Cumbria Constabulary,-2.909691,54.371376,On or near Queen'S Drive,E01019396,South Lakeland 002B,Violence and sexual offences,Unable to prosecute suspect,
6de1b94b6006c51c5a7be1f2c072ca9b25f3d9a2814296ac79f855f884d58d43,2026-07,Cumbria Constabulary,Cumbria Constabulary,-2.909870,54.372516,On or near Lake Road,E01019396,South Lakeland 002B,Violence and sexual offences,Under investigation,
41b20ec5bc6595c476584f021c4842aebd6f69627db428220cab5fc7d8448161,2026-07,Cumbria Constabulary,Cumbria Constabulary,-2.909691,54.371376,On or near Queen'S Drive,E01019396,South Lakeland 002B,Violence and sexual offences,Unable to prosecute suspect,
,2026-07,Cumbria Constabulary,Cumbria Constabulary,-2.918601,54.365035,On or near Crag Brow,E01019397,South Lakeland 002C,Anti-social behaviour,,
,2026-07,Cumbria Constabulary,Cumbria Constabulary,-2.923711,54.362992,On or near Ferry Terminal,E01019397,South Lakeland 002C,Anti-social behaviour,,
96919a420f5fb775d429bd8924b618cf15fd18df77b48a6bc260384047141440,2026-07,Cumbria Constabulary,Cumbria Constabulary,-2.923711,54.362992,On or near Ferry Terminal,E01019397,South Lakeland 002C,Burglary,Investigation complete; no suspect identified,
2218118443c04820740e98ef9eda0ef758ef78b9cde5917515707f8a68cc15a0,2026-07,Cumbria Constabulary,Cumbria Constabulary,-2.916378,54.366822,On or near North Terrace,E01019397,South Lakeland 002C,Criminal damage and arson,Under investigation,
eea59478026e6871e163ec1b42047c31f29ec157dcc6513a35da3a6724d2652c,2026-07,Cumbria Constabulary,Cumbria Constabulary,-2.916942,54.365883,On or near Bank Terrace,E01019397,South Lakeland 002C,Criminal damage and arson,Local resolution,
d3f6b758c3e1a77d972b97ab084b6c7cf0cefaa60a286c34a709fa5da7c751b6,2026-07,Cumbria Constabulary,Cumbria Constabulary,-2.922852,54.361084,On or near Parking Area,E01019397,South Lakeland 002C,Criminal damage and arson,Investigation complete; no suspect identified,
cc6afe96cf468fe61084aab2b0e4ce9d91ca8c3a7e42659598c976e1b7408149,2026-07,Cumbria Constabulary,Cumbria Constabulary,-2.916942,54.365883,On or near Bank Terrace,E01019397,South Lakeland 002C,Criminal damage and arson,Under investigation,
937fb30eb8beb953c89e51ddd5176d525e0aa111225e6f9047609c06864b2ac7,2026-07,Cumbria Constabulary,Cumbria Constabulary,-2.921028,54.361376,On or near Back Belsfield Road,E01019397,South Lakeland 002C,Criminal damage and arson,Investigation complete; no suspect identified,
fbc18225e35c53ec6b69ae635088a5c431cdb82dfbf844ef39b12ae398e5762d,2026-07,Cumbria Constabulary,Cumbria Constabulary,-2.919034,54.360295,On or near The Spinney,E01019397,South Lakeland 002C,Other theft,Under investigation,
065ef8e3592b752f814aa1535b308327de6ab61af5a57ceb83a7e00b724b4c31,2026-07,Cumbria Constabulary,Cumbria Constabulary,-2.918601,54.365035,On or near Crag Brow,E01019397,South Lakeland 002C,Other theft,Investigation complete; no suspect identified,
eeb0063320bcbcf8b83eab0f305206cbbb5a6f82b85c00e807eaec29a5a72d8e,2026-07,Cumbria Constabulary,Cumbria Constabulary,-2.920584,54.364229,On or near Church Street,E01019397,South Lakeland 002C,Public order,Under investigation,
a824a7eb2e6c274d928e67b5416785254d4b3171d889e571ecafaaf2cef54843,2026-07,Cumbria Constabulary,Cumbria Constabulary,-2.918440,54.365395,On or near Supermarket,E01019397,South Lakeland 002C,Public order,Under investigation,
001f63e2e890a067e90242cc5e697e57696176141999c22bab17576e58ecae48,2026-07,Cumbria Constabulary,Cumbria Constabulary,-2.920488,54.366827,On or near Rayrigg Road,E01019397,South Lakeland 002C,Shoplifting,Investigation complete; no suspect identified,
a4bc4b7271d73808612381c628abfcda9ccc4268ee3d9c8437d8cea9e6267a6f,2026-07,Cumbria Constabulary,Cumbria Constabulary,-2.920584,54.364229,On or near Church Street,E01019397,South Lakeland 002C,Violence and sexual offences,Unable to prosecute suspect,
1032ade7244357ea6a8cc1a2d3402a4d7e3a2627db9cbaa47408cb40ac7b37bf,2026-07,Cumbria Constabulary,Cumbria Constabulary,-2.916802,54.366513,On or near South Terrace,E01019397,South Lakeland 002C,Violence and sexual offences,Awaiting court outcome,
0d2acfa879ad243215dd752d4dbb35bcf81242249815c9feaf3fcaebe3d1ea43,2026-07,Cumbria Constabulary,Cumbria Constabulary,-2.927157,54.354077,On or near Windward Way,E01019397,South Lakeland 002C,Violence and sexual offences,Unable to prosecute suspect,
7fb4c598c5eb531507e183dedc2f41ea43fb42a306a6bc18230d16b9cda98272,2026-07,Cumbria Constabulary,Cumbria Constabulary,-2.920584,54.364229,On or near Church Street,E01019397,South Lakeland 002C,Violence and sexual offences,Under investigation,
ca159af0d61b399d1c4f23c589c92f3795422939d8285da7d3654be320467e71,2026-07,Cumbria Constabulary,Cumbria Constabulary,-2.920584,54.364229,On or near Church Street,E01019397,South Lakeland 002C,Violence and sexual offences,Under investigation,
6f9c1cd4eed1995cdbadab1b742e44500874a7ebf3c102bf537bf391e8fe1ecf,2026-07,Cumbria Constabulary,Cumbria Constabulary,-2.923711,54.362992,On or near Ferry Terminal,E01019397,South Lakeland 002C,Violence and sexual offences,Under investigation,
aa864b42cc0c00a80c09fe65195685a033c14a45782b197dd5cc9b3fbcaca12f,2026-07,Cumbria Constabulary,Cumbria Constabulary,-2.916560,54.366677,On or near Lake Road,E01019397,South Lakeland 002C,Violence and sexual offences,Under investigation,
db947da6de6bf69ba733f871eb5d7d7e70e4f4cc750735a7dc4d95ae76e7c785,2026-07,Cumbria Constabulary,Cumbria Constabulary,-2.920488,54.366827,On or near Rayrigg Road,E01019397,South Lakeland 002C,Violence and sexual offences,Under investigation,
3090e8261f5c54f4af8038e6901e4d8087ac189379d0f66aeb322bb43d2996b1,2026-07,Cumbria Constabulary,Cumbria Constabulary,-2.920495,54.363717,On or near St Martin'S Place,E01019397,South Lakeland 002C,Violence and sexual offences,Under investigation,
7a6de5c81a5e5239b7e68054cf1e818e639b382dd2e6a1e03027521a701d14f7,2026-07,Cumbria Constabulary,Cumbria Constabulary,-2.919679,54.364379,On or near Ash Street,E01019397,South Lakeland 002C,Violence and sexual offences,Under investigation,
a4b0343781dec871945bd43ebf0314b7368b80eb613570b149ac2961aae414cb,2026-07,Cumbria Constabulary,Cumbria Constabulary,-2.916942,54.365883,On or near Bank Terrace,E01019397,South Lakeland 002C,Violence and sexual offences,Awaiting court outcome,
,2026-07,Cumbria Constabulary,Cumbria Constabulary,-2.902405,54.376032,On or near Upper Oak Street,E01034077,South Lakeland 002F,Anti-social behaviour,,
9277ba8ec47e509a8edf149db2b7338d97971cb61eacea5c53e81eebdee46814,2026-07,Cumbria Constabulary,Cumbria Constabulary,-2.895792,54.374248,On or near Droomer Lane,E01034077,South Lakeland 002F,Criminal damage and arson,Investigation complete; no suspect identified,
689471de403404a07055da6f55f4c2669a463678b59114f264e4569dd0e06b95,2026-07,Cumbria Constabulary,Cumbria Constabulary,-2.895792,54.374248,On or near Droomer Lane,E01034077,South Lakeland 002F,Criminal damage and arson,Under investigation,
ce9fc73ccf41d295e9e5a879bf13ec6d50ea95ef0eb2d58e8f0d85150a5c7542,2026-07,Cumbria Constabulary,Cumbria Constabulary,-2.904996,54.378367,On or near Salisbury Place,E01034077,South Lakeland 002F,Public order,Investigation complete; no suspect identified,
420bc7d22414b599180b025f8dc77b881a87520ec50ea6cfa25a5972cfea3275,2026-07,Cumbria Constabulary,Cumbria Constabulary,-2.905243,54.377673,On or near Supermarket,E01034077,South Lakeland 002F,Shoplifting,Investigation complete; no suspect identified,
be31d00a54aed6180e36c00faa7252a8af6cd387aa31e8ec38e42551b9caafb2,2026-07,Cumbria Constabulary,Cumbria Constabulary,-2.903445,54.375727,On or near Woodland Close,E01034077,South Lakeland 002F,Theft from the person,Under investigation,
d59d30a2cfce78b047bd28965212eca464c51695111bf8cd923fb1cb119e824a,2026-07,Cumbria Constabulary,Cumbria Constabulary,-2.803231,54.351550,On or near Ratherheath Lane,E01019346,South Lakeland 003A,Burglary,Under investigation,
9d0a94fa8335d8ca6a218c07a6de0db15c40408bac867d1518fa4f76309d8883,2026-07,Cumbria Constabulary,Cumbria Constabulary,-2.786765,54.365068,On or near Winter Lane,E01019346,South Lakeland 003A,Criminal damage and arson,Investigation complete; no suspect identified,
6ca638143befa0a201916606a37f3c5b8dec4f713d1a899e4933d582c878314f,2026-07,Cumbria Constabulary,Cumbria Constabulary,-2.761692,54.353338,On or near Charles Court,E01019346,South Lakeland 003A,Criminal damage and arson,Unable to prosecute suspect,
95fb46e9c62107d1925653ad6f87da164c7452796dd2d0c28ea3bb7e4944ef17,2026-07,Cumbria Constabulary,Cumbria Constabulary,-2.797320,54.364270,On or near Petrol Station,E01019346,South Lakeland 003A,Drugs,Local resolution,
96eab2d619db98007cfe879383a6e278f42304bb831053ff719f9036bbb520c0,2026-07,Cumbria Constabulary,Cumbria Constabulary,-2.764476,54.354138,On or near St Oswald'S View,E01019346,South Lakeland 003A,Other theft,Investigation complete; no suspect identified,
4cc2b8e993b2d28db7d1fb6525b754fe0f30a0e38e325211858d91c6e76d4620,2026-07,Cumbria Constabulary,Cumbria Constabulary,-2.780427,54.345750,On or near Crook Road,E01019346,South Lakeland 003A,Other theft,Investigation complete; no suspect identified,
f7f33a048b16b0cea699ed3d3f6f6fd157e7f2d13af3c26a5ef43e82abb45304,2026-07,Cumbria Constabulary,Cumbria Constabulary,-2.803231,54.351550,On or near Ratherheath Lane,E01019346,South Lakeland 003A,Violence and sexual offences,Under investigation,
09875ff94489bf866df1d1cab2f3cf64a68d6b3c570225c1894a6a7c932c4800,2026-07,Cumbria Constabulary,Cumbria Constabulary,-2.727359,54.334712,On or near Low Cragg Close,E01019359,South Lakeland 003B,Criminal damage and arson,Investigation complete; no suspect identified,
2753331c1c1e5017fd09bc1b6f129643ce45407981ff032189777edc5a1a4980,2026-07,Cumbria Constabulary,Cumbria Constabulary,-2.733620,54.333929,On or near Broad Ing,E01019359,South Lakeland 003B,Drugs,Under investigation,
6a841d87f3d54a6f20d06c0a5d5d7358973dc2dc290ef0b66ee0d298975dbc92,2026-07,Cumbria Constabulary,Cumbria Constabulary,-2.736372,54.333022,On or near Auction Close,E01019359,South Lakeland 003B,Drugs,Under investigation,
14b8003c2c2cf2d27fdaf6a98105a62ee1088c1f769220e8e5ca197dee73d7a0,2026-07,Cumbria Constabulary,Cumbria Constabulary,-2.731215,54.330097,On or near Kilner Close,E01019359,South Lakeland 003B,Drugs,Unable to prosecute suspect,
a6b9644785de96619770f33b646525d8bbd721c67cf107bd984134a680cfaaa0,2026-07,Cumbria Constabulary,Cumbria Constabulary,-2.733620,54.333929,On or near Broad Ing,E01019359,South Lakeland 003B,Possession of weapons,Under investigation,
ab774a1aa5b38a6cdfe18099440935f6b7962efcba83717ccdb401d368f12e34,2026-07,Cumbria Constabulary,Cumbria Constabulary,-2.736180,54.333455,On or near Drovers Drive,E01019359,South Lakeland 003B,Public order,Awaiting court outcome,
a29e42fc625253978bbae132c89b09110a6d99b0c46a66d34e7621d272c4fcb1,2026-07,Cumbria Constabulary,Cumbria Constabulary,-2.738509,54.332137,On or near Stockbeck,E01019359,South Lakeland 003B,Violence and sexual offences,Unable to prosecute suspect,
ab5000d74155094b377f6e48c2e7d44196644f12223117468c38a3a53de4ce8c,2026-07,Cumbria Constabulary,Cumbria Constabulary,-2.727188,54.332871,On or near Rydal Road,E01019359,South Lakeland 003B,Violence and sexual offences,Under investigation,
b7b8a2c627b1f3ad6b3505adba8cc99d652c8e557d18b9aabc23711cbfb3e64a,2026-07,Cumbria Constabulary,Cumbria Constabulary,-2.730732,54.332382,On or near Kentmere Brow,E01019359,South Lakeland 003B,Violence and sexual offences,Investigation complete; no suspect identified,
b342d534278b48b8f7585527860be633c2fa53478065a92454dd35c623bc375c,2026-07,Cumbria Constabulary,Cumbria Constabulary,-2.738509,54.332137,On or near Stockbeck,E01019359,South Lakeland 003B,Violence and sexual offences,Under investigation,
7dc4879cdc4dea6a6d63de25ed94188d2637b2647002c91d2f9cee59b279ec43,2026-07,Cumbria Constabulary,Cumbria Constabulary,-2.729861,54.334401,On or near Garburn Road,E01019359,South Lakeland 003B,Violence and sexual offences,Under investigation,
4cfb8930255325981897fc217c0c3730475ed7f72f2fc3ecbd2b6655533ac313,2026-07,Cumbria Constabulary,Cumbria Constabulary,-2.728280,54.334581,On or near Whinfell Close,E01019359,South Lakeland 003B,Violence and sexual offences,Under investigation,
2e7f414f64c945733fa8240ad5f1c0cbce1c9109a0fccc79135da038fcc4a001,2026-07,Cumbria Constabulary,Cumbria Constabulary,-2.728280,54.334581,On or near Whinfell Close,E01019359,South Lakeland 003B,Violence and sexual offences,Under investigation,
8398499676f72cd1c369c5f85f645fbcc9930d9ca3141c37cdfd709146419a71,2026-07,Cumbria Constabulary,Cumbria Constabulary,-2.733620,54.333929,On or near Broad Ing,E01019359,South Lakeland 003B,Violence and sexual offences,Under investigation,
a3d4942e95020f9efc18a59b64b102ce907a1e36bf429d9727cdce4b605f886d,2026-07,Cumbria Constabulary,Cumbria Constabulary,-2.738509,54.332137,On or near Stockbeck,E01019359,South Lakeland 003B,Violence and sexual offences,Unable to prosecute suspect,
382dfc4b8085fed55578544eff7ddfb55d7edc4a86be9f2d97a792e8ef0fba85,2026-07,Cumbria Constabulary,Cumbria Constabulary,-2.728280,54.334581,On or near Whinfell Close,E01019359,South Lakeland 003B,Violence and sexual offences,Unable to prosecute suspect,
2353e289df654f956726fcfa2d8541717e784ff5956cb6fb8e2e5a219ebb381c,2026-07,Cumbria Constabulary,Cumbria Constabulary,-2.728238,54.333952,On or near Jenkins Crag Court,E01019359,South Lakeland 003B,Violence and sexual offences,Under investigation,
36ef6544bdbd7b8b0ad3fb5d647368fe0925ab9f1e613b81bff4f6708e22d26c,2026-07,Cumbria Constabulary,Cumbria Constabulary,-2.733620,54.333929,On or near Broad Ing,E01019359,South Lakeland 003B,Violence and sexual offences,Under investigation,
345785ca824b6f8b53dd5dbfb9ff567ba409e5b835fcec17c353c83d908d455a,2026-07,Cumbria Constabulary,Cumbria Constabulary,-2.729861,54.334401,On or near Garburn Road,E01019359,South Lakeland 003B,Violence and sexual offences,Unable to prosecute suspect,
cad683a7b65a5b3f5e3d30bfc7441accbfd4c8ec6dc826d6227bd440731f7e53,2026-07,Cumbria Constabulary,Cumbria Constabulary,-2.733620,54.333929,On or near Broad Ing,E01019359,South Lakeland 003B,Violence and sexual offences,Under investigation,
871fc94c6d10f49c73c89d9046de894dccb1e20b7c734dc76b86a34bfe6a8f9a,2026-07,Cumbria Constabulary,Cumbria Constabulary,-2.734652,54.332296,On or near Stockgate,E01019359,South Lakeland 003B,Violence and sexual offences,Under investigation,
60e9274e79d8fbe5410ffce1e179165aff6f698b00c56f7639abe3c5e807ccc3,2026-07,Cumbria Constabulary,Cumbria Constabulary,-2.736804,54.333945,On or near Gavel Court,E01019359,South Lakeland 003B,Violence and sexual offences,Under investigation,
1e21991c6e6735b8a51fcf0508068be931892e5c0d571ab5c0227caf42228f72,2026-07,Cumbria Constabulary,Cumbria Constabulary,-2.728280,54.334581,On or near Whinfell Close,E01019359,South Lakeland 003B,Violence and sexual offences,Under investigation,
f1f3740f975473d8c0bb8adffacde705ae4b9858c879e872adba55e46dd85dd4,2026-07,Cumbria Constabulary,Cumbria Constabulary,-2.730093,54.333644,On or near Kentdale Road,E01019359,South Lakeland 003B,Violence and sexual offences,Under investigation,
56f130cc5d51f5f84efadf92b5f0e41b45dbd3c1095dcbc3cceb4ff4b5f083b8,2026-07,Cumbria Constabulary,Cumbria Constabulary,-2.736372,54.333022,On or near Auction Close,E01019359,South Lakeland 003B,Violence and sexual offences,Under investigation,
8e78dc4ad4534fcfd6c70bb349155498dd71a59bfec39c2872ed7d1fff85b17e,2026-07,Cumbria Constabulary,Cumbria Constabulary,-2.738509,54.332137,On or near Stockbeck,E01019359,South Lakeland 003B,Violence and sexual offences,Unable to prosecute suspect,
4e75d8d4c4e62355a8d253a3a9f33ec99e96857bcbf535c59955935070839f1c,2026-07,Cumbria Constabulary,Cumbria Constabulary,-2.731215,54.330097,On or near Kilner Close,E01019359,South Lakeland 003B,Violence and sexual offences,Under investigation,
e00fb09ad5e0250846687a83011b38f2b933f00c68923bcbc4fa873fae12b174,2026-07,Cumbria Constabulary,Cumbria Constabulary,-2.732743,54.333898,On or near Broad Ing Crescent,E01019359,South Lakeland 003B,Violence and sexual offences,Under investigation,
,2026-07,Cumbria Constabulary,Cumbria Constabulary,-2.737287,54.336899,On or near Ash Meadow,E01019365,South Lakeland 003C,Anti-social behaviour,,
,2026-07,Cumbria Constabulary,Cumbria Constabulary,-2.738140,54.333838,On or near Vine Road,E01019365,South Lakeland 003C,Anti-social behaviour,,
2ebd247d1ca9bfc5ee5279e7dd2778dac4cbc400d8403446b239297b87a9cdec,2026-07,Cumbria Constabulary,Cumbria Constabulary,-2.741115,54.336786,On or near Mint Dale,E01019365,South Lakeland 003C,Burglary,Under investigation,
c5ba8e5df35bab146cc5e30af0e7ab0362a653688dfe92eec61480d5eeed5d98,2026-07,Cumbria Constabulary,Cumbria Constabulary,-2.738140,54.333838,On or near Vine Road,E01019365,South Lakeland 003C,Criminal damage and arson,Under investigation,
829966e594d4d1525f0dc5dbb303cc083b60876f234a3468f3cee5932cee1a2c,2026-07,Cumbria Constabulary,Cumbria Constabulary,-2.738140,54.333838,On or near Vine Road,E01019365,South Lakeland 003C,Criminal damage and arson,Unable to prosecute suspect,
b08dfee6537dc9e26cb6b5c14c119138c980a246728e36e710c0b41f18084e63,2026-07,Cumbria Constabulary,Cumbria Constabulary,-2.743997,54.326900,On or near Bridge Street,E01019365,South Lakeland 003C,Criminal damage and arson,Unable to prosecute suspect,
1ccac921002a66837709edf24014a12c3e766d9f1eeca04fd99106d324211cc4,2026-07,Cumbria Constabulary,Cumbria Constabulary,-2.743051,54.331579,On or near Beezon Road,E01019365,South Lakeland 003C,Drugs,Under investigation,
00db8457501f7154deb371b6c1c2efd41f5d912d1582f0635864c06c3e52da91,2026-07,Cumbria Constabulary,Cumbria Constabulary,-2.738140,54.333838,On or near Vine Road,E01019365,South Lakeland 003C,Drugs,Under investigation,
f281b80a007b32d7e0d9ac9c38aab911bcb9475beb8ffa1f556825afcfa765cd,2026-07,Cumbria Constabulary,Cumbria Constabulary,-2.738140,54.333838,On or near Vine Road,E01019365,South Lakeland 003C,Drugs,Local resolution,
36b87f5a357ed2f06d311fd48b9d5d70aad06fa2fb2bc26b565e8a15a9cca986,2026-07,Cumbria Constabulary,Cumbria Constabulary,-2.734631,54.336259,On or near Spital Park,E01019365,South Lakeland 003C,Other theft,Under investigation,
8a8f6ca4f8c37a86c99d64a32dbaa72feb66c5e404ee517d5e1d9bc2b9619c20,2026-07,Cumbria Constabulary,Cumbria Constabulary,-2.739877,54.340980,On or near Supermarket,E01019365,South Lakeland 003C,Other theft,Unable to prosecute suspect,
7ba2f311a85f8f7ac78fafb7f37205ca5271e14384e4d4bc2dc4860c59af1909,2026-07,Cumbria Constabulary,Cumbria Constabulary,-2.739795,54.331824,On or near Parking Area,E01019365,South Lakeland 003C,Other theft,Under investigation,
378a683be062b14b97d3e4376ee7ed5663dd2a741aa1e606193c651c2a68307b,2026-07,Cumbria Constabulary,Cumbria Constabulary,-2.737287,54.336899,On or near Ash Meadow,E01019365,South Lakeland 003C,Other theft,Under investigation,
9adf25a6b0453226d295aaaa0e7684da471487ed7fbbe8ae61af9d3efaedad1e,2026-07,Cumbria Constabulary,Cumbria Constabulary,-2.741870,54.327452,On or near Little Aynam,E01019365,South Lakeland 003C,Other theft,Investigation complete; no suspect identified,
2ded5abe28e0deebfc6a1f8d81b1d582dbbc8efe1b5fcb72940df1720d8c4155,2026-07,Cumbria Constabulary,Cumbria Constabulary,-2.740652,54.330722,On or near Wildman Street,E01019365,South Lakeland 003C,Public order,Unable to prosecute suspect,
2fadc0ca66a6618dd4ad308e33895bb4a82cc2f0f5d2182dcd80680dacb350ae,2026-07,Cumbria Constabulary,Cumbria Constabulary,-2.740652,54.330722,On or near Wildman Street,E01019365,South Lakeland 003C,Public order,Under investigation,
91aae83231d3d7c026a747f34c136b1c102b4ec52f989cf5be970310f3643b4f,2026-07,Cumbria Constabulary,Cumbria Constabulary,-2.736855,54.342815,On or near Hunters Croft,E01019365,South Lakeland 003C,Shoplifting,Under investigation,
600c4fd8ba503c7f92a628f6f2c2472e3de1d8cfa289e5129b37965df57748b1,2026-07,Cumbria Constabulary,Cumbria Constabulary,-2.736855,54.342815,On or near Hunters Croft,E01019365,South Lakeland 003C,Shoplifting,Unable to prosecute suspect,
f1fba8a91975f92cf6473a072c5db8be6d9e419dacd7c64562f74ab56503c552,2026-07,Cumbria Constabulary,Cumbria Constabulary,-2.739877,54.340980,On or near Supermarket,E01019365,South Lakeland 003C,Shoplifting,Investigation complete; no suspect identified,
1fcf0853114ef1058e76de6143f67b1e654e612577b915250145ace5d4058f78,2026-07,Cumbria Constabulary,Cumbria Constabulary,-2.736855,54.342815,On or near Hunters Croft,E01019365,South Lakeland 003C,Shoplifting,Under investigation,
d1fa4f221ca8563e7eaf78b66edd796d51e2ba0613bb2b3acf392b19aaae7cf6,2026-07,Cumbria Constabulary,Cumbria Constabulary,-2.739764,54.338627,On or near Finley Drive,E01019365,South Lakeland 003C,Shoplifting,Under investigation,
6344112af64a33326b15da334f5f9dd0cda4e65ad2ed10cf4ae1fefa7f08db55,2026-07,Cumbria Constabulary,Cumbria Constabulary,-2.736855,54.342815,On or near Hunters Croft,E01019365,South Lakeland 003C,Shoplifting,Under investigation,
330227d7eba0eccea0d33a0696ecc18abd2462b0fa761dcc3d21e726d5908e00,2026-07,Cumbria Constabulary,Cumbria Constabulary,-2.737313,54.336593,On or near Crescent Green,E01019365,South Lakeland 003C,Vehicle crime,Under investigation,
338bf45ca51a8fca9198a2727ec5638029a68e011a7c4b211a21626b45e1c685,2026-07,Cumbria Constabulary,Cumbria Constabulary,-2.739774,54.339212,On or near Finley Close,E01019365,South Lakeland 003C,Violence and sexual offences,Investigation complete; no suspect identified,
af5fa0daaa48053a0b9caeb37896a185f7bec7e50481414225f0b3ee44469633,2026-07,Cumbria Constabulary,Cumbria Constabulary,-2.740341,54.337366,On or near Rosemede Avenue,E01019365,South Lakeland 003C,Violence and sexual offences,Unable to prosecute suspect,
a27d150235f7b9a64b462d3e17e36f760cbbf35fc331539e504c88342bc1648b,2026-07,Cumbria Constabulary,Cumbria Constabulary,-2.738799,54.330302,On or near Castle Street,E01019365,South Lakeland 003C,Violence and sexual offences,Under investigation,
cedd810502ad5c77dd3ab31dec87dc2c562f98a0fe2962613eeee191f58bb0e5,2026-07,Cumbria Constabulary,Cumbria Constabulary,-2.738140,54.333838,On or near Vine Road,E01019365,South Lakeland 003C,Violence and sexual offences,Unable to prosecute suspect,
2e4f37b9d1b9c54478d9f23374297fdef7407ab88f46783a8f27307b932c2169,2026-07,Cumbria Constabulary,Cumbria Constabulary,-2.740341,54.337366,On or near Rosemede Avenue,E01019365,South Lakeland 003C,Violence and sexual offences,Under investigation,
35cd17d36ac1e8730fe133340e6db6ce7d1b805e99e7ea2486717288e6efc027,2026-07,Cumbria Constabulary,Cumbria Constabulary,-2.740341,54.337366,On or near Rosemede Avenue,E01019365,South Lakeland 003C,Violence and sexual offences,Under investigation,
bb6756fba7829d61c46f7c614e98a5fff9e1b541484f90d9c8ac2e3e1bfe60c6,2026-07,Cumbria Constabulary,Cumbria Constabulary,-2.737287,54.336899,On or near Ash Meadow,E01019365,South Lakeland 003C,Violence and sexual offences,Under investigation,
1175228913bee8093effa566397e8ba80c175e8526edd20557aee583beea31d1,2026-07,Cumbria Constabulary,Cumbria Constabulary,-2.740341,54.337366,On or near Rosemede Avenue,E01019365,South Lakeland 003C,Violence and sexual offences,Under investigation,
1744d14df4adeb3656ea253007789711a1d71636d5ed7c1055e04baebf899fe6,2026-07,Cumbria Constabulary,Cumbria Constabulary,-2.738799,54.330302,On or near Castle Street,E01019365,South Lakeland 003C,Violence and sexual offences,Under investigation,
c0ccac0d184b7b43b0fdb4b884f9979afc1483cd7a5eb667802507b456992105,2026-07,Cumbria Constabulary,Cumbria Constabulary,-2.740341,54.337366,On or near Rosemede Avenue,E01019365,South Lakeland 003C,Violence and sexual offences,Unable to prosecute suspect,
370f57d3a6882ad867f0ea9fb327846345aa3bda5b867489daa390487b4b1121,2026-07,Cumbria Constabulary,Cumbria Constabulary,-2.740652,54.330722,On or near Wildman Street,E01019365,South Lakeland 003C,Violence and sexual offences,Unable to prosecute suspect,
5391f6fb8b82b9fc27bc41e1329e23ca58d6c14d64ceb6764111a73417882173,2026-07,Cumbria Constabulary,Cumbria Constabulary,-2.740341,54.337366,On or near Rosemede Avenue,E01019365,South Lakeland 003C,Violence and sexual offences,Under investigation,
b3cfb383488d3056d689582cdb5928ed6a975a86a29b35d3e191ea28df257175,2026-07,Cumbria Constabulary,Cumbria Constabulary,-2.744036,54.331600,On or near Beezon Fields,E01019365,South Lakeland 003C,Violence and sexual offences,Under investigation,
711367aede8d7c897fbbf06ce519827d9ba4fca8abc95bcc1876f98b67398bb8,2026-07,Cumbria Constabulary,Cumbria Constabulary,-2.738140,54.333838,On or near Vine Road,E01019365,South Lakeland 003C,Violence and sexual offences,Unable to prosecute suspect,
81b86f0ef51e72804d31b1cb2da990564d65ea94eeefc27743184a77ab758bf9,2026-07,Cumbria Constabulary,Cumbria Constabulary,-2.740341,54.337366,On or near Rosemede Avenue,E01019365,South Lakeland 003C,Violence and sexual offences,Under investigation,
,2026-07,Cumbria Constabulary,Cumbria Constabulary,-2.749618,54.344256,On or near Kent Lea,E01019370,South Lakeland 003D,Anti-social behaviour,,
c05c3cedb77843d476b804087e33fb1227093853c9cfee79db79781c9aa40eb5,2026-07,Cumbria Constabulary,Cumbria Constabulary,-2.747321,54.332406,On or near Police Station,E01019370,South Lakeland 003D,Criminal damage and arson,Under investigation,
8787146fbebda1a94d0f350e91fcdb7d9ce7dc4ee58cac59b1eabb18967a3447,2026-07,Cumbria Constabulary,Cumbria Constabulary,-2.747321,54.332406,On or near Police Station,E01019370,South Lakeland 003D,Drugs,Under investigation,
fa8e6119787ae10e62e5e0a7f05cdb582000cf94ecfe540a4e24d70b01c51768,2026-07,Cumbria Constabulary,Cumbria Constabulary,-2.748816,54.342445,On or near Kentrigg,E01019370,South Lakeland 003D,Other theft,Investigation complete; no suspect identified,
8ead7a7ed7e223021c373afb83e176ab20cd0e9563169daba3e1120115860653,2026-07,Cumbria Constabulary,Cumbria Constabulary,-2.749618,54.344256,On or near Kent Lea,E01019370,South Lakeland 003D,Public order,Under investigation,
9ad0ec89eaf359d728580bfef819919f189ab72410c3e590945fd7afda187fd3,2026-07,Cumbria Constabulary,Cumbria Constabulary,-2.749618,54.344256,On or near Kent Lea,E01019370,South Lakeland 003D,Public order,Under investigation,
522a4f6a2f7f804e55865294b82649daa23a1f1443486c82f02f69227190114d,2026-07,Cumbria Constabulary,Cumbria Constabulary,-2.754233,54.340066,On or near Newbiggin,E01019370,South Lakeland 003D,Public order,Investigation complete; no suspect identified,
23828741b7524097f772c9df8699dbb7e6014ad8aa19416d67c24a903fdc720e,2026-07,Cumbria Constabulary,Cumbria Constabulary,-2.754157,54.338448,On or near High Mead,E01019370,South Lakeland 003D,Violence and sexual offences,Under investigation,
6a129ef38ad5c799dc5775bb61680d375a388bbb2970f38906c3348418460e8c,2026-07,Cumbria Constabulary,Cumbria Constabulary,-2.748816,54.342445,On or near Kentrigg,E01019370,South Lakeland 003D,Violence and sexual offences,Unable to prosecute suspect,
bd8390624db178f7a1774f963076937cc988d1d18b668e472a76f0fc5fd54f36,2026-07,Cumbria Constabulary,Cumbria Constabulary,-2.748816,54.342445,On or near Kentrigg,E01019370,South Lakeland 003D,Violence and sexual offences,Unable to prosecute suspect,
75b44933957e711df5bb55112b07a1a3f402da193b9b32e49a5a5de1b8c19c47,2026-07,Cumbria Constabulary,Cumbria Constabulary,-2.748816,54.342445,On or near Kentrigg,E01019370,South Lakeland 003D,Violence and sexual offences,Unable to prosecute suspect,
45cd0dadc7ab170bb7fd86be89caa24afb0b4f7a48bac8d7110b2a394cad268a,2026-07,Cumbria Constabulary,Cumbria Constabulary,-2.747321,54.332406,On or near Police Station,E01019370,South Lakeland 003D,Violence and sexual offences,Under investigation,
66b146a8643513816cbee069690bdb0609d5b15ff33d43ea3375f2532fc56869,2026-07,Cumbria Constabulary,Cumbria Constabulary,-2.747321,54.332406,On or near Police Station,E01019370,South Lakeland 003D,Violence and sexual offences,Under investigation,
9d2662a1abbbb2247b784704568b59357ac877ab63ff7bcba2897846b437fd27,2026-07,Cumbria Constabulary,Cumbria Constabulary,-2.747321,54.332406,On or near Police Station,E01019370,South Lakeland 003D,Violence and sexual offences,Under investigation,
3479cad969283a1824abab19eaff38419a69bb1126a169e4be39f160517e08f9,2026-07,Cumbria Constabulary,Cumbria Constabulary,-2.747321,54.332406,On or near Police Station,E01019370,South Lakeland 003D,Violence and sexual offences,Under investigation,
dff4059db4cbc66d6ecb20bb59c276fc558bdb6bf5d484624884189b357cc67e,2026-07,Cumbria Constabulary,Cumbria Constabulary,-2.747321,54.332406,On or near Police Station,E01019370,South Lakeland 003D,Violence and sexual offences,Under investigation,
7d34f52c5d09a82ed7a1b9c0a46c9f735df9ddf1b0c13b0e8ec076106573c6e7,2026-07,Cumbria Constabulary,Cumbria Constabulary,-2.746643,54.332042,On or near Parking Area,E01019370,South Lakeland 003D,Violence and sexual offences,Unable to prosecute suspect,
faeed0bd7ca7bfc81da528c46bf031313996b47ffdb60b376cd71f5f42d49f9b,2026-07,Cumbria Constabulary,Cumbria Constabulary,-2.749995,54.332884,On or near Cross Street,E01019370,South Lakeland 003D,Violence and sexual offences,Unable to prosecute suspect,
d5e28facdd5d8a8c3488c672c46fb9c2a461ff6fa4f11a727b1b3159072fd8e1,2026-07,Cumbria Constabulary,Cumbria Constabulary,-2.745457,54.331079,On or near Parking Area,E01019370,South Lakeland 003D,Violence and sexual offences,Under investigation,
60fd40aa1d6d4fa812fc80e1fde89e71403df9f8d5762c15adb48c85bc86e84f,2026-07,Cumbria Constabulary,Cumbria Constabulary,-2.747321,54.332406,On or near Police Station,E01019370,South Lakeland 003D,Violence and sexual offences,Local resolution,
1793f77efa8ba22cf8c651526969e5f6369ff5ba411b6725b66c240480f32e37,2026-07,Cumbria Constabulary,Cumbria Constabulary,-2.747321,54.332406,On or near Police Station,E01019370,South Lakeland 003D,Violence and sexual offences,Under investigation,
7e893d558b23e42d1ef3249c9e8780829269df562c77f3c94728c3b92906888d,2026-07,Cumbria Constabulary,Cumbria Constabulary,-2.747321,54.332406,On or near Police Station,E01019370,South Lakeland 003D,Violence and sexual offences,Under investigation,
d1c2efc8abe54d4eabda7cbf43789c2df976aa51c94d81d47b5c77fcb66e4e61,2026-07,Cumbria Constabulary,Cumbria Constabulary,-2.747321,54.332406,On or near Police Station,E01019370,South Lakeland 003D,Violence and sexual offences,Under investigation,
b7bed481f98f572dc6b382176ff9cfad805521e6838e077d64d94b9dd5b229f4,2026-07,Cumbria Constabulary,Cumbria Constabulary,-2.747321,54.332406,On or near Police Station,E01019370,South Lakeland 003D,Violence and sexual offences,Under investigation,
24af4f661c4faffafa448d14ce69558d3b85246508ad0871331cc4514b9807bd,2026-07,Cumbria Constabulary,Cumbria Constabulary,-2.747321,54.332406,On or near Police Station,E01019370,South Lakeland 003D,Violence and sexual offences,Under investigation,
c952c36f9d0c440b7a27d5e96d133333f88a3e594e29514470e33952734f37c7,2026-07,Cumbria Constabulary,Cumbria Constabulary,-2.749346,54.339458,On or near Applerigg,E01019370,South Lakeland 003D,Other crime,Awaiting court outcome,
6394034fe9ba17cf8ac691a4c79a293d83842abc29669f68c4af79f293d4e0df,2026-07,Cumbria Constabulary,Cumbria Constabulary,-2.747321,54.332406,On or near Police Station,E01019370,South Lakeland 003D,Other crime,Under investigation,
,2026-07,Cumbria Constabulary,Cumbria Constabulary,-2.750156,54.329064,On or near Shopping Area,E01019360,South Lakeland 004A,Anti-social behaviour,,
,2026-07,Cumbria Constabulary,Cumbria Constabulary,-2.747289,54.329540,On or near Stricklandgate,E01019360,South Lakeland 004A,Anti-social behaviour,,
f1305dd50f439f381669f9d4b4a20535e9acbb4deade0dd54c67a3e223a0323c,2026-07,Cumbria Constabulary,Cumbria Constabulary,-2.747737,54.328791,On or near Shopping Area,E01019360,South Lakeland 004A,Criminal damage and arson,Under investigation,
d913a2e3e9d8ee389511c7cf6be1d9964b27aaa29385edabc5ec27dce3d5076f,2026-07,Cumbria Constabulary,Cumbria Constabulary,-2.745987,54.327229,On or near Parking Area,E01019360,South Lakeland 004A,Drugs,Offender given a caution,
9871db634871555d96887dcb26e007c957e31d98303f142e864b76c6120a5b84,2026-07,Cumbria Constabulary,Cumbria Constabulary,-2.747873,54.329527,On or near Parking Area,E01019360,South Lakeland 004A,Drugs,Local resolution,
c82ef16fc3fc330feff80f878d975f2c54a35185dd999da95fd68ba7d60cc298,2026-07,Cumbria Constabulary,Cumbria Constabulary,-2.751135,54.332140,On or near Town View,E01019360,South Lakeland 004A,Other theft,Investigation complete; no suspect identified,
cb5b93ed805927e82ed5573630c9ab1b5e43c98474f76a5050cae2bdee31d394,2026-07,Cumbria Constabulary,Cumbria Constabulary,-2.744763,54.327605,On or near Kent Street,E01019360,South Lakeland 004A,Public order,Under investigation,
2ec5f187a247e8bd862ef13a80c065229a92a9758e7c85ec96fb13e255aa9400,2026-07,Cumbria Constabulary,Cumbria Constabulary,-2.744763,54.327605,On or near Kent Street,E01019360,South Lakeland 004A,Public order,Under investigation,
411e2255d58a892c58e4dc48eead25285573bc987ed5f75034ff94548e99065c,2026-07,Cumbria Constabulary,Cumbria Constabulary,-2.751135,54.332140,On or near Town View,E01019360,South Lakeland 004A,Public order,Unable to prosecute suspect,
cb20ca1446b6aa57fdb76a01ebed3b1e6be990546866a3138744a2077d1db18d,2026-07,Cumbria Constabulary,Cumbria Constabulary,-2.749440,54.326902,On or near Parking Area,E01019360,South Lakeland 004A,Public order,Awaiting court outcome,
8c31d39cb52ee1dce4029e050711e2b50dfaf2498b32f6377212c717e4a74480,2026-07,Cumbria Constabulary,Cumbria Constabulary,-2.747289,54.329540,On or near Stricklandgate,E01019360,South Lakeland 004A,Shoplifting,Under investigation,
0cea286ae4fdb17e38c8953937c8cb824f22d8b854232c65a8de002d487655d8,2026-07,Cumbria Constabulary,Cumbria Constabulary,-2.748576,54.327546,On or near Old Shambles,E01019360,South Lakeland 004A,Shoplifting,Investigation complete; no suspect identified,
ba506e3aa2afb86dc29ddc22ed55825e6aec0b4c879b1947330ddee488651947,2026-07,Cumbria Constabulary,Cumbria Constabulary,-2.748576,54.327546,On or near Old Shambles,E01019360,South Lakeland 004A,Shoplifting,Under investigation,
967c140b8ffa65c63d786cdea0a2f9f2e785188737566793546fd13955981eed,2026-07,Cumbria Constabulary,Cumbria Constabulary,-2.747737,54.328791,On or near Shopping Area,E01019360,South Lakeland 004A,Shoplifting,Awaiting court outcome,
7509442f79d8e11a7e3a613f970d68077f9b54edaceb0686835c040a864373a0,2026-07,Cumbria Constabulary,Cumbria Constabulary,-2.747962,54.329311,On or near Library Road,E01019360,South Lakeland 004A,Shoplifting,Investigation complete; no suspect identified,
7fced5eaa9cda371fa0b8330c9529a24e23740ac3fda85047ee1342f6457748d,2026-07,Cumbria Constabulary,Cumbria Constabulary,-2.744763,54.327605,On or near Kent Street,E01019360,South Lakeland 004A,Vehicle crime,Investigation complete; no suspect identified,
3a25a5a82afb4511bd90286546c5772621c26517aa7fc6e9353d5a521a16bc3a,2026-07,Cumbria Constabulary,Cumbria Constabulary,-2.748702,54.330250,On or near Maude Street,E01019360,South Lakeland 004A,Violence and sexual offences,Under investigation,
ca029b12a04d156e6d9f94c2b4750defd68ed31385bd4b74c9b271b18ebc8087,2026-07,Cumbria Constabulary,Cumbria Constabulary,-2.751063,54.329040,On or near Low Fellside,E01019360,South Lakeland 004A,Violence and sexual offences,Unable to prosecute suspect,
644b4d0b7121177bbdf9ceb32de7374d4a0ade787c0d27ee17d96bad15862bbe,2026-07,Cumbria Constabulary,Cumbria Constabulary,-2.747289,54.329540,On or near Stricklandgate,E01019360,South Lakeland 004A,Violence and sexual offences,Under investigation,
b8eafcd76cc242be6ca6f0a370b4adec5994fa27705845a0cdfc9473ac5cc88b,2026-07,Cumbria Constabulary,Cumbria Constabulary,-2.747962,54.329311,On or near Library Road,E01019360,South Lakeland 004A,Violence and sexual offences,Investigation complete; no suspect identified,
198da1a88328b46ec51d9877907231f5b9b49c2cbb8161887f6aebfeb239b807,2026-07,Cumbria Constabulary,Cumbria Constabulary,-2.744763,54.327605,On or near Kent Street,E01019360,South Lakeland 004A,Violence and sexual offences,Under investigation,
d8398e3c840283ce181bfe2f76c7fa3a74873f57431c98daf457915f7b8941bb,2026-07,Cumbria Constabulary,Cumbria Constabulary,-2.747289,54.329540,On or near Stricklandgate,E01019360,South Lakeland 004A,Violence and sexual offences,Under investigation,
e6c62223d8d39e9db460ae6a28e01439967cf22235642c06a08937b46f79fabf,2026-07,Cumbria Constabulary,Cumbria Constabulary,-2.746408,54.328431,On or near Branthwaite Brow,E01019360,South Lakeland 004A,Violence and sexual offences,Under investigation,
2f958d461e875aa25b57f7a4812ba489b1c892b767960f43c506b1cfa82fa00a,2026-07,Cumbria Constabulary,Cumbria Constabulary,-2.748576,54.327546,On or near Old Shambles,E01019360,South Lakeland 004A,Violence and sexual offences,Under investigation,
6a2fe6e92d10c7ade1e48c42f593f193006464ba56993d2580f5a27f57f8d20a,2026-07,Cumbria Constabulary,Cumbria Constabulary,-2.751135,54.332140,On or near Town View,E01019360,South Lakeland 004A,Violence and sexual offences,Unable to prosecute suspect,
3c28d7cf98658d9c1e21990c6b02e964902dc6e32c7486c1a36f9bb25fd3bd52,2026-07,Cumbria Constabulary,Cumbria Constabulary,-2.746408,54.328431,On or near Branthwaite Brow,E01019360,South Lakeland 004A,Violence and sexual offences,Under investigation,
15a1b45fd9808901c6c9bff4a48796876fda131882d2b8bad31c7639df45699d,2026-07,Cumbria Constabulary,Cumbria Constabulary,-2.751135,54.332140,On or near Town View,E01019360,South Lakeland 004A,Violence and sexual offences,Under investigation,
a830e16f44be24b9bb561a1974b185ac6cc7deacf0ee3fe3addde5603b0e268e,2026-07,Cumbria Constabulary,Cumbria Constabulary,-2.748576,54.327546,On or near Old Shambles,E01019360,South Lakeland 004A,Violence and sexual offences,Offender given a caution,
558e1b63ab956f5684d2d30fe0b1916b28079b01150556042eff39e12a6f6974,2026-07,Cumbria Constabulary,Cumbria Constabulary,-2.748576,54.327546,On or near Old Shambles,E01019360,South Lakeland 004A,Violence and sexual offences,Under investigation,
f6c4794b08c0ffd29dd6286a1d9a85eef14459b60d7d4d9b96a9062e35884263,2026-07,Cumbria Constabulary,Cumbria Constabulary,-2.745509,54.329739,On or near Bus/Coach Station,E01019360,South Lakeland 004A,Violence and sexual offences,Under investigation,
518d3220eae3dfab53ff7e8224524abfeb3ebfe5a8d2738dbd30d7549a6be227,2026-07,Cumbria Constabulary,Cumbria Constabulary,-2.745509,54.329739,On or near Bus/Coach Station,E01019360,South Lakeland 004A,Violence and sexual offences,Under investigation,
4b4883a7e365d3b3a8185783554ba506861797db9c2e58b9da853c8b2ab6ff30,2026-07,Cumbria Constabulary,Cumbria Constabulary,-2.747563,54.326806,On or near A6,E01019360,South Lakeland 004A,Violence and sexual offences,Under investigation,
c9b08c7b4a0fd7c9453b71976527323bf3918d6b625d64927f044b342d7d3c1d,2026-07,Cumbria Constabulary,Cumbria Constabulary,-2.750156,54.329064,On or near Shopping Area,E01019360,South Lakeland 004A,Violence and sexual offences,Under investigation,
25fa20de6a0b3ef43ed2189a1fd5f9d54ff3b842b1107807c5087b92ddbc845a,2026-07,Cumbria Constabulary,Cumbria Constabulary,-2.750156,54.329064,On or near Shopping Area,E01019360,South Lakeland 004A,Violence and sexual offences,Under investigation,
83bf012f63e922132b505889b88c9f72fc6f4f991fc8762afd38676cd1bc47a9,2026-07,Cumbria Constabulary,Cumbria Constabulary,-2.742977,54.329144,On or near Stramongate,E01019360,South Lakeland 004A,Violence and sexual offences,Under investigation,
a9c2ac1a3ac47c2ea40b8e25c62b37925b3a1e12ee214b5299785b5c296dbdab,2026-07,Cumbria Constabulary,Cumbria Constabulary,-2.746408,54.328431,On or near Branthwaite Brow,E01019360,South Lakeland 004A,Violence and sexual offences,Under investigation,
40187e1db1ee5f8f35b134f530a63a424fc841a823cfc48d727a0f46e7f2ab74,2026-07,Cumbria Constabulary,Cumbria Constabulary,-2.748576,54.327546,On or near Old Shambles,E01019360,South Lakeland 004A,Violence and sexual offences,Under investigation,
ab07391dad7b24a808c00523830b4878216d8a22476b5121774a7bcbfbd5fdbe,2026-07,Cumbria Constabulary,Cumbria Constabulary,-2.746408,54.328431,On or near Branthwaite Brow,E01019360,South Lakeland 004A,Violence and sexual offences,Under investigation,
c9c6b2e03ee7674ff22fa59c21fbdb2ae30f7267bca30aad50488112b4cfc8e2,2026-07,Cumbria Constabulary,Cumbria Constabulary,-2.742977,54.329144,On or near Stramongate,E01019360,South Lakeland 004A,Violence and sexual offences,Under investigation,
22b0bb21dfc8f92d83ec269a2a80eaa62b3227eff399fb79ff08ac4adb5c7e41,2026-07,Cumbria Constabulary,Cumbria Constabulary,-2.744763,54.327605,On or near Kent Street,E01019360,South Lakeland 004A,Violence and sexual offences,Unable to prosecute suspect,
6f7b0cca1b49f476eb316356c9abdb81c308827a34d442094e0ab3d57bdcf104,2026-07,Cumbria Constabulary,Cumbria Constabulary,-2.748576,54.327546,On or near Old Shambles,E01019360,South Lakeland 004A,Violence and sexual offences,Investigation complete; no suspect identified,
77cfd2ad1120112481114dddc9d6d1ad2b6b9448156f632ee255ec54e7db8605,2026-07,Cumbria Constabulary,Cumbria Constabulary,-2.751799,54.332298,On or near South View Lane,E01019360,South Lakeland 004A,Violence and sexual offences,Under investigation,
24d7e41e7f9b93fb920a00cbcf9adc3fa846939ab4cf86337c593dd19c10ba55,2026-07,Cumbria Constabulary,Cumbria Constabulary,-2.749440,54.326902,On or near Parking Area,E01019360,South Lakeland 004A,Other crime,Awaiting court outcome,
53de66b8c6a153cc5a7742e222d4b633bbba765604b1b9f6cc9cacfe89131fe2,2026-07,Cumbria Constabulary,Cumbria Constabulary,-2.751799,54.332298,On or near South View Lane,E01019360,South Lakeland 004A,Other crime,Under investigation,
,2026-07,Cumbria Constabulary,Cumbria Constabulary,-2.748306,54.326235,On or near Collin Croft,E01019363,South Lakeland 004B,Anti-social behaviour,,
,2026-07,Cumbria Constabulary,Cumbria Constabulary,-2.748306,54.326235,On or near Collin Croft,E01019363,South Lakeland 004B,Anti-social behaviour,,
,2026-07,Cumbria Constabulary,Cumbria Constabulary,-2.745879,54.322979,On or near Parking Area,E01019363,South Lakeland 004B,Anti-social behaviour,,
,2026-07,Cumbria Constabulary,Cumbria Constabulary,-2.747239,54.326790,On or near Lowther Street,E01019363,South Lakeland 004B,Anti-social behaviour,,
1710d602fa5efe786ac30ce33c3fdfb1f4d4ab7e0e6bb5f937d45b8109f42768,2026-07,Cumbria Constabulary,Cumbria Constabulary,-2.746287,54.325115,On or near Kent Place,E01019363,South Lakeland 004B,Criminal damage and arson,Unable to prosecute suspect,
8358cbc31abdfcd229eb9478854d9856ae2d0bbec327372c13863f644e3fd3dc,2026-07,Cumbria Constabulary,Cumbria Constabulary,-2.745879,54.322979,On or near Parking Area,E01019363,South Lakeland 004B,Criminal damage and arson,Investigation complete; no suspect identified,
530b58f1f8e20806d1e26befbe918e547c408359f44b5e5f36b4a34587861d9f,2026-07,Cumbria Constabulary,Cumbria Constabulary,-2.746287,54.325115,On or near Kent Place,E01019363,South Lakeland 004B,Criminal damage and arson,Under investigation,
63f20a4145282740685c0f61e420c2a00201e94f7de540be7bc03df3be6271b2,2026-07,Cumbria Constabulary,Cumbria Constabulary,-2.750279,54.323167,On or near Gillinggate,E01019363,South Lakeland 004B,Criminal damage and arson,Unable to prosecute suspect,
544db9755ae0d7c383eab909b97a8e1eb6b5a4d7e4342125875abab788d41830,2026-07,Cumbria Constabulary,Cumbria Constabulary,-2.745879,54.322979,On or near Parking Area,E01019363,South Lakeland 004B,Drugs,Under investigation,
cd8075285445d56d349dbdd84935e88a7be4a73d27a8ece3129b207682c92bee,2026-07,Cumbria Constabulary,Cumbria Constabulary,-2.745214,54.321931,On or near Kirkland,E01019363,South Lakeland 004B,Other theft,Under investigation,
e38530d75fd9248d17b15eb6c3a94366b2f2ec5eede02ba4e7bad549e46f403f,2026-07,Cumbria Constabulary,Cumbria Constabulary,-2.748455,54.324302,On or near Parking Area,E01019363,South Lakeland 004B,Other theft,Investigation complete; no suspect identified,
dc4d09d29560a38bf2faa4efd744051ba5cc9e75dd0c4760c3640ffc914d8d10,2026-07,Cumbria Constabulary,Cumbria Constabulary,-2.745879,54.322979,On or near Parking Area,E01019363,South Lakeland 004B,Other theft,Investigation complete; no suspect identified,
157f8ac5e299881a527d919e211ed4f31f0383265ce8d7af8884dd0fc7ec888b,2026-07,Cumbria Constabulary,Cumbria Constabulary,-2.746287,54.325115,On or near Kent Place,E01019363,South Lakeland 004B,Public order,Unable to prosecute suspect,
25c6f2381fbaa6909d8eaf6e9446eac3967573f07469ad22607325e308d462d9,2026-07,Cumbria Constabulary,Cumbria Constabulary,-2.745879,54.322979,On or near Parking Area,E01019363,South Lakeland 004B,Public order,Under investigation,
adbe17fcb7a65bf65c0b740806cc70c44c0ebc9cba51fe1fda45aa1a82c6aedb,2026-07,Cumbria Constabulary,Cumbria Constabulary,-2.746287,54.325115,On or near Kent Place,E01019363,South Lakeland 004B,Public order,Under investigation,
8f104f38ad3309203ca71440c2749a3b17de3aadaa8ada2851c69e790e3ca475,2026-07,Cumbria Constabulary,Cumbria Constabulary,-2.746287,54.325115,On or near Kent Place,E01019363,South Lakeland 004B,Public order,Unable to prosecute suspect,
5574d6add457df97cb45dd5f9a1fc269161ff9f849513d99dfd84e9495db2edf,2026-07,Cumbria Constabulary,Cumbria Constabulary,-2.746287,54.325115,On or near Kent Place,E01019363,South Lakeland 004B,Public order,Unable to prosecute suspect,
7738670c773e5c192c57ef7406b1c83a823fb9eb65eafa53a0bd9d031ca0c164,2026-07,Cumbria Constabulary,Cumbria Constabulary,-2.750279,54.323167,On or near Gillinggate,E01019363,South Lakeland 004B,Violence and sexual offences,Unable to prosecute suspect,
59b49121d2d0e3b41a87e59da65cc0455c45794b8dba88021fa35aca97d03935,2026-07,Cumbria Constabulary,Cumbria Constabulary,-2.750279,54.323167,On or near Gillinggate,E01019363,South Lakeland 004B,Violence and sexual offences,Unable to prosecute suspect,
30248178db22ca9c82b8997331ea85f2fe2fc838b444b87e66d94bb44d49db5d,2026-07,Cumbria Constabulary,Cumbria Constabulary,-2.753889,54.324636,On or near Bankfield Road,E01019363,South Lakeland 004B,Violence and sexual offences,Under investigation,
7c8bac9bdc88e70d670266cba3279317d81e3e56bf9852d127428df2f6184b0b,2026-07,Cumbria Constabulary,Cumbria Constabulary,-2.750279,54.323167,On or near Gillinggate,E01019363,South Lakeland 004B,Violence and sexual offences,Unable to prosecute suspect,
e47793ef15e28319f7ed6f58fb918e720ffcaf2db63960c17b02a786b367d5d6,2026-07,Cumbria Constabulary,Cumbria Constabulary,-2.745214,54.321931,On or near Kirkland,E01019363,South Lakeland 004B,Violence and sexual offences,Under investigation,
ee6fa9c7bd6229d74ca3b563476b34378278881b06bff8fe9cad1e4be871b308,2026-07,Cumbria Constabulary,Cumbria Constabulary,-2.750279,54.323167,On or near Gillinggate,E01019363,South Lakeland 004B,Violence and sexual offences,Unable to prosecute suspect,
3d3378a75c80e092ad59e46c0bb4b700c790e9a1db5c48ede7d2793288de4c37,2026-07,Cumbria Constabulary,Cumbria Constabulary,-2.745214,54.321931,On or near Kirkland,E01019363,South Lakeland 004B,Violence and sexual offences,Under investigation,
b2ea11c6857cde3b2f96e83130c2a2c1b4dbd6ec12a99086c78ae4005faa4f50,2026-07,Cumbria Constabulary,Cumbria Constabulary,-2.746610,54.324286,On or near Dowker'S Lane,E01019363,South Lakeland 004B,Violence and sexual offences,Under investigation,
dacfdce767fd5f5cce4db3e15bd755d0aa8088b5f1e8edfa99c4fd9ee14caccd,2026-07,Cumbria Constabulary,Cumbria Constabulary,-2.745200,54.323686,On or near Sports/Recreation Area,E01019363,South Lakeland 004B,Violence and sexual offences,Under investigation,
f6b5f029d3973835e4015121718c9688eadc9477dd3248b500b13e2b96afbfd7,2026-07,Cumbria Constabulary,Cumbria Constabulary,-2.750279,54.323167,On or near Gillinggate,E01019363,South Lakeland 004B,Violence and sexual offences,Unable to prosecute suspect,
d6225013c4a647d4e525b9d7342e16edacbf6d68df4d490d6e80ac898918f485,2026-07,Cumbria Constabulary,Cumbria Constabulary,-2.745200,54.323686,On or near Sports/Recreation Area,E01019363,South Lakeland 004B,Violence and sexual offences,Under investigation,
061bccbe7d6b01c832092721b0482cceaef9e6095c75d551208a2002c67e5988,2026-07,Cumbria Constabulary,Cumbria Constabulary,-2.746610,54.324286,On or near Dowker'S Lane,E01019363,South Lakeland 004B,Violence and sexual offences,Under investigation,
f87ffaab03af775d1b85c527e8b1290f6396683c6f3e6390c4092cb77e6d6706,2026-07,Cumbria Constabulary,Cumbria Constabulary,-2.745214,54.321931,On or near Kirkland,E01019363,South Lakeland 004B,Violence and sexual offences,Under investigation,
425ae65fc027da5e172723efd8599d73103e80cca54acf6148c08163a9c43b6a,2026-07,Cumbria Constabulary,Cumbria Constabulary,-2.745959,54.323176,On or near Parking Area,E01019363,South Lakeland 004B,Violence and sexual offences,Awaiting court outcome,
9511117e9d00c300155b376eb5ca758b02f1cf02319bb004ec91db144bd660d3,2026-07,Cumbria Constabulary,Cumbria Constabulary,-2.746287,54.325115,On or near Kent Place,E01019363,South Lakeland 004B,Violence and sexual offences,Unable to prosecute suspect,
8e6d00d23a7def29fbdb600eb8909e48631be435c39b783437ee5353b216c0ab,2026-07,Cumbria Constabulary,Cumbria Constabulary,-2.745200,54.323686,On or near Sports/Recreation Area,E01019363,South Lakeland 004B,Violence and sexual offences,Under investigation,
3e4116f10208f68cfc28b1e9f700e385b2a89e4116be2bb7d4ab261b7cfda65a,2026-07,Cumbria Constabulary,Cumbria Constabulary,-2.748306,54.326235,On or near Collin Croft,E01019363,South Lakeland 004B,Violence and sexual offences,Awaiting court outcome,
43276ef02e0a7cdfaf5fda1d226d1eb4068f42c78ff9f2ba72b42cb0d6e2daa3,2026-07,Cumbria Constabulary,Cumbria Constabulary,-2.746667,54.324034,On or near Parking Area,E01019363,South Lakeland 004B,Violence and sexual offences,Unable to prosecute suspect,
5c37e3acfd59e8e6c4803cb47625ef338e4632017e58f02ef535e6bd880cf7e1,2026-07,Cumbria Constabulary,Cumbria Constabulary,-2.752688,54.324563,On or near East View,E01019363,South Lakeland 004B,Violence and sexual offences,Unable to prosecute suspect,
a63f4f540bee8ef5b79ec94dc4289973dd1b4a26b61dcd4b38314e757f041379,2026-07,Cumbria Constabulary,Cumbria Constabulary,-2.752688,54.324563,On or near East View,E01019363,South Lakeland 004B,Violence and sexual offences,Unable to prosecute suspect,
a532844f8b9def8d6540fcb6a36612182879f98f1f0e9c4d53f74de4af2d6d3f,2026-07,Cumbria Constabulary,Cumbria Constabulary,-2.745214,54.321931,On or near Kirkland,E01019363,South Lakeland 004B,Violence and sexual offences,Under investigation,
9e12e02dfbf583253c71d59a9fc203a9efdcbc36dae5a720cfb917765f98c591,2026-07,Cumbria Constabulary,Cumbria Constabulary,-2.747500,54.325036,On or near Highgate,E01019363,South Lakeland 004B,Violence and sexual offences,Awaiting court outcome,
92d81707253265fab50c8809683bbf8df218dc7e0c88be4058b2eeb9a07e36e7,2026-07,Cumbria Constabulary,Cumbria Constabulary,-2.745214,54.321931,On or near Kirkland,E01019363,South Lakeland 004B,Violence and sexual offences,Under investigation,
5f35311abbdf7d2147b0e7cf610137e5805227ef19be5fd7f28110ce2e290757,2026-07,Cumbria Constabulary,Cumbria Constabulary,-2.750279,54.323167,On or near Gillinggate,E01019363,South Lakeland 004B,Violence and sexual offences,Unable to prosecute suspect,
,2026-07,Cumbria Constabulary,Cumbria Constabulary,-2.744588,54.318745,On or near West Street,E01019364,South Lakeland 004C,Anti-social behaviour,,
277b0e8a5a0db580e3fe7a1dfff6abfe0b256bdeac4bc42ad0d8147c16915b83,2026-07,Cumbria Constabulary,Cumbria Constabulary,-2.748667,54.322431,On or near Buttery Well Road,E01019364,South Lakeland 004C,Public order,Under investigation,
5cede96915edbff77fa53e0807bc93531a5e97fa6a0bfb90773dc80dc8cf89d2,2026-07,Cumbria Constabulary,Cumbria Constabulary,-2.748225,54.320088,On or near Anchorite Road,E01019364,South Lakeland 004C,Vehicle crime,Under investigation,
439c4cd9b9b691e10f6413cfc506f75e7fb7d4769ff4a30983b428ee927597b3,2026-07,Cumbria Constabulary,Cumbria Constabulary,-2.745346,54.319890,On or near Hamilton Court,E01019364,South Lakeland 004C,Violence and sexual offences,Under investigation,
ec5bb964d8352a72fd4176ce24a7d5651dbc9c6988b82988cd17d3e8d0f94b5d,2026-07,Cumbria Constabulary,Cumbria Constabulary,-2.746888,54.319288,On or near Glebe Road,E01019364,South Lakeland 004C,Violence and sexual offences,Unable to prosecute suspect,
b788939659dbfb610bd32d758a655d73a0638eb390a198c9e761d030f4f71f7c,2026-07,Cumbria Constabulary,Cumbria Constabulary,-2.749816,54.319683,On or near Vicars Garth,E01019364,South Lakeland 004C,Violence and sexual offences,Under investigation,
37717e51eaa65a373eefe77c180d632cef3054a95092299c1b5b9413cdecab2e,2026-07,Cumbria Constabulary,Cumbria Constabulary,-2.749816,54.319683,On or near Vicars Garth,E01019364,South Lakeland 004C,Violence and sexual offences,Awaiting court outcome,
9b0be433b42a5f25e1c2075c59dc42c0a0477740bb2cd13a7bb8f539a23d56ab,2026-07,Cumbria Constabulary,Cumbria Constabulary,-2.749816,54.319683,On or near Vicars Garth,E01019364,South Lakeland 004C,Violence and sexual offences,Awaiting court outcome,
ab7486a3b1e2555316ab7386ec6dc83518ecc15ed72171629a9271182f048f27,2026-07,Cumbria Constabulary,Cumbria Constabulary,-2.744588,54.318745,On or near West Street,E01019364,South Lakeland 004C,Violence and sexual offences,Under investigation,
169e6f6824bd88f6f923d772d2a2ac3c5f8afafa2e07beb7cfa4b93c6c36f6a5,2026-07,Cumbria Constabulary,Cumbria Constabulary,-2.748328,54.319009,On or near Vicars Walk,E01019364,South Lakeland 004C,Other crime,Under investigation,
,2026-07,Cumbria Constabulary,Cumbria Constabulary,-2.757347,54.342131,On or near White Moss Court,E01019371,South Lakeland 004D,Anti-social behaviour,,
a5c8559a065b722107f53d33402479eba609530e59a67a3b001005e1dbe4f275,2026-07,Cumbria Constabulary,Cumbria Constabulary,-2.756056,54.341348,On or near Aysgarth Close,E01019371,South Lakeland 004D,Bicycle theft,Under investigation,
746635be1d6292f3e63d3b3819188e75b794c6541664e1aa722cd933dd7ebeaa,2026-07,Cumbria Constabulary,Cumbria Constabulary,-2.757347,54.342131,On or near White Moss Court,E01019371,South Lakeland 004D,Burglary,Investigation complete; no suspect identified,
8181c37f0aad8645595ac4f238ded445db153744d0b0a27a2d4257512a828e43,2026-07,Cumbria Constabulary,Cumbria Constabulary,-2.755345,54.340346,On or near Overdale Close,E01019371,South Lakeland 004D,Criminal damage and arson,Unable to prosecute suspect,
bac4d049d5e2a254eea019d98aa9d3e79091396c80df1f2de9d7904e78933f91,2026-07,Cumbria Constabulary,Cumbria Constabulary,-2.755457,54.335546,On or near Underley Road,E01019371,South Lakeland 004D,Criminal damage and arson,Unable to prosecute suspect,
3828e6fbc2ce5f7192aa2f834cb81d64ca1f288568f7587832e0b0c23621328b,2026-07,Cumbria Constabulary,Cumbria Constabulary,-2.757276,54.334951,On or near Windermere Road,E01019371,South Lakeland 004D,Public order,Unable to prosecute suspect,
f5b7a3bb0a5698336f64e9e59ecef9d75066cb03beed6b16f2cfa2e59b2359f1,2026-07,Cumbria Constabulary,Cumbria Constabulary,-2.755345,54.340346,On or near Overdale Close,E01019371,South Lakeland 004D,Violence and sexual offences,Under investigation,
16893b6c1f91c1742c5b8d9199f83d4cb3c4d3687bb768d98a0858125e5aef91,2026-07,Cumbria Constabulary,Cumbria Constabulary,-2.754745,54.341150,On or near Moss Ghyll,E01019371,South Lakeland 004D,Violence and sexual offences,Under investigation,
26e97aad61dd9d06aef95d8d3fc6919366d5cfa32f358e88cc2b149f65faeaf7,2026-07,Cumbria Constabulary,Cumbria Constabulary,-2.755345,54.340346,On or near Overdale Close,E01019371,South Lakeland 004D,Violence and sexual offences,Under investigation,
976452bdaefa2de1429aa4d635d515499c1db9052a5c4d40846eed10769abbed,2026-07,Cumbria Constabulary,Cumbria Constabulary,-2.754745,54.341150,On or near Moss Ghyll,E01019371,South Lakeland 004D,Violence and sexual offences,Unable to prosecute suspect,
6feb36925f682774ab4b4632efa87bdf15b0799d697d20fcec40dd8fad53d3af,2026-07,Cumbria Constabulary,Cumbria Constabulary,-2.724228,54.329779,On or near Bowland Drive,E01019358,South Lakeland 005A,Bicycle theft,Under investigation,
f6a7c7b0043eed2de43adb372368ac4294a4a87fce33d0525b6cfd92d5daa7a2,2026-07,Cumbria Constabulary,Cumbria Constabulary,-2.726043,54.330676,On or near Grasmere Crescent,E01019358,South Lakeland 005A,Other theft,Unable to prosecute suspect,
8292d757fdb121891816e6f6472d73e997440449863eec217fd35a29415ed036,2026-07,Cumbria Constabulary,Cumbria Constabulary,-2.726043,54.330676,On or near Grasmere Crescent,E01019358,South Lakeland 005A,Public order,Under investigation,
67d97f91f278e3f06344eabb7166ce9e5e8e16d58662ba83311a1683296519f5,2026-07,Cumbria Constabulary,Cumbria Constabulary,-2.725407,54.322501,On or near Park Side Road,E01019358,South Lakeland 005A,Violence and sexual offences,Unable to prosecute suspect,
d3425a8ec35892e467d8092e400cf10a95bf961c67b4a50ee79cb603dcc3c331,2026-07,Cumbria Constabulary,Cumbria Constabulary,-2.725407,54.322501,On or near Park Side Road,E01019358,South Lakeland 005A,Violence and sexual offences,Unable to prosecute suspect,
cd0024e0ac1e0a9c62deb343844a1a414b140264899be7f534f27d80d8d15ff6,2026-07,Cumbria Constabulary,Cumbria Constabulary,-2.726665,54.331068,On or near Coniston Drive,E01019358,South Lakeland 005A,Violence and sexual offences,Under investigation,
4825f12b76a6b88c04f83f95801f80a3e0ab916dfbd85af68ece77bcb8859840,2026-07,Cumbria Constabulary,Cumbria Constabulary,-2.725407,54.322501,On or near Park Side Road,E01019358,South Lakeland 005A,Violence and sexual offences,Unable to prosecute suspect,
bc61cf5011fa49d69c820c03c6bb87332bb7ea05b25ac712f9732b6908210d5c,2026-07,Cumbria Constabulary,Cumbria Constabulary,-2.725407,54.322501,On or near Park Side Road,E01019358,South Lakeland 005A,Violence and sexual offences,Unable to prosecute suspect,
9f0fd1e1ba4f95034b256ce7246d4f953f267d5805b3a096985deafc375d9836,2026-07,Cumbria Constabulary,Cumbria Constabulary,-2.724806,54.326837,On or near Oak Tree Road,E01019358,South Lakeland 005A,Violence and sexual offences,Under investigation,
7c312bac4a4aa05a07e6334db80758ab8fff46a96c904552ddd9b7bd215bce3b,2026-07,Cumbria Constabulary,Cumbria Constabulary,-2.725407,54.322501,On or near Park Side Road,E01019358,South Lakeland 005A,Violence and sexual offences,Unable to prosecute suspect,
4ce5156861cc5524508df662a45fe59ba192ceffd174e62758b4fff2e2c0034d,2026-07,Cumbria Constabulary,Cumbria Constabulary,-2.725407,54.322501,On or near Park Side Road,E01019358,South Lakeland 005A,Violence and sexual offences,Unable to prosecute suspect,
4954cde9545cd226ff3cf31362811bb742b0e2a2d02aefa83f7e2d096ec29e0f,2026-07,Cumbria Constabulary,Cumbria Constabulary,-2.729190,54.327763,On or near A684,E01019358,South Lakeland 005A,Violence and sexual offences,Under investigation,
1363ac6eaeece0b35b92a1786e392fba28cc46d46535df2a8b6bb1d726524a73,2026-07,Cumbria Constabulary,Cumbria Constabulary,-2.726043,54.330676,On or near Grasmere Crescent,E01019358,South Lakeland 005A,Violence and sexual offences,Under investigation,
ccf1044eb90f4ab66b6c775c62d32c9df4d4d8d144cd8daf610cdf3610fe8118,2026-07,Cumbria Constabulary,Cumbria Constabulary,-2.723555,54.331787,On or near Ullswater Road,E01019358,South Lakeland 005A,Violence and sexual offences,Under investigation,
0d8d006cfeff9e7224b4cbc20e9b7002ed824179bf5c8cf8467a7b03f460193c,2026-07,Cumbria Constabulary,Cumbria Constabulary,-2.725407,54.322501,On or near Park Side Road,E01019358,South Lakeland 005A,Violence and sexual offences,Unable to prosecute suspect,
8f1ff3cbfa4bbae7a19ab4a12c17ba918380b4904b12374d6390bb7addca9bfc,2026-07,Cumbria Constabulary,Cumbria Constabulary,-2.725407,54.322501,On or near Park Side Road,E01019358,South Lakeland 005A,Violence and sexual offences,Unable to prosecute suspect,
6950b792ed9653a1d046182103db49da63472fdc5bb7479d79bc449c431956e3,2026-07,Cumbria Constabulary,Cumbria Constabulary,-2.725407,54.322501,On or near Park Side Road,E01019358,South Lakeland 005A,Violence and sexual offences,Unable to prosecute suspect,
545891f18f567dbe8fa7d6b35a274a6abd75fdc79f34c46f5b8c5af5cebff9b3,2026-07,Cumbria Constabulary,Cumbria Constabulary,-2.725407,54.322501,On or near Park Side Road,E01019358,South Lakeland 005A,Violence and sexual offences,Unable to prosecute suspect,
ab41288d9bfcd68968b4eafba2bbb1cb7a68708c5b0f8cbba61164b5e771137b,2026-07,Cumbria Constabulary,Cumbria Constabulary,-2.726621,54.314648,On or near Heron Close,E01019362,South Lakeland 005B,Criminal damage and arson,Under investigation,
4f70233399b329b146a0769ffe6f272de230683f0721fb24c7b4fb0d51d3b6ba,2026-07,Cumbria Constabulary,Cumbria Constabulary,-2.731938,54.314580,On or near Killington Drive,E01019362,South Lakeland 005B,Violence and sexual offences,Under investigation,
f9014d8dffeacd9878970d1dfccc1b4549001d2c76d913fafb245dcfaa33ab18,2026-07,Cumbria Constabulary,Cumbria Constabulary,-2.726621,54.314648,On or near Heron Close,E01019362,South Lakeland 005B,Violence and sexual offences,Under investigation,
8d59236f1e7633d61f605a11431a3c0ec0ac610527968d9a285c3a7dba1182e9,2026-07,Cumbria Constabulary,Cumbria Constabulary,-2.726621,54.314648,On or near Heron Close,E01019362,South Lakeland 005B,Violence and sexual offences,Under investigation,
1afe8676f4ef92d7fd0d98be2c5cb471bd537d20ee7871ff8fd82f7d9472e8ae,2026-07,Cumbria Constabulary,Cumbria Constabulary,-2.732431,54.321560,On or near Parkside Meadow,E01019366,South Lakeland 005C,Burglary,Under investigation,
ae4dd613561eba4b5d740543ce06fc547538601e41640e738155f83380841c1b,2026-07,Cumbria Constabulary,Cumbria Constabulary,-2.733765,54.329093,On or near Castle Road,E01019366,South Lakeland 005C,Criminal damage and arson,Local resolution,
23aa8b00e98c05b5de20a29d18074df8aa868ce2a49ce52150bb378423da1b89,2026-07,Cumbria Constabulary,Cumbria Constabulary,-2.728239,54.319222,On or near Curson Rise,E01019366,South Lakeland 005C,Vehicle crime,Investigation complete; no suspect identified,
cac234732ad9f8e69ed4180d24419249edade0809ddf2b0f1460b55d81a83665,2026-07,Cumbria Constabulary,Cumbria Constabulary,-2.726366,54.318496,On or near Landsdown Close,E01019366,South Lakeland 005C,Vehicle crime,Under investigation,
64075847e62be59d48625b129bc9587d0ed7b337e1b82ee4cbadde1d675b7860,2026-07,Cumbria Constabulary,Cumbria Constabulary,-2.742850,54.323824,On or near Aynam Road,E01019366,South Lakeland 005C,Violence and sexual offences,Investigation complete; no suspect identified,
5532f7abb6fd4bc9869b46c2b13a038c7e9f27ed6c3a75183ce5eb23e6d50e6e,2026-07,Cumbria Constabulary,Cumbria Constabulary,-2.730447,54.324942,On or near Castle Grove,E01019366,South Lakeland 005C,Violence and sexual offences,Under investigation,
f4b327a72fefcb78952b8038aeaf6eb56e363b4b4740511b929e17812195e475,2026-07,Cumbria Constabulary,Cumbria Constabulary,-2.731552,54.324864,On or near Castle Riggs,E01019366,South Lakeland 005C,Violence and sexual offences,Under investigation,
6838e114d5cbb0094757e8efa47e30902477799baa2db44ba908f5e159f71cd5,2026-07,Cumbria Constabulary,Cumbria Constabulary,-2.728139,54.323105,On or near Castle Dale,E01019366,South Lakeland 005C,Violence and sexual offences,Under investigation,
6ca7c3eb60723337e7d861bc68ac91385875b42520303c867f6355944dca9ad8,2026-07,Cumbria Constabulary,Cumbria Constabulary,-2.660088,54.306708,On or near Fairthorns Road,E01019394,South Lakeland 005D,Burglary,Under investigation,
5458e85f088aca59d35d37b07e6f0d6278f766bdab59d994cc517df351397fc7,2026-07,Cumbria Constabulary,Cumbria Constabulary,-2.617855,54.308739,On or near Old Scotch Road,E01019394,South Lakeland 005D,Criminal damage and arson,Under investigation,
a646ddbd0b3795614653258ccbf5f92babc79b3e498816e87e5becbd401db157,2026-07,Cumbria Constabulary,Cumbria Constabulary,-2.685116,54.295119,On or near Popplemire Lane,E01019394,South Lakeland 005D,Other theft,Investigation complete; no suspect identified,
d2cf648d58f6333e6d5768ac5f0fb1d6ed421d41d45aa1657032be7f2cad74cc,2026-07,Cumbria Constabulary,Cumbria Constabulary,-2.617855,54.308739,On or near Old Scotch Road,E01019394,South Lakeland 005D,Other theft,Investigation complete; no suspect identified,
ec599cf01739db187e0b5e2dac885e5915ce3a547d0c85ed0719affc1e201bd4,2026-07,Cumbria Constabulary,Cumbria Constabulary,-2.708073,54.332877,On or near Paddy Lane,E01019394,South Lakeland 005D,Violence and sexual offences,Under investigation,
e1a09029a52032bc32a3b34b7b0aedbaf4e92bdfb4b728f374e658107f046b2c,2026-07,Cumbria Constabulary,Cumbria Constabulary,-2.620481,54.381185,On or near Park/Open Space,E01019394,South Lakeland 005D,Other crime,Under investigation,
16e1123ca4483a8794131f7f4f3c4f691f8d5753905bf85b8397cee262552749,2026-07,Cumbria Constabulary,Cumbria Constabulary,-2.744333,54.316544,On or near Howard Street,E01019361,South Lakeland 006A,Violence and sexual offences,Under investigation,
e58409bb293f11754e02376aa7457057ae39a03d67bcfea6e0d536e33b6e614d,2026-07,Cumbria Constabulary,Cumbria Constabulary,-2.727584,54.310868,On or near Kendal Parks Crescent,E01019368,South Lakeland 006C,Burglary,Under investigation,
191b20dcec0c38b27f8e79e843d083b06da8c68104e758887f0bf502aff4677a,2026-07,Cumbria Constabulary,Cumbria Constabulary,-2.724571,54.309052,On or near Hayclose Crescent,E01019368,South Lakeland 006C,Other theft,Unable to prosecute suspect,
b57ffd07b1f9076b7f1d17880b29a6cf5b1ad997f4bc9aa72477f943c595bfd1,2026-07,Cumbria Constabulary,Cumbria Constabulary,-2.727818,54.308458,On or near Oxenholme Road,E01019368,South Lakeland 006C,Other theft,Investigation complete; no suspect identified,
a0b4f7c4b7f30963be93dba6f219645aa02e3d5308b65198f487add8af6e7deb,2026-07,Cumbria Constabulary,Cumbria Constabulary,-2.725038,54.309391,On or near Hayclose Court,E01019368,South Lakeland 006C,Vehicle crime,Under investigation,
ee3e1b953b78f3be112466866f9c743a8e274a7c91fa6785df4f5e25fb427c1b,2026-07,Cumbria Constabulary,Cumbria Constabulary,-2.728937,54.309988,On or near Red Tarn Road,E01019368,South Lakeland 006C,Violence and sexual offences,Under investigation,
8892b876b2395880012e3bc4f02c8050de9b4ca773e343472c2d35f5d1220a92,2026-07,Cumbria Constabulary,Cumbria Constabulary,-2.724571,54.309052,On or near Hayclose Crescent,E01019368,South Lakeland 006C,Violence and sexual offences,Unable to prosecute suspect,
d2e93d57afc4fb00abb7325b71587b6d3c621d57602236c7137994878ee69f84,2026-07,Cumbria Constabulary,Cumbria Constabulary,-2.745220,54.313753,On or near Wattsfield Avenue,E01019369,South Lakeland 006D,Burglary,Under investigation,
56ac2a43695a53bb238ccf09bc8d7134d8a9f2c3b4c722fb3394d785ea671782,2026-07,Cumbria Constabulary,Cumbria Constabulary,-2.752606,54.315846,On or near Pembroke Court,E01019369,South Lakeland 006D,Violence and sexual offences,Under investigation,
7bf1916f6c91f02062badb1fe7fd5d4234210787ea4c86ab238bb1af4d3d3bb3,2026-07,Cumbria Constabulary,Cumbria Constabulary,-2.755094,54.313188,On or near Lumley Road,E01019369,South Lakeland 006D,Violence and sexual offences,Under investigation,
feb6f1fe6bd3f49031b92f1e19d659cb4b62e95b84ffd4d2ac423602486b630c,2026-07,Cumbria Constabulary,Cumbria Constabulary,-2.755364,54.310328,On or near Kentwood Road,E01019369,South Lakeland 006D,Violence and sexual offences,Under investigation,
c9ca0e55d3f607791902d747125e34c4d9ee9d6fb75d901fa823c3cbdd7cbe64,2026-07,Cumbria Constabulary,Cumbria Constabulary,-2.755094,54.313188,On or near Lumley Road,E01019369,South Lakeland 006D,Violence and sexual offences,Under investigation,
9c31cd47221883d5ce615470a59c11058ab6d2cd3d44022e49195ede3e4db9f8,2026-07,Cumbria Constabulary,Cumbria Constabulary,-2.755364,54.310328,On or near Kentwood Road,E01019369,South Lakeland 006D,Violence and sexual offences,Under investigation,
93cea7eb0e6940dc8dec346473ee774b3ce5250e300d9994578f2532423f16f5,2026-07,Cumbria Constabulary,Cumbria Constabulary,-2.745220,54.313753,On or near Wattsfield Avenue,E01019369,South Lakeland 006D,Violence and sexual offences,Under investigation,
24ee017182711d53ca3cd19883b9d8dcb77862b75a7ab66b6c16103a94b399a1,2026-07,Cumbria Constabulary,Cumbria Constabulary,-2.753305,54.311204,On or near Kent Park Avenue,E01019369,South Lakeland 006D,Other crime,Awaiting court outcome,
0f3b241b39e6e49d3f36fadd1e921525ae35516ccb1db596c4569982e7971cc0,2026-07,Cumbria Constabulary,Cumbria Constabulary,-2.740455,54.313782,On or near Rinkfield,E01034078,South Lakeland 006H,Criminal damage and arson,Under investigation,
257c075715ada19e9aa9513401e0d2a29e4e2790545b3d3610a5719fcbe60e99,2026-07,Cumbria Constabulary,Cumbria Constabulary,-2.741660,54.317486,On or near A65,E01034078,South Lakeland 006H,Criminal damage and arson,Under investigation,
8c960b335b342eda6a319ca558d62fd6b8b8e2ed70443b2fb6e4a898a6a0d267,2026-07,Cumbria Constabulary,Cumbria Constabulary,-2.739429,54.313968,On or near Burland Grove,E01034078,South Lakeland 006H,Criminal damage and arson,Under investigation,
143c1b71994e0f7597f22ecafb4d9df5e2a4ef3483774c61107057d08f39192b,2026-07,Cumbria Constabulary,Cumbria Constabulary,-2.739429,54.313968,On or near Burland Grove,E01034078,South Lakeland 006H,Public order,Under investigation,
b5a1dd0e879ab25f251d1255ab6829596d847a3b9b5305c9c2c037c5dbe460f7,2026-07,Cumbria Constabulary,Cumbria Constabulary,-2.742228,54.319173,On or near Lound Road,E01034078,South Lakeland 006H,Violence and sexual offences,Unable to prosecute suspect,
8c4b580cc6c8cbd7f896d4cf5646c2ae534b1fb4d90980ad68387b5b0c83ff64,2026-07,Cumbria Constabulary,Cumbria Constabulary,-2.739429,54.313968,On or near Burland Grove,E01034078,South Lakeland 006H,Violence and sexual offences,Under investigation,
b236e3695cb0e7c206d6f0ca4266b440931df02cae91a628798c082a4473de6b,2026-07,Cumbria Constabulary,Cumbria Constabulary,-2.739429,54.313968,On or near Burland Grove,E01034078,South Lakeland 006H,Violence and sexual offences,Under investigation,
91deaa539b7c5759372454b07a2504139f27cccea90339f56a5f917fe0adb148,2026-07,Cumbria Constabulary,Cumbria Constabulary,-2.742228,54.319173,On or near Lound Road,E01034078,South Lakeland 006H,Violence and sexual offences,Unable to prosecute suspect,
4ec332a5349b23f440f1d142562d0080b6b6d4a96fecabb008a1cfd34a529fd0,2026-07,Cumbria Constabulary,Cumbria Constabulary,-2.739429,54.313968,On or near Burland Grove,E01034078,South Lakeland 006H,Violence and sexual offences,Under investigation,
e6fce1bef988880c2002ea150692a43c95a9d04bbfd6149f5ffbef27254c21cb,2026-07,Cumbria Constabulary,Cumbria Constabulary,-2.741391,54.316203,On or near Tudor Gardens,E01034078,South Lakeland 006H,Violence and sexual offences,Unable to prosecute suspect,
,2026-07,Cumbria Constabulary,Cumbria Constabulary,-2.730106,54.306592,On or near Aspen Close,E01034079,South Lakeland 006I,Anti-social behaviour,,
3a609b4ff5b7305872e7cf427bd44ee36675b76d753349e51771c5e0417e6bc1,2026-07,Cumbria Constabulary,Cumbria Constabulary,-2.724553,54.301081,On or near Helmside Road,E01034079,South Lakeland 006I,Criminal damage and arson,Under investigation,
e00d330ceb683b25846d90eb68c5de568bf0d9b4b7b591120a8e8c2fd268216e,2026-07,Cumbria Constabulary,Cumbria Constabulary,-2.730106,54.306592,On or near Aspen Close,E01034079,South Lakeland 006I,Criminal damage and arson,Under investigation,
0e13db6bc58f1a48fa5bf3bb5653554c99066eb7cba47298edf6d8480e6cfaaa,2026-07,Cumbria Constabulary,Cumbria Constabulary,-2.726317,54.300009,On or near Bolefoot,E01034079,South Lakeland 006I,Criminal damage and arson,Under investigation,
a884a5bf86b8ae974ad97d765d75887d2a167a12a4e4fde004675fca25383cc4,2026-07,Cumbria Constabulary,Cumbria Constabulary,-2.730106,54.306592,On or near Aspen Close,E01034079,South Lakeland 006I,Possession of weapons,Under investigation,
b06be5937f100768464a56df0cbcd7c47480d3d364b6762782e57ab698655adf,2026-07,Cumbria Constabulary,Cumbria Constabulary,-2.730106,54.306592,On or near Aspen Close,E01034079,South Lakeland 006I,Public order,Local resolution,
d9de60c6f2917dff2ea5215d3fa7b576c2ba4a5e08dfd2150c11c644d79f0742,2026-07,Cumbria Constabulary,Cumbria Constabulary,-2.736745,54.312564,On or near Helme Chase Gardens,E01034079,South Lakeland 006I,Public order,Unable to prosecute suspect,
29a9d8a73e22a55e18cd13268dd8fb03ae7a1763bff5a33412a51a4d47e5ae99,2026-07,Cumbria Constabulary,Cumbria Constabulary,-2.730106,54.306592,On or near Aspen Close,E01034079,South Lakeland 006I,Public order,Under investigation,
e446f1e70d34c6e6d8e6abc794c366c146afe5a2432c3db548957aa6c892f484,2026-07,Cumbria Constabulary,Cumbria Constabulary,-2.730106,54.306592,On or near Aspen Close,E01034079,South Lakeland 006I,Public order,Under investigation,
a56b12934188f0cbedefec03151b43b9927dd38e554362d6258cc73aa0e2b7fd,2026-07,Cumbria Constabulary,Cumbria Constabulary,-2.734018,54.309642,On or near Supermarket,E01034079,South Lakeland 006I,Shoplifting,Under investigation,
a30b0a3af4ffaf0787db107b6dcf8f4b3c0d38e9211877cb1252be6e96ad0adc,2026-07,Cumbria Constabulary,Cumbria Constabulary,-2.736458,54.312018,On or near Helme Drive,E01034079,South Lakeland 006I,Shoplifting,Under investigation,
eca244556df7fcb9735d4983038f0ed58ea55b835a8de4e8b54fa63148066b9d,2026-07,Cumbria Constabulary,Cumbria Constabulary,-2.734018,54.309642,On or near Supermarket,E01034079,South Lakeland 006I,Shoplifting,Awaiting court outcome,
3bf724d9f0a55e0075306f9239ec3727f5a245ef19e0bc0cfae7b62f65c41639,2026-07,Cumbria Constabulary,Cumbria Constabulary,-2.724553,54.301081,On or near Helmside Road,E01034079,South Lakeland 006I,Vehicle crime,Under investigation,
f5b7575c58d5360ab981ae67adfd8b43a2ac46ef663aa4444557ee7aadda54fe,2026-07,Cumbria Constabulary,Cumbria Constabulary,-2.724553,54.301081,On or near Helmside Road,E01034079,South Lakeland 006I,Vehicle crime,Under investigation,
78f6af58cb26a6e9552395db7b7ed5e3ca6bb4fedf450b79ff33562e8683b4fe,2026-07,Cumbria Constabulary,Cumbria Constabulary,-2.724553,54.301081,On or near Helmside Road,E01034079,South Lakeland 006I,Violence and sexual offences,Under investigation,
57453385c12eda9c95a689d66df9a378c203e44c7af9c548bddcbd7a1b636b73,2026-07,Cumbria Constabulary,Cumbria Constabulary,-2.730106,54.306592,On or near Aspen Close,E01034079,South Lakeland 006I,Violence and sexual offences,Under investigation,
8cb323e1efc8c1aa2b9421b18b084dcad56c57b4f6d6e6f461604f406b79b540,2026-07,Cumbria Constabulary,Cumbria Constabulary,-2.730106,54.306592,On or near Aspen Close,E01034079,South Lakeland 006I,Violence and sexual offences,Under investigation,
7a9e38a196597b51993bba13d4846356e2f14970ce6b64339976a9c0fdf3df4a,2026-07,Cumbria Constabulary,Cumbria Constabulary,-2.730106,54.306592,On or near Aspen Close,E01034079,South Lakeland 006I,Violence and sexual offences,Under investigation,
42fa6767733f8abd0cc860089dbf8eb8e3b14cab89c545259fc89420a333918e,2026-07,Cumbria Constabulary,Cumbria Constabulary,-2.724553,54.301081,On or near Helmside Road,E01034079,South Lakeland 006I,Violence and sexual offences,Unable to prosecute suspect,
606c281d77104225717b246756788f43052f901643943ab6ada96b5c553c02f2,2026-07,Cumbria Constabulary,Cumbria Constabulary,-2.730106,54.306592,On or near Aspen Close,E01034079,South Lakeland 006I,Violence and sexual offences,Under investigation,
dcd633d80b1fef3e0c9e8a35e6f9cea7783adf0557fe5e064d009fcb781d5d53,2026-07,Cumbria Constabulary,Cumbria Constabulary,-2.721181,54.304165,On or near Parking Area,E01034079,South Lakeland 006I,Violence and sexual offences,Under investigation,
d717216348e8e40bb708871141a61fa464f740b3d6c4f593fb82f8dcb2e9987f,2026-07,Cumbria Constabulary,Cumbria Constabulary,-2.730106,54.306592,On or near Aspen Close,E01034079,South Lakeland 006I,Violence and sexual offences,Unable to prosecute suspect,
93d41c64006f85fe3d0b341a42250dbfe9e77e666f033af00021441107628571,2026-07,Cumbria Constabulary,Cumbria Constabulary,-2.730106,54.306592,On or near Aspen Close,E01034079,South Lakeland 006I,Violence and sexual offences,Under investigation,
,2026-07,Cumbria Constabulary,Cumbria Constabulary,-2.938845,54.353114,On or near Ferry Terminal,E01019356,South Lakeland 007A,Anti-social behaviour,,
9e72196d156a6d4dc5e9349d3db29211cf7f4273c540d6f806d4856d61db975b,2026-07,Cumbria Constabulary,Cumbria Constabulary,-3.022077,54.339775,On or near Parking Area,E01019356,South Lakeland 007A,Criminal damage and arson,Investigation complete; no suspect identified,
9f447010baa782b7cf2084b2a43f06e5823c62febf909c87c785e4bf1297565f,2026-07,Cumbria Constabulary,Cumbria Constabulary,-2.969684,54.269016,On or near The Colonnade,E01019356,South Lakeland 007A,Other theft,Under investigation,
292ad6b9df351ac9c3f474f04bb4a4d863e212894e58f0f688024485a8d74cea,2026-07,Cumbria Constabulary,Cumbria Constabulary,-2.955284,54.276429,On or near Lakeside,E01019356,South Lakeland 007A,Other theft,Investigation complete; no suspect identified,
961aed78d13984dfb7657d25a48ee1e58bb66e091f3fbb0bfce1197dec844095,2026-07,Cumbria Constabulary,Cumbria Constabulary,-2.997007,54.372250,On or near Spring Wood,E01019356,South Lakeland 007A,Public order,Under investigation,
e088876f7bb7823684f7c23ae7ffa18a2449c2a3d2117d7a11173473376cdcc0,2026-07,Cumbria Constabulary,Cumbria Constabulary,-3.018600,54.322323,On or near Church Close,E01019356,South Lakeland 007A,Violence and sexual offences,Under investigation,
3b8f6a56582638687d53e873bb8db5d355454c157551a817f3aef3ca54953074,2026-07,Cumbria Constabulary,Cumbria Constabulary,-2.997007,54.372250,On or near Spring Wood,E01019356,South Lakeland 007A,Violence and sexual offences,Under investigation,
fad40e5fb7089ed7bafbfaafe8955cf259ae92424437169bfd13754ee609dee9,2026-07,Cumbria Constabulary,Cumbria Constabulary,-2.967586,54.285633,On or near Parking Area,E01019356,South Lakeland 007A,Violence and sexual offences,Unable to prosecute suspect,
9cbfb55211f786d1d682e8091e2bb4c444b4325a621ddbe6c6a9d128446a035a,2026-07,Cumbria Constabulary,Cumbria Constabulary,-2.997007,54.372250,On or near Spring Wood,E01019356,South Lakeland 007A,Violence and sexual offences,Under investigation,
572c42bc703ece34d6b49e1198da8ccef6ead80fd31f6e705a33b12c7a89d795,2026-07,Cumbria Constabulary,Cumbria Constabulary,-2.842932,54.247321,On or near Parking Area,E01019381,South Lakeland 007B,Burglary,Under investigation,
2104bddfd15c521c97724f43c935ee35b05828869c4e986cdbdc7448aa92cf31,2026-07,Cumbria Constabulary,Cumbria Constabulary,-2.842932,54.247321,On or near Parking Area,E01019381,South Lakeland 007B,Burglary,Under investigation,
f650bfbf743665d34222eb2e618077f3684b967f15b3d98c694072ef0038f130,2026-07,Cumbria Constabulary,Cumbria Constabulary,-2.842932,54.247321,On or near Parking Area,E01019381,South Lakeland 007B,Burglary,Under investigation,
7f873521f6562e328e1eaf74360ce54d98c7dff3b139c86676a966dc22b32518,2026-07,Cumbria Constabulary,Cumbria Constabulary,-2.895418,54.215608,On or near Sports/Recreation Area,E01019381,South Lakeland 007B,Criminal damage and arson,Under investigation,
5e1dffad67f8eae3f484c1d48b1dd2646f2398dce987f6c7bdedd8f4b469aea4,2026-07,Cumbria Constabulary,Cumbria Constabulary,-2.885220,54.221879,On or near Parking Area,E01019381,South Lakeland 007B,Drugs,Local resolution,
2ee136fd5888a39e36ad275b54e9629cfd9104640125276a9da81890124ae573,2026-07,Cumbria Constabulary,Cumbria Constabulary,-2.913487,54.253853,On or near Height Road,E01019381,South Lakeland 007B,Other theft,Under investigation,
6d0488ff4011930054d00cf723d7feb0f1c89415171a941c8adfae5d7f236fc6,2026-07,Cumbria Constabulary,Cumbria Constabulary,-2.859737,54.238511,On or near Parking Area,E01019381,South Lakeland 007B,Other theft,Under investigation,
5a51b347de517f2a86f0bc08a69986ab6b2c46a5635ac3dd375e39ad6f2eb4ec,2026-07,Cumbria Constabulary,Cumbria Constabulary,-2.835759,54.289513,On or near Howe Lane,E01019381,South Lakeland 007B,Violence and sexual offences,Under investigation,
ea82dd20d65b77b3a6e96cd42d2c3309728c8f896aa90ea4936e65c5b43d8ca8,2026-07,Cumbria Constabulary,Cumbria Constabulary,-2.992149,54.259450,On or near Finsthwaite Lane,E01019386,South Lakeland 007C,Burglary,Investigation complete; no suspect identified,
2d117ba758578289c2646c5e87784a727c7caab7006f7d033fe436edcf822e2c,2026-07,Cumbria Constabulary,Cumbria Constabulary,-2.942397,54.278373,On or near Fell Foot Brow,E01019386,South Lakeland 007C,Criminal damage and arson,Local resolution,
ad60fd3e9f004b102faf121b4bf8dda5f3fcc5d2b1c7755163ac4d6f9c2dbfdb,2026-07,Cumbria Constabulary,Cumbria Constabulary,-2.951123,54.274494,On or near Parking Area,E01019386,South Lakeland 007C,Criminal damage and arson,Unable to prosecute suspect,
2ca893423fe6928b05b242796a32ec0420923adfea0e4aa9d239c92123948639,2026-07,Cumbria Constabulary,Cumbria Constabulary,-2.942397,54.278373,On or near Fell Foot Brow,E01019386,South Lakeland 007C,Criminal damage and arson,Local resolution,
0f2fe17cfec12d6c27cdb427d206b54d0023bb8e973f01c23a2e7134c000fa53,2026-07,Cumbria Constabulary,Cumbria Constabulary,-2.992149,54.259450,On or near Finsthwaite Lane,E01019386,South Lakeland 007C,Other theft,Under investigation,
4308ed08edfa039bcb840e4b9a66a59fa8273be422b320bf67401edca350ad60,2026-07,Cumbria Constabulary,Cumbria Constabulary,-2.939226,54.310466,On or near Birks Road,E01019386,South Lakeland 007C,Violence and sexual offences,Investigation complete; no suspect identified,
eaec21489a047c9c804d25e111c1a8d0c0bef34f3eeb81dfd696c52dea1b3970,2026-07,Cumbria Constabulary,Cumbria Constabulary,-2.898460,54.275033,On or near Hog House Lane,E01019386,South Lakeland 007C,Violence and sexual offences,Under investigation,
e2765ccb557ff43f787f31e22950ca4aa1e3a8f362e9f4dce7ce0de250c4a42c,2026-07,Cumbria Constabulary,Cumbria Constabulary,-2.929470,54.236303,On or near Four Lane Ends,E01019386,South Lakeland 007C,Other crime,Under investigation,
,2026-07,Cumbria Constabulary,Cumbria Constabulary,-3.210079,54.275588,On or near Castle Wray,E01019344,South Lakeland 008A,Anti-social behaviour,,
e41e015f651b1803e6a0f086407c11468a33dbc3fef3c168a4e3ffedeb417b23,2026-07,Cumbria Constabulary,Cumbria Constabulary,-3.236309,54.325294,On or near Sella Brow,E01019344,South Lakeland 008A,Criminal damage and arson,Investigation complete; no suspect identified,
b2f5864b41ac8a91257c76545e60330d4751df41987a54fe519ca42641c641b0,2026-07,Cumbria Constabulary,Cumbria Constabulary,-3.180001,54.385411,On or near Parking Area,E01019344,South Lakeland 008A,Public order,Investigation complete; no suspect identified,
baa1531d22c3327fd60a0773a283feef5f49b05fc3720852207657144e445469,2026-07,Cumbria Constabulary,Cumbria Constabulary,-3.210079,54.275588,On or near Castle Wray,E01019344,South Lakeland 008A,Public order,Under investigation,
2ce08afda7c5f13b5a3b0a8d15d143e8619de8fffd8e4cd6501d5baccd775bbb,2026-07,Cumbria Constabulary,Cumbria Constabulary,-3.210079,54.275588,On or near Castle Wray,E01019344,South Lakeland 008A,Violence and sexual offences,Unable to prosecute suspect,
0af0e5a8ac0b0aef7aa0560c49d4ae951654e0e0974599cb9c3c01821e49c7f8,2026-07,Cumbria Constabulary,Cumbria Constabulary,-3.171512,54.246767,On or near Buckhorn Lane,E01019345,South Lakeland 008B,Violence and sexual offences,Under investigation,
b667605cfd8ff0dfbeec34c718ca21091a9c438494ae69f23e3c41949ec3d5d8,2026-07,Cumbria Constabulary,Cumbria Constabulary,-3.159993,54.253593,On or near Grizebeck Brow,E01019345,South Lakeland 008B,Violence and sexual offences,Unable to prosecute suspect,
,2026-07,Cumbria Constabulary,Cumbria Constabulary,-3.090594,54.310405,On or near Parking Area,E01019350,South Lakeland 008C,Anti-social behaviour,,
b164bf0ac0b106bd63f86a6f7c62472cc108072175160ddfc33e5105c22b222e,2026-07,Cumbria Constabulary,Cumbria Constabulary,-3.076181,54.368474,On or near Petrol Station,E01019350,South Lakeland 008C,Criminal damage and arson,Under investigation,
790f51002bb7ae6f818da685772159e18dddfd1ef8c9555451435b3bf247ec37,2026-07,Cumbria Constabulary,Cumbria Constabulary,-3.070847,54.400503,On or near Parking Area,E01019350,South Lakeland 008C,Criminal damage and arson,Under investigation,
34e431f0573e48bfedf68da526edc9f7c7995519b8bb599802fee1d16baf1c5d,2026-07,Cumbria Constabulary,Cumbria Constabulary,-3.084745,54.353931,On or near A593,E01019350,South Lakeland 008C,Other theft,Under investigation,
828620f2c74e40943098ff4cdee4ab3ec215d989a7ed9cd3b4cb9a3b5858b2e1,2026-07,Cumbria Constabulary,Cumbria Constabulary,-3.061288,54.367342,On or near Ferry Terminal,E01019350,South Lakeland 008C,Other theft,Investigation complete; no suspect identified,
2c3f31c9753f5ce270e0bd176b70a2e1f144b19f7f4f561fea5d1ac2a03808b5,2026-07,Cumbria Constabulary,Cumbria Constabulary,-3.053748,54.371651,On or near Parking Area,E01019350,South Lakeland 008C,Public order,Unable to prosecute suspect,
459da95f901d0f18a53a2d6957ec5a2211740cccba47862d2d00f2a0e05b8cb5,2026-07,Cumbria Constabulary,Cumbria Constabulary,-3.072481,54.367459,On or near Beck Yeat,E01019350,South Lakeland 008C,Violence and sexual offences,Under investigation,
39d6be57843906b5e50b091c632fa620c9660cb4e340b6122ec981c440ea3508,2026-07,Cumbria Constabulary,Cumbria Constabulary,-3.072307,54.369645,On or near Church Field Close,E01019350,South Lakeland 008C,Violence and sexual offences,Investigation complete; no suspect identified,
3c14d78888334c7e4fe948076772a447ead39bd26e2cf699d05979e101ff7f20,2026-07,Cumbria Constabulary,Cumbria Constabulary,-3.076134,54.368245,On or near St Martins Court,E01019350,South Lakeland 008C,Violence and sexual offences,Under investigation,
2863a4589dddca3170a799913905fb0105de9098bbc407704376c4d846533b7f,2026-07,Cumbria Constabulary,Cumbria Constabulary,-3.072955,54.207806,On or near Petrol Station,E01019351,South Lakeland 008D,Criminal damage and arson,Unable to prosecute suspect,
f5ed94e2ffc2461ca34c5a583740850bccd482b35454c02ab927fe5598bbbb34,2026-07,Cumbria Constabulary,Cumbria Constabulary,-3.054181,54.232832,On or near Sheriff Bank,E01019351,South Lakeland 008D,Drugs,Under investigation,
36b542af0cb77760499f6d91042ae61400e245946012894e80b7d5a514875968,2026-07,Cumbria Constabulary,Cumbria Constabulary,-3.072955,54.207806,On or near Petrol Station,E01019351,South Lakeland 008D,Other theft,Investigation complete; no suspect identified,
3b97cf755ef877129e8569ed11144ce091dda0bff25d63c3d356a6789456b16b,2026-07,Cumbria Constabulary,Cumbria Constabulary,-3.145686,54.174897,On or near Pennington Lane,E01019351,South Lakeland 008D,Violence and sexual offences,Under investigation,
249052994fc79b1d2d9c7c73b2e0d17d588a961caba65822f4b3709e55f38946,2026-07,Cumbria Constabulary,Cumbria Constabulary,-3.072498,54.254088,On or near Silver Lane,E01019351,South Lakeland 008D,Violence and sexual offences,Under investigation,
23969001846c23cd1e41c028817c4d23db35f843d819dd7e119898eabed44888,2026-07,Cumbria Constabulary,Cumbria Constabulary,-3.072498,54.254088,On or near Silver Lane,E01019351,South Lakeland 008D,Other crime,Under investigation,
,2026-07,Cumbria Constabulary,Cumbria Constabulary,-2.597835,54.203120,On or near Church Street,E01019372,South Lakeland 009A,Anti-social behaviour,,
1406ff7a122d8719cfc474408981da19d5c66e910fc3541b0a43b577c6744952,2026-07,Cumbria Constabulary,Cumbria Constabulary,-2.601519,54.202401,On or near Abbotsgate,E01019372,South Lakeland 009A,Public order,Investigation complete; no suspect identified,
4ed961f204e29ddde70af88d999fcc3defdfa08f258f71e80516a3da91671f73,2026-07,Cumbria Constabulary,Cumbria Constabulary,-2.596529,54.201842,On or near Parking Area,E01019372,South Lakeland 009A,Shoplifting,Under investigation,
b03131d3e4601bb4d531668775354c2f493c695e4f57b03bfca28d2fc88ac920,2026-07,Cumbria Constabulary,Cumbria Constabulary,-2.596719,54.201194,On or near Main Street,E01019372,South Lakeland 009A,Violence and sexual offences,Investigation complete; no suspect identified,
82f0bdca9286f4b1f442466c092fe5e6f17662cbb1cb21c3379a216e22eeaad8,2026-07,Cumbria Constabulary,Cumbria Constabulary,-2.596100,54.202913,On or near Horse Market,E01019372,South Lakeland 009A,Violence and sexual offences,Under investigation,
bd1236226f6339fb569427dee51a9ca0946fe0c7043a98ff91e37834fb2246ce,2026-07,Cumbria Constabulary,Cumbria Constabulary,-2.596100,54.202913,On or near Horse Market,E01019372,South Lakeland 009A,Violence and sexual offences,Unable to prosecute suspect,
9ccc30d2f5e6de318e6720d51e807b13ee36b89004f981cb38800a77d3713e44,2026-07,Cumbria Constabulary,Cumbria Constabulary,-2.592008,54.219102,On or near Park/Open Space,E01019373,South Lakeland 009B,Violence and sexual offences,Under investigation,
743270934803cbe50791ca362c8a1b7d0ee9ab72e72db0402973368545aec6cd,2026-07,Cumbria Constabulary,Cumbria Constabulary,-2.592008,54.219102,On or near Park/Open Space,E01019373,South Lakeland 009B,Violence and sexual offences,Under investigation,
eee044d5fb17a64306e169bf681a44ca0b757ba37ce05afeacc60da9930d0790,2026-07,Cumbria Constabulary,Cumbria Constabulary,-2.592008,54.219102,On or near Park/Open Space,E01019373,South Lakeland 009B,Violence and sexual offences,Under investigation,
9565f40481827180cd92a70dc95234a5197f8e1e525d000dd0832896140dc14d,2026-07,Cumbria Constabulary,Cumbria Constabulary,-2.536748,54.317970,On or near Birks Lane,E01019384,South Lakeland 009C,Criminal damage and arson,Investigation complete; no suspect identified,
5ae5db964167d4eae3304d9a93df8922d124fe86e1ea78a88e4c48511ae7b6d4,2026-07,Cumbria Constabulary,Cumbria Constabulary,-2.454753,54.277829,On or near Main Street,E01019384,South Lakeland 009C,Violence and sexual offences,Under investigation,
c030589c98a98ce5617e633f34d9d30a76841e359501890eba1d460e37482fd3,2026-07,Cumbria Constabulary,Cumbria Constabulary,-2.562259,54.347845,On or near Howgill Lane,E01019384,South Lakeland 009C,Violence and sexual offences,Unable to prosecute suspect,
8ab86b013465ec893a54201a079c030f2330df37fa704a809dabd0c5fd143c3a,2026-07,Cumbria Constabulary,Cumbria Constabulary,-2.525665,54.325272,On or near Joss Lane,E01019384,South Lakeland 009C,Violence and sexual offences,Unable to prosecute suspect,
826922f358d73cbc7c6c29da1fc48a72aee2b508fc4375d2e6c53f690c124d89,2026-07,Cumbria Constabulary,Cumbria Constabulary,-2.526765,54.323497,On or near Davis Yard,E01019385,South Lakeland 009D,Burglary,Investigation complete; no suspect identified,
88d33f50316df9b19a16a5ef88bcd1d1cf4ad648d7911dc66de0d5b06a27df15,2026-07,Cumbria Constabulary,Cumbria Constabulary,-2.522083,54.322879,On or near Maryfell,E01019385,South Lakeland 009D,Other theft,Investigation complete; no suspect identified,
2803ea7ef04d1ca4e28aeec82947a9c749a0ef6d87eb8c5a697f08dbf81ac934,2026-07,Cumbria Constabulary,Cumbria Constabulary,-2.522083,54.322879,On or near Maryfell,E01019385,South Lakeland 009D,Other theft,Unable to prosecute suspect,
c92104724969ee244d607d81fcc8976396df6d8be0904fa108184e6ad56b050d,2026-07,Cumbria Constabulary,Cumbria Constabulary,-2.528115,54.324461,On or near Bainbridge Road,E01019385,South Lakeland 009D,Violence and sexual offences,Under investigation,
2547730f421ffa8a6e2dfd5cf05cd88fe613a5d1563b01024331a307ed957945,2026-07,Cumbria Constabulary,Cumbria Constabulary,-2.527735,54.323645,On or near Main Street,E01019385,South Lakeland 009D,Violence and sexual offences,Offender given a caution,
b10d47faa7eb34762afdbb024af85a7ab4cdd938c99e05e4ff0bdc38b64a9a2b,2026-07,Cumbria Constabulary,Cumbria Constabulary,-2.722883,54.184648,On or near St James'S Drive,E01019348,South Lakeland 010A,Other theft,Under investigation,
90dd7c84b5b9a79be59e34fa79aedcffd79319a874ac6bf5d4ac19855bcd0306,2026-07,Cumbria Constabulary,Cumbria Constabulary,-2.700978,54.184203,On or near Vicarage Lane,E01019348,South Lakeland 010A,Violence and sexual offences,Unable to prosecute suspect,
422be57e0a02fe4a46edb2d403b92f06097259b69fc8ca80768beb1707aea922,2026-07,Cumbria Constabulary,Cumbria Constabulary,-2.700978,54.184203,On or near Vicarage Lane,E01019348,South Lakeland 010A,Violence and sexual offences,Investigation complete; no suspect identified,
35a98f95f29251e9dcdc213adbf02866b7b63583bf30ff8789a8bdcd71872037,2026-07,Cumbria Constabulary,Cumbria Constabulary,-2.710196,54.268658,On or near Meadowside Close,E01019352,South Lakeland 010B,Criminal damage and arson,Under investigation,
996d7866705211c152ad96bf3693fc809651497f98c573d2b8f2b5ab184e7270,2026-07,Cumbria Constabulary,Cumbria Constabulary,-2.676196,54.218623,On or near Jubilee Lane,E01019352,South Lakeland 010B,Criminal damage and arson,Investigation complete; no suspect identified,
f17d954b9dcfb52858753f9564edd5e4356eab2f3c3d57d1ddaab3f820fd44a4,2026-07,Cumbria Constabulary,Cumbria Constabulary,-2.676196,54.218623,On or near Jubilee Lane,E01019352,South Lakeland 010B,Criminal damage and arson,Investigation complete; no suspect identified,
7c4d6148688d83c7269254c97090be99ea37a2fd9d6995e419fea3e5f73886a4,2026-07,Cumbria Constabulary,Cumbria Constabulary,-2.709450,54.237746,On or near Parking Area,E01019352,South Lakeland 010B,Drugs,Investigation complete; no suspect identified,
1409f87fd1ed904cb0d81d12160e81f0138d26ba9cdfbe811342b5ab7e0836e1,2026-07,Cumbria Constabulary,Cumbria Constabulary,-2.716543,54.245083,On or near Milton Lane,E01019352,South Lakeland 010B,Public order,Under investigation,
6388a4b651774348c530fad9426fae6395726e213ef3f28bee238cc8231d6298,2026-07,Cumbria Constabulary,Cumbria Constabulary,-2.710196,54.268658,On or near Meadowside Close,E01019352,South Lakeland 010B,Public order,Under investigation,
3bfe5353eb525c6df549298d38140cfaf0740860c0eabf3ecebd35577471f229,2026-07,Cumbria Constabulary,Cumbria Constabulary,-2.676196,54.218623,On or near Jubilee Lane,E01019352,South Lakeland 010B,Public order,Investigation complete; no suspect identified,
dce1fc7fdf92020cffc2533c12dfb144f0eb32f151cb24e218c94203c02ccae5,2026-07,Cumbria Constabulary,Cumbria Constabulary,-2.716543,54.245083,On or near Milton Lane,E01019352,South Lakeland 010B,Public order,Under investigation,
3a30c5d35f556d4e311017027b7fa49ccd3c9a0301b5f7cc8fc4db9276673ddd,2026-07,Cumbria Constabulary,Cumbria Constabulary,-2.711787,54.240707,On or near Park/Open Space,E01019352,South Lakeland 010B,Violence and sexual offences,Under investigation,
f43975b7c501425358f39fc9a6490cecff8e2b418eb77d574092c8fffe83fcb8,2026-07,Cumbria Constabulary,Cumbria Constabulary,-2.718157,54.269968,On or near Warwick Drive,E01019352,South Lakeland 010B,Violence and sexual offences,Unable to prosecute suspect,
4a8bd390ab0f63730fe651d6e8ad31568f8f9c8257c1f9c23c04d2f6f368690f,2026-07,Cumbria Constabulary,Cumbria Constabulary,-2.649901,54.250287,On or near Green Lane,E01019352,South Lakeland 010B,Violence and sexual offences,Under investigation,
861065e52a62d06f106a860b86da9849cd7dca884fc230541bd092d88013aca5,2026-07,Cumbria Constabulary,Cumbria Constabulary,-2.711787,54.240707,On or near Park/Open Space,E01019352,South Lakeland 010B,Violence and sexual offences,Under investigation,
0bd129a6e80b351c836b1ae22ba39d0514e95c774a4d2881afae2a03c6a8cc9d,2026-07,Cumbria Constabulary,Cumbria Constabulary,-2.710196,54.268658,On or near Meadowside Close,E01019352,South Lakeland 010B,Violence and sexual offences,Under investigation,
cbfa4c067a4d64dedc265ff8a4e18ac71ba0ee49d526f1b797baef75704bebfc,2026-07,Cumbria Constabulary,Cumbria Constabulary,-2.709450,54.237746,On or near Parking Area,E01019352,South Lakeland 010B,Violence and sexual offences,Under investigation,
b146160bd2720cc23ddc1403768c7a6306d19bb236595973aadb697396e0b178,2026-07,Cumbria Constabulary,Cumbria Constabulary,-2.707796,54.261195,On or near Sycamore Close,E01019352,South Lakeland 010B,Other crime,Investigation complete; no suspect identified,
d996119d618bd6dc2f1090a142fb7980b1ff704311262942a85153ac228c5ec8,2026-07,Cumbria Constabulary,Cumbria Constabulary,-2.707796,54.261195,On or near Sycamore Close,E01019352,South Lakeland 010B,Other crime,Under investigation,
d8101f3e841632507bba275b6b2a4254847f5109c6640db79eec5873a1ad4c1c,2026-07,Cumbria Constabulary,Cumbria Constabulary,-2.782097,54.264349,On or near Levens Lane,E01019377,South Lakeland 010C,Drugs,Under investigation,
fe94e7413524f6104223a02dced7a3839daf12e7f98f08f8f7edc0a75f070b1d,2026-07,Cumbria Constabulary,Cumbria Constabulary,-2.775892,54.244625,On or near Heversham Gardens,E01019377,South Lakeland 010C,Drugs,Local resolution,
6467c039f80c29d1a6fd17dca798569931a2ad7cf3904a9c34290c2a0f57e2b3,2026-07,Cumbria Constabulary,Cumbria Constabulary,-2.769529,54.272905,On or near Parking Area,E01019377,South Lakeland 010C,Violence and sexual offences,Unable to prosecute suspect,
31617f1a13a01703f641ddb8baf799388bc5ec5b23fb161a0c34c07a3e4a0e04,2026-07,Cumbria Constabulary,Cumbria Constabulary,-2.783621,54.268608,On or near Meadow Wood,E01019377,South Lakeland 010C,Violence and sexual offences,Under investigation,
5ade06e82de40736ee3c7d6726de89acc72835ba42703a43784ae563fa16d6ac,2026-07,Cumbria Constabulary,Cumbria Constabulary,-2.783621,54.268608,On or near Meadow Wood,E01019377,South Lakeland 010C,Violence and sexual offences,Unable to prosecute suspect,
eeb4504e182762e9568062afeab9d4e6528dc452457577aaa0b1782034025a86,2026-07,Cumbria Constabulary,Cumbria Constabulary,-2.756585,54.295626,On or near Hawes Lane,E01019383,South Lakeland 010D,Drugs,Under investigation,
acef6a3ba14baaac26d4c7c6798f0ca5e609c1fbcae57744a71a89403003a071,2026-07,Cumbria Constabulary,Cumbria Constabulary,-2.756585,54.295626,On or near Hawes Lane,E01019383,South Lakeland 010D,Other theft,Investigation complete; no suspect identified,
7a4099b26877abd87c69799625f10d0753ec8a217c219ba98a48df6fd1ffee1a,2026-07,Cumbria Constabulary,Cumbria Constabulary,-2.756585,54.295626,On or near Hawes Lane,E01019383,South Lakeland 010D,Other theft,Under investigation,
c30e8f84bc7ccb4fe1d9d04db50d6634a9ee650eaa9d8c42ae8647bb4970c04e,2026-07,Cumbria Constabulary,Cumbria Constabulary,-2.738277,54.294275,On or near St Marks Fold,E01019383,South Lakeland 010D,Other theft,Unable to prosecute suspect,
761b8be4d189c37f1106e554bdf8ecb6e3e6feda98831578af0cb5257fb0a0da,2026-07,Cumbria Constabulary,Cumbria Constabulary,-2.736596,54.310292,On or near Burton Road,E01019383,South Lakeland 010D,Shoplifting,Investigation complete; no suspect identified,
65f2e0c638061ac44de5f81e00b6b3f22b759a691f6099f285830f2c2ec9b54b,2026-07,Cumbria Constabulary,Cumbria Constabulary,-2.738277,54.294275,On or near St Marks Fold,E01019383,South Lakeland 010D,Violence and sexual offences,Under investigation,
84cded8321a41268209926ed37c7b7932ddbaf053450c648d735c89e9637e6e3,2026-07,Cumbria Constabulary,Cumbria Constabulary,-2.738277,54.294275,On or near St Marks Fold,E01019383,South Lakeland 010D,Violence and sexual offences,Under investigation,
9814e82f488157888fe95b88d8de4c363b157edb32d5d93443ef03e63c6d6ca6,2026-07,Cumbria Constabulary,Cumbria Constabulary,-2.738277,54.294275,On or near St Marks Fold,E01019383,South Lakeland 010D,Violence and sexual offences,Under investigation,
7109cc468b3b17c6b110a5ef92c37ae88c5ad776e61eaf71c52d5f3b864d44fb,2026-07,Cumbria Constabulary,Cumbria Constabulary,-2.738277,54.294275,On or near St Marks Fold,E01019383,South Lakeland 010D,Violence and sexual offences,Unable to prosecute suspect,
9fe414309a421ef1ab4db0413aae2c0dbcdcca4cd0e01ae5852ee73aa1ba8f2f,2026-07,Cumbria Constabulary,Cumbria Constabulary,-2.788983,54.224543,On or near Park Road,E01019343,South Lakeland 011C,Violence and sexual offences,Under investigation,
ed7b8f490f17e300775bfc4d866ce77060914fe0b4b44e75310eebb7f8e3bf3d,2026-07,Cumbria Constabulary,Cumbria Constabulary,-2.757276,54.217700,On or near Moor Lane,E01019343,South Lakeland 011C,Violence and sexual offences,Unable to prosecute suspect,
c4488cac1bab349c8074949dda5077bee3016885d4283fa15ed5b15ea88001aa,2026-07,Cumbria Constabulary,Cumbria Constabulary,-2.781823,54.201977,On or near Hillcrest Drive,E01019343,South Lakeland 011C,Violence and sexual offences,Action to be taken by another organisation,
f9ee68b786a32595bec65cbceb08e61a20ee40c89889e373881fc0b2a74d3afa,2026-07,Cumbria Constabulary,Cumbria Constabulary,-2.784199,54.201988,On or near Highcote Lane,E01019343,South Lakeland 011C,Violence and sexual offences,Under investigation,
df4d36cf794cc75e59a58808d4b9db5f596248bc3b5d4e95a34989db9a00b715,2026-07,Cumbria Constabulary,Cumbria Constabulary,-2.714864,54.224295,On or near Barker'S Lane,E01019343,South Lakeland 011C,Violence and sexual offences,Under investigation,
d250291521ace9fb4c54528cbd90d28f2f6b9b5a54b014e7e19e7af9839fe70e,2026-07,Cumbria Constabulary,Cumbria Constabulary,-2.720541,54.180366,On or near Boon Town,E01019347,South Lakeland 011D,Drugs,Under investigation,
a1143aad72be8ba6da9695be9619fea548e1f2130838767b0f3e06603103877d,2026-07,Cumbria Constabulary,Cumbria Constabulary,-2.729310,54.210224,On or near Townhead Fold,E01019347,South Lakeland 011D,Public order,Under investigation,
ba66f8e576261f0b24acb7ff054a6c3d6113c5ba22118573eaf94a8f29e4a80b,2026-07,Cumbria Constabulary,Cumbria Constabulary,-2.720848,54.182198,On or near Cocking Yard,E01019347,South Lakeland 011D,Violence and sexual offences,Under investigation,
21a915d723896a9876273f4145f72a8b1d497acad40587925c6af892924c2598,2026-07,Cumbria Constabulary,Cumbria Constabulary,-2.720541,54.180366,On or near Boon Town,E01019347,South Lakeland 011D,Violence and sexual offences,Under investigation,
d2d7c4f66fcf7ac3aa40a6524819e6bfce47cb8d49b53795129f3089623df3f6,2026-07,Cumbria Constabulary,Cumbria Constabulary,-2.777327,54.226263,On or near Bela Forge,E01019382,South Lakeland 011E,Criminal damage and arson,Investigation complete; no suspect identified,
4de4cd0725af9aa460b7dfa5fd00345c5a151fba8be75cb472400f57aba129f8,2026-07,Cumbria Constabulary,Cumbria Constabulary,-2.775187,54.225991,On or near Sports/Recreation Area,E01019382,South Lakeland 011E,Criminal damage and arson,Unable to prosecute suspect,
46749713cdadb184bad2c3bdf38f4554210bad684a8aeb383877787548260f17,2026-07,Cumbria Constabulary,Cumbria Constabulary,-2.773299,54.227431,On or near Flowerden Court,E01019382,South Lakeland 011E,Criminal damage and arson,Investigation complete; no suspect identified,
a6eab192f233ceaa680466048ed1e941decd7c1c33f92548051e4dd165162d70,2026-07,Cumbria Constabulary,Cumbria Constabulary,-2.760351,54.227297,On or near Paradise Lane,E01019382,South Lakeland 011E,Public order,Under investigation,
fdf9b73071633267e72c7287ef60939bb8f119a6fc19d12d9f0030d372bb2aa5,2026-07,Cumbria Constabulary,Cumbria Constabulary,-2.777379,54.226560,On or near Park Road,E01019382,South Lakeland 011E,Public order,Under investigation,
cf62293faa468dbea6514cfcb1e4f1d3faee46c19afcbb2c1ac9ba45c29a8b83,2026-07,Cumbria Constabulary,Cumbria Constabulary,-2.777379,54.226560,On or near Park Road,E01019382,South Lakeland 011E,Public order,Under investigation,
966ab6797fd4115333acbc7429e74d754f1806830da13bff69f87dbc2794a48a,2026-07,Cumbria Constabulary,Cumbria Constabulary,-2.762649,54.229656,On or near Owlet Ash Fields,E01019382,South Lakeland 011E,Violence and sexual offences,Unable to prosecute suspect,
806bd16a97a6fa54547948478967047e12a219f4c18828c9d26b283fef3a0046,2026-07,Cumbria Constabulary,Cumbria Constabulary,-2.773299,54.227431,On or near Flowerden Court,E01019382,South Lakeland 011E,Violence and sexual offences,Under investigation,
f1e8e915e6dbc957e02129b8ed3b0ae44254bb9a4c2584cfee4d68d76e34fd33,2026-07,Cumbria Constabulary,Cumbria Constabulary,-2.762416,54.230331,On or near Kirkgate Lane,E01019382,South Lakeland 011E,Violence and sexual offences,Under investigation,
ce8d3b05f6173324edb70d6e9514b4b71c6f5a5bc55495f359d59b4dc38fd469,2026-07,Cumbria Constabulary,Cumbria Constabulary,-2.771798,54.229993,On or near Kirkhead,E01019382,South Lakeland 011E,Violence and sexual offences,Under investigation,
31b8a2f13049b254c037bb194c8c1a057f2b7b71a397868873da77190a0b65ec,2026-07,Cumbria Constabulary,Cumbria Constabulary,-2.762416,54.230331,On or near Kirkgate Lane,E01019382,South Lakeland 011E,Violence and sexual offences,Under investigation,
331ecb5259265dbb6e1d2fd0be9d69e1cc18b7b91c4a9c23599d6d2d2679ebe7,2026-07,Cumbria Constabulary,Cumbria Constabulary,-2.762649,54.229656,On or near Owlet Ash Fields,E01019382,South Lakeland 011E,Violence and sexual offences,Under investigation,
229deab95746faafa1e2d4387e0d5a53b00a00423bd2b4daa364c56ace550013,2026-07,Cumbria Constabulary,Cumbria Constabulary,-2.834822,54.197586,On or near High Knott Road,E01034080,South Lakeland 011F,Criminal damage and arson,Under investigation,
fb7bb8f0d5c41a88d1ee3dc66f68b97ee5d4611d59f279b03efd155b59d19661,2026-07,Cumbria Constabulary,Cumbria Constabulary,-2.836424,54.198761,On or near Inglemere Close,E01034080,South Lakeland 011F,Vehicle crime,Investigation complete; no suspect identified,
83b9d6d95e6b121009224b15d30b4626a8e3652152a7bf9b32785a03dc38a4d0,2026-07,Cumbria Constabulary,Cumbria Constabulary,-2.834822,54.197586,On or near High Knott Road,E01034080,South Lakeland 011F,Violence and sexual offences,Under investigation,
d3f059456434d2a17685cc72b12413329e4ecc4b3bcbf16de4a056d1f07f1b98,2026-07,Cumbria Constabulary,Cumbria Constabulary,-2.832192,54.197945,On or near Kings Close,E01034080,South Lakeland 011F,Violence and sexual offences,Under investigation,
d490a8d9634b312710d216fbaef4d7407eec0c9269f03a7b193c9d43163550be,2026-07,Cumbria Constabulary,Cumbria Constabulary,-2.834822,54.197586,On or near High Knott Road,E01034080,South Lakeland 011F,Violence and sexual offences,Under investigation,
55c6bb0994d7461e2375995497ebcac33e29f68a6e2b46553ba6278c4f97a931,2026-07,Cumbria Constabulary,Cumbria Constabulary,-2.834822,54.197586,On or near High Knott Road,E01034080,South Lakeland 011F,Violence and sexual offences,Under investigation,
1f509b041d00312107dd3d9c8fdbd77ebd1ec1a1944d41166f326876f6bfa446,2026-07,Cumbria Constabulary,Cumbria Constabulary,-2.834822,54.197586,On or near High Knott Road,E01034080,South Lakeland 011F,Violence and sexual offences,Under investigation,
f11c5d08ea319c5af9a0469694e61d74619e0fc0a64ce106aa0dcd24dad5e427,2026-07,Cumbria Constabulary,Cumbria Constabulary,-2.834197,54.200044,On or near Chapel Lane,E01034080,South Lakeland 011F,Violence and sexual offences,Under investigation,
aec7512eda2bc074646245442deb9d9cb38f2436b722e290a3d0d3b35e7d38b7,2026-07,Cumbria Constabulary,Cumbria Constabulary,-3.093900,54.182910,On or near Maple Avenue,E01019388,South Lakeland 012A,Criminal damage and arson,Under investigation,
d2af4cbe87d42966ab529891e5634f4ab269d4ac3de2e3d3e25beb57b31988e0,2026-07,Cumbria Constabulary,Cumbria Constabulary,-3.088003,54.186505,On or near Supermarket,E01019388,South Lakeland 012A,Drugs,Under investigation,
a52d47667a00ebcd5a8addbe706df63a412782aa4752e7e4b5554991b7cc9497,2026-07,Cumbria Constabulary,Cumbria Constabulary,-3.084057,54.185624,On or near West End Lane,E01019388,South Lakeland 012A,Other theft,Under investigation,
8ac10425ef60c8d98e41f13cc0b2d0722929c50574244f236ee375e778e7de5d,2026-07,Cumbria Constabulary,Cumbria Constabulary,-3.084057,54.185624,On or near West End Lane,E01019388,South Lakeland 012A,Violence and sexual offences,Under investigation,
f9921a233f89d123370514d20b2d285f1f276c2aff51637220919c97592ad5f6,2026-07,Cumbria Constabulary,Cumbria Constabulary,-3.084057,54.185624,On or near West End Lane,E01019388,South Lakeland 012A,Violence and sexual offences,Under investigation,
cdc59cdcdd0e03fd14fac31da7fa3cd572aa515833392e97528e2da8af934392,2026-07,Cumbria Constabulary,Cumbria Constabulary,-3.088277,54.190511,On or near Well Lane,E01019388,South Lakeland 012A,Violence and sexual offences,Unable to prosecute suspect,
c133983bbcf54ba45367444b2fe57b32ef4a5b0469050d1cb7e519cc1412142d,2026-07,Cumbria Constabulary,Cumbria Constabulary,-3.094632,54.182175,On or near Mount Barnard View,E01019388,South Lakeland 012A,Violence and sexual offences,Under investigation,
8860782785568bef4fd9381007ddeb59b459b2a076da8e3f32c14a84d77ce8d8,2026-07,Cumbria Constabulary,Cumbria Constabulary,-3.094517,54.191758,On or near Conishead Road,E01019388,South Lakeland 012A,Violence and sexual offences,Under investigation,
053bd4d786ec4a60db5d716e670b0c9a69d8e23f871781635a8cfeae75cf0262,2026-07,Cumbria Constabulary,Cumbria Constabulary,-3.084057,54.185624,On or near West End Lane,E01019388,South Lakeland 012A,Violence and sexual offences,Under investigation,
f9701c864e748be7a679f4931dca9cf1ee3817007bf916bf9ae94feaaa807ce4,2026-07,Cumbria Constabulary,Cumbria Constabulary,-3.091297,54.186448,On or near Hawthorn Avenue,E01019388,South Lakeland 012A,Violence and sexual offences,Unable to prosecute suspect,
ebfce8dd1aeacc0f1d26ba952fd38f8083c69c65ab290d8eb284237f8a7f08df,2026-07,Cumbria Constabulary,Cumbria Constabulary,-3.084057,54.185624,On or near West End Lane,E01019388,South Lakeland 012A,Violence and sexual offences,Under investigation,
d81da4fe6cefcd7b7839939545b076ad481889c6d60ae972a3b49439eebdbe06,2026-07,Cumbria Constabulary,Cumbria Constabulary,-3.086176,54.195132,On or near Kent Square,E01019389,South Lakeland 012B,Criminal damage and arson,Under investigation,
8447498a43c036ff9e002de1ac221c8729b13e6e8eec35420c0c2eddedf15aa9,2026-07,Cumbria Constabulary,Cumbria Constabulary,-3.086176,54.195132,On or near Kent Square,E01019389,South Lakeland 012B,Criminal damage and arson,Unable to prosecute suspect,
37887d364c94266f2d9d952ceeb27b7a0aeed5f35db2f1a999de6acda4eb7e4e,2026-07,Cumbria Constabulary,Cumbria Constabulary,-3.086176,54.195132,On or near Kent Square,E01019389,South Lakeland 012B,Violence and sexual offences,Under investigation,
5f2c20e01b360e513edc6ef2626402d0a8ce55cf54f616b3b2b85f1b9cd976ad,2026-07,Cumbria Constabulary,Cumbria Constabulary,-3.083484,54.196531,On or near North Lonsdale Terrace,E01019389,South Lakeland 012B,Violence and sexual offences,Unable to prosecute suspect,
0402360322191198a8896482a6b1b612d29aac30cdbaae261135dde3ce989ae3,2026-07,Cumbria Constabulary,Cumbria Constabulary,-3.085948,54.191709,On or near Watery Lane,E01019389,South Lakeland 012B,Violence and sexual offences,Under investigation,
701044441c0e85efafdb6f6a2e2854ed743a65424d271c829ee1bf92df9eb144,2026-07,Cumbria Constabulary,Cumbria Constabulary,-3.086176,54.195132,On or near Kent Square,E01019389,South Lakeland 012B,Violence and sexual offences,Under investigation,
2c9cabd4f8c4d85aee904a7230e1a215aeb1d7ab602718e5c9f8978697f1fdca,2026-07,Cumbria Constabulary,Cumbria Constabulary,-3.086923,54.190307,On or near Derwent Place,E01019389,South Lakeland 012B,Violence and sexual offences,Under investigation,
116d3b60091fd804cbe66932f19377cf96e3a29e1d1fa7d4ffb8b59833d83f2e,2026-07,Cumbria Constabulary,Cumbria Constabulary,-3.087005,54.195160,On or near Lancaster Square,E01019389,South Lakeland 012B,Violence and sexual offences,Under investigation,
,2026-07,Cumbria Constabulary,Cumbria Constabulary,-3.088338,54.198060,On or near Laurel Gardens,E01019390,South Lakeland 012C,Anti-social behaviour,,
,2026-07,Cumbria Constabulary,Cumbria Constabulary,-3.097364,54.199713,On or near Garden Terrace,E01019390,South Lakeland 012C,Anti-social behaviour,,
776d0c8a665c0b92d5e209947697759c1681d01ba745e1d1657e678afacf6a71,2026-07,Cumbria Constabulary,Cumbria Constabulary,-3.092246,54.197477,On or near Tarnside,E01019390,South Lakeland 012C,Criminal damage and arson,Under investigation,
d4ef0271034399a89d159bfb554ea0c6c64558f7813688078e279b3f9a5a3ce3,2026-07,Cumbria Constabulary,Cumbria Constabulary,-3.084313,54.198339,On or near Canal Street,E01019390,South Lakeland 012C,Drugs,Local resolution,
55b285be95b9b139c2237f3c020da4c65a6d6398a5176df8fa35e06103c07cbf,2026-07,Cumbria Constabulary,Cumbria Constabulary,-3.082521,54.200144,On or near Hoad Lane,E01019390,South Lakeland 012C,Other theft,Under investigation,
6b457321ce00781c824294301be0cbf7f811b6f9eff97ba59c3da9e8600a7dbc,2026-07,Cumbria Constabulary,Cumbria Constabulary,-3.092246,54.197477,On or near Tarnside,E01019390,South Lakeland 012C,Public order,Under investigation,
33363d8ec7fda9be91a8efd697d087906b0264d3b6412d168a0bbdb020e4d4e0,2026-07,Cumbria Constabulary,Cumbria Constabulary,-3.095450,54.204440,On or near Town Bank Road,E01019390,South Lakeland 012C,Public order,Investigation complete; no suspect identified,
d9605a27eed8ac5e7a69f5668480c57dc41f17698d9363f27d711c9475c27d66,2026-07,Cumbria Constabulary,Cumbria Constabulary,-3.084313,54.198339,On or near Canal Street,E01019390,South Lakeland 012C,Public order,Investigation complete; no suspect identified,
f1ccf809c9ae60007458b3190f18e8631a8569c67752452222e90da3df11e740,2026-07,Cumbria Constabulary,Cumbria Constabulary,-3.089089,54.200417,On or near Belmont,E01019390,South Lakeland 012C,Vehicle crime,Investigation complete; no suspect identified,
d86ff30c9eb39ebf1d80abc8c9e17cb22ab048690be270679127dcb101e0faa8,2026-07,Cumbria Constabulary,Cumbria Constabulary,-3.096207,54.197117,On or near Mill Street,E01019390,South Lakeland 012C,Violence and sexual offences,Under investigation,
c64b9623260bdb136e3891bef0336fe76d317f8dbaadfb1748229d5326c79cc4,2026-07,Cumbria Constabulary,Cumbria Constabulary,-3.097669,54.196160,On or near Parking Area,E01019390,South Lakeland 012C,Violence and sexual offences,Under investigation,
97cbe9d92de303d10c0e2174d522367734cef196be51be7dc9bedac369f9ece6,2026-07,Cumbria Constabulary,Cumbria Constabulary,-3.084313,54.198339,On or near Canal Street,E01019390,South Lakeland 012C,Violence and sexual offences,Investigation complete; no suspect identified,
3e147edc04a287e3c3adfd2cc240d384ecd535ec1f1aca056e6cccf483cc35f6,2026-07,Cumbria Constabulary,Cumbria Constabulary,-3.084313,54.198339,On or near Canal Street,E01019390,South Lakeland 012C,Violence and sexual offences,Investigation complete; no suspect identified,
,2026-07,Cumbria Constabulary,Cumbria Constabulary,-3.095173,54.194520,On or near Cavendish Street,E01019392,South Lakeland 012D,Anti-social behaviour,,
,2026-07,Cumbria Constabulary,Cumbria Constabulary,-3.095387,54.196244,On or near Lower Brook Street,E01019392,South Lakeland 012D,Anti-social behaviour,,
,2026-07,Cumbria Constabulary,Cumbria Constabulary,-3.088851,54.193103,On or near Hill Fall,E01019392,South Lakeland 012D,Anti-social behaviour,,
,2026-07,Cumbria Constabulary,Cumbria Constabulary,-3.087468,54.195282,On or near Quebec Street,E01019392,South Lakeland 012D,Anti-social behaviour,,
10d44e3abf960d7d5f10f2110c9973c2c167e926f5db9b902b79db0164e8524a,2026-07,Cumbria Constabulary,Cumbria Constabulary,-3.093356,54.197107,On or near Wellhead,E01019392,South Lakeland 012D,Criminal damage and arson,Under investigation,
69ff44abf8bf6d03fddc65c89ed2d594ce4d162fdc662ad30f8cb2e589c76659,2026-07,Cumbria Constabulary,Cumbria Constabulary,-3.088851,54.193103,On or near Hill Fall,E01019392,South Lakeland 012D,Criminal damage and arson,Under investigation,
ee240bdd5c3b7cc361b0eeee4c8b053d3a8055dc2c185b54b2df6071c2685605,2026-07,Cumbria Constabulary,Cumbria Constabulary,-3.093356,54.197107,On or near Wellhead,E01019392,South Lakeland 012D,Criminal damage and arson,Under investigation,
38543cb6c72b3d9163c70d9066033bb5f2912fd0402f70f1b70898440b7be271,2026-07,Cumbria Constabulary,Cumbria Constabulary,-3.095387,54.196244,On or near Lower Brook Street,E01019392,South Lakeland 012D,Drugs,Under investigation,
3a2b631e9b750275533ad49043bd73539914a61f8b970dceda911f3c67b91369,2026-07,Cumbria Constabulary,Cumbria Constabulary,-3.092788,54.195917,On or near Parking Area,E01019392,South Lakeland 012D,Drugs,Under investigation,
c47bc6ab5386987e300d053a034ba13277b2ed8e8b78b39d488e70ad648c3058,2026-07,Cumbria Constabulary,Cumbria Constabulary,-3.096201,54.195149,On or near Queens Court,E01019392,South Lakeland 012D,Public order,Investigation complete; no suspect identified,
b6b5f240754a2e567200a45d60bbe284eecb2998fe0f2dbc739846dcb913a2e4,2026-07,Cumbria Constabulary,Cumbria Constabulary,-3.088851,54.193103,On or near Hill Fall,E01019392,South Lakeland 012D,Public order,Under investigation,
ed636c60fd54e388b4bb035b067d85abab64ea10fb22499d0313005e4951116b,2026-07,Cumbria Constabulary,Cumbria Constabulary,-3.095387,54.196244,On or near Lower Brook Street,E01019392,South Lakeland 012D,Public order,Under investigation,
9b60f9de510f7e8ccfbae1ab805e9652a03e34da55cc8feaf6e03c55c7aa5cf5,2026-07,Cumbria Constabulary,Cumbria Constabulary,-3.090704,54.197122,On or near Hart Street,E01019392,South Lakeland 012D,Public order,Under investigation,
272dcec49c509b171c02b646879c0268def6e5c46550059a8cf694e61ead8353,2026-07,Cumbria Constabulary,Cumbria Constabulary,-3.096201,54.195149,On or near Queens Court,E01019392,South Lakeland 012D,Shoplifting,Investigation complete; no suspect identified,
9d820fc7ded94ec8b2bd09a98802de077b5c77d91448b23784f54b824ba5ed99,2026-07,Cumbria Constabulary,Cumbria Constabulary,-3.095387,54.196244,On or near Lower Brook Street,E01019392,South Lakeland 012D,Shoplifting,Under investigation,
6d6670bad1a3cb9ddec48777b599af54b232db123dabe146ffe90f50de0a7341,2026-07,Cumbria Constabulary,Cumbria Constabulary,-3.091777,54.193050,On or near Oxford Street,E01019392,South Lakeland 012D,Violence and sexual offences,Unable to prosecute suspect,
5fcf2ac11a02092265cda8a6140e0f5c37b7c7624aa8266aa445fb8a13e6ed5a,2026-07,Cumbria Constabulary,Cumbria Constabulary,-3.090904,54.194235,On or near Hartley Street,E01019392,South Lakeland 012D,Violence and sexual offences,Under investigation,
88a1d12c558bc993b69a5b14d25a7df8ce83e02a17adace7b3c304f51203ad0c,2026-07,Cumbria Constabulary,Cumbria Constabulary,-3.095287,54.193629,On or near King'S Road,E01019392,South Lakeland 012D,Violence and sexual offences,Under investigation,
5c8730b6be733483fc67f79c5e6f81c7391223e9df17cbf3e04d719f90a8832f,2026-07,Cumbria Constabulary,Cumbria Constabulary,-3.088743,54.196573,On or near Casson Street,E01019392,South Lakeland 012D,Violence and sexual offences,Unable to prosecute suspect,
ab6754b4d78beb819969e58ce49f17db7b4f3a2e68d93b48a2a084fdc424ac44,2026-07,Cumbria Constabulary,Cumbria Constabulary,-3.088743,54.196573,On or near Casson Street,E01019392,South Lakeland 012D,Violence and sexual offences,Unable to prosecute suspect,
ed3457b8e59bbdb5a11d1448cbd114d213dce9e676b3ba3d7658c3c4574e846a,2026-07,Cumbria Constabulary,Cumbria Constabulary,-3.088851,54.193103,On or near Hill Fall,E01019392,South Lakeland 012D,Violence and sexual offences,Under investigation,
1a7cdb95414e233fc6f98fab72cbc02d89b67698e3a0ddd849a14da14ab03814,2026-07,Cumbria Constabulary,Cumbria Constabulary,-3.096201,54.195149,On or near Queens Court,E01019392,South Lakeland 012D,Violence and sexual offences,Unable to prosecute suspect,
d25eeabd9be1f8c63f83aa9572f1ced49b0a243d4cfbc3b103ec49f68d2f8006,2026-07,Cumbria Constabulary,Cumbria Constabulary,-3.095387,54.196244,On or near Lower Brook Street,E01019392,South Lakeland 012D,Violence and sexual offences,Under investigation,
a4480adf26dfe25b857876a858ffa4e197eb28a3c4ac2b07e7f1fd0677dab47d,2026-07,Cumbria Constabulary,Cumbria Constabulary,-3.095387,54.196244,On or near Lower Brook Street,E01019392,South Lakeland 012D,Violence and sexual offences,Under investigation,
976f5960d38b1f8e1c0987faa548c87ecae287eb45acecb3e9d620214c41d8c6,2026-07,Cumbria Constabulary,Cumbria Constabulary,-3.091867,54.195296,On or near County Road,E01019392,South Lakeland 012D,Violence and sexual offences,Under investigation,
20cf5960bc66ff216abf4ea5e29156a278441e58a10299cad8f1ac3728920423,2026-07,Cumbria Constabulary,Cumbria Constabulary,-3.095387,54.196244,On or near Lower Brook Street,E01019392,South Lakeland 012D,Other crime,Under investigation,
f9fac3ccea0d3aef1e59422db5e797130529fd660ffd82ac354f406c2187735d,2026-07,Cumbria Constabulary,Cumbria Constabulary,-2.936465,54.177281,On or near Allithwaite Road,E01019349,South Lakeland 013A,Criminal damage and arson,Investigation complete; no suspect identified,
dd885c8d6c92cd12c587c6e5eecc8a843d0a1ada38f690e2315089ad882dca9f,2026-07,Cumbria Constabulary,Cumbria Constabulary,-2.954469,54.201281,On or near Cavendish Street,E01019349,South Lakeland 013A,Other theft,Under investigation,
dfdc9f3229e3ec88cda42ba88b5399aa1ee8f3d4a9bd6552e3461a249044a4d1,2026-07,Cumbria Constabulary,Cumbria Constabulary,-2.955133,54.201500,On or near Park View,E01019349,South Lakeland 013A,Public order,Unable to prosecute suspect,
d742eb1e935822d2b349fa633e37ec9c5b62ec5e8d011eda5f5a921879e9ffb0,2026-07,Cumbria Constabulary,Cumbria Constabulary,-2.954031,54.200898,On or near The Square,E01019349,South Lakeland 013A,Violence and sexual offences,Unable to prosecute suspect,
3babcb20c5cd609b57d5847c698ea3a54504a1c18edc79f2696b73a8fa500481,2026-07,Cumbria Constabulary,Cumbria Constabulary,-2.948575,54.199646,On or near Town End Meadow,E01019349,South Lakeland 013A,Violence and sexual offences,Under investigation,
44e03504b75c522ff1106806112366b1322410807803cd2b70229b67ea85f2d3,2026-07,Cumbria Constabulary,Cumbria Constabulary,-2.948575,54.199646,On or near Town End Meadow,E01019349,South Lakeland 013A,Violence and sexual offences,Under investigation,
e8b46cec7598f463e716c7e89ed60053c3036aa8c518ff897fc58a3d3c4172fd,2026-07,Cumbria Constabulary,Cumbria Constabulary,-2.942075,54.177399,On or near Blenketside,E01019349,South Lakeland 013A,Violence and sexual offences,Under investigation,
d837746fd5d49232469d322354264869e8b7db8edfdfe60b60701bc4b3e63db5,2026-07,Cumbria Constabulary,Cumbria Constabulary,-2.954031,54.200898,On or near The Square,E01019349,South Lakeland 013A,Violence and sexual offences,Unable to prosecute suspect,
e1a0abb288efb540816f1d00b49cea62ca620c43d9f65fa8c67b31865a70dc0e,2026-07,Cumbria Constabulary,Cumbria Constabulary,-2.915595,54.186141,On or near Tricketts Drive,E01019353,South Lakeland 013B,Violence and sexual offences,Under investigation,
b0eb3e72cfeae5a6290111720ae5957d5d050b4284703558c6f9b036feaac526,2026-07,Cumbria Constabulary,Cumbria Constabulary,-2.912610,54.191188,On or near Supermarket,E01019354,South Lakeland 013C,Shoplifting,Under investigation,
c8aa0ce0aa2e25100d3753e605c8a52989441f4dc426f90fb36be25d5eb585a1,2026-07,Cumbria Constabulary,Cumbria Constabulary,-2.912610,54.191188,On or near Supermarket,E01019354,South Lakeland 013C,Shoplifting,Under investigation,
ad6ff0b1becbdb910f521c5bb2c21acea85a83cf2441177dcddfdd5ab56d353b,2026-07,Cumbria Constabulary,Cumbria Constabulary,-2.897795,54.208385,On or near Lyndene Drive,E01019354,South Lakeland 013C,Violence and sexual offences,Under investigation,
8024823d157bf6bb2c6453ea333acfcbd070014ba8554ffc937fea93ad15e345,2026-07,Cumbria Constabulary,Cumbria Constabulary,-2.911002,54.193331,On or near Pig Lane,E01019354,South Lakeland 013C,Violence and sexual offences,Investigation complete; no suspect identified,
97e5940303ae39989681027a80b72fad2a2da45047e0817c5450e65218bd1915,2026-07,Cumbria Constabulary,Cumbria Constabulary,-2.924173,54.183254,On or near Risedale Fold,E01019355,South Lakeland 013D,Other theft,Investigation complete; no suspect identified,
70ccb4b02f3dc7f2ba17a8fd7626a454730afb28c9d95bbd43dd300ef0169ee9,2026-07,Cumbria Constabulary,Cumbria Constabulary,-2.925249,54.175840,On or near Priory Crescent,E01019355,South Lakeland 013D,Other theft,Under investigation,
df8e4571550c894918349a6f551f362c856897e98eec7adefb442964bf2a2146,2026-07,Cumbria Constabulary,Cumbria Constabulary,-2.967926,54.169716,On or near Willow Lane,E01019357,South Lakeland 013E,Other theft,Investigation complete; no suspect identified,
3a2069b046a993fe7626507b4da2f50b26ad5ac02ef5c55f5a05bfbf6cb2f702,2026-07,Cumbria Constabulary,Cumbria Constabulary,-2.967926,54.169716,On or near Willow Lane,E01019357,South Lakeland 013E,Other theft,Investigation complete; no suspect identified,
cd09fd9fcbad0bcded75721836316d814884532c22e36b0d11c4bb2e62b2348a,2026-07,Cumbria Constabulary,Cumbria Constabulary,-2.967926,54.169716,On or near Willow Lane,E01019357,South Lakeland 013E,Other theft,Under investigation,
bc60c0e16165e8760f1b135a5a4e0632fb903eebace98a5d4fe2c9dc67574308,2026-07,Cumbria Constabulary,Cumbria Constabulary,-2.967926,54.169716,On or near Willow Lane,E01019357,South Lakeland 013E,Other theft,Investigation complete; no suspect identified,
6e12e56b58331a994f8c79d6d9c50f949964b22f59bf9ab18271499107ea248d,2026-07,Cumbria Constabulary,Cumbria Constabulary,-2.967926,54.169716,On or near Willow Lane,E01019357,South Lakeland 013E,Public order,Under investigation,
f3e56cb280bdbda5a31e98f8430014adc3281d8c1b248142428f49f020727f77,2026-07,Cumbria Constabulary,Cumbria Constabulary,-2.978918,54.179801,On or near Caton Lane,E01019357,South Lakeland 013E,Public order,Under investigation,
d64cdb77adddb3d9ffdda29bb22f2df7cf4b9ee6506282da1724284ab310d645,2026-07,Cumbria Constabulary,Cumbria Constabulary,-2.967926,54.169716,On or near Willow Lane,E01019357,South Lakeland 013E,Public order,Under investigation,
34802256c8e6740db06e3b5ba5c3465f186ada617ba2b2b55d56a73ce809dbea,2026-07,Cumbria Constabulary,Cumbria Constabulary,-2.967926,54.169716,On or near Willow Lane,E01019357,South Lakeland 013E,Violence and sexual offences,Under investigation,
3bcbce32a2d8dbfdf432d68d9e8d523f77a1cbcc3d723c7c8dce373a7e9946af,2026-07,Cumbria Constabulary,Cumbria Constabulary,-2.967926,54.169716,On or near Willow Lane,E01019357,South Lakeland 013E,Violence and sexual offences,Under investigation,
489369db9938819e28deeceb19d4b39c2f9671dbddd146ee654cb8232ec5b521,2026-07,Cumbria Constabulary,Cumbria Constabulary,-2.967926,54.169716,On or near Willow Lane,E01019357,South Lakeland 013E,Violence and sexual offences,Unable to prosecute suspect,
70ef6814e8d6491b68df2f68238fc7768b505c700a72a0c67174d82f5636849e,2026-07,Cumbria Constabulary,Cumbria Constabulary,-2.967926,54.169716,On or near Willow Lane,E01019357,South Lakeland 013E,Violence and sexual offences,Unable to prosecute suspect,
dab33fbd500d0fcbc54cd5693bded804c5fe722c552fc0b19385f5b88d4227b8,2026-07,Cumbria Constabulary,Cumbria Constabulary,-2.978344,54.180813,On or near Mill Close,E01019357,South Lakeland 013E,Violence and sexual offences,Unable to prosecute suspect,
5c92abc1d44aede5d8fdcff9e68160eab6089e6e803599dab2e3d9ffa7ad31ef,2026-07,Cumbria Constabulary,Cumbria Constabulary,-2.967926,54.169716,On or near Willow Lane,E01019357,South Lakeland 013E,Violence and sexual offences,Awaiting court outcome,
a4ad2d1212c02f0f3b2fa0fcbcdc3142313dcb18bc2fb97fa750e9313c629652,2026-07,Cumbria Constabulary,Cumbria Constabulary,-2.974961,54.181568,On or near Bank Top Close,E01019357,South Lakeland 013E,Violence and sexual offences,Unable to prosecute suspect,
e88f4f7a49370697e56d951c2399f838d67d756742ab10df37d19ae622564199,2026-07,Cumbria Constabulary,Cumbria Constabulary,-2.967926,54.169716,On or near Willow Lane,E01019357,South Lakeland 013E,Violence and sexual offences,Unable to prosecute suspect,
54a8526f3aa2ed59d1ae65c8f91b78392630a7a8070ae061ed2d3c1931c84148,2026-07,Cumbria Constabulary,Cumbria Constabulary,-2.967926,54.169716,On or near Willow Lane,E01019357,South Lakeland 013E,Violence and sexual offences,Unable to prosecute suspect,
39cdeea0e53656f0c9f80939e3d7dfa31876af72e621773093a16498602d0043,2026-07,Cumbria Constabulary,Cumbria Constabulary,-3.118425,54.182613,On or near Heather Bank,E01019378,South Lakeland 014A,Violence and sexual offences,Under investigation,
94edebffd44283de112c7e8a09dd47703be0a992924402229cadd8c983c9e65d,2026-07,Cumbria Constabulary,Cumbria Constabulary,-3.122513,54.159305,On or near Kirk Flatt,E01019379,South Lakeland 014B,Criminal damage and arson,Under investigation,
27ed95263c1de06fda51ce7b966e6e1c6cf91ae34908942afcc5d378f53fd94c,2026-07,Cumbria Constabulary,Cumbria Constabulary,-3.122513,54.159305,On or near Kirk Flatt,E01019379,South Lakeland 014B,Violence and sexual offences,Under investigation,
6d6777855b30f993741938722cee2aad7376d3b92730dd9d8afb3960bb18785f,2026-07,Cumbria Constabulary,Cumbria Constabulary,-3.129552,54.152355,On or near Low House Gardens,E01019379,South Lakeland 014B,Violence and sexual offences,Unable to prosecute suspect,
8ede5cf4e82d5a229f91a11ace961a96c5d5903581d5ef384c0653f9de3a64e0,2026-07,Cumbria Constabulary,Cumbria Constabulary,-3.159405,54.114869,On or near Hard Knotts Lane,E01019380,South Lakeland 014C,Criminal damage and arson,Under investigation,
9fab0ed1d911b4e47a8ff8f4bdf3761f7180aaa9133c132c3dfd77d58356f22f,2026-07,Cumbria Constabulary,Cumbria Constabulary,-3.132209,54.106617,On or near Long Lane,E01019380,South Lakeland 014C,Other theft,Under investigation,
74af76fbc2e92424594affca6b3d77ef8d0843b7ed07599f19b97cf9592b892f,2026-07,Cumbria Constabulary,Cumbria Constabulary,-3.120862,54.114641,On or near Malt Kiln Road,E01019380,South Lakeland 014C,Other theft,Unable to prosecute suspect,
d56903adf04c932b5df5e1961207bc0cbdfa8e806f21f0c727da326b7b4bae4d,2026-07,Cumbria Constabulary,Cumbria Constabulary,-3.159405,54.114869,On or near Hard Knotts Lane,E01019380,South Lakeland 014C,Public order,Unable to prosecute suspect,
c6e20db667cb40346d76c345fd7cd1e5c4a03d6e65db8e425d372d5a7552fafe,2026-07,Cumbria Constabulary,Cumbria Constabulary,-3.153889,54.126688,On or near Greystone Lane,E01019380,South Lakeland 014C,Violence and sexual offences,Under investigation,
c52e38eb63e5fdf62b016c946210488f2678516dc17f09fcf888171cf4512dbe,2026-07,Cumbria Constabulary,Cumbria Constabulary,-3.153889,54.126688,On or near Greystone Lane,E01019380,South Lakeland 014C,Violence and sexual offences,Unable to prosecute suspect,
b28cc6c90e1a286809747da038c6fe0892a4fd963100b5fa7362c5bf34748eb3,2026-07,Cumbria Constabulary,Cumbria Constabulary,-3.092216,54.179483,On or near Hest View Road,E01019391,South Lakeland 014D,Other theft,Under investigation,
8ecca40c7936af91d7dd1d6310ea7254ccf70cd6ca8d030494db5d5798a52c62,2026-07,Cumbria Constabulary,Cumbria Constabulary,-3.092437,54.182052,On or near Hazeltree Road,E01019391,South Lakeland 014D,Shoplifting,Under investigation,
b0ebe684520ccd18d4d2d13ca8c569e0c4091887caf4ac20fc84397e575501f7,2026-07,Cumbria Constabulary,Cumbria Constabulary,-3.090713,54.178823,On or near Birchwood Close,E01019391,South Lakeland 014D,Violence and sexual offences,Under investigation,
c2333f885a7b3aef7df64f98c8342d5d81b69ebc8115af3b758d6862859ffb72,2026-07,Cumbria Constabulary,Cumbria Constabulary,-3.090713,54.178823,On or near Birchwood Close,E01019391,South Lakeland 014D,Violence and sexual offences,Under investigation,
f8279e3896b01dba8b7d1b732447f6874d72da07d0d590dfdc32809eadde41fc,2026-07,Cumbria Constabulary,Cumbria Constabulary,-3.089294,54.182565,On or near Larch Grove,E01019391,South Lakeland 014D,Violence and sexual offences,Unable to prosecute suspect,
1a4346139447896f3600bff78311e148dc8eb503e9e5e00d087dc2b471c5c779,2026-07,Cumbria Constabulary,Cumbria Constabulary,-3.089294,54.182565,On or near Larch Grove,E01019391,South Lakeland 014D,Violence and sexual offences,Unable to prosecute suspect,
0d7407d16b06c58778f9000e877ea7f29ea2a241ce8b7164b58fa785a1ff7e7e,2026-07,Cumbria Constabulary,Cumbria Constabulary,-3.089383,54.180677,On or near Sands Close,E01019391,South Lakeland 014D,Violence and sexual offences,Under investigation,
,2026-07,Cumbria Constabulary,Cumbria Constabulary,-3.098327,54.190339,On or near The Drive,E01019393,South Lakeland 014E,Anti-social behaviour,,
,2026-07,Cumbria Constabulary,Cumbria Constabulary,-3.098327,54.190339,On or near The Drive,E01019393,South Lakeland 014E,Anti-social behaviour,,
61cc598ba77c998d37f0423dd192b6a11860ec7af1082c6303f84ee92837cf83,2026-07,Cumbria Constabulary,Cumbria Constabulary,-3.102152,54.190699,On or near Woodland Road,E01019393,South Lakeland 014E,Other theft,Unable to prosecute suspect,
8807e9dcfdac5175022ee861ba574d2fab9afb622e1605108fcb45aca82d6983,2026-07,Cumbria Constabulary,Cumbria Constabulary,-3.102152,54.190699,On or near Woodland Road,E01019393,South Lakeland 014E,Public order,Under investigation,
f533bd80eb0e46235b301750f769b455f008e2833c2f633712030df628028288,2026-07,Cumbria Constabulary,Cumbria Constabulary,-3.098871,54.194684,On or near Fallowfield Avenue,E01019393,South Lakeland 014E,Public order,Under investigation,
51f4a2995f565fb3e2fbec95549b08b1f3e2fb4ba4d70db958ae8abd8ee713a0,2026-07,Cumbria Constabulary,Cumbria Constabulary,-3.102152,54.190699,On or near Woodland Road,E01019393,South Lakeland 014E,Shoplifting,Under investigation,
daa99964caedb0712a909cb41eb8581b6c44af22a455bbe51027a3530ca1fd86,2026-07,Cumbria Constabulary,Cumbria Constabulary,-3.102152,54.190699,On or near Woodland Road,E01019393,South Lakeland 014E,Shoplifting,Awaiting court outcome,
31a28e2958cfec889516fdce62a5934354350e6f0935ac4e85a51ff5a03cb42c,2026-07,Cumbria Constabulary,Cumbria Constabulary,-3.101962,54.195078,On or near Kennedy Place,E01019393,South Lakeland 014E,Vehicle crime,Unable to prosecute suspect,
78c13cb4194d017a0762d81c3d1a148a590dd1d9a0baa6bc2c1870460fb0a7e4,2026-07,Cumbria Constabulary,Cumbria Constabulary,-3.099479,54.183506,On or near Caraway Close,E01019393,South Lakeland 014E,Violence and sexual offences,Under investigation,
0ce26320ea26da6c979f463b8ff870591239ec9e78a8b2dd35526b15935b9f0a,2026-07,Cumbria Constabulary,Cumbria Constabulary,-3.097102,54.187510,On or near The Crest,E01019393,South Lakeland 014E,Violence and sexual offences,Under investigation,
df6fb18cdde7bb372e6acbd3f1f5ad695eed05737e0a0c02a8548d7fafcbb077,2026-07,Cumbria Constabulary,Cumbria Constabulary,-3.099479,54.183506,On or near Caraway Close,E01019393,South Lakeland 014E,Violence and sexual offences,Under investigation,
2d85b7a44063e2be257a506fb4bbfd395e5d154f62380c0c94e62edf35545049,2026-07,Cumbria Constabulary,Cumbria Constabulary,-3.101962,54.195078,On or near Kennedy Place,E01019393,South Lakeland 014E,Violence and sexual offences,Under investigation,
093276e3fbb3672521c779ec66da284ed024e07455ef4ef3fa26dcc38b721633,2026-07,Cumbria Constabulary,Cumbria Constabulary,-2.695852,53.432069,On or near Bold Road,E01033796,St. Helens 022H,Violence and sexual offences,Under investigation,
3cb857bee36c0e1d5e583b6985bf88102d750a9303bb066af5d8cc0fc3d46678,2026-07,Cumbria Constabulary,Cumbria Constabulary,-2.919920,53.677453,On or near Greaves Close,E01025508,West Lancashire 002B,Violence and sexual offences,Under investigation,
f1a0e3db487fd9535e629dec4b817bae9b256d35ca066d1c765db930edbb1c72,2026-07,Cumbria Constabulary,Cumbria Constabulary,-3.025119,53.395116,On or near Robert Street,E01034838,Wirral 016F,Other theft,Under investigation,
