Type,Date,Part of a policing operation,Policing operation,Latitude,Longitude,Gender,Age range,Self-defined ethnicity,Officer-defined ethnicity,Legislation,Object of search,Outcome,Outcome linked to object of search,Removal of more than just outer clothing
Person search,2026-06-30T23:00:00+00:00,,,,,Male,25-34,White - Any other White background,White,Misuse of Drugs Act 1971 (section 23),,A no further action disposal,False,False
Person search,2026-06-30T23:10:00+00:00,,,,,Female,18-24,Other ethnic group - Not stated,White,Misuse of Drugs Act 1971 (section 23),,A no further action disposal,False,False
Person search,2026-06-30T23:10:00+00:00,,,,,Male,25-34,Other ethnic group - Not stated,Other,Misuse of Drugs Act 1971 (section 23),,A no further action disposal,False,False
Person search,2026-06-30T23:25:00+00:00,,,,,Female,25-34,White - English/Welsh/Scottish/Northern Irish/British,White,Police and Criminal Evidence Act 1984 (section 1),,A no further action disposal,False,False
Person search,2026-06-30T23:30:00+00:00,,,50.734984,-1.274019,Male,18-24,White - English/Welsh/Scottish/Northern Irish/British,White,Police and Criminal Evidence Act 1984 (section 1),,A no further action disposal,False,False
Person search,2026-07-01T09:50:00+00:00,,,50.964415,-1.306990,Male,18-24,White - Any other White background,White,Misuse of Drugs Act 1971 (section 23),,Arrest,True,False
Person search,2026-07-01T11:22:00+00:00,,,50.920873,-1.389057,Male,over 34,Other ethnic group - Not stated,White,Misuse of Drugs Act 1971 (section 23),,A no further action disposal,False,False
Person search,2026-07-01T12:50:00+00:00,,,,,Male,18-24,Black/African/Caribbean/Black British - African,Black,Misuse of Drugs Act 1971 (section 23),,Arrest,True,True
Person search,2026-07-01T13:10:00+00:00,,,50.796777,-1.102665,Male,18-24,White - English/Welsh/Scottish/Northern Irish/British,White,Misuse of Drugs Act 1971 (section 23),,Summons / charged by post,True,False
Person search,2026-07-01T13:25:00+00:00,,,50.785643,-1.087514,Male,25-34,White - English/Welsh/Scottish/Northern Irish/British,White,Misuse of Drugs Act 1971 (section 23),,A no further action disposal,False,False
Person search,2026-07-01T13:30:00+00:00,,,50.785643,-1.087514,Male,over 34,White - English/Welsh/Scottish/Northern Irish/British,White,Misuse of Drugs Act 1971 (section 23),,A no further action disposal,False,False
Person search,2026-07-01T13:32:00+00:00,,,50.760178,-1.299929,Male,25-34,White - English/Welsh/Scottish/Northern Irish/British,White,Misuse of Drugs Act 1971 (section 23),,A no further action disposal,False,False
Person search,2026-07-01T13:32:00+00:00,,,50.760178,-1.299929,Male,25-34,White - English/Welsh/Scottish/Northern Irish/British,White,Misuse of Drugs Act 1971 (section 23),,A no further action disposal,False,False
Person search,2026-07-01T14:50:00+00:00,,,,,Male,over 34,Black/African/Caribbean/Black British - Caribbean,Black,Misuse of Drugs Act 1971 (section 23),,A no further action disposal,False,False
Person search,2026-07-01T15:00:00+00:00,,,,,Male,25-34,Asian/Asian British - Indian,Asian,Misuse of Drugs Act 1971 (section 23),,Summons / charged by post,False,False
Person search,2026-07-01T15:00:00+00:00,,,50.971264,-1.350298,Male,10-17,White - English/Welsh/Scottish/Northern Irish/British,White,Police and Criminal Evidence Act 1984 (section 1),,A no further action disposal,False,False
Person search,2026-07-01T15:00:00+00:00,,,50.971264,-1.350298,Male,10-17,White - English/Welsh/Scottish/Northern Irish/British,White,Police and Criminal Evidence Act 1984 (section 1),,A no further action disposal,False,False
Person search,2026-07-01T15:00:00+00:00,,,,,Male,25-34,Mixed/Multiple ethnic groups - White and Asian,Asian,Misuse of Drugs Act 1971 (section 23),,Summons / charged by post,False,False
Person search,2026-07-01T15:30:00+00:00,,,,,Male,over 34,White - Any other White background,White,Misuse of Drugs Act 1971 (section 23),,A no further action disposal,False,False
Person search,2026-07-01T15:30:00+00:00,,,,,Male,25-34,White - Any other White background,White,Misuse of Drugs Act 1971 (section 23),,A no further action disposal,False,False
Person search,2026-07-01T15:30:00+00:00,,,51.055627,-1.297493,Male,25-34,White - Any other White background,White,Misuse of Drugs Act 1971 (section 23),,A no further action disposal,False,False
Person search,2026-07-01T15:40:00+00:00,,,50.806968,-1.076469,Male,25-34,White - Any other White background,White,Misuse of Drugs Act 1971 (section 23),,A no further action disposal,False,False
Person search,2026-07-01T15:50:00+00:00,,,50.971264,-1.350298,Male,10-17,White - English/Welsh/Scottish/Northern Irish/British,White,Police and Criminal Evidence Act 1984 (section 1),,A no further action disposal,False,False
Person search,2026-07-01T16:00:00+00:00,,,51.289866,-0.758073,Male,10-17,White - English/Welsh/Scottish/Northern Irish/British,White,Misuse of Drugs Act 1971 (section 23),,A no further action disposal,False,False
Person search,2026-07-01T16:00:00+00:00,,,51.289866,-0.758073,Male,10-17,White - English/Welsh/Scottish/Northern Irish/British,White,Misuse of Drugs Act 1971 (section 23),,A no further action disposal,False,False
Person search,2026-07-01T16:45:00+00:00,,,51.271303,-1.050838,Male,25-34,White - English/Welsh/Scottish/Northern Irish/British,White,Misuse of Drugs Act 1971 (section 23),,A no further action disposal,False,False
Person search,2026-07-01T16:57:00+00:00,,,51.204813,-1.480569,Male,10-17,White - English/Welsh/Scottish/Northern Irish/British,White,Police and Criminal Evidence Act 1984 (section 1),,A no further action disposal,False,False
Person search,2026-07-01T16:58:00+00:00,,,51.274465,-1.056062,Male,18-24,White - English/Welsh/Scottish/Northern Irish/British,White,Misuse of Drugs Act 1971 (section 23),,A no further action disposal,False,False
Person search,2026-07-01T17:25:00+00:00,,,50.851720,-1.175524,Male,25-34,White - Any other White background,White,Police and Criminal Evidence Act 1984 (section 1),,Arrest,False,False
Person search,2026-07-01T17:30:00+00:00,,,,,Male,18-24,Other ethnic group - Any other ethnic group,Other,Police and Criminal Evidence Act 1984 (section 1),,A no further action disposal,False,False
Person search,2026-07-01T17:30:00+00:00,,,,,Male,18-24,Other ethnic group - Any other ethnic group,White,Police and Criminal Evidence Act 1984 (section 1),,A no further action disposal,False,False
Person search,2026-07-01T17:40:00+00:00,,,50.875313,-1.027790,Male,10-17,White - English/Welsh/Scottish/Northern Irish/British,White,Misuse of Drugs Act 1971 (section 23),,A no further action disposal,False,False
Person search,2026-07-01T17:45:00+00:00,,,,,Male,under 10,Other ethnic group - Not stated,White,Misuse of Drugs Act 1971 (section 23),,Arrest,True,True
Person search,2026-07-01T17:45:00+00:00,,,,,Male,under 10,White - Any other White background,White,Misuse of Drugs Act 1971 (section 23),,Arrest,True,True
Person search,2026-07-01T17:53:00+00:00,,,50.876325,-1.027200,Male,10-17,White - English/Welsh/Scottish/Northern Irish/British,White,Misuse of Drugs Act 1971 (section 23),,Community resolution,True,False
Person search,2026-07-01T18:50:00+00:00,,,,,Male,18-24,Mixed/Multiple ethnic groups - Any other Mixed/Multiple ethnic background,White,Misuse of Drugs Act 1971 (section 23),,A no further action disposal,False,True
Person search,2026-07-01T18:50:00+00:00,,,,,Male,18-24,White - Any other White background,White,Misuse of Drugs Act 1971 (section 23),,A no further action disposal,False,True
Person search,2026-07-01T18:51:00+00:00,,,51.071407,-1.296730,Male,25-34,White - English/Welsh/Scottish/Northern Irish/British,White,Misuse of Drugs Act 1971 (section 23),,Community resolution,True,False
Person search,2026-07-01T19:00:00+00:00,,,51.073919,-1.297135,Male,25-34,White - English/Welsh/Scottish/Northern Irish/British,White,Misuse of Drugs Act 1971 (section 23),,Community resolution,True,False
Person search,2026-07-01T19:05:00+00:00,,,50.796687,-1.103858,Male,over 34,White - English/Welsh/Scottish/Northern Irish/British,White,Misuse of Drugs Act 1971 (section 23),,Arrest,True,False
Person search,2026-07-01T19:22:00+00:00,,,,,Male,18-24,White - English/Welsh/Scottish/Northern Irish/British,Asian,Misuse of Drugs Act 1971 (section 23),,A no further action disposal,False,False
Person search,2026-07-01T20:12:00+00:00,,,50.850320,-1.182225,Female,over 34,White - English/Welsh/Scottish/Northern Irish/British,White,Police and Criminal Evidence Act 1984 (section 1),,Arrest,False,False
Person search,2026-07-01T20:30:00+00:00,,,51.247248,-0.781630,Male,10-17,Other ethnic group - Not stated,Black,Misuse of Drugs Act 1971 (section 23),,Arrest,False,True
Person search,2026-07-01T21:20:00+00:00,,,50.819401,-1.077062,Male,25-34,White - English/Welsh/Scottish/Northern Irish/British,White,Police and Criminal Evidence Act 1984 (section 1),,A no further action disposal,False,False
Person search,2026-07-02T01:00:00+00:00,,,50.930530,-1.450459,Male,10-17,White - English/Welsh/Scottish/Northern Irish/British,White,Misuse of Drugs Act 1971 (section 23),,Community resolution,True,False
Person search,2026-07-02T01:30:00+00:00,,,50.805608,-1.086487,Male,25-34,Other ethnic group - Not stated,White,Misuse of Drugs Act 1971 (section 23),,Arrest,True,False
Person search,2026-07-02T07:00:00+00:00,,,50.934514,-1.439256,Male,18-24,Black/African/Caribbean/Black British - Any other Black/African/Caribbean background,Black,Misuse of Drugs Act 1971 (section 23),,Arrest,False,True
Person search,2026-07-02T07:01:00+00:00,,,50.934514,-1.439256,Male,18-24,Other ethnic group - Not stated,Asian,Misuse of Drugs Act 1971 (section 23),,Arrest,False,False
Person search,2026-07-02T07:25:00+00:00,,,,,Male,over 34,White - English/Welsh/Scottish/Northern Irish/British,White,Misuse of Drugs Act 1971 (section 23),,A no further action disposal,False,False
Person search,2026-07-02T07:45:00+00:00,,,,,Male,over 34,White - Any other White background,White,Misuse of Drugs Act 1971 (section 23),,Community resolution,True,False
Person search,2026-07-02T09:11:00+00:00,,,50.793179,-1.077223,Male,18-24,Black/African/Caribbean/Black British - Caribbean,Black,Misuse of Drugs Act 1971 (section 23),,Arrest,True,True
Person search,2026-07-02T10:15:00+00:00,,,50.906798,-1.338077,Male,25-34,White - English/Welsh/Scottish/Northern Irish/British,White,Police and Criminal Evidence Act 1984 (section 1),,Summons / charged by post,True,False
Person search,2026-07-02T13:15:00+00:00,,,50.808336,-1.079919,Male,10-17,Other ethnic group - Not stated,Asian,Police and Criminal Evidence Act 1984 (section 1),,A no further action disposal,False,False
Person search,2026-07-02T13:20:00+00:00,,,,,Male,10-17,White - English/Welsh/Scottish/Northern Irish/British,White,Police and Criminal Evidence Act 1984 (section 1),,A no further action disposal,False,False
Person search,2026-07-02T16:45:00+00:00,,,50.685268,-1.077671,Male,over 34,White - English/Welsh/Scottish/Northern Irish/British,White,Misuse of Drugs Act 1971 (section 23),,Summons / charged by post,False,False
Person search,2026-07-02T17:00:00+00:00,,,50.796648,-1.073437,Male,25-34,White - English/Welsh/Scottish/Northern Irish/British,White,Misuse of Drugs Act 1971 (section 23),,A no further action disposal,False,False
Person search,2026-07-02T17:52:00+00:00,,,51.209057,-1.476556,Male,25-34,White - Any other White background,White,Misuse of Drugs Act 1971 (section 23),,Community resolution,True,True
Person search,2026-07-02T18:10:00+00:00,,,50.902736,-1.403259,Male,18-24,Black/African/Caribbean/Black British - African,Black,Misuse of Drugs Act 1971 (section 23),,Community resolution,True,False
Person search,2026-07-02T18:35:00+00:00,,,50.654521,-1.155978,Male,10-17,White - English/Welsh/Scottish/Northern Irish/British,White,Police and Criminal Evidence Act 1984 (section 1),,Arrest,False,False
Person search,2026-07-02T19:20:00+00:00,,,50.968558,-1.350407,Male,18-24,White - English/Welsh/Scottish/Northern Irish/British,White,Police and Criminal Evidence Act 1984 (section 1),,A no further action disposal,False,False
Person search,2026-07-02T19:30:00+00:00,,,,,Male,18-24,Other ethnic group - Not stated,White,Misuse of Drugs Act 1971 (section 23),,Arrest,False,False
Person search,2026-07-02T19:30:00+00:00,,,50.940243,-1.549489,Male,25-34,White - English/Welsh/Scottish/Northern Irish/British,White,Misuse of Drugs Act 1971 (section 23),,Summons / charged by post,False,False
Person search,2026-07-02T19:40:00+00:00,,,,,Male,25-34,White - English/Welsh/Scottish/Northern Irish/British,White,Misuse of Drugs Act 1971 (section 23),,Summons / charged by post,False,False
Person search,2026-07-02T20:00:00+00:00,,,51.262716,-1.131870,Male,over 34,White - English/Welsh/Scottish/Northern Irish/British,White,Police and Criminal Evidence Act 1984 (section 1),,A no further action disposal,True,False
Person search,2026-07-02T21:40:00+00:00,,,50.845935,-1.138994,Female,10-17,White - English/Welsh/Scottish/Northern Irish/British,White,Misuse of Drugs Act 1971 (section 23),,A no further action disposal,False,False
Person search,2026-07-02T22:00:00+00:00,,,50.699886,-1.287418,Female,10-17,Other ethnic group - Not stated,White,Police and Criminal Evidence Act 1984 (section 1),,A no further action disposal,False,False
Person search,2026-07-02T22:05:00+00:00,,,51.263959,-1.069048,Male,18-24,Asian/Asian British - Bangladeshi,Asian,Misuse of Drugs Act 1971 (section 23),,A no further action disposal,True,True
Person search,2026-07-02T22:15:00+00:00,,,51.088165,-1.163590,Male,over 34,White - English/Welsh/Scottish/Northern Irish/British,White,Misuse of Drugs Act 1971 (section 23),,Community resolution,True,False
Person search,2026-07-02T23:00:00+00:00,,,50.907145,-1.404810,Male,18-24,Mixed/Multiple ethnic groups - Any other Mixed/Multiple ethnic background,Other,Misuse of Drugs Act 1971 (section 23),,Community resolution,False,False
Person search,2026-07-02T23:00:00+00:00,,,50.907145,-1.404810,Male,18-24,Mixed/Multiple ethnic groups - Any other Mixed/Multiple ethnic background,White,Misuse of Drugs Act 1971 (section 23),,Community resolution,False,False
Person search,2026-07-02T23:05:00+00:00,,,50.804008,-1.149599,Male,25-34,White - English/Welsh/Scottish/Northern Irish/British,White,Misuse of Drugs Act 1971 (section 23),,Arrest,True,False
Person search,2026-07-02T23:30:00+00:00,,,51.263959,-1.069048,Male,18-24,Asian/Asian British - Pakistani,Asian,Misuse of Drugs Act 1971 (section 23),,Arrest,True,False
Person search,2026-07-02T23:35:00+00:00,,,50.856744,-1.010757,Male,18-24,White - English/Welsh/Scottish/Northern Irish/British,White,Misuse of Drugs Act 1971 (section 23),,A no further action disposal,True,False
Person search,2026-07-02T23:39:00+00:00,,,,,Male,18-24,White - English/Welsh/Scottish/Northern Irish/British,White,Misuse of Drugs Act 1971 (section 23),,A no further action disposal,True,False
Person search,2026-07-03T01:00:00+00:00,,,,,Male,10-17,White - English/Welsh/Scottish/Northern Irish/British,White,Police and Criminal Evidence Act 1984 (section 1),,A no further action disposal,False,False
Person search,2026-07-03T01:07:00+00:00,,,50.921829,-1.302956,Male,10-17,White - English/Welsh/Scottish/Northern Irish/British,White,Misuse of Drugs Act 1971 (section 23),,A no further action disposal,True,False
Person search,2026-07-03T02:10:00+00:00,,,,,Male,10-17,White - English/Welsh/Scottish/Northern Irish/British,White,Police and Criminal Evidence Act 1984 (section 1),,A no further action disposal,False,False
Person search,2026-07-03T05:21:00+00:00,,,,,Male,over 34,White - English/Welsh/Scottish/Northern Irish/British,White,Police and Criminal Evidence Act 1984 (section 1),,A no further action disposal,False,False
Person search,2026-07-03T08:30:00+00:00,,,51.230472,-1.342088,Female,18-24,White - English/Welsh/Scottish/Northern Irish/British,White,Misuse of Drugs Act 1971 (section 23),,A no further action disposal,False,False
Person search,2026-07-03T09:00:00+00:00,,,50.906696,-1.396837,Male,over 34,White - English/Welsh/Scottish/Northern Irish/British,White,Misuse of Drugs Act 1971 (section 23),,Community resolution,False,False
Person search,2026-07-03T10:15:00+00:00,,,,,Male,18-24,White - English/Welsh/Scottish/Northern Irish/British,White,Misuse of Drugs Act 1971 (section 23),,Community resolution,True,False
Person search,2026-07-03T10:20:00+00:00,,,50.904981,-1.400884,Male,25-34,White - English/Welsh/Scottish/Northern Irish/British,White,Misuse of Drugs Act 1971 (section 23),,Community resolution,True,False
Person search,2026-07-03T10:20:00+00:00,,,50.904981,-1.400884,Male,25-34,White - English/Welsh/Scottish/Northern Irish/British,White,Misuse of Drugs Act 1971 (section 23),,Community resolution,True,False
Person search,2026-07-03T11:30:00+00:00,,,50.833229,-1.072216,Male,18-24,Other ethnic group - Not stated,White,Misuse of Drugs Act 1971 (section 23),,Arrest,False,False
Person search,2026-07-03T11:35:00+00:00,,,,,Female,over 34,White - English/Welsh/Scottish/Northern Irish/British,White,Police and Criminal Evidence Act 1984 (section 1),,Arrest,False,False
Person search,2026-07-03T11:35:00+00:00,,,,,Female,25-34,White - English/Welsh/Scottish/Northern Irish/British,White,Police and Criminal Evidence Act 1984 (section 1),,Arrest,True,False
Person search,2026-07-03T11:50:00+00:00,,,51.138737,-0.985119,Female,over 34,White - English/Welsh/Scottish/Northern Irish/British,White,Misuse of Drugs Act 1971 (section 23),,A no further action disposal,False,False
Person search,2026-07-03T11:50:00+00:00,,,51.138737,-0.985119,Male,over 34,Mixed/Multiple ethnic groups - White and Black Caribbean,White,Misuse of Drugs Act 1971 (section 23),,A no further action disposal,False,False
Person search,2026-07-03T13:00:00+00:00,,,,,Male,18-24,White - English/Welsh/Scottish/Northern Irish/British,White,Misuse of Drugs Act 1971 (section 23),,Arrest,True,False
Person search,2026-07-03T13:45:00+00:00,,,50.783730,-1.082034,Male,25-34,Mixed/Multiple ethnic groups - White and Black African,Black,Misuse of Drugs Act 1971 (section 23),,A no further action disposal,False,False
Person search,2026-07-03T13:45:00+00:00,,,50.783730,-1.082034,Male,25-34,Black/African/Caribbean/Black British - African,Black,Misuse of Drugs Act 1971 (section 23),,A no further action disposal,False,False
Person search,2026-07-03T13:50:00+00:00,,,50.885358,-1.361487,Male,10-17,Other ethnic group - Not stated,White,Misuse of Drugs Act 1971 (section 23),,A no further action disposal,True,False
Person search,2026-07-03T14:00:00+00:00,,,,,Male,over 34,Black/African/Caribbean/Black British - Caribbean,Black,Misuse of Drugs Act 1971 (section 23),,A no further action disposal,False,False
Person search,2026-07-03T15:53:00+00:00,,,51.263174,-1.113910,Female,over 34,White - English/Welsh/Scottish/Northern Irish/British,White,Police and Criminal Evidence Act 1984 (section 1),,Summons / charged by post,True,False
Person search,2026-07-03T15:55:00+00:00,,,51.263174,-1.113910,Male,over 34,Other ethnic group - Not stated,White,Police and Criminal Evidence Act 1984 (section 1),,A no further action disposal,False,False
Person search,2026-07-03T16:30:00+00:00,,,50.905562,-1.398416,Male,10-17,White - English/Welsh/Scottish/Northern Irish/British,White,Misuse of Drugs Act 1971 (section 23),,A no further action disposal,False,False
Person search,2026-07-03T16:45:00+00:00,,,50.905830,-1.396407,Male,10-17,White - English/Welsh/Scottish/Northern Irish/British,White,Misuse of Drugs Act 1971 (section 23),,A no further action disposal,False,False
Person search,2026-07-03T16:57:00+00:00,,,,,Male,18-24,Black/African/Caribbean/Black British - African,Black,Misuse of Drugs Act 1971 (section 23),,A no further action disposal,False,True
Person search,2026-07-03T17:25:00+00:00,,,50.958979,-1.354998,Male,25-34,Mixed/Multiple ethnic groups - Any other Mixed/Multiple ethnic background,White,Misuse of Drugs Act 1971 (section 23),,Arrest,True,False
Person search,2026-07-03T17:30:00+00:00,,,51.148683,-0.976937,Male,18-24,White - Any other White background,White,Misuse of Drugs Act 1971 (section 23),,A no further action disposal,False,False
Person search,2026-07-03T17:30:00+00:00,,,51.148683,-0.976937,Female,18-24,White - English/Welsh/Scottish/Northern Irish/British,White,Misuse of Drugs Act 1971 (section 23),,A no further action disposal,False,False
Person search,2026-07-03T18:05:00+00:00,,,50.652557,-1.158008,Male,10-17,White - English/Welsh/Scottish/Northern Irish/British,White,Misuse of Drugs Act 1971 (section 23),,Community resolution,True,False
Person search,2026-07-03T18:09:00+00:00,,,50.919723,-1.396003,Male,18-24,Black/African/Caribbean/Black British - African,Black,Misuse of Drugs Act 1971 (section 23),,A no further action disposal,False,False
Person search,2026-07-03T18:14:00+00:00,,,50.654740,-1.165198,Male,25-34,White - English/Welsh/Scottish/Northern Irish/British,White,Misuse of Drugs Act 1971 (section 23),,Arrest,True,False
Person search,2026-07-03T18:14:00+00:00,,,50.654740,-1.165198,Male,25-34,Black/African/Caribbean/Black British - Any other Black/African/Caribbean background,White,Misuse of Drugs Act 1971 (section 23),,Arrest,True,False
Person search,2026-07-03T19:09:00+00:00,,,,,Male,over 34,White - English/Welsh/Scottish/Northern Irish/British,White,Misuse of Drugs Act 1971 (section 23),,Community resolution,True,False
Person search,2026-07-03T19:12:00+00:00,,,50.906696,-1.396837,Male,18-24,Mixed/Multiple ethnic groups - White and Black African,Black,Misuse of Drugs Act 1971 (section 23),,A no further action disposal,False,True
Person search,2026-07-03T19:12:00+00:00,,,50.906696,-1.396837,Male,18-24,Black/African/Caribbean/Black British - African,Black,Misuse of Drugs Act 1971 (section 23),,A no further action disposal,False,True
Person search,2026-07-03T19:30:00+00:00,,,50.799029,-0.974358,Male,25-34,White - English/Welsh/Scottish/Northern Irish/British,White,Police and Criminal Evidence Act 1984 (section 1),,A no further action disposal,False,False
Person search,2026-07-03T19:45:00+00:00,,,50.851417,-1.183598,Male,25-34,White - English/Welsh/Scottish/Northern Irish/British,White,Misuse of Drugs Act 1971 (section 23),,Community resolution,False,False
Person search,2026-07-03T19:45:00+00:00,,,50.851417,-1.183598,Female,over 34,White - English/Welsh/Scottish/Northern Irish/British,White,Misuse of Drugs Act 1971 (section 23),,Community resolution,False,False
Person search,2026-07-03T19:45:00+00:00,,,50.851417,-1.183598,Male,over 34,White - English/Welsh/Scottish/Northern Irish/British,White,Misuse of Drugs Act 1971 (section 23),,A no further action disposal,False,False
Person search,2026-07-03T19:50:00+00:00,,,50.968230,-1.351309,Male,18-24,White - English/Welsh/Scottish/Northern Irish/British,White,Police and Criminal Evidence Act 1984 (section 1),,A no further action disposal,False,False
Person search,2026-07-03T20:05:00+00:00,,,50.594930,-1.205420,Male,10-17,White - English/Welsh/Scottish/Northern Irish/British,White,Misuse of Drugs Act 1971 (section 23),,A no further action disposal,True,False
Person search,2026-07-03T20:20:00+00:00,,,51.146586,-0.974696,Male,25-34,White - English/Welsh/Scottish/Northern Irish/British,White,Misuse of Drugs Act 1971 (section 23),,A no further action disposal,False,False
Person search,2026-07-03T20:25:00+00:00,,,51.146586,-0.974696,Male,over 34,White - English/Welsh/Scottish/Northern Irish/British,White,Misuse of Drugs Act 1971 (section 23),,Community resolution,True,False
Person search,2026-07-03T21:18:00+00:00,,,50.851954,-1.186984,Male,18-24,Other ethnic group - Not stated,White,Misuse of Drugs Act 1971 (section 23),,,True,False
Person search,2026-07-03T21:18:00+00:00,,,50.851954,-1.186984,Female,18-24,Other ethnic group - Not stated,White,Misuse of Drugs Act 1971 (section 23),,Community resolution,True,False
Person search,2026-07-03T21:23:00+00:00,,,,,Female,18-24,White - English/Welsh/Scottish/Northern Irish/British,White,Police and Criminal Evidence Act 1984 (section 1),,A no further action disposal,False,False
Person search,2026-07-03T21:24:00+00:00,,,,,Male,25-34,Other ethnic group - Not stated,White,Misuse of Drugs Act 1971 (section 23),,Arrest,True,False
Person search,2026-07-03T21:31:00+00:00,,,,,Male,over 34,White - English/Welsh/Scottish/Northern Irish/British,White,Police and Criminal Evidence Act 1984 (section 1),,A no further action disposal,True,False
Person search,2026-07-03T22:10:00+00:00,,,50.911254,-1.405440,Female,18-24,White - English/Welsh/Scottish/Northern Irish/British,White,Misuse of Drugs Act 1971 (section 23),,A no further action disposal,False,False
Person search,2026-07-03T22:10:00+00:00,,,50.789328,-1.082647,Male,25-34,Other ethnic group - Arab,Other,Misuse of Drugs Act 1971 (section 23),,A no further action disposal,False,False
Person search,2026-07-03T22:12:00+00:00,,,50.790085,-1.087385,Male,18-24,Other ethnic group - Arab,Other,Misuse of Drugs Act 1971 (section 23),,A no further action disposal,False,False
Person search,2026-07-03T22:15:00+00:00,,,50.967180,-1.373027,Male,18-24,Mixed/Multiple ethnic groups - White and Black African,Other,Police and Criminal Evidence Act 1984 (section 1),,A no further action disposal,False,False
Person search,2026-07-03T22:16:00+00:00,,,50.899312,-1.400047,Male,18-24,White - English/Welsh/Scottish/Northern Irish/British,White,Misuse of Drugs Act 1971 (section 23),,A no further action disposal,False,False
Person search,2026-07-03T22:17:00+00:00,,,50.911254,-1.405440,Female,18-24,Asian/Asian British - Any other Asian background,White,Misuse of Drugs Act 1971 (section 23),,A no further action disposal,False,False
Person search,2026-07-03T22:30:00+00:00,,,50.967180,-1.373027,Male,18-24,Other ethnic group - Any other ethnic group,White,Police and Criminal Evidence Act 1984 (section 1),,Arrest,False,False
Person search,2026-07-03T22:30:00+00:00,,,50.967180,-1.373027,Male,18-24,Other ethnic group - Not stated,Black,Police and Criminal Evidence Act 1984 (section 1),,A no further action disposal,False,False
Person search,2026-07-03T22:37:00+00:00,,,50.911254,-1.405440,Male,18-24,White - English/Welsh/Scottish/Northern Irish/British,White,Misuse of Drugs Act 1971 (section 23),,A no further action disposal,False,False
Person search,2026-07-03T22:45:00+00:00,,,,,Male,18-24,White - Any other White background,White,Misuse of Drugs Act 1971 (section 23),,A no further action disposal,False,False
Person search,2026-07-03T22:45:00+00:00,,,,,Male,18-24,Black/African/Caribbean/Black British - Any other Black/African/Caribbean background,Black,Misuse of Drugs Act 1971 (section 23),,A no further action disposal,False,False
Person search,2026-07-03T22:45:00+00:00,,,,,Male,18-24,White - Any other White background,White,Misuse of Drugs Act 1971 (section 23),,A no further action disposal,False,False
Person search,2026-07-03T22:45:00+00:00,,,51.064509,-1.314616,Male,10-17,White - English/Welsh/Scottish/Northern Irish/British,White,Misuse of Drugs Act 1971 (section 23),,Community resolution,True,False
Person search,2026-07-03T22:55:00+00:00,,,50.799339,-1.140730,Male,18-24,White - English/Welsh/Scottish/Northern Irish/British,White,Misuse of Drugs Act 1971 (section 23),,A no further action disposal,False,False
Person search,2026-07-03T23:02:00+00:00,,,51.063014,-1.314239,Male,18-24,White - English/Welsh/Scottish/Northern Irish/British,White,Misuse of Drugs Act 1971 (section 23),,Community resolution,True,False
Person search,2026-07-03T23:15:00+00:00,,,,,Male,25-34,White - English/Welsh/Scottish/Northern Irish/British,White,Police and Criminal Evidence Act 1984 (section 1),,Arrest,False,False
Person search,2026-07-03T23:25:00+00:00,,,50.911254,-1.405440,Male,18-24,White - English/Welsh/Scottish/Northern Irish/British,White,Misuse of Drugs Act 1971 (section 23),,Community resolution,True,False
Person search,2026-07-03T23:30:00+00:00,,,50.785092,-1.088277,Male,over 34,Black/African/Caribbean/Black British - African,Black,Police and Criminal Evidence Act 1984 (section 1),,A no further action disposal,True,False
Person search,2026-07-03T23:36:00+00:00,,,50.911254,-1.405440,Male,18-24,White - English/Welsh/Scottish/Northern Irish/British,White,Misuse of Drugs Act 1971 (section 23),,,False,False
Person search,2026-07-03T23:36:00+00:00,,,51.205951,-1.479626,Male,25-34,White - English/Welsh/Scottish/Northern Irish/British,White,Misuse of Drugs Act 1971 (section 23),,Community resolution,True,False
Person search,2026-07-03T23:40:00+00:00,,,51.061994,-1.313597,Male,over 34,White - Any other White background,White,Misuse of Drugs Act 1971 (section 23),,Community resolution,True,False
Person search,2026-07-04T00:20:00+00:00,,,,,Male,over 34,White - English/Welsh/Scottish/Northern Irish/British,White,Police and Criminal Evidence Act 1984 (section 1),,A no further action disposal,False,False
Person search,2026-07-04T00:32:00+00:00,,,51.050431,-1.303111,Female,18-24,White - English/Welsh/Scottish/Northern Irish/British,White,Misuse of Drugs Act 1971 (section 23),,A no further action disposal,False,False
Person search,2026-07-04T00:32:00+00:00,,,51.050431,-1.303111,Female,18-24,White - English/Welsh/Scottish/Northern Irish/British,White,Misuse of Drugs Act 1971 (section 23),,A no further action disposal,False,False
Person search,2026-07-04T00:32:00+00:00,,,51.050431,-1.303111,Male,18-24,White - English/Welsh/Scottish/Northern Irish/British,White,Misuse of Drugs Act 1971 (section 23),,A no further action disposal,False,False
Person search,2026-07-04T00:40:00+00:00,,,51.290978,-0.770563,Male,over 34,Other ethnic group - Not stated,White,Police and Criminal Evidence Act 1984 (section 1),,A no further action disposal,False,False
Person search,2026-07-04T02:15:00+00:00,,,50.927716,-1.502840,Male,10-17,White - English/Welsh/Scottish/Northern Irish/British,White,Police and Criminal Evidence Act 1984 (section 1),,A no further action disposal,False,False
Person search,2026-07-04T03:05:00+00:00,,,50.796302,-1.078623,Male,18-24,White - English/Welsh/Scottish/Northern Irish/British,White,Misuse of Drugs Act 1971 (section 23),,A no further action disposal,True,False
Person search,2026-07-04T04:53:00+00:00,,,50.904154,-1.406256,Male,10-17,White - English/Welsh/Scottish/Northern Irish/British,White,Police and Criminal Evidence Act 1984 (section 1),,Community resolution,True,False
Person search,2026-07-04T06:45:00+00:00,,,50.905238,-1.405418,Male,10-17,White - English/Welsh/Scottish/Northern Irish/British,White,Police and Criminal Evidence Act 1984 (section 1),,A no further action disposal,False,False
Person search,2026-07-04T06:45:00+00:00,,,50.905238,-1.405418,Male,10-17,White - English/Welsh/Scottish/Northern Irish/British,White,Police and Criminal Evidence Act 1984 (section 1),,Community resolution,False,False
Person search,2026-07-04T09:40:00+00:00,,,50.918356,-1.458584,Male,over 34,Other ethnic group - Not stated,White,Misuse of Drugs Act 1971 (section 23),,Summons / charged by post,False,False
Person search,2026-07-04T09:55:00+00:00,,,50.805282,-1.086153,Male,over 34,Other ethnic group - Not stated,White,Police and Criminal Evidence Act 1984 (section 1),,A no further action disposal,False,False
Person search,2026-07-04T10:00:00+00:00,,,50.807132,-1.077786,Male,over 34,White - English/Welsh/Scottish/Northern Irish/British,White,Police and Criminal Evidence Act 1984 (section 1),,A no further action disposal,True,False
Person search,2026-07-04T10:00:00+00:00,,,,,Female,over 34,Other ethnic group - Not stated,Black,Misuse of Drugs Act 1971 (section 23),,A no further action disposal,False,False
Person search,2026-07-04T10:00:00+00:00,,,51.248256,-0.777405,Male,over 34,Other ethnic group - Not stated,White,Misuse of Drugs Act 1971 (section 23),,A no further action disposal,False,False
Person search,2026-07-04T10:00:00+00:00,,,51.248256,-0.777405,Male,25-34,Other ethnic group - Not stated,Other,Misuse of Drugs Act 1971 (section 23),,A no further action disposal,False,False
Person search,2026-07-04T10:30:00+00:00,,,50.696634,-1.299856,Male,over 34,White - English/Welsh/Scottish/Northern Irish/British,White,Misuse of Drugs Act 1971 (section 23),,A no further action disposal,False,False
Person search,2026-07-04T10:30:00+00:00,,,50.696634,-1.299856,Male,over 34,White - English/Welsh/Scottish/Northern Irish/British,White,Misuse of Drugs Act 1971 (section 23),,Community resolution,False,False
Person search,2026-07-04T10:30:00+00:00,,,51.248256,-0.777405,Male,over 34,White - English/Welsh/Scottish/Northern Irish/British,White,Misuse of Drugs Act 1971 (section 23),,A no further action disposal,False,False
Person search,2026-07-04T10:33:00+00:00,,,50.696288,-1.299040,Male,over 34,White - English/Welsh/Scottish/Northern Irish/British,White,Misuse of Drugs Act 1971 (section 23),,A no further action disposal,False,False
Person search,2026-07-04T12:02:00+00:00,,,50.921954,-1.421324,Male,over 34,White - English/Welsh/Scottish/Northern Irish/British,White,Police and Criminal Evidence Act 1984 (section 1),,Arrest,False,False
Person search,2026-07-04T12:56:00+00:00,,,,,Male,25-34,White - English/Welsh/Scottish/Northern Irish/British,White,Misuse of Drugs Act 1971 (section 23),,A no further action disposal,True,False
Person search,2026-07-04T13:39:00+00:00,,,51.328890,-0.786171,Male,over 34,Black/African/Caribbean/Black British - Caribbean,Black,Firearms Act 1968 (section 47),Firearms,Arrest,False,False
Person search,2026-07-04T13:50:00+00:00,,,50.902997,-1.375738,Male,over 34,White - English/Welsh/Scottish/Northern Irish/British,White,Misuse of Drugs Act 1971 (section 23),,Arrest,False,False
Person search,2026-07-04T15:52:00+00:00,,,50.921174,-1.395185,Male,over 34,Asian/Asian British - Indian,White,Police and Criminal Evidence Act 1984 (section 1),,Arrest,False,False
Person search,2026-07-04T15:52:00+00:00,,,50.921174,-1.395185,Male,over 34,Asian/Asian British - Indian,Asian,Police and Criminal Evidence Act 1984 (section 1),,Arrest,False,False
Person search,2026-07-04T16:14:00+00:00,,,50.905238,-1.405418,Male,10-17,Mixed/Multiple ethnic groups - Any other Mixed/Multiple ethnic background,White,Police and Criminal Evidence Act 1984 (section 1),,Community resolution,False,False
Person search,2026-07-04T16:20:00+00:00,,,50.898685,-1.379976,Male,over 34,White - English/Welsh/Scottish/Northern Irish/British,White,Misuse of Drugs Act 1971 (section 23),,A no further action disposal,True,False
Person search,2026-07-04T17:06:00+00:00,,,50.964873,-1.368757,Male,25-34,White - English/Welsh/Scottish/Northern Irish/British,White,Police and Criminal Evidence Act 1984 (section 1),,A no further action disposal,False,False
Person search,2026-07-04T17:10:00+00:00,,,,,Male,25-34,White - English/Welsh/Scottish/Northern Irish/British,White,Police and Criminal Evidence Act 1984 (section 1),,A no further action disposal,False,False
Person search,2026-07-04T18:00:00+00:00,,,50.908544,-1.395917,Male,18-24,Asian/Asian British - Indian,Asian,Misuse of Drugs Act 1971 (section 23),,Community resolution,True,False
Person search,2026-07-04T19:10:00+00:00,,,,,Male,over 34,Other ethnic group - Not stated,White,Police and Criminal Evidence Act 1984 (section 1),,A no further action disposal,False,False
Person search,2026-07-04T21:00:00+00:00,,,51.150454,-0.973853,Male,over 34,White - English/Welsh/Scottish/Northern Irish/British,White,Misuse of Drugs Act 1971 (section 23),,Community resolution,True,False
Person search,2026-07-04T21:05:00+00:00,,,,,Male,10-17,White - English/Welsh/Scottish/Northern Irish/British,Black,Misuse of Drugs Act 1971 (section 23),,A no further action disposal,False,False
Person search,2026-07-04T21:29:00+00:00,,,50.788687,-1.097343,Male,18-24,White - English/Welsh/Scottish/Northern Irish/British,White,Misuse of Drugs Act 1971 (section 23),,A no further action disposal,False,False
Person search,2026-07-04T21:30:00+00:00,,,,,Male,18-24,White - English/Welsh/Scottish/Northern Irish/British,White,Misuse of Drugs Act 1971 (section 23),,A no further action disposal,True,False
Person search,2026-07-04T21:30:00+00:00,,,,,Male,18-24,White - English/Welsh/Scottish/Northern Irish/British,White,Misuse of Drugs Act 1971 (section 23),,Community resolution,True,False
Person search,2026-07-04T21:35:00+00:00,,,50.788687,-1.097343,Male,10-17,White - English/Welsh/Scottish/Northern Irish/British,White,Misuse of Drugs Act 1971 (section 23),,A no further action disposal,False,False
Person search,2026-07-04T21:43:00+00:00,,,50.788687,-1.097343,Male,18-24,White - English/Welsh/Scottish/Northern Irish/British,White,Misuse of Drugs Act 1971 (section 23),,Community resolution,True,False
Person search,2026-07-04T21:52:00+00:00,,,51.148654,-0.979740,Female,25-34,White - English/Welsh/Scottish/Northern Irish/British,White,Misuse of Drugs Act 1971 (section 23),,A no further action disposal,False,False
Person search,2026-07-04T22:15:00+00:00,,,51.062197,-1.316120,Male,25-34,Asian/Asian British - Pakistani,Asian,Misuse of Drugs Act 1971 (section 23),,A no further action disposal,False,False
Person search,2026-07-04T22:51:00+00:00,,,51.207122,-1.482075,Male,25-34,Mixed/Multiple ethnic groups - White and Black Caribbean,White,Misuse of Drugs Act 1971 (section 23),,A no further action disposal,True,False
Person search,2026-07-04T23:00:00+00:00,,,50.907145,-1.404810,Male,over 34,White - English/Welsh/Scottish/Northern Irish/British,White,Misuse of Drugs Act 1971 (section 23),,A no further action disposal,False,False
Person search,2026-07-04T23:02:00+00:00,,,50.796334,-1.093081,Male,25-34,White - English/Welsh/Scottish/Northern Irish/British,White,Misuse of Drugs Act 1971 (section 23),,A no further action disposal,False,False
Person search,2026-07-04T23:38:00+00:00,,,,,Male,18-24,White - English/Welsh/Scottish/Northern Irish/British,White,Misuse of Drugs Act 1971 (section 23),,A no further action disposal,False,False
Person search,2026-07-04T23:40:00+00:00,,,50.907145,-1.404810,Female,18-24,Other ethnic group - Not stated,White,Misuse of Drugs Act 1971 (section 23),,Community resolution,True,False
Person search,2026-07-04T23:40:00+00:00,,,,,Male,18-24,White - English/Welsh/Scottish/Northern Irish/British,White,Misuse of Drugs Act 1971 (section 23),,Community resolution,True,False
Person search,2026-07-05T00:05:00+00:00,,,51.062267,-1.311082,Male,18-24,White - English/Welsh/Scottish/Northern Irish/British,White,Misuse of Drugs Act 1971 (section 23),,Community resolution,True,False
Person search,2026-07-05T00:05:00+00:00,,,51.062267,-1.311082,Male,18-24,White - English/Welsh/Scottish/Northern Irish/British,White,Misuse of Drugs Act 1971 (section 23),,Community resolution,True,False
Person search,2026-07-05T00:07:00+00:00,,,51.205878,-1.477322,Male,18-24,White - English/Welsh/Scottish/Northern Irish/British,White,Misuse of Drugs Act 1971 (section 23),,A no further action disposal,False,False
Person search,2026-07-05T00:15:00+00:00,,,51.064509,-1.314616,Male,18-24,Other ethnic group - Not stated,Asian,Misuse of Drugs Act 1971 (section 23),,A no further action disposal,False,False
Person search,2026-07-05T00:15:00+00:00,,,51.205878,-1.477322,Male,18-24,White - English/Welsh/Scottish/Northern Irish/British,White,Misuse of Drugs Act 1971 (section 23),,Community resolution,True,False
Person search,2026-07-05T00:15:00+00:00,,,51.064509,-1.314616,Male,18-24,Asian/Asian British - Bangladeshi,Asian,Misuse of Drugs Act 1971 (section 23),,A no further action disposal,False,False
Person search,2026-07-05T00:34:00+00:00,,,51.138737,-0.985119,Male,25-34,White - English/Welsh/Scottish/Northern Irish/British,White,Police and Criminal Evidence Act 1984 (section 1),,A no further action disposal,False,False
Person search,2026-07-05T00:45:00+00:00,,,51.064509,-1.314616,Male,18-24,Asian/Asian British - Indian,Asian,Misuse of Drugs Act 1971 (section 23),,Arrest,True,False
Person search,2026-07-05T00:52:00+00:00,,,50.897668,-1.398632,Female,over 34,White - English/Welsh/Scottish/Northern Irish/British,White,Misuse of Drugs Act 1971 (section 23),,Community resolution,True,False
Person search,2026-07-05T01:30:00+00:00,,,,,Male,18-24,White - English/Welsh/Scottish/Northern Irish/British,White,Misuse of Drugs Act 1971 (section 23),,A no further action disposal,False,False
Person search,2026-07-05T02:44:00+00:00,,,51.269980,-1.088049,Female,18-24,White - English/Welsh/Scottish/Northern Irish/British,White,Misuse of Drugs Act 1971 (section 23),,Community resolution,False,False
Person search,2026-07-05T02:44:00+00:00,,,51.269980,-1.088049,Male,25-34,White - Any other White background,White,Misuse of Drugs Act 1971 (section 23),,Community resolution,True,False
Person search,2026-07-05T10:57:00+00:00,,,51.191315,-0.861082,Male,over 34,White - English/Welsh/Scottish/Northern Irish/British,White,Misuse of Drugs Act 1971 (section 23),,A no further action disposal,False,False
Person search,2026-07-05T13:00:00+00:00,,,50.928992,-1.515377,Male,25-34,White - English/Welsh/Scottish/Northern Irish/British,White,Misuse of Drugs Act 1971 (section 23),,A no further action disposal,True,False
Person search,2026-07-05T13:05:00+00:00,,,50.696317,-1.300923,Male,over 34,White - English/Welsh/Scottish/Northern Irish/British,White,Misuse of Drugs Act 1971 (section 23),,A no further action disposal,True,False
Person search,2026-07-05T15:33:00+00:00,,,50.804008,-1.149599,Male,over 34,Other ethnic group - Not stated,White,Misuse of Drugs Act 1971 (section 23),,A no further action disposal,False,False
Person search,2026-07-05T16:00:00+00:00,,,50.889359,-1.354864,Male,10-17,Other ethnic group - Any other ethnic group,White,Police and Criminal Evidence Act 1984 (section 1),,Community resolution,False,False
Person search,2026-07-05T16:10:00+00:00,,,50.914078,-1.400141,Male,over 34,White - English/Welsh/Scottish/Northern Irish/British,White,Misuse of Drugs Act 1971 (section 23),,A no further action disposal,False,False
Person search,2026-07-05T16:10:00+00:00,,,50.915348,-1.398788,Other,25-34,Asian/Asian British - Indian,Other,Misuse of Drugs Act 1971 (section 23),,A no further action disposal,False,False
Person search,2026-07-05T16:10:00+00:00,,,50.841825,-1.067473,Male,18-24,Other ethnic group - Not stated,White,Misuse of Drugs Act 1971 (section 23),,Arrest,False,False
Person search,2026-07-05T16:10:00+00:00,,,50.915348,-1.398788,Other,25-34,Asian/Asian British - Indian,Asian,Misuse of Drugs Act 1971 (section 23),,A no further action disposal,False,False
Person search,2026-07-05T16:20:00+00:00,,,50.916376,-1.399429,Male,25-34,Black/African/Caribbean/Black British - African,Black,Misuse of Drugs Act 1971 (section 23),,A no further action disposal,False,False
Person search,2026-07-05T19:08:00+00:00,,,50.906023,-1.398936,Male,over 34,Other ethnic group - Not stated,White,Misuse of Drugs Act 1971 (section 23),,A no further action disposal,False,False
Person search,2026-07-05T19:08:00+00:00,,,50.906023,-1.398936,Male,over 34,White - English/Welsh/Scottish/Northern Irish/British,White,Misuse of Drugs Act 1971 (section 23),,A no further action disposal,False,False
Person search,2026-07-05T19:30:00+00:00,,,51.133701,-0.996620,Male,10-17,White - English/Welsh/Scottish/Northern Irish/British,White,Misuse of Drugs Act 1971 (section 23),,Community resolution,True,False
Person search,2026-07-05T20:45:00+00:00,,,51.105390,-1.057767,Male,10-17,White - English/Welsh/Scottish/Northern Irish/British,White,Misuse of Drugs Act 1971 (section 23),,Community resolution,True,False
Person search,2026-07-05T22:55:00+00:00,,,51.266092,-1.077290,Male,10-17,White - English/Welsh/Scottish/Northern Irish/British,White,Misuse of Drugs Act 1971 (section 23),,A no further action disposal,False,False
Person search,2026-07-05T23:15:00+00:00,,,,,Male,10-17,White - Any other White background,White,Misuse of Drugs Act 1971 (section 23),,A no further action disposal,False,False
Person search,2026-07-05T23:30:00+00:00,,,51.151786,-0.974938,Male,over 34,Other ethnic group - Not stated,White,Misuse of Drugs Act 1971 (section 23),,Arrest,True,False
Person search,2026-07-06T00:00:00+00:00,,,50.842304,-1.130709,Male,18-24,White - English/Welsh/Scottish/Northern Irish/British,White,Misuse of Drugs Act 1971 (section 23),,Community resolution,True,False
Person search,2026-07-06T00:43:00+00:00,,,,,Male,18-24,White - English/Welsh/Scottish/Northern Irish/British,White,Police and Criminal Evidence Act 1984 (section 1),,A no further action disposal,False,False
Person search,2026-07-06T02:15:00+00:00,,,51.313117,-0.767977,Female,25-34,White - English/Welsh/Scottish/Northern Irish/British,White,Misuse of Drugs Act 1971 (section 23),,Community resolution,True,False
Person search,2026-07-06T03:20:00+00:00,,,50.820629,-1.085711,Male,25-34,Other ethnic group - Not stated,White,Misuse of Drugs Act 1971 (section 23),,Arrest,False,False
Person search,2026-07-06T04:22:00+00:00,,,51.062552,-1.310707,Male,18-24,White - English/Welsh/Scottish/Northern Irish/British,White,Misuse of Drugs Act 1971 (section 23),,A no further action disposal,False,False
Person search,2026-07-06T04:30:00+00:00,,,50.922067,-1.343955,Female,10-17,White - English/Welsh/Scottish/Northern Irish/British,White,Police and Criminal Evidence Act 1984 (section 1),,A no further action disposal,False,False
Person search,2026-07-06T04:30:00+00:00,,,50.922067,-1.343955,Male,10-17,White - English/Welsh/Scottish/Northern Irish/British,White,Police and Criminal Evidence Act 1984 (section 1),,A no further action disposal,False,False
Person search,2026-07-06T07:00:00+00:00,,,50.911276,-1.393862,Male,over 34,Other ethnic group - Not stated,White,Police and Criminal Evidence Act 1984 (section 1),,A no further action disposal,False,False
Person search,2026-07-06T07:20:00+00:00,,,50.905046,-1.396090,Male,over 34,Black/African/Caribbean/Black British - African,White,Misuse of Drugs Act 1971 (section 23),,Community resolution,True,False
Person search,2026-07-06T07:48:00+00:00,,,50.905568,-1.396041,Male,18-24,Black/African/Caribbean/Black British - Caribbean,Black,Misuse of Drugs Act 1971 (section 23),,A no further action disposal,False,False
Person search,2026-07-06T07:48:00+00:00,,,50.905568,-1.396041,Male,18-24,Other ethnic group - Not stated,Other,Misuse of Drugs Act 1971 (section 23),,A no further action disposal,False,False
Person search,2026-07-06T08:00:00+00:00,,,50.906696,-1.396837,Female,over 34,White - English/Welsh/Scottish/Northern Irish/British,White,Misuse of Drugs Act 1971 (section 23),,A no further action disposal,False,False
Person search,2026-07-06T08:03:00+00:00,,,51.070381,-1.295878,Male,25-34,White - English/Welsh/Scottish/Northern Irish/British,White,Misuse of Drugs Act 1971 (section 23),,A no further action disposal,False,False
Person search,2026-07-06T08:35:00+00:00,,,50.864424,-0.967127,Male,25-34,Other ethnic group - Not stated,White,Misuse of Drugs Act 1971 (section 23),,Arrest,False,True
Person search,2026-07-06T08:44:00+00:00,,,51.268133,-1.131316,Male,18-24,White - English/Welsh/Scottish/Northern Irish/British,White,Misuse of Drugs Act 1971 (section 23),,Arrest,True,False
Person search,2026-07-06T09:54:00+00:00,,,50.782178,-0.969379,Male,over 34,Black/African/Caribbean/Black British - African,Black,Misuse of Drugs Act 1971 (section 23),,Arrest,True,False
Person search,2026-07-06T09:54:00+00:00,,,50.782178,-0.969379,Female,25-34,Other ethnic group - Not stated,Black,Misuse of Drugs Act 1971 (section 23),,A no further action disposal,False,False
Person search,2026-07-06T10:00:00+00:00,,,50.905845,-1.394032,Male,18-24,Other ethnic group - Not stated,Asian,Misuse of Drugs Act 1971 (section 23),,A no further action disposal,False,False
Person search,2026-07-06T11:12:00+00:00,,,50.808133,-1.073593,Male,18-24,Other ethnic group - Any other ethnic group,White,Misuse of Drugs Act 1971 (section 23),,A no further action disposal,False,False
Person search,2026-07-06T11:12:00+00:00,,,50.808133,-1.073593,Male,18-24,Other ethnic group - Not stated,White,Misuse of Drugs Act 1971 (section 23),,A no further action disposal,False,False
Person search,2026-07-06T11:20:00+00:00,,,50.912292,-1.409780,Male,25-34,White - Any other White background,White,Misuse of Drugs Act 1971 (section 23),,Arrest,True,False
Person search,2026-07-06T11:30:00+00:00,,,50.905845,-1.394032,Female,over 34,Other ethnic group - Not stated,White,Police and Criminal Evidence Act 1984 (section 1),,A no further action disposal,True,False
Person search,2026-07-06T12:04:00+00:00,,,50.910779,-1.400340,Male,18-24,Black/African/Caribbean/Black British - African,Black,Misuse of Drugs Act 1971 (section 23),,A no further action disposal,False,False
Person search,2026-07-06T12:17:00+00:00,,,50.904492,-1.396610,Female,25-34,Other ethnic group - Not stated,White,Police and Criminal Evidence Act 1984 (section 1),,Arrest,True,False
Person search,2026-07-06T12:20:00+00:00,,,51.143157,-0.988753,Male,18-24,White - English/Welsh/Scottish/Northern Irish/British,White,Misuse of Drugs Act 1971 (section 23),,Community resolution,True,False
Person search,2026-07-06T12:45:00+00:00,,,51.103378,-0.838149,Male,18-24,White - English/Welsh/Scottish/Northern Irish/British,White,Misuse of Drugs Act 1971 (section 23),,A no further action disposal,False,False
Person search,2026-07-06T14:10:00+00:00,,,50.847669,-1.065169,Male,over 34,White - Any other White background,Black,Misuse of Drugs Act 1971 (section 23),,Arrest,True,False
Person search,2026-07-06T15:00:00+00:00,,,,,Male,10-17,Other ethnic group - Not stated,Black,Misuse of Drugs Act 1971 (section 23),,A no further action disposal,False,False
Person search,2026-07-06T15:12:00+00:00,,,51.121516,-0.861056,Male,25-34,Other ethnic group - Not stated,Asian,Misuse of Drugs Act 1971 (section 23),,Community resolution,True,False
Person search,2026-07-06T15:23:00+00:00,,,50.906205,-1.408107,Male,25-34,White - English/Welsh/Scottish/Northern Irish/British,White,Police and Criminal Evidence Act 1984 (section 1),,Arrest,True,False
Person search,2026-07-06T16:20:00+00:00,,,,,Male,18-24,Other ethnic group - Not stated,Asian,Misuse of Drugs Act 1971 (section 23),,Community resolution,True,False
Person search,2026-07-06T17:10:00+00:00,,,51.117296,-0.847915,Male,over 34,Mixed/Multiple ethnic groups - Any other Mixed/Multiple ethnic background,Asian,Misuse of Drugs Act 1971 (section 23),,A no further action disposal,False,False
Person search,2026-07-06T17:35:00+00:00,,,50.789328,-1.082647,Male,18-24,White - English/Welsh/Scottish/Northern Irish/British,White,Misuse of Drugs Act 1971 (section 23),,Arrest,True,True
Person search,2026-07-06T17:45:00+00:00,,,50.909351,-1.386903,Male,over 34,Other ethnic group - Not stated,Asian,Police and Criminal Evidence Act 1984 (section 1),,Summons / charged by post,True,False
Person search,2026-07-06T19:08:00+00:00,,,50.912368,-1.344646,Male,25-34,White - English/Welsh/Scottish/Northern Irish/British,White,Misuse of Drugs Act 1971 (section 23),,Arrest,False,False
Person search,2026-07-06T20:05:00+00:00,,,51.188590,-1.411619,Male,18-24,White - Any other White background,White,Misuse of Drugs Act 1971 (section 23),,A no further action disposal,False,False
Person search,2026-07-06T20:18:00+00:00,,,50.964473,-1.364776,Male,18-24,White - English/Welsh/Scottish/Northern Irish/British,White,Misuse of Drugs Act 1971 (section 23),,Community resolution,True,False
Person search,2026-07-06T20:24:00+00:00,,,50.964473,-1.364776,Male,18-24,White - English/Welsh/Scottish/Northern Irish/British,White,Misuse of Drugs Act 1971 (section 23),,A no further action disposal,False,False
Person search,2026-07-06T22:05:00+00:00,,,50.915075,-1.393059,Male,18-24,White - English/Welsh/Scottish/Northern Irish/British,White,Police and Criminal Evidence Act 1984 (section 1),,Community resolution,False,False
Person search,2026-07-06T22:05:00+00:00,,,50.893347,-1.531174,Male,18-24,White - English/Welsh/Scottish/Northern Irish/British,White,Police and Criminal Evidence Act 1984 (section 1),,A no further action disposal,True,False
Person search,2026-07-06T22:15:00+00:00,,,,,Female,over 34,Other ethnic group - Not stated,White,Misuse of Drugs Act 1971 (section 23),,Community resolution,True,False
Person search,2026-07-06T22:30:00+00:00,,,,,Female,18-24,White - English/Welsh/Scottish/Northern Irish/British,White,Misuse of Drugs Act 1971 (section 23),,Community resolution,True,False
Person search,2026-07-06T23:10:00+00:00,,,50.798586,-1.106334,Male,over 34,Other ethnic group - Not stated,White,Police and Criminal Evidence Act 1984 (section 1),,Arrest,True,False
Person search,2026-07-07T00:30:00+00:00,,,,,Female,25-34,White - English/Welsh/Scottish/Northern Irish/British,White,Police and Criminal Evidence Act 1984 (section 1),,A no further action disposal,False,False
Person search,2026-07-07T00:30:00+00:00,,,50.917340,-1.456774,Female,18-24,White - English/Welsh/Scottish/Northern Irish/British,White,Police and Criminal Evidence Act 1984 (section 1),,A no further action disposal,True,False
Person search,2026-07-07T02:01:00+00:00,,,,,Male,10-17,White - English/Welsh/Scottish/Northern Irish/British,White,Police and Criminal Evidence Act 1984 (section 1),,A no further action disposal,False,False
Person search,2026-07-07T02:10:00+00:00,,,50.803008,-1.084068,Male,18-24,White - English/Welsh/Scottish/Northern Irish/British,White,Police and Criminal Evidence Act 1984 (section 1),,Arrest,True,False
Person search,2026-07-07T02:10:00+00:00,,,50.803008,-1.084068,Male,18-24,Other ethnic group - Not stated,White,Police and Criminal Evidence Act 1984 (section 1),,Arrest,True,False
Person search,2026-07-07T09:40:00+00:00,,,50.907552,-1.006353,Male,25-34,White - Any other White background,White,Misuse of Drugs Act 1971 (section 23),,Arrest,True,False
Person search,2026-07-07T10:20:00+00:00,,,50.904492,-1.396610,Male,over 34,Other ethnic group - Any other ethnic group,Asian,Police and Criminal Evidence Act 1984 (section 1),,Arrest,False,False
Person search,2026-07-07T10:20:00+00:00,,,50.904492,-1.396610,Male,18-24,Other ethnic group - Not stated,Other,Misuse of Drugs Act 1971 (section 23),,A no further action disposal,False,False
Person search,2026-07-07T12:45:00+00:00,,,50.811679,-1.083147,Male,over 34,White - English/Welsh/Scottish/Northern Irish/British,White,Misuse of Drugs Act 1971 (section 23),,Summons / charged by post,True,False
Person search,2026-07-07T14:50:00+00:00,,,50.975169,-1.357223,Male,18-24,White - English/Welsh/Scottish/Northern Irish/British,White,Misuse of Drugs Act 1971 (section 23),,A no further action disposal,False,False
Person search,2026-07-07T15:02:00+00:00,,,50.975169,-1.357223,Male,over 34,White - English/Welsh/Scottish/Northern Irish/British,White,Misuse of Drugs Act 1971 (section 23),,Community resolution,True,False
Person search,2026-07-07T15:25:00+00:00,,,50.926695,-1.389820,Male,25-34,Asian/Asian British - Indian,Asian,Police and Criminal Evidence Act 1984 (section 1),,Arrest,False,False
Person search,2026-07-07T15:45:00+00:00,,,,,Male,18-24,White - English/Welsh/Scottish/Northern Irish/British,White,Misuse of Drugs Act 1971 (section 23),,A no further action disposal,False,False
Person search,2026-07-07T15:53:00+00:00,,,,,Male,10-17,White - English/Welsh/Scottish/Northern Irish/British,White,Misuse of Drugs Act 1971 (section 23),,A no further action disposal,False,False
Person search,2026-07-07T16:00:00+00:00,,,50.806647,-1.064369,Male,25-34,White - Any other White background,White,Misuse of Drugs Act 1971 (section 23),,Arrest,True,False
Person search,2026-07-07T16:00:00+00:00,,,50.908512,-1.393258,Male,18-24,Asian/Asian British - Any other Asian background,Asian,Misuse of Drugs Act 1971 (section 23),,A no further action disposal,False,False
Person search,2026-07-07T16:15:00+00:00,,,,,Male,25-34,Other ethnic group - Not stated,White,Police and Criminal Evidence Act 1984 (section 1),,Arrest,True,False
Person search,2026-07-07T17:02:00+00:00,,,51.256710,-1.132119,Male,over 34,White - English/Welsh/Scottish/Northern Irish/British,White,Misuse of Drugs Act 1971 (section 23),,Arrest,False,False
Person search,2026-07-07T17:15:00+00:00,,,51.245505,-1.135725,Male,25-34,White - Any other White background,White,Misuse of Drugs Act 1971 (section 23),,Arrest,True,False
Person search,2026-07-07T17:30:00+00:00,,,50.790846,-1.091627,Male,18-24,Other ethnic group - Not stated,Black,Misuse of Drugs Act 1971 (section 23),,A no further action disposal,False,False
Person search,2026-07-07T17:30:00+00:00,,,,,Female,10-17,White - English/Welsh/Scottish/Northern Irish/British,White,Police and Criminal Evidence Act 1984 (section 1),,A no further action disposal,True,False
Person search,2026-07-07T17:31:00+00:00,,,,,Male,10-17,White - English/Welsh/Scottish/Northern Irish/British,White,Police and Criminal Evidence Act 1984 (section 1),,A no further action disposal,False,False
Person search,2026-07-07T17:55:00+00:00,,,50.844757,-1.066491,Male,25-34,White - English/Welsh/Scottish/Northern Irish/British,White,Misuse of Drugs Act 1971 (section 23),,A no further action disposal,False,False
Person search,2026-07-07T18:24:00+00:00,,,51.250490,-0.768362,Male,18-24,Other ethnic group - Not stated,Black,Police and Criminal Evidence Act 1984 (section 1),,A no further action disposal,False,False
Person search,2026-07-07T18:30:00+00:00,,,,,Male,18-24,Mixed/Multiple ethnic groups - White and Black Caribbean,Black,Misuse of Drugs Act 1971 (section 23),,Arrest,False,True
Person search,2026-07-07T18:30:00+00:00,,,51.235505,-1.139264,Male,over 34,White - Any other White background,White,Misuse of Drugs Act 1971 (section 23),,Arrest,True,False
Person search,2026-07-07T19:30:00+00:00,,,50.963186,-1.301469,Female,10-17,White - English/Welsh/Scottish/Northern Irish/British,White,Misuse of Drugs Act 1971 (section 23),,Community resolution,True,False
Person search,2026-07-07T19:30:00+00:00,,,50.966048,-1.301839,Male,18-24,Other ethnic group - Not stated,Black,Misuse of Drugs Act 1971 (section 23),,A no further action disposal,True,False
Person search,2026-07-07T19:35:00+00:00,,,,,Male,18-24,White - English/Welsh/Scottish/Northern Irish/British,White,Misuse of Drugs Act 1971 (section 23),,A no further action disposal,True,False
Person search,2026-07-07T20:00:00+00:00,,,50.915075,-1.393059,Male,over 34,White - Any other White background,White,Misuse of Drugs Act 1971 (section 23),,A no further action disposal,False,False
Person search,2026-07-07T20:15:00+00:00,,,51.263075,-1.119960,Male,25-34,White - Any other White background,White,Misuse of Drugs Act 1971 (section 23),,Community resolution,True,False
Person search,2026-07-07T20:30:00+00:00,,,51.207455,-1.496744,Male,25-34,White - Any other White background,White,Misuse of Drugs Act 1971 (section 23),,Arrest,False,False
Person search,2026-07-07T21:10:00+00:00,,,50.972532,-1.339043,Male,10-17,White - English/Welsh/Scottish/Northern Irish/British,White,Police and Criminal Evidence Act 1984 (section 1),,Community resolution,False,False
Person search,2026-07-07T21:30:00+00:00,,,51.147551,-0.978077,Male,18-24,White - English/Welsh/Scottish/Northern Irish/British,White,Misuse of Drugs Act 1971 (section 23),,Arrest,True,False
Person search,2026-07-07T21:30:00+00:00,,,50.972532,-1.339043,Male,10-17,White - English/Welsh/Scottish/Northern Irish/British,White,Police and Criminal Evidence Act 1984 (section 1),,Community resolution,False,False
Person search,2026-07-07T22:06:00+00:00,,,,,Male,25-34,White - Any other White background,White,Misuse of Drugs Act 1971 (section 23),,Arrest,True,False
Person search,2026-07-07T22:26:00+00:00,,,51.236075,-1.306327,Female,25-34,White - English/Welsh/Scottish/Northern Irish/British,White,Misuse of Drugs Act 1971 (section 23),,A no further action disposal,False,False
Person search,2026-07-07T22:39:00+00:00,,,50.867973,-0.984230,Male,18-24,Other ethnic group - Not stated,Asian,Police and Criminal Evidence Act 1984 (section 1),,A no further action disposal,False,False
Person search,2026-07-08T00:00:00+00:00,,,50.895180,-1.448373,Female,18-24,Other ethnic group - Not stated,White,Police and Criminal Evidence Act 1984 (section 1),,A no further action disposal,True,False
Person search,2026-07-08T00:29:00+00:00,,,50.913974,-1.344012,Male,over 34,White - English/Welsh/Scottish/Northern Irish/British,White,Police and Criminal Evidence Act 1984 (section 1),,A no further action disposal,False,False
Person search,2026-07-08T00:30:00+00:00,,,50.913974,-1.344012,Female,over 34,White - English/Welsh/Scottish/Northern Irish/British,White,Police and Criminal Evidence Act 1984 (section 1),,A no further action disposal,False,False
Person search,2026-07-08T02:46:00+00:00,,,51.216087,-1.500816,Female,10-17,White - English/Welsh/Scottish/Northern Irish/British,White,Police and Criminal Evidence Act 1984 (section 1),,A no further action disposal,True,False
Person search,2026-07-08T03:20:00+00:00,,,50.786646,-1.070982,Male,over 34,White - English/Welsh/Scottish/Northern Irish/British,White,Police and Criminal Evidence Act 1984 (section 1),,Arrest,True,False
Person search,2026-07-08T09:10:00+00:00,,,50.904154,-1.406256,Female,10-17,White - English/Welsh/Scottish/Northern Irish/British,White,Police and Criminal Evidence Act 1984 (section 1),,A no further action disposal,True,False
Person search,2026-07-08T10:31:00+00:00,,,50.994092,-1.389621,Male,over 34,White - English/Welsh/Scottish/Northern Irish/British,White,Misuse of Drugs Act 1971 (section 23),,A no further action disposal,False,False
Person search,2026-07-08T10:40:00+00:00,,,,,Male,25-34,White - Any other White background,White,Misuse of Drugs Act 1971 (section 23),,A no further action disposal,False,False
Person search,2026-07-08T10:50:00+00:00,,,50.888677,-1.259634,Male,10-17,White - English/Welsh/Scottish/Northern Irish/British,White,Misuse of Drugs Act 1971 (section 23),,Community resolution,True,False
Person search,2026-07-08T12:30:00+00:00,,,50.908544,-1.395917,Male,25-34,White - English/Welsh/Scottish/Northern Irish/British,White,Misuse of Drugs Act 1971 (section 23),,A no further action disposal,False,False
Person search,2026-07-08T14:19:00+00:00,,,50.875807,-1.279466,Male,10-17,White - English/Welsh/Scottish/Northern Irish/British,White,Misuse of Drugs Act 1971 (section 23),,A no further action disposal,False,False
Person search,2026-07-08T14:24:00+00:00,,,50.901316,-1.403420,Male,over 34,White - English/Welsh/Scottish/Northern Irish/British,White,Police and Criminal Evidence Act 1984 (section 1),,A no further action disposal,True,False
Person search,2026-07-08T14:51:00+00:00,,,50.783936,-1.088853,Female,over 34,White - English/Welsh/Scottish/Northern Irish/British,White,Misuse of Drugs Act 1971 (section 23),,A no further action disposal,False,False
Person search,2026-07-08T17:00:00+00:00,,,50.866941,-0.977260,Male,18-24,White - Any other White background,White,Misuse of Drugs Act 1971 (section 23),,Arrest,True,False
Person search,2026-07-08T17:25:00+00:00,,,50.907750,-1.400170,Male,over 34,White - English/Welsh/Scottish/Northern Irish/British,White,Misuse of Drugs Act 1971 (section 23),,A no further action disposal,True,False
Person search,2026-07-08T17:54:00+00:00,,,50.915433,-1.529046,Female,10-17,White - English/Welsh/Scottish/Northern Irish/British,White,Police and Criminal Evidence Act 1984 (section 1),,A no further action disposal,False,False
Person search,2026-07-08T18:17:00+00:00,,,50.905562,-1.398416,Male,18-24,Black/African/Caribbean/Black British - African,Black,Misuse of Drugs Act 1971 (section 23),,A no further action disposal,False,False
Person search,2026-07-08T19:00:00+00:00,,,50.844016,-1.047089,Male,10-17,White - English/Welsh/Scottish/Northern Irish/British,Other,Misuse of Drugs Act 1971 (section 23),,A no further action disposal,False,False
Person search,2026-07-08T19:37:00+00:00,,,50.872979,-0.967421,Male,18-24,White - English/Welsh/Scottish/Northern Irish/British,White,Misuse of Drugs Act 1971 (section 23),,A no further action disposal,True,False
Person search,2026-07-08T19:39:00+00:00,,,,,Male,25-34,White - English/Welsh/Scottish/Northern Irish/British,White,Misuse of Drugs Act 1971 (section 23),,Summons / charged by post,False,False
Person search,2026-07-08T19:40:00+00:00,,,50.834843,-1.070409,Female,25-34,White - English/Welsh/Scottish/Northern Irish/British,White,Misuse of Drugs Act 1971 (section 23),,A no further action disposal,False,False
Person search,2026-07-08T22:00:00+00:00,,,51.120389,-0.876501,Male,25-34,Black/African/Caribbean/Black British - African,White,Misuse of Drugs Act 1971 (section 23),,A no further action disposal,False,False
Person search,2026-07-08T22:15:00+00:00,,,50.912203,-1.406339,Male,25-34,White - Any other White background,White,Misuse of Drugs Act 1971 (section 23),,Arrest,False,False
Person search,2026-07-08T22:43:00+00:00,,,50.864271,-1.003351,Male,over 34,White - English/Welsh/Scottish/Northern Irish/British,White,Misuse of Drugs Act 1971 (section 23),,Community resolution,True,False
Person search,2026-07-08T22:44:00+00:00,,,50.864271,-1.003351,Female,over 34,White - English/Welsh/Scottish/Northern Irish/British,White,Misuse of Drugs Act 1971 (section 23),,A no further action disposal,True,False
Person search,2026-07-09T07:20:00+00:00,,,,,Male,over 34,White - English/Welsh/Scottish/Northern Irish/British,White,Police and Criminal Evidence Act 1984 (section 1),,Arrest,False,False
Person search,2026-07-09T09:30:00+00:00,,,50.904775,-1.408097,Male,25-34,Other ethnic group - Not stated,White,Misuse of Drugs Act 1971 (section 23),,Arrest,False,False
Person search,2026-07-09T09:32:00+00:00,,,50.808195,-1.152773,Male,over 34,White - English/Welsh/Scottish/Northern Irish/British,White,Police and Criminal Evidence Act 1984 (section 1),,A no further action disposal,False,False
Person search,2026-07-09T09:36:00+00:00,,,50.904775,-1.408097,Male,over 34,White - English/Welsh/Scottish/Northern Irish/British,White,Misuse of Drugs Act 1971 (section 23),,Arrest,False,True
Person search,2026-07-09T09:40:00+00:00,,,50.907231,-1.417140,Male,25-34,Other ethnic group - Not stated,Other,Misuse of Drugs Act 1971 (section 23),,Arrest,False,False
Person search,2026-07-09T09:51:00+00:00,,,50.743206,-1.673451,Male,25-34,White - English/Welsh/Scottish/Northern Irish/British,White,Misuse of Drugs Act 1971 (section 23),,Arrest,True,False
Person search,2026-07-09T09:51:00+00:00,,,50.743206,-1.673451,Female,over 34,Other ethnic group - Not stated,Other,Misuse of Drugs Act 1971 (section 23),,A no further action disposal,False,False
Person search,2026-07-09T11:30:00+00:00,,,50.805772,-1.138284,Female,25-34,White - English/Welsh/Scottish/Northern Irish/British,White,Police and Criminal Evidence Act 1984 (section 1),,A no further action disposal,False,False
Person search,2026-07-09T12:00:00+00:00,,,51.023576,-1.314635,Male,over 34,White - English/Welsh/Scottish/Northern Irish/British,White,Misuse of Drugs Act 1971 (section 23),,A no further action disposal,False,False
Person search,2026-07-09T12:10:00+00:00,,,50.792545,-1.053088,Male,18-24,White - Any other White background,White,Misuse of Drugs Act 1971 (section 23),,Arrest,True,False
Person search,2026-07-09T12:24:00+00:00,,,51.023576,-1.314635,Male,over 34,Other ethnic group - Not stated,White,Misuse of Drugs Act 1971 (section 23),,Community resolution,True,False
Person search,2026-07-09T12:29:00+00:00,,,,,Female,over 34,White - Any other White background,White,Misuse of Drugs Act 1971 (section 23),,A no further action disposal,False,True
Person search,2026-07-09T13:30:00+00:00,,,50.633174,-1.171349,Male,25-34,White - English/Welsh/Scottish/Northern Irish/British,White,Misuse of Drugs Act 1971 (section 23),,Community resolution,True,False
Person search,2026-07-09T13:55:00+00:00,,,50.904616,-1.405155,Female,25-34,White - English/Welsh/Scottish/Northern Irish/British,White,Misuse of Drugs Act 1971 (section 23),,A no further action disposal,False,False
Person search,2026-07-09T14:08:00+00:00,,,50.915134,-1.339231,Male,10-17,White - English/Welsh/Scottish/Northern Irish/British,White,Misuse of Drugs Act 1971 (section 23),,Community resolution,True,False
Person search,2026-07-09T14:20:00+00:00,,,50.915134,-1.339231,Male,10-17,White - English/Welsh/Scottish/Northern Irish/British,White,Misuse of Drugs Act 1971 (section 23),,A no further action disposal,False,False
Person search,2026-07-09T15:00:00+00:00,,,50.700853,-1.292600,Male,over 34,White - English/Welsh/Scottish/Northern Irish/British,White,Misuse of Drugs Act 1971 (section 23),,Summons / charged by post,True,False
Person search,2026-07-09T15:30:00+00:00,,,50.917014,-1.360414,Male,10-17,White - English/Welsh/Scottish/Northern Irish/British,White,Police and Criminal Evidence Act 1984 (section 1),,A no further action disposal,False,False
Person search,2026-07-09T15:30:00+00:00,,,50.917014,-1.360414,Male,over 34,Mixed/Multiple ethnic groups - White and Black Caribbean,Black,Police and Criminal Evidence Act 1984 (section 1),,Arrest,False,False
Person search,2026-07-09T17:24:00+00:00,,,51.279741,-1.077174,Male,25-34,White - English/Welsh/Scottish/Northern Irish/British,White,Police and Criminal Evidence Act 1984 (section 1),,A no further action disposal,False,False
Person search,2026-07-09T17:40:00+00:00,,,50.969965,-1.355790,Male,10-17,White - English/Welsh/Scottish/Northern Irish/British,White,Police and Criminal Evidence Act 1984 (section 1),,A no further action disposal,True,False
Person search,2026-07-09T17:48:00+00:00,,,50.783399,-1.132823,Male,25-34,Other ethnic group - Any other ethnic group,Black,Misuse of Drugs Act 1971 (section 23),,A no further action disposal,False,False
Person search,2026-07-09T17:50:00+00:00,,,50.963186,-1.301469,Male,10-17,White - English/Welsh/Scottish/Northern Irish/British,White,Police and Criminal Evidence Act 1984 (section 1),,A no further action disposal,False,False
Person search,2026-07-09T18:00:00+00:00,,,50.793007,-1.133355,Male,25-34,White - English/Welsh/Scottish/Northern Irish/British,White,Misuse of Drugs Act 1971 (section 23),,Arrest,False,False
Person search,2026-07-09T18:00:00+00:00,,,50.783399,-1.132823,Male,18-24,White - English/Welsh/Scottish/Northern Irish/British,White,Misuse of Drugs Act 1971 (section 23),,A no further action disposal,False,False
Person search,2026-07-09T18:06:00+00:00,,,50.793007,-1.133355,Female,25-34,White - English/Welsh/Scottish/Northern Irish/British,White,Misuse of Drugs Act 1971 (section 23),,A no further action disposal,False,False
Person search,2026-07-09T18:10:00+00:00,,,50.793007,-1.133355,Male,25-34,White - English/Welsh/Scottish/Northern Irish/British,White,Misuse of Drugs Act 1971 (section 23),,Arrest,False,False
Person search,2026-07-09T18:11:00+00:00,,,50.793007,-1.133355,Female,25-34,White - English/Welsh/Scottish/Northern Irish/British,White,Misuse of Drugs Act 1971 (section 23),,A no further action disposal,False,False
Person search,2026-07-09T18:49:00+00:00,,,50.915439,-1.278385,Male,over 34,White - English/Welsh/Scottish/Northern Irish/British,White,Police and Criminal Evidence Act 1984 (section 1),,A no further action disposal,False,False
Person search,2026-07-09T19:25:00+00:00,,,50.857014,-1.213934,Male,18-24,White - English/Welsh/Scottish/Northern Irish/British,White,Misuse of Drugs Act 1971 (section 23),,Summons / charged by post,True,False
Person search,2026-07-09T19:25:00+00:00,,,50.857014,-1.213934,Female,18-24,Other ethnic group - Not stated,Other,Misuse of Drugs Act 1971 (section 23),,A no further action disposal,False,False
Person search,2026-07-09T19:25:00+00:00,,,50.857014,-1.213934,Male,over 34,Other ethnic group - Not stated,Other,Misuse of Drugs Act 1971 (section 23),,A no further action disposal,False,False
Person search,2026-07-09T19:38:00+00:00,,,50.807654,-1.077917,Male,25-34,White - English/Welsh/Scottish/Northern Irish/British,White,Misuse of Drugs Act 1971 (section 23),,Arrest,False,False
Person search,2026-07-09T19:55:00+00:00,,,51.276525,-0.750748,Male,18-24,Other ethnic group - Any other ethnic group,White,Misuse of Drugs Act 1971 (section 23),,A no further action disposal,False,False
Person search,2026-07-09T20:05:00+00:00,,,50.941119,-1.447759,Male,10-17,Other ethnic group - Not stated,White,Misuse of Drugs Act 1971 (section 23),,A no further action disposal,False,False
Person search,2026-07-09T20:10:00+00:00,,,50.796927,-1.104648,Male,25-34,White - Any other White background,White,Misuse of Drugs Act 1971 (section 23),,Arrest,True,False
Person search,2026-07-09T20:10:00+00:00,,,50.796927,-1.104648,Male,25-34,White - English/Welsh/Scottish/Northern Irish/British,White,Misuse of Drugs Act 1971 (section 23),,Arrest,True,False
Person search,2026-07-09T20:10:00+00:00,,,50.976945,-1.356415,Male,25-34,White - Any other White background,White,Misuse of Drugs Act 1971 (section 23),,Summons / charged by post,False,False
Person search,2026-07-09T20:20:00+00:00,,,50.796927,-1.104648,Female,over 34,White - English/Welsh/Scottish/Northern Irish/British,White,Misuse of Drugs Act 1971 (section 23),,A no further action disposal,False,False
Person search,2026-07-09T23:03:00+00:00,,,50.911232,-1.383749,Male,10-17,Other ethnic group - Not stated,White,Misuse of Drugs Act 1971 (section 23),,Community resolution,True,False
Person search,2026-07-09T23:04:00+00:00,,,50.892874,-1.029699,Male,over 34,White - English/Welsh/Scottish/Northern Irish/British,White,Misuse of Drugs Act 1971 (section 23),,A no further action disposal,True,False
Person search,2026-07-09T23:58:00+00:00,,,50.911310,-1.386593,Male,10-17,White - English/Welsh/Scottish/Northern Irish/British,White,Police and Criminal Evidence Act 1984 (section 1),,A no further action disposal,False,False
Person search,2026-07-10T00:04:00+00:00,,,50.914078,-1.400141,Male,10-17,White - English/Welsh/Scottish/Northern Irish/British,White,Police and Criminal Evidence Act 1984 (section 1),,A no further action disposal,False,False
Person search,2026-07-10T00:39:00+00:00,,,50.911310,-1.386593,Male,10-17,White - English/Welsh/Scottish/Northern Irish/British,White,Misuse of Drugs Act 1971 (section 23),,A no further action disposal,False,False
Person search,2026-07-10T00:39:00+00:00,,,50.911310,-1.386593,Male,10-17,Other ethnic group - Not stated,Other,Misuse of Drugs Act 1971 (section 23),,A no further action disposal,False,False
Person search,2026-07-10T00:58:00+00:00,,,50.914078,-1.400141,Female,18-24,Other ethnic group - Not stated,Black,Police and Criminal Evidence Act 1984 (section 1),,A no further action disposal,False,False
Person search,2026-07-10T01:50:00+00:00,,,51.170870,-1.339889,Male,25-34,Black/African/Caribbean/Black British - African,Black,Misuse of Drugs Act 1971 (section 23),,Arrest,False,False
Person search,2026-07-10T02:25:00+00:00,,,51.170870,-1.339889,Male,25-34,Black/African/Caribbean/Black British - African,Black,Misuse of Drugs Act 1971 (section 23),,A no further action disposal,False,False
Person search,2026-07-10T02:30:00+00:00,,,51.170870,-1.339889,Male,25-34,Mixed/Multiple ethnic groups - White and Black Caribbean,Black,Misuse of Drugs Act 1971 (section 23),,Summons / charged by post,False,False
Person search,2026-07-10T09:29:00+00:00,,,,,Male,over 34,White - English/Welsh/Scottish/Northern Irish/British,White,Misuse of Drugs Act 1971 (section 23),,A no further action disposal,False,False
Person search,2026-07-10T09:45:00+00:00,,,50.983585,-1.383718,Male,over 34,White - English/Welsh/Scottish/Northern Irish/British,White,Police and Criminal Evidence Act 1984 (section 1),,A no further action disposal,False,False
Person search,2026-07-10T09:50:00+00:00,,,51.068326,-1.297234,Male,over 34,White - Any other White background,White,Misuse of Drugs Act 1971 (section 23),,Arrest,True,False
Person search,2026-07-10T09:55:00+00:00,,,50.908512,-1.393258,Male,25-34,Other ethnic group - Not stated,Asian,Misuse of Drugs Act 1971 (section 23),,A no further action disposal,False,False
Person search,2026-07-10T10:00:00+00:00,,,50.908512,-1.393258,Male,10-17,Other ethnic group - Not stated,Other,Misuse of Drugs Act 1971 (section 23),,A no further action disposal,False,False
Person search,2026-07-10T10:12:00+00:00,,,50.985531,-1.386243,Male,over 34,White - English/Welsh/Scottish/Northern Irish/British,White,Police and Criminal Evidence Act 1984 (section 1),,A no further action disposal,False,False
Person search,2026-07-10T10:49:00+00:00,,,50.646296,-1.166380,Female,18-24,White - English/Welsh/Scottish/Northern Irish/British,White,Misuse of Drugs Act 1971 (section 23),,A no further action disposal,False,False
Person search,2026-07-10T11:51:00+00:00,,,50.908512,-1.393258,Male,18-24,Asian/Asian British - Indian,Asian,Misuse of Drugs Act 1971 (section 23),,A no further action disposal,True,True
Person search,2026-07-10T13:50:00+00:00,,,,,Male,18-24,White - English/Welsh/Scottish/Northern Irish/British,White,Police and Criminal Evidence Act 1984 (section 1),,A no further action disposal,True,False
Person search,2026-07-10T14:30:00+00:00,,,51.217900,-1.463484,Male,10-17,White - English/Welsh/Scottish/Northern Irish/British,White,Misuse of Drugs Act 1971 (section 23),,Community resolution,True,False
Person search,2026-07-10T14:30:00+00:00,,,51.218197,-1.469465,Male,10-17,White - English/Welsh/Scottish/Northern Irish/British,White,Misuse of Drugs Act 1971 (section 23),,Community resolution,True,False
Person search,2026-07-10T15:03:00+00:00,,,50.825918,-1.072219,Male,over 34,White - English/Welsh/Scottish/Northern Irish/British,White,Misuse of Drugs Act 1971 (section 23),,A no further action disposal,False,False
Person search,2026-07-10T15:39:00+00:00,,,50.706582,-1.294128,Male,over 34,White - English/Welsh/Scottish/Northern Irish/British,White,Misuse of Drugs Act 1971 (section 23),,Arrest,True,False
Person search,2026-07-10T16:00:00+00:00,,,,,Male,18-24,Mixed/Multiple ethnic groups - White and Black Caribbean,Black,Misuse of Drugs Act 1971 (section 23),,Community resolution,False,False
Person search,2026-07-10T16:10:00+00:00,,,,,Male,18-24,White - English/Welsh/Scottish/Northern Irish/British,White,Misuse of Drugs Act 1971 (section 23),,A no further action disposal,False,False
Person search,2026-07-10T16:30:00+00:00,,,51.267958,-1.092890,Male,25-34,White - English/Welsh/Scottish/Northern Irish/British,White,Police and Criminal Evidence Act 1984 (section 1),,A no further action disposal,False,False
Person search,2026-07-10T16:50:00+00:00,,,51.096340,-1.294696,Male,18-24,White - Any other White background,White,Misuse of Drugs Act 1971 (section 23),,Arrest,True,False
Person search,2026-07-10T17:10:00+00:00,,,50.808096,-1.078022,Male,over 34,White - Any other White background,White,Misuse of Drugs Act 1971 (section 23),,A no further action disposal,False,False
Person search,2026-07-10T18:40:00+00:00,,,50.911254,-1.405440,Male,over 34,White - Irish,White,Police and Criminal Evidence Act 1984 (section 1),,Arrest,True,False
Person search,2026-07-10T19:10:00+00:00,,,,,Male,25-34,Mixed/Multiple ethnic groups - White and Black Caribbean,Black,Police and Criminal Evidence Act 1984 (section 1),,A no further action disposal,False,False
Person search,2026-07-10T19:18:00+00:00,,,,,Female,10-17,Other ethnic group - Not stated,White,Police and Criminal Evidence Act 1984 (section 1),,Arrest,False,False
Person search,2026-07-10T19:28:00+00:00,,,50.843231,-1.073552,Male,over 34,White - Any other White background,White,Misuse of Drugs Act 1971 (section 23),,Arrest,True,False
Person search,2026-07-10T19:40:00+00:00,,,50.843231,-1.073552,Female,18-24,White - English/Welsh/Scottish/Northern Irish/British,White,Misuse of Drugs Act 1971 (section 23),,Arrest,True,False
Person search,2026-07-10T19:58:00+00:00,,,51.233137,-1.136387,Male,10-17,White - English/Welsh/Scottish/Northern Irish/British,White,Police and Criminal Evidence Act 1984 (section 1),,A no further action disposal,False,False
Person search,2026-07-10T21:10:00+00:00,,,,,Male,18-24,White - Irish,White,Police and Criminal Evidence Act 1984 (section 1),,Arrest,False,False
Person search,2026-07-10T21:10:00+00:00,,,,,Male,18-24,White - Irish,Asian,Police and Criminal Evidence Act 1984 (section 1),,Arrest,False,False
Person search,2026-07-10T21:15:00+00:00,,,50.908475,-1.398322,Male,over 34,White - English/Welsh/Scottish/Northern Irish/British,White,Misuse of Drugs Act 1971 (section 23),,A no further action disposal,False,False
Person search,2026-07-10T21:20:00+00:00,,,,,Female,18-24,Other ethnic group - Not stated,White,Misuse of Drugs Act 1971 (section 23),,A no further action disposal,False,False
Person search,2026-07-10T21:20:00+00:00,,,50.908475,-1.398322,Male,over 34,Black/African/Caribbean/Black British - Caribbean,White,Misuse of Drugs Act 1971 (section 23),,A no further action disposal,False,False
Person search,2026-07-10T21:20:00+00:00,,,50.908475,-1.398322,Male,over 34,Other ethnic group - Not stated,Black,Misuse of Drugs Act 1971 (section 23),,A no further action disposal,False,False
Person search,2026-07-10T21:25:00+00:00,,,,,Male,over 34,Other ethnic group - Not stated,Other,Misuse of Drugs Act 1971 (section 23),,A no further action disposal,False,False
Person search,2026-07-10T22:14:00+00:00,,,,,Male,25-34,Black/African/Caribbean/Black British - African,Black,Misuse of Drugs Act 1971 (section 23),,Arrest,False,False
Person search,2026-07-10T22:30:00+00:00,,,,,Male,18-24,White - English/Welsh/Scottish/Northern Irish/British,White,Misuse of Drugs Act 1971 (section 23),,Community resolution,True,False
Person search,2026-07-10T22:55:00+00:00,,,51.339952,-0.818870,Male,18-24,White - English/Welsh/Scottish/Northern Irish/British,White,Misuse of Drugs Act 1971 (section 23),,A no further action disposal,False,False
Person search,2026-07-10T22:55:00+00:00,,,,,Male,18-24,White - English/Welsh/Scottish/Northern Irish/British,White,Misuse of Drugs Act 1971 (section 23),,A no further action disposal,False,False
Person search,2026-07-10T23:35:00+00:00,,,50.782987,-1.089353,Male,10-17,White - English/Welsh/Scottish/Northern Irish/British,White,Police and Criminal Evidence Act 1984 (section 1),,A no further action disposal,False,False
Person search,2026-07-10T23:47:00+00:00,,,,,Male,10-17,White - English/Welsh/Scottish/Northern Irish/British,White,Police and Criminal Evidence Act 1984 (section 1),,Community resolution,False,False
Person search,2026-07-10T23:48:00+00:00,,,50.902122,-1.357035,Male,over 34,White - English/Welsh/Scottish/Northern Irish/British,White,Police and Criminal Evidence Act 1984 (section 1),,Arrest,False,False
Person search,2026-07-11T01:00:00+00:00,,,,,Female,over 34,White - English/Welsh/Scottish/Northern Irish/British,White,Misuse of Drugs Act 1971 (section 23),,Arrest,True,False
Person search,2026-07-11T01:00:00+00:00,,,50.912561,-1.404201,Male,18-24,Black/African/Caribbean/Black British - Any other Black/African/Caribbean background,Black,Misuse of Drugs Act 1971 (section 23),,A no further action disposal,False,True
Person search,2026-07-11T01:00:00+00:00,,,,,Male,over 34,White - English/Welsh/Scottish/Northern Irish/British,White,Misuse of Drugs Act 1971 (section 23),,A no further action disposal,False,False
Person search,2026-07-11T01:00:00+00:00,,,50.912561,-1.404201,Male,18-24,Black/African/Caribbean/Black British - Caribbean,Black,Misuse of Drugs Act 1971 (section 23),,A no further action disposal,False,True
Person search,2026-07-11T02:00:00+00:00,,,50.907145,-1.404810,Male,18-24,Asian/Asian British - Pakistani,Asian,Misuse of Drugs Act 1971 (section 23),,Summons / charged by post,False,False
Person search,2026-07-11T02:00:00+00:00,,,50.830014,-1.389490,Male,10-17,White - English/Welsh/Scottish/Northern Irish/British,White,Police and Criminal Evidence Act 1984 (section 1),,A no further action disposal,False,False
Person search,2026-07-11T02:13:00+00:00,,,50.850320,-1.182225,Male,25-34,Other ethnic group - Not stated,Other,Police and Criminal Evidence Act 1984 (section 1),,A no further action disposal,False,False
Person search,2026-07-11T02:13:00+00:00,,,50.850320,-1.182225,Male,25-34,Other ethnic group - Arab,Other,Police and Criminal Evidence Act 1984 (section 1),,A no further action disposal,False,False
Person search,2026-07-11T03:53:00+00:00,,,50.910901,-1.403255,Other,18-24,White - English/Welsh/Scottish/Northern Irish/British,White,Misuse of Drugs Act 1971 (section 23),,A no further action disposal,False,False
Person search,2026-07-11T10:15:00+00:00,,,50.906599,-1.397251,Male,25-34,Black/African/Caribbean/Black British - African,Black,Misuse of Drugs Act 1971 (section 23),,A no further action disposal,False,False
Person search,2026-07-11T10:25:00+00:00,,,51.276344,-1.078590,Male,25-34,White - Any other White background,White,Misuse of Drugs Act 1971 (section 23),,Arrest,True,False
Person search,2026-07-11T11:20:00+00:00,,,50.806997,-1.069841,Male,18-24,White - English/Welsh/Scottish/Northern Irish/British,White,Police and Criminal Evidence Act 1984 (section 1),,A no further action disposal,False,False
Person search,2026-07-11T11:30:00+00:00,,,50.802111,-1.067241,Male,18-24,Asian/Asian British - Bangladeshi,Asian,Police and Criminal Evidence Act 1984 (section 1),,A no further action disposal,False,False
Person search,2026-07-11T11:32:00+00:00,,,50.806997,-1.069841,Male,18-24,White - English/Welsh/Scottish/Northern Irish/British,White,Police and Criminal Evidence Act 1984 (section 1),,A no further action disposal,False,False
Person search,2026-07-11T11:45:00+00:00,,,50.806997,-1.069841,Male,18-24,Asian/Asian British - Any other Asian background,Other,Police and Criminal Evidence Act 1984 (section 1),,A no further action disposal,False,False
Person search,2026-07-11T12:33:00+00:00,,,50.795214,-1.095841,Male,over 34,White - English/Welsh/Scottish/Northern Irish/British,White,Police and Criminal Evidence Act 1984 (section 1),,A no further action disposal,False,False
Person search,2026-07-11T13:10:00+00:00,,,51.236075,-1.306327,Male,10-17,White - English/Welsh/Scottish/Northern Irish/British,White,Police and Criminal Evidence Act 1984 (section 1),,A no further action disposal,False,False
Person search,2026-07-11T13:10:00+00:00,,,51.236075,-1.306327,Male,10-17,White - English/Welsh/Scottish/Northern Irish/British,White,Police and Criminal Evidence Act 1984 (section 1),,A no further action disposal,False,False
Person search,2026-07-11T13:10:00+00:00,,,51.236075,-1.306327,Male,10-17,White - English/Welsh/Scottish/Northern Irish/British,White,Police and Criminal Evidence Act 1984 (section 1),,A no further action disposal,False,False
Person search,2026-07-11T13:50:00+00:00,,,50.793147,-1.127961,Male,25-34,White - English/Welsh/Scottish/Northern Irish/British,White,Misuse of Drugs Act 1971 (section 23),,Community resolution,True,False
Person search,2026-07-11T13:55:00+00:00,,,50.696634,-1.299856,Male,over 34,White - English/Welsh/Scottish/Northern Irish/British,White,Misuse of Drugs Act 1971 (section 23),,A no further action disposal,True,False
Person search,2026-07-11T14:30:00+00:00,,,50.988611,-1.500524,Male,18-24,White - English/Welsh/Scottish/Northern Irish/British,White,Misuse of Drugs Act 1971 (section 23),,A no further action disposal,True,False
Person search,2026-07-11T14:30:00+00:00,,,,,Male,over 34,White - English/Welsh/Scottish/Northern Irish/British,White,Misuse of Drugs Act 1971 (section 23),,Arrest,True,False
Person search,2026-07-11T17:30:00+00:00,,,50.696317,-1.300923,Male,18-24,White - English/Welsh/Scottish/Northern Irish/British,White,Misuse of Drugs Act 1971 (section 23),,A no further action disposal,False,False
Person search,2026-07-11T17:30:00+00:00,,,,,Female,18-24,White - English/Welsh/Scottish/Northern Irish/British,White,Misuse of Drugs Act 1971 (section 23),,Arrest,False,False
Person search,2026-07-11T19:00:00+00:00,,,51.244389,-0.759485,Male,25-34,Other ethnic group - Not stated,White,Misuse of Drugs Act 1971 (section 23),,Community resolution,True,True
Person search,2026-07-11T19:00:00+00:00,,,50.850577,-1.223914,Male,10-17,White - English/Welsh/Scottish/Northern Irish/British,White,Misuse of Drugs Act 1971 (section 23),,Arrest,False,False
Person search,2026-07-11T21:14:00+00:00,,,50.898975,-1.558519,Female,10-17,White - English/Welsh/Scottish/Northern Irish/British,White,Police and Criminal Evidence Act 1984 (section 1),,A no further action disposal,False,False
Person search,2026-07-11T21:20:00+00:00,,,,,Male,over 34,White - English/Welsh/Scottish/Northern Irish/British,White,Police and Criminal Evidence Act 1984 (section 1),,,False,False
Person search,2026-07-11T23:16:00+00:00,,,,,Male,18-24,White - English/Welsh/Scottish/Northern Irish/British,White,Misuse of Drugs Act 1971 (section 23),,A no further action disposal,True,False
Person search,2026-07-11T23:20:00+00:00,,,50.902736,-1.403259,Male,18-24,White - English/Welsh/Scottish/Northern Irish/British,White,Misuse of Drugs Act 1971 (section 23),,A no further action disposal,False,False
Person search,2026-07-11T23:23:00+00:00,,,50.938480,-1.367122,Male,over 34,White - English/Welsh/Scottish/Northern Irish/British,White,Misuse of Drugs Act 1971 (section 23),,Community resolution,True,False
Person search,2026-07-12T00:15:00+00:00,,,50.783148,-1.085832,Male,18-24,White - English/Welsh/Scottish/Northern Irish/British,White,Misuse of Drugs Act 1971 (section 23),,A no further action disposal,True,False
Person search,2026-07-12T01:00:00+00:00,,,,,Male,18-24,White - English/Welsh/Scottish/Northern Irish/British,White,Misuse of Drugs Act 1971 (section 23),,Community resolution,True,False
Person search,2026-07-12T01:00:00+00:00,,,51.205951,-1.479626,Male,10-17,White - English/Welsh/Scottish/Northern Irish/British,White,Misuse of Drugs Act 1971 (section 23),,Community resolution,True,False
Person search,2026-07-12T01:38:00+00:00,,,51.060896,-1.307335,Male,over 34,White - English/Welsh/Scottish/Northern Irish/British,White,Misuse of Drugs Act 1971 (section 23),,Community resolution,True,False
Person search,2026-07-12T01:50:00+00:00,,,51.061647,-1.309664,Male,18-24,Mixed/Multiple ethnic groups - White and Black Caribbean,Black,Misuse of Drugs Act 1971 (section 23),,A no further action disposal,False,False
Person search,2026-07-12T01:58:00+00:00,,,51.060896,-1.307335,Male,18-24,White - English/Welsh/Scottish/Northern Irish/British,White,Misuse of Drugs Act 1971 (section 23),,A no further action disposal,False,False
Person search,2026-07-12T02:00:00+00:00,,,,,Male,18-24,White - English/Welsh/Scottish/Northern Irish/British,White,Misuse of Drugs Act 1971 (section 23),,Community resolution,True,False
Person search,2026-07-12T02:00:00+00:00,,,51.061647,-1.309664,Male,18-24,White - English/Welsh/Scottish/Northern Irish/British,White,Misuse of Drugs Act 1971 (section 23),,Community resolution,True,False
Person search,2026-07-12T02:00:00+00:00,,,50.911254,-1.405440,Male,18-24,Other ethnic group - Not stated,White,Misuse of Drugs Act 1971 (section 23),,A no further action disposal,True,True
Person search,2026-07-12T02:20:00+00:00,,,,,Male,25-34,White - English/Welsh/Scottish/Northern Irish/British,White,Misuse of Drugs Act 1971 (section 23),,Community resolution,True,False
Person search,2026-07-12T08:28:00+00:00,,,,,Male,over 34,Black/African/Caribbean/Black British - African,Black,Misuse of Drugs Act 1971 (section 23),,A no further action disposal,False,False
Person search,2026-07-12T09:00:00+00:00,,,50.796687,-1.103858,Male,25-34,White - Irish,White,Police and Criminal Evidence Act 1984 (section 1),,A no further action disposal,False,False
Person search,2026-07-12T09:14:00+00:00,,,50.907145,-1.404810,Male,18-24,Black/African/Caribbean/Black British - Caribbean,Black,Misuse of Drugs Act 1971 (section 23),,A no further action disposal,False,False
Person search,2026-07-12T09:15:00+00:00,,,,,Male,10-17,Black/African/Caribbean/Black British - African,Black,Misuse of Drugs Act 1971 (section 23),,A no further action disposal,False,False
Person search,2026-07-12T09:20:00+00:00,,,,,Male,18-24,Black/African/Caribbean/Black British - African,Black,Misuse of Drugs Act 1971 (section 23),,A no further action disposal,False,False
Person search,2026-07-12T09:35:00+00:00,,,,,Female,over 34,White - English/Welsh/Scottish/Northern Irish/British,White,Misuse of Drugs Act 1971 (section 23),,A no further action disposal,False,False
Person search,2026-07-12T09:40:00+00:00,,,50.964054,-1.388961,Other,18-24,White - English/Welsh/Scottish/Northern Irish/British,White,Police and Criminal Evidence Act 1984 (section 1),,A no further action disposal,False,False
Person search,2026-07-12T10:10:00+00:00,,,50.702592,-1.297587,Male,25-34,Other ethnic group - Any other ethnic group,Black,Police and Criminal Evidence Act 1984 (section 1),,Arrest,False,False
Person search,2026-07-12T10:11:00+00:00,,,50.911402,-1.390390,Male,over 34,White - English/Welsh/Scottish/Northern Irish/British,White,Misuse of Drugs Act 1971 (section 23),,A no further action disposal,False,False
Person search,2026-07-12T10:50:00+00:00,,,50.814853,-1.043893,Male,over 34,Other ethnic group - Not stated,Other,Misuse of Drugs Act 1971 (section 23),,A no further action disposal,False,False
Person search,2026-07-12T12:40:00+00:00,,,50.865109,-1.000002,Female,25-34,White - English/Welsh/Scottish/Northern Irish/British,White,Misuse of Drugs Act 1971 (section 23),,A no further action disposal,True,False
Person search,2026-07-12T13:05:00+00:00,,,50.855612,-1.050945,Male,over 34,Asian/Asian British - Bangladeshi,Asian,Misuse of Drugs Act 1971 (section 23),,A no further action disposal,False,False
Person search,2026-07-12T13:05:00+00:00,,,50.855612,-1.050945,Male,over 34,White - English/Welsh/Scottish/Northern Irish/British,White,Misuse of Drugs Act 1971 (section 23),,A no further action disposal,False,False
Person search,2026-07-12T13:30:00+00:00,,,50.723978,-1.171704,Male,10-17,White - English/Welsh/Scottish/Northern Irish/British,White,Misuse of Drugs Act 1971 (section 23),,A no further action disposal,False,False
Person search,2026-07-12T13:30:00+00:00,,,50.723978,-1.171704,Male,10-17,White - English/Welsh/Scottish/Northern Irish/British,White,Misuse of Drugs Act 1971 (section 23),,A no further action disposal,False,False
Person search,2026-07-12T13:30:00+00:00,,,50.723978,-1.171704,Male,10-17,White - English/Welsh/Scottish/Northern Irish/British,White,Misuse of Drugs Act 1971 (section 23),,A no further action disposal,False,False
Person search,2026-07-12T15:11:00+00:00,,,,,Male,25-34,Other ethnic group - Any other ethnic group,White,Misuse of Drugs Act 1971 (section 23),,Arrest,True,False
Person search,2026-07-12T15:11:00+00:00,,,,,Male,25-34,Other ethnic group - Any other ethnic group,Other,Misuse of Drugs Act 1971 (section 23),,Arrest,True,False
Person search,2026-07-12T17:50:00+00:00,,,50.804906,-1.087494,Male,over 34,White - English/Welsh/Scottish/Northern Irish/British,White,Misuse of Drugs Act 1971 (section 23),,A no further action disposal,False,False
Person search,2026-07-12T18:15:00+00:00,,,,,Male,25-34,White - English/Welsh/Scottish/Northern Irish/British,White,Police and Criminal Evidence Act 1984 (section 1),,Arrest,False,False
Person search,2026-07-12T18:35:00+00:00,,,50.795194,-1.093359,Male,18-24,Other ethnic group - Not stated,White,Misuse of Drugs Act 1971 (section 23),,A no further action disposal,False,False
Person search,2026-07-12T20:00:00+00:00,,,50.974755,-1.375389,Male,25-34,White - English/Welsh/Scottish/Northern Irish/British,White,Misuse of Drugs Act 1971 (section 23),,Arrest,True,False
Person search,2026-07-12T20:10:00+00:00,,,50.654583,-1.162018,Female,over 34,White - English/Welsh/Scottish/Northern Irish/British,White,Police and Criminal Evidence Act 1984 (section 1),,A no further action disposal,False,False
Person search,2026-07-12T20:20:00+00:00,,,50.974755,-1.375389,Male,25-34,White - English/Welsh/Scottish/Northern Irish/British,White,Misuse of Drugs Act 1971 (section 23),,Arrest,True,False
Person search,2026-07-12T20:20:00+00:00,,,50.974755,-1.375389,Male,18-24,White - English/Welsh/Scottish/Northern Irish/British,White,Misuse of Drugs Act 1971 (section 23),,Arrest,False,False
Person search,2026-07-12T23:08:00+00:00,,,50.974960,-1.386895,Male,18-24,White - English/Welsh/Scottish/Northern Irish/British,White,Misuse of Drugs Act 1971 (section 23),,Arrest,False,False
Person search,2026-07-12T23:45:00+00:00,,,50.888408,-1.456087,Male,over 34,White - English/Welsh/Scottish/Northern Irish/British,White,Police and Criminal Evidence Act 1984 (section 1),,A no further action disposal,False,False
Person search,2026-07-13T00:31:00+00:00,,,,,Male,25-34,Other ethnic group - Not stated,Asian,Misuse of Drugs Act 1971 (section 23),,A no further action disposal,False,False
Person search,2026-07-13T02:10:00+00:00,,,50.858715,-1.462217,Male,18-24,White - English/Welsh/Scottish/Northern Irish/British,White,Misuse of Drugs Act 1971 (section 23),,Community resolution,True,False
Person search,2026-07-13T02:10:00+00:00,,,50.858715,-1.462217,Male,18-24,White - English/Welsh/Scottish/Northern Irish/British,White,Misuse of Drugs Act 1971 (section 23),,A no further action disposal,False,False
Person search,2026-07-13T08:09:00+00:00,,,50.906696,-1.396837,Male,over 34,White - English/Welsh/Scottish/Northern Irish/British,White,Misuse of Drugs Act 1971 (section 23),,A no further action disposal,False,False
Person search,2026-07-13T09:00:00+00:00,,,50.906599,-1.397251,Male,10-17,Asian/Asian British - Pakistani,Asian,Misuse of Drugs Act 1971 (section 23),,A no further action disposal,False,False
Person search,2026-07-13T10:00:00+00:00,,,50.905562,-1.398416,Female,25-34,Other ethnic group - Not stated,Black,Police and Criminal Evidence Act 1984 (section 1),,A no further action disposal,True,False
Person search,2026-07-13T10:35:00+00:00,,,50.933295,-1.421596,Male,over 34,White - Any other White background,White,Misuse of Drugs Act 1971 (section 23),,A no further action disposal,False,False
Person search,2026-07-13T10:38:00+00:00,,,50.905830,-1.396407,Male,18-24,Other ethnic group - Not stated,White,Misuse of Drugs Act 1971 (section 23),,A no further action disposal,False,False
Person search,2026-07-13T10:40:00+00:00,,,,,Male,18-24,White - Any other White background,White,Misuse of Drugs Act 1971 (section 23),,Arrest,True,False
Person search,2026-07-13T11:05:00+00:00,,,50.904423,-1.407760,Male,18-24,Asian/Asian British - Any other Asian background,Asian,Police and Criminal Evidence Act 1984 (section 1),,A no further action disposal,False,False
Person search,2026-07-13T12:00:00+00:00,,,50.912698,-1.394142,Male,over 34,White - English/Welsh/Scottish/Northern Irish/British,White,Misuse of Drugs Act 1971 (section 23),,A no further action disposal,False,False
Person search,2026-07-13T12:20:00+00:00,,,50.905830,-1.396407,Male,10-17,White - English/Welsh/Scottish/Northern Irish/British,White,Misuse of Drugs Act 1971 (section 23),,A no further action disposal,False,False
Person search,2026-07-13T12:35:00+00:00,,,50.906696,-1.396837,Male,25-34,Black/African/Caribbean/Black British - African,Black,Police and Criminal Evidence Act 1984 (section 1),,A no further action disposal,False,False
Person search,2026-07-13T12:40:00+00:00,,,50.906696,-1.396837,Male,25-34,Black/African/Caribbean/Black British - African,Black,Misuse of Drugs Act 1971 (section 23),,A no further action disposal,False,True
Person search,2026-07-13T15:07:00+00:00,,,50.697600,-1.292890,Male,18-24,White - English/Welsh/Scottish/Northern Irish/British,White,Police and Criminal Evidence Act 1984 (section 1),,Arrest,False,False
Person search,2026-07-13T15:34:00+00:00,,,,,Male,25-34,Other ethnic group - Not stated,White,Misuse of Drugs Act 1971 (section 23),,A no further action disposal,False,False
Person search,2026-07-13T15:45:00+00:00,,,50.804481,-1.140465,Female,25-34,White - English/Welsh/Scottish/Northern Irish/British,White,Police and Criminal Evidence Act 1984 (section 1),,A no further action disposal,False,False
Person search,2026-07-13T16:08:00+00:00,,,50.817905,-1.076665,Male,10-17,Black/African/Caribbean/Black British - Caribbean,Black,Police and Criminal Evidence Act 1984 (section 1),,Community resolution,False,False
Person search,2026-07-13T17:00:00+00:00,,,50.808439,-1.078172,Female,18-24,Other ethnic group - Not stated,White,Police and Criminal Evidence Act 1984 (section 1),,A no further action disposal,False,False
Person search,2026-07-13T17:04:00+00:00,,,50.808439,-1.078172,Male,10-17,White - English/Welsh/Scottish/Northern Irish/British,White,Police and Criminal Evidence Act 1984 (section 1),,A no further action disposal,False,False
Person search,2026-07-13T17:31:00+00:00,,,50.795194,-1.093359,Male,18-24,Other ethnic group - Not stated,White,Misuse of Drugs Act 1971 (section 23),,A no further action disposal,False,False
Person search,2026-07-13T19:20:00+00:00,,,50.920605,-1.405151,Male,10-17,White - English/Welsh/Scottish/Northern Irish/British,White,Police and Criminal Evidence Act 1984 (section 1),,Arrest,False,False
Person search,2026-07-13T19:20:00+00:00,,,50.926583,-1.417311,Male,10-17,White - English/Welsh/Scottish/Northern Irish/British,White,Police and Criminal Evidence Act 1984 (section 1),,Arrest,False,False
Person search,2026-07-13T19:20:00+00:00,,,50.969170,-1.352094,Male,10-17,White - English/Welsh/Scottish/Northern Irish/British,White,Police and Criminal Evidence Act 1984 (section 1),,A no further action disposal,True,False
Person search,2026-07-13T19:22:00+00:00,,,50.928648,-1.404980,Male,10-17,White - English/Welsh/Scottish/Northern Irish/British,White,Police and Criminal Evidence Act 1984 (section 1),,Arrest,False,False
Person search,2026-07-13T19:30:00+00:00,,,50.966820,-1.351585,Other,10-17,White - English/Welsh/Scottish/Northern Irish/British,White,Police and Criminal Evidence Act 1984 (section 1),,A no further action disposal,False,False
Person search,2026-07-13T19:30:00+00:00,,,50.966820,-1.351585,Male,10-17,White - English/Welsh/Scottish/Northern Irish/British,White,Police and Criminal Evidence Act 1984 (section 1),,A no further action disposal,False,False
Person search,2026-07-13T19:30:00+00:00,,,50.966820,-1.351585,Male,10-17,White - English/Welsh/Scottish/Northern Irish/British,White,Police and Criminal Evidence Act 1984 (section 1),,A no further action disposal,False,False
Person search,2026-07-13T20:33:00+00:00,,,50.698487,-1.290866,Female,over 34,White - English/Welsh/Scottish/Northern Irish/British,White,Misuse of Drugs Act 1971 (section 23),,Summons / charged by post,True,False
Person search,2026-07-13T20:49:00+00:00,,,50.699944,-1.307439,Male,25-34,Other ethnic group - Any other ethnic group,Black,Misuse of Drugs Act 1971 (section 23),,A no further action disposal,False,False
Person search,2026-07-13T20:59:00+00:00,,,51.268545,-1.087432,Male,over 34,White - English/Welsh/Scottish/Northern Irish/British,White,Police and Criminal Evidence Act 1984 (section 1),,A no further action disposal,False,False
Person search,2026-07-13T21:55:00+00:00,,,,,Male,25-34,White - English/Welsh/Scottish/Northern Irish/British,White,Misuse of Drugs Act 1971 (section 23),,Summons / charged by post,True,False
Person search,2026-07-13T22:45:00+00:00,,,50.812625,-1.083355,Male,over 34,White - English/Welsh/Scottish/Northern Irish/British,White,Misuse of Drugs Act 1971 (section 23),,Arrest,True,False
Person search,2026-07-13T23:28:00+00:00,,,50.796575,-1.165101,Male,over 34,White - English/Welsh/Scottish/Northern Irish/British,White,Misuse of Drugs Act 1971 (section 23),,A no further action disposal,False,False
Person search,2026-07-14T02:29:00+00:00,,,50.789328,-1.082647,Male,over 34,Black/African/Caribbean/Black British - African,Black,Misuse of Drugs Act 1971 (section 23),,A no further action disposal,False,False
Person search,2026-07-14T03:28:00+00:00,,,,,Male,25-34,White - English/Welsh/Scottish/Northern Irish/British,White,Police and Criminal Evidence Act 1984 (section 1),,Arrest,False,False
Person search,2026-07-14T03:30:00+00:00,,,50.806968,-1.076469,Male,over 34,White - English/Welsh/Scottish/Northern Irish/British,White,Police and Criminal Evidence Act 1984 (section 1),,Arrest,True,False
Person search,2026-07-14T04:52:00+00:00,,,50.849861,-1.299711,Male,over 34,White - Any other White background,White,Police and Criminal Evidence Act 1984 (section 1),,Arrest,True,False
Person search,2026-07-14T09:15:00+00:00,,,50.913508,-1.389039,Other,25-34,Asian/Asian British - Any other Asian background,Asian,Misuse of Drugs Act 1971 (section 23),,A no further action disposal,False,False
Person search,2026-07-14T09:30:00+00:00,,,,,Male,10-17,White - English/Welsh/Scottish/Northern Irish/British,White,Misuse of Drugs Act 1971 (section 23),,A no further action disposal,False,False
Person search,2026-07-14T09:30:00+00:00,,,,,Male,10-17,Asian/Asian British - Pakistani,White,Misuse of Drugs Act 1971 (section 23),,A no further action disposal,False,False
Person search,2026-07-14T10:00:00+00:00,,,51.077956,-1.310749,Male,over 34,White - English/Welsh/Scottish/Northern Irish/British,White,Misuse of Drugs Act 1971 (section 23),,A no further action disposal,False,False
Person search,2026-07-14T10:10:00+00:00,,,50.897973,-1.402026,Male,over 34,Other ethnic group - Arab,Other,Misuse of Drugs Act 1971 (section 23),,Arrest,False,False
Person search,2026-07-14T10:55:00+00:00,,,50.956958,-1.376980,Male,25-34,Mixed/Multiple ethnic groups - Any other Mixed/Multiple ethnic background,Black,Misuse of Drugs Act 1971 (section 23),,A no further action disposal,False,True
Person search,2026-07-14T10:55:00+00:00,,,50.956958,-1.376980,Female,25-34,White - English/Welsh/Scottish/Northern Irish/British,White,Misuse of Drugs Act 1971 (section 23),,A no further action disposal,False,False
Person search,2026-07-14T11:15:00+00:00,,,50.915185,-1.362971,Male,25-34,Other ethnic group - Not stated,White,Misuse of Drugs Act 1971 (section 23),,Arrest,True,False
Person search,2026-07-14T11:35:00+00:00,,,50.940990,-1.401418,Male,25-34,White - Any other White background,Asian,Police and Criminal Evidence Act 1984 (section 1),,Summons / charged by post,False,False
Person search,2026-07-14T11:35:00+00:00,,,50.940990,-1.401418,Male,25-34,White - Any other White background,White,Police and Criminal Evidence Act 1984 (section 1),,Summons / charged by post,False,False
Person search,2026-07-14T11:40:00+00:00,,,50.976836,-1.352941,Male,18-24,White - English/Welsh/Scottish/Northern Irish/British,White,Misuse of Drugs Act 1971 (section 23),,Community resolution,True,False
Person search,2026-07-14T11:45:00+00:00,,,50.976836,-1.352941,Male,25-34,Other ethnic group - Not stated,White,Misuse of Drugs Act 1971 (section 23),,Community resolution,True,False
Person search,2026-07-14T13:01:00+00:00,,,,,Male,25-34,Other ethnic group - Not stated,White,Misuse of Drugs Act 1971 (section 23),,Arrest,False,False
Person search,2026-07-14T13:40:00+00:00,,,50.928465,-1.387819,Male,25-34,White - Any other White background,White,Misuse of Drugs Act 1971 (section 23),,A no further action disposal,True,False
Person search,2026-07-14T13:50:00+00:00,,,50.928465,-1.387819,Female,18-24,White - Any other White background,White,Misuse of Drugs Act 1971 (section 23),,A no further action disposal,False,False
Person search,2026-07-14T13:53:00+00:00,,,51.148654,-0.979740,Male,25-34,White - English/Welsh/Scottish/Northern Irish/British,White,Misuse of Drugs Act 1971 (section 23),,A no further action disposal,True,False
Person search,2026-07-14T13:55:00+00:00,,,50.927655,-1.387830,Female,18-24,Other ethnic group - Not stated,White,Misuse of Drugs Act 1971 (section 23),,A no further action disposal,False,False
Person search,2026-07-14T14:00:00+00:00,,,50.803156,-1.086819,Male,10-17,Other ethnic group - Arab,Asian,Misuse of Drugs Act 1971 (section 23),,A no further action disposal,False,False
Person search,2026-07-14T14:15:00+00:00,,,50.662019,-1.151897,Male,over 34,White - English/Welsh/Scottish/Northern Irish/British,White,Misuse of Drugs Act 1971 (section 23),,Arrest,False,False
Person search,2026-07-14T14:20:00+00:00,,,50.922605,-1.391851,Male,over 34,White - English/Welsh/Scottish/Northern Irish/British,White,Misuse of Drugs Act 1971 (section 23),,A no further action disposal,True,False
Person search,2026-07-14T14:24:00+00:00,,,50.794019,-1.091452,Male,10-17,White - English/Welsh/Scottish/Northern Irish/British,White,Misuse of Drugs Act 1971 (section 23),,Community resolution,True,False
Person search,2026-07-14T14:45:00+00:00,,,50.794249,-1.092072,Male,10-17,White - Any other White background,White,Misuse of Drugs Act 1971 (section 23),,Arrest,True,False
Person search,2026-07-14T18:55:00+00:00,,,50.839207,-1.068519,Female,25-34,Other ethnic group - Not stated,Other,Misuse of Drugs Act 1971 (section 23),,Arrest,False,False
Person search,2026-07-14T18:55:00+00:00,,,50.839207,-1.068519,Male,25-34,White - English/Welsh/Scottish/Northern Irish/British,White,Misuse of Drugs Act 1971 (section 23),,Arrest,False,False
Person search,2026-07-14T19:30:00+00:00,,,50.921182,-1.470885,Male,25-34,White - English/Welsh/Scottish/Northern Irish/British,White,Misuse of Drugs Act 1971 (section 23),,Community resolution,True,False
Person search,2026-07-14T19:31:00+00:00,,,50.795369,-1.125621,Male,18-24,White - English/Welsh/Scottish/Northern Irish/British,White,Misuse of Drugs Act 1971 (section 23),,Community resolution,True,False
Person search,2026-07-14T20:17:00+00:00,,,50.969965,-1.355790,Female,25-34,White - English/Welsh/Scottish/Northern Irish/British,White,Police and Criminal Evidence Act 1984 (section 1),,Summons / charged by post,True,False
Person search,2026-07-14T21:40:00+00:00,,,51.073743,-1.339544,Female,18-24,White - English/Welsh/Scottish/Northern Irish/British,White,Police and Criminal Evidence Act 1984 (section 1),,Arrest,True,False
Person search,2026-07-14T22:08:00+00:00,,,51.276510,-0.848411,Male,18-24,Other ethnic group - Not stated,White,Misuse of Drugs Act 1971 (section 23),,A no further action disposal,False,False
Person search,2026-07-14T22:08:00+00:00,,,51.276510,-0.848411,Male,18-24,White - English/Welsh/Scottish/Northern Irish/British,White,Misuse of Drugs Act 1971 (section 23),,Summons / charged by post,False,False
Person search,2026-07-14T22:08:00+00:00,,,51.276510,-0.848411,Male,25-34,Other ethnic group - Not stated,White,Misuse of Drugs Act 1971 (section 23),,A no further action disposal,False,False
Person search,2026-07-15T07:00:00+00:00,,,50.809364,-1.086045,Male,18-24,White - English/Welsh/Scottish/Northern Irish/British,White,Police and Criminal Evidence Act 1984 (section 1),,A no further action disposal,False,False
Person search,2026-07-15T10:20:00+00:00,,,,,Female,over 34,White - English/Welsh/Scottish/Northern Irish/British,White,Police and Criminal Evidence Act 1984 (section 1),,Summons / charged by post,True,False
Person search,2026-07-15T10:30:00+00:00,,,,,Male,18-24,Other ethnic group - Any other ethnic group,White,Misuse of Drugs Act 1971 (section 23),,A no further action disposal,False,False
Person search,2026-07-15T10:40:00+00:00,,,50.907264,-1.416613,Male,over 34,White - English/Welsh/Scottish/Northern Irish/British,White,Firearms Act 1968 (section 47),Firearms,A no further action disposal,False,False
Person search,2026-07-15T10:45:00+00:00,,,50.794464,-1.120076,Male,over 34,White - English/Welsh/Scottish/Northern Irish/British,White,Misuse of Drugs Act 1971 (section 23),,A no further action disposal,False,False
Person search,2026-07-15T11:30:00+00:00,,,51.105866,-0.857927,Male,25-34,Black/African/Caribbean/Black British - African,Black,Misuse of Drugs Act 1971 (section 23),,Community resolution,True,False
Person search,2026-07-15T11:30:00+00:00,,,51.105866,-0.857927,Male,25-34,Black/African/Caribbean/Black British - African,White,Misuse of Drugs Act 1971 (section 23),,Community resolution,True,False
Person search,2026-07-15T12:00:00+00:00,,,,,Male,25-34,White - Any other White background,White,Misuse of Drugs Act 1971 (section 23),,A no further action disposal,False,False
Person search,2026-07-15T12:00:00+00:00,,,50.799526,-1.088436,Male,18-24,Black/African/Caribbean/Black British - Caribbean,Asian,Misuse of Drugs Act 1971 (section 23),,A no further action disposal,False,False
Person search,2026-07-15T12:00:00+00:00,,,50.913648,-1.405780,Male,25-34,White - Any other White background,White,Misuse of Drugs Act 1971 (section 23),,Arrest,False,False
Person search,2026-07-15T12:13:00+00:00,,,50.912256,-1.388643,Male,over 34,Other ethnic group - Not stated,Other,Misuse of Drugs Act 1971 (section 23),,A no further action disposal,False,False
Person search,2026-07-15T12:20:00+00:00,,,50.812402,-1.080360,Male,25-34,White - Any other White background,White,Misuse of Drugs Act 1971 (section 23),,A no further action disposal,False,False
Person search,2026-07-15T12:35:00+00:00,,,50.917353,-1.384963,Male,over 34,White - English/Welsh/Scottish/Northern Irish/British,White,Misuse of Drugs Act 1971 (section 23),,Arrest,True,False
Person search,2026-07-15T13:30:00+00:00,,,,,Female,25-34,White - English/Welsh/Scottish/Northern Irish/British,White,Misuse of Drugs Act 1971 (section 23),,Community resolution,True,False
Person search,2026-07-15T13:55:00+00:00,,,50.789362,-1.105530,Male,25-34,White - Any other White background,White,Misuse of Drugs Act 1971 (section 23),,Community resolution,True,False
Person search,2026-07-15T14:45:00+00:00,,,50.789362,-1.105530,Female,18-24,White - English/Welsh/Scottish/Northern Irish/British,White,Misuse of Drugs Act 1971 (section 23),,Arrest,False,False
Person search,2026-07-15T16:01:00+00:00,,,50.971949,-1.368676,Male,over 34,Other ethnic group - Not stated,White,Misuse of Drugs Act 1971 (section 23),,A no further action disposal,False,False
Person search,2026-07-15T16:02:00+00:00,,,50.971949,-1.368676,Male,over 34,Other ethnic group - Not stated,White,Misuse of Drugs Act 1971 (section 23),,A no further action disposal,False,False
Person search,2026-07-15T16:05:00+00:00,,,50.653554,-1.279985,Male,over 34,White - English/Welsh/Scottish/Northern Irish/British,White,Police and Criminal Evidence Act 1984 (section 1),,Arrest,False,False
Person search,2026-07-15T16:13:00+00:00,,,50.808334,-1.053918,Male,18-24,White - English/Welsh/Scottish/Northern Irish/British,White,Misuse of Drugs Act 1971 (section 23),,A no further action disposal,True,False
Person search,2026-07-15T17:42:00+00:00,,,50.912529,-1.403319,Male,over 34,White - English/Welsh/Scottish/Northern Irish/British,White,Misuse of Drugs Act 1971 (section 23),,A no further action disposal,False,False
Person search,2026-07-15T18:02:00+00:00,,,,,Male,over 34,White - English/Welsh/Scottish/Northern Irish/British,White,Misuse of Drugs Act 1971 (section 23),,A no further action disposal,False,False
Person search,2026-07-15T18:29:00+00:00,,,,,Male,over 34,White - English/Welsh/Scottish/Northern Irish/British,White,Misuse of Drugs Act 1971 (section 23),,A no further action disposal,False,False
Person search,2026-07-15T18:52:00+00:00,,,50.779551,-1.078924,Male,25-34,White - Any other White background,White,Police and Criminal Evidence Act 1984 (section 1),,A no further action disposal,False,False
Person search,2026-07-15T19:45:00+00:00,,,,,Female,over 34,White - English/Welsh/Scottish/Northern Irish/British,White,Police and Criminal Evidence Act 1984 (section 1),,Summons / charged by post,True,False
Person search,2026-07-15T20:55:00+00:00,,,,,Male,25-34,White - English/Welsh/Scottish/Northern Irish/British,White,Misuse of Drugs Act 1971 (section 23),,A no further action disposal,False,False
Person search,2026-07-15T21:10:00+00:00,,,50.898367,-1.398295,Male,25-34,Mixed/Multiple ethnic groups - White and Black Caribbean,White,Misuse of Drugs Act 1971 (section 23),,Community resolution,True,False
Person search,2026-07-15T21:20:00+00:00,,,51.210159,-1.479593,Male,over 34,White - English/Welsh/Scottish/Northern Irish/British,White,Misuse of Drugs Act 1971 (section 23),,A no further action disposal,True,False
Person search,2026-07-15T21:28:00+00:00,,,50.968558,-1.350407,Male,10-17,White - English/Welsh/Scottish/Northern Irish/British,White,Misuse of Drugs Act 1971 (section 23),,Community resolution,True,False
Person search,2026-07-15T21:33:00+00:00,,,50.912450,-1.432508,Male,25-34,White - Any other White background,White,Misuse of Drugs Act 1971 (section 23),,Arrest,False,False
Person search,2026-07-15T21:36:00+00:00,,,,,Male,over 34,Mixed/Multiple ethnic groups - White and Asian,Asian,Misuse of Drugs Act 1971 (section 23),,A no further action disposal,False,False
Person search,2026-07-15T21:40:00+00:00,,,51.276409,-0.842751,Male,10-17,White - English/Welsh/Scottish/Northern Irish/British,White,Misuse of Drugs Act 1971 (section 23),,Community resolution,True,False
Person search,2026-07-15T22:10:00+00:00,,,51.276409,-0.842751,Other,18-24,White - English/Welsh/Scottish/Northern Irish/British,White,Misuse of Drugs Act 1971 (section 23),,Community resolution,True,False
Person search,2026-07-15T22:50:00+00:00,,,,,Male,25-34,White - Any other White background,White,Police and Criminal Evidence Act 1984 (section 1),,Community resolution,True,False
Person search,2026-07-16T10:05:00+00:00,,,50.898975,-1.558519,Female,10-17,White - English/Welsh/Scottish/Northern Irish/British,White,Police and Criminal Evidence Act 1984 (section 1),,,False,False
Person search,2026-07-16T10:20:00+00:00,,,,,Male,over 34,White - English/Welsh/Scottish/Northern Irish/British,White,Misuse of Drugs Act 1971 (section 23),,A no further action disposal,False,False
Person search,2026-07-16T10:24:00+00:00,,,50.911254,-1.405440,Male,over 34,Other ethnic group - Not stated,Asian,Police and Criminal Evidence Act 1984 (section 1),,A no further action disposal,False,False
Person search,2026-07-16T12:15:00+00:00,,,,,Male,over 34,White - English/Welsh/Scottish/Northern Irish/British,White,Police and Criminal Evidence Act 1984 (section 1),,Arrest,True,False
Person search,2026-07-16T12:15:00+00:00,,,,,Male,over 34,Other ethnic group - Not stated,White,Police and Criminal Evidence Act 1984 (section 1),,Arrest,True,False
Person search,2026-07-16T12:25:00+00:00,,,,,Male,25-34,White - English/Welsh/Scottish/Northern Irish/British,White,Misuse of Drugs Act 1971 (section 23),,Summons / charged by post,True,False
Person search,2026-07-16T12:30:00+00:00,,,51.138737,-0.985119,Male,25-34,White - English/Welsh/Scottish/Northern Irish/British,White,Misuse of Drugs Act 1971 (section 23),,A no further action disposal,False,False
Person search,2026-07-16T13:11:00+00:00,,,50.911254,-1.405440,Male,25-34,White - English/Welsh/Scottish/Northern Irish/British,White,Police and Criminal Evidence Act 1984 (section 1),,Arrest,False,False
Person search,2026-07-16T14:00:00+00:00,,,51.265365,-1.082106,Male,over 34,White - English/Welsh/Scottish/Northern Irish/British,White,Misuse of Drugs Act 1971 (section 23),,Arrest,True,False
Person search,2026-07-16T14:30:00+00:00,,,,,Male,over 34,White - English/Welsh/Scottish/Northern Irish/British,White,Misuse of Drugs Act 1971 (section 23),,Arrest,True,False
Person search,2026-07-16T14:58:00+00:00,,,,,Male,over 34,White - English/Welsh/Scottish/Northern Irish/British,White,Police and Criminal Evidence Act 1984 (section 1),,A no further action disposal,False,False
Person search,2026-07-16T15:37:00+00:00,,,50.844286,-1.196478,Male,over 34,Other ethnic group - Not stated,Other,Misuse of Drugs Act 1971 (section 23),,A no further action disposal,False,False
Person search,2026-07-16T15:37:00+00:00,,,50.844286,-1.196478,Male,over 34,White - English/Welsh/Scottish/Northern Irish/British,White,Misuse of Drugs Act 1971 (section 23),,A no further action disposal,False,False
Person search,2026-07-16T15:40:00+00:00,,,50.759742,-1.285872,Male,10-17,White - English/Welsh/Scottish/Northern Irish/British,White,Misuse of Drugs Act 1971 (section 23),,A no further action disposal,False,False
Person search,2026-07-16T15:40:00+00:00,,,50.759742,-1.285872,Male,10-17,White - English/Welsh/Scottish/Northern Irish/British,White,Misuse of Drugs Act 1971 (section 23),,A no further action disposal,False,False
Person search,2026-07-16T15:50:00+00:00,,,50.759742,-1.285872,Male,10-17,White - English/Welsh/Scottish/Northern Irish/British,White,Misuse of Drugs Act 1971 (section 23),,A no further action disposal,False,False
Person search,2026-07-16T16:00:00+00:00,,,51.084641,-1.184184,Male,25-34,White - English/Welsh/Scottish/Northern Irish/British,White,Misuse of Drugs Act 1971 (section 23),,A no further action disposal,False,False
Person search,2026-07-16T16:15:00+00:00,,,50.895137,-1.040245,Male,over 34,White - Any other White background,White,Misuse of Drugs Act 1971 (section 23),,Arrest,False,False
Person search,2026-07-16T16:51:00+00:00,,,51.362830,-1.281850,Male,18-24,Other ethnic group - Not stated,Asian,Misuse of Drugs Act 1971 (section 23),,A no further action disposal,False,False
Person search,2026-07-16T16:51:00+00:00,,,51.362830,-1.281850,Male,10-17,Other ethnic group - Not stated,Black,Misuse of Drugs Act 1971 (section 23),,A no further action disposal,False,False
Person search,2026-07-16T17:00:00+00:00,,,,,Male,25-34,Black/African/Caribbean/Black British - African,Black,Misuse of Drugs Act 1971 (section 23),,A no further action disposal,False,False
Person search,2026-07-16T17:20:00+00:00,,,50.859212,-1.210728,Male,25-34,White - English/Welsh/Scottish/Northern Irish/British,White,Misuse of Drugs Act 1971 (section 23),,A no further action disposal,False,False
Person search,2026-07-16T17:30:00+00:00,,,50.859212,-1.210728,Male,25-34,White - English/Welsh/Scottish/Northern Irish/British,White,Misuse of Drugs Act 1971 (section 23),,A no further action disposal,False,False
Person search,2026-07-16T17:30:00+00:00,,,50.859212,-1.210728,Female,25-34,Other ethnic group - Not stated,Other,Misuse of Drugs Act 1971 (section 23),,A no further action disposal,False,False
Person search,2026-07-16T17:40:00+00:00,,,50.899581,-1.393033,Male,10-17,White - English/Welsh/Scottish/Northern Irish/British,White,Misuse of Drugs Act 1971 (section 23),,A no further action disposal,False,False
Person search,2026-07-16T18:13:00+00:00,,,50.900997,-1.407761,Male,18-24,Black/African/Caribbean/Black British - Any other Black/African/Caribbean background,Black,Misuse of Drugs Act 1971 (section 23),,Community resolution,True,False
Person search,2026-07-16T18:30:00+00:00,,,,,Male,25-34,Asian/Asian British - Indian,Asian,Misuse of Drugs Act 1971 (section 23),,A no further action disposal,False,False
Person search,2026-07-16T18:49:00+00:00,,,50.800189,-1.082336,Male,18-24,Black/African/Caribbean/Black British - African,Black,Misuse of Drugs Act 1971 (section 23),,A no further action disposal,False,False
Person search,2026-07-16T18:50:00+00:00,,,50.800189,-1.082336,Male,18-24,Asian/Asian British - Any other Asian background,Asian,Misuse of Drugs Act 1971 (section 23),,A no further action disposal,False,False
Person search,2026-07-16T19:00:00+00:00,,,50.965737,-1.352583,Male,25-34,Other ethnic group - Not stated,White,Police and Criminal Evidence Act 1984 (section 1),,A no further action disposal,True,False
Person search,2026-07-16T19:16:00+00:00,,,50.887527,-1.047652,Female,10-17,White - English/Welsh/Scottish/Northern Irish/British,White,Police and Criminal Evidence Act 1984 (section 1),,A no further action disposal,False,False
Person search,2026-07-16T20:00:00+00:00,,,50.794873,-1.088995,Male,10-17,White - English/Welsh/Scottish/Northern Irish/British,White,Misuse of Drugs Act 1971 (section 23),,A no further action disposal,True,False
Person search,2026-07-16T20:00:00+00:00,,,50.794873,-1.088995,Male,10-17,White - English/Welsh/Scottish/Northern Irish/British,White,Misuse of Drugs Act 1971 (section 23),,A no further action disposal,False,False
Person search,2026-07-16T20:15:00+00:00,,,50.904162,-1.334223,Male,over 34,Other ethnic group - Not stated,White,Misuse of Drugs Act 1971 (section 23),,A no further action disposal,False,False
Person search,2026-07-16T20:27:00+00:00,,,,,Male,25-34,Black/African/Caribbean/Black British - African,Black,Misuse of Drugs Act 1971 (section 23),,A no further action disposal,False,False
Person search,2026-07-16T20:45:00+00:00,,,50.809364,-1.086045,Male,25-34,White - English/Welsh/Scottish/Northern Irish/British,White,Police and Criminal Evidence Act 1984 (section 1),,A no further action disposal,False,False
Person search,2026-07-16T21:06:00+00:00,,,,,Male,25-34,White - Any other White background,White,Misuse of Drugs Act 1971 (section 23),,A no further action disposal,False,False
Person search,2026-07-16T21:20:00+00:00,,,50.796381,-1.076082,Male,over 34,White - English/Welsh/Scottish/Northern Irish/British,White,Misuse of Drugs Act 1971 (section 23),,A no further action disposal,False,False
Person search,2026-07-16T21:20:00+00:00,,,,,Female,25-34,White - English/Welsh/Scottish/Northern Irish/British,White,Misuse of Drugs Act 1971 (section 23),,A no further action disposal,True,False
Person search,2026-07-16T21:23:00+00:00,,,50.907750,-1.400170,Male,18-24,White - Any other White background,White,Misuse of Drugs Act 1971 (section 23),,A no further action disposal,False,False
Person search,2026-07-16T21:50:00+00:00,,,50.899590,-1.387757,Female,18-24,White - English/Welsh/Scottish/Northern Irish/British,White,Misuse of Drugs Act 1971 (section 23),,A no further action disposal,False,False
Person search,2026-07-16T22:00:00+00:00,,,50.899312,-1.400047,Male,25-34,White - English/Welsh/Scottish/Northern Irish/British,White,Misuse of Drugs Act 1971 (section 23),,Community resolution,True,False
Person search,2026-07-16T22:15:00+00:00,,,50.986768,-1.498463,Male,18-24,Other ethnic group - Any other ethnic group,White,Misuse of Drugs Act 1971 (section 23),,A no further action disposal,False,False
Person search,2026-07-16T22:25:00+00:00,,,,,Male,25-34,White - Any other White background,White,Misuse of Drugs Act 1971 (section 23),,A no further action disposal,False,True
Person search,2026-07-16T23:30:00+00:00,,,50.783685,-1.093525,Female,18-24,White - English/Welsh/Scottish/Northern Irish/British,White,Police and Criminal Evidence Act 1984 (section 1),,A no further action disposal,False,False
Person search,2026-07-16T23:34:00+00:00,,,50.904918,-1.336047,Male,over 34,White - English/Welsh/Scottish/Northern Irish/British,White,Misuse of Drugs Act 1971 (section 23),,A no further action disposal,False,False
Person search,2026-07-17T00:30:00+00:00,,,50.992438,-1.493244,Male,10-17,White - English/Welsh/Scottish/Northern Irish/British,White,Police and Criminal Evidence Act 1984 (section 1),,A no further action disposal,False,False
Person search,2026-07-17T00:30:00+00:00,,,50.992438,-1.493244,Female,10-17,White - English/Welsh/Scottish/Northern Irish/British,White,Police and Criminal Evidence Act 1984 (section 1),,A no further action disposal,False,False
Person search,2026-07-17T00:30:00+00:00,,,50.992438,-1.493244,Female,10-17,White - English/Welsh/Scottish/Northern Irish/British,White,Police and Criminal Evidence Act 1984 (section 1),,A no further action disposal,False,False
Person search,2026-07-17T00:41:00+00:00,,,50.992438,-1.493244,Male,10-17,White - English/Welsh/Scottish/Northern Irish/British,White,Police and Criminal Evidence Act 1984 (section 1),,Arrest,False,False
Person search,2026-07-17T01:05:00+00:00,,,,,Female,over 34,White - English/Welsh/Scottish/Northern Irish/British,White,Misuse of Drugs Act 1971 (section 23),,Community resolution,True,False
Person search,2026-07-17T02:00:00+00:00,,,50.922220,-1.433342,Male,18-24,White - English/Welsh/Scottish/Northern Irish/British,White,Misuse of Drugs Act 1971 (section 23),,A no further action disposal,True,False
Person search,2026-07-17T02:01:00+00:00,,,,,Male,18-24,White - English/Welsh/Scottish/Northern Irish/British,White,Misuse of Drugs Act 1971 (section 23),,Community resolution,False,False
Person search,2026-07-17T03:32:00+00:00,,,50.917041,-1.395736,Male,over 34,Black/African/Caribbean/Black British - African,Black,Misuse of Drugs Act 1971 (section 23),,A no further action disposal,False,False
Person search,2026-07-17T03:35:00+00:00,,,50.915075,-1.393059,Male,18-24,Mixed/Multiple ethnic groups - White and Black Caribbean,Black,Misuse of Drugs Act 1971 (section 23),,A no further action disposal,False,False
Person search,2026-07-17T03:50:00+00:00,,,50.791775,-1.087296,Male,over 34,Other ethnic group - Not stated,White,Misuse of Drugs Act 1971 (section 23),,Arrest,True,False
Person search,2026-07-17T03:50:00+00:00,,,50.791775,-1.087296,Male,over 34,White - English/Welsh/Scottish/Northern Irish/British,White,Misuse of Drugs Act 1971 (section 23),,Arrest,True,False
Person search,2026-07-17T04:30:00+00:00,,,50.858129,-1.248354,Female,over 34,White - English/Welsh/Scottish/Northern Irish/British,White,Police and Criminal Evidence Act 1984 (section 1),,A no further action disposal,False,False
Person search,2026-07-17T09:00:00+00:00,,,50.901316,-1.403420,Male,over 34,Other ethnic group - Not stated,White,Misuse of Drugs Act 1971 (section 23),,Summons / charged by post,False,False
Person search,2026-07-17T09:30:00+00:00,,,50.697379,-1.290670,Male,over 34,Other ethnic group - Not stated,White,Police and Criminal Evidence Act 1984 (section 1),,A no further action disposal,False,False
Person search,2026-07-17T09:30:00+00:00,,,50.909655,-1.396884,Male,18-24,Asian/Asian British - Any other Asian background,Other,Misuse of Drugs Act 1971 (section 23),,Arrest,True,True
Person search,2026-07-17T09:45:00+00:00,,,50.696860,-1.291060,Male,10-17,White - English/Welsh/Scottish/Northern Irish/British,White,Misuse of Drugs Act 1971 (section 23),,Arrest,False,False
Person search,2026-07-17T09:59:00+00:00,,,50.696860,-1.291060,Female,over 34,White - English/Welsh/Scottish/Northern Irish/British,White,Police and Criminal Evidence Act 1984 (section 1),,Arrest,True,False
Person search,2026-07-17T12:30:00+00:00,,,50.914555,-1.423421,Male,18-24,White - Any other White background,White,Misuse of Drugs Act 1971 (section 23),,Summons / charged by post,False,False
Person search,2026-07-17T12:33:00+00:00,,,50.698655,-1.296442,Male,over 34,White - English/Welsh/Scottish/Northern Irish/British,White,Misuse of Drugs Act 1971 (section 23),,A no further action disposal,False,True
Person search,2026-07-17T12:44:00+00:00,,,50.699291,-1.294464,Female,25-34,Other ethnic group - Not stated,White,Police and Criminal Evidence Act 1984 (section 1),,A no further action disposal,False,False
Person search,2026-07-17T12:50:00+00:00,,,50.905046,-1.396090,Male,18-24,Black/African/Caribbean/Black British - Caribbean,Black,Misuse of Drugs Act 1971 (section 23),,A no further action disposal,False,False
Person search,2026-07-17T13:00:00+00:00,,,50.905830,-1.396407,Male,18-24,Black/African/Caribbean/Black British - African,Black,Misuse of Drugs Act 1971 (section 23),,Summons / charged by post,False,True
Person search,2026-07-17T13:30:00+00:00,,,50.912773,-1.412320,Female,25-34,White - English/Welsh/Scottish/Northern Irish/British,White,Misuse of Drugs Act 1971 (section 23),,A no further action disposal,False,False
Person search,2026-07-17T13:35:00+00:00,,,50.911689,-1.411352,Male,25-34,White - English/Welsh/Scottish/Northern Irish/British,White,Misuse of Drugs Act 1971 (section 23),,A no further action disposal,False,False
Person search,2026-07-17T13:40:00+00:00,,,50.697600,-1.292890,Male,18-24,White - English/Welsh/Scottish/Northern Irish/British,White,Misuse of Drugs Act 1971 (section 23),,Community resolution,True,False
Person search,2026-07-17T13:48:00+00:00,,,50.697600,-1.292890,Male,over 34,White - English/Welsh/Scottish/Northern Irish/British,White,Misuse of Drugs Act 1971 (section 23),,A no further action disposal,True,False
Person search,2026-07-17T13:52:00+00:00,,,50.880113,-1.036176,Male,over 34,White - English/Welsh/Scottish/Northern Irish/British,White,Police and Criminal Evidence Act 1984 (section 1),,Arrest,False,False
Person search,2026-07-17T15:00:00+00:00,,,51.155522,-0.964174,Male,25-34,White - English/Welsh/Scottish/Northern Irish/British,White,Misuse of Drugs Act 1971 (section 23),,Community resolution,True,False
Person search,2026-07-17T15:00:00+00:00,,,50.919327,-1.312834,Female,over 34,White - Any other White background,White,Police and Criminal Evidence Act 1984 (section 1),,Community resolution,True,False
Person search,2026-07-17T16:00:00+00:00,,,,,Male,25-34,White - Any other White background,White,Police and Criminal Evidence Act 1984 (section 1),,A no further action disposal,True,False
Person search,2026-07-17T16:38:00+00:00,,,51.247966,-0.744931,Male,10-17,Other ethnic group - Not stated,White,Misuse of Drugs Act 1971 (section 23),,A no further action disposal,True,False
Person search,2026-07-17T17:25:00+00:00,,,50.851714,-1.179604,Female,over 34,White - English/Welsh/Scottish/Northern Irish/British,White,Police and Criminal Evidence Act 1984 (section 1),,Community resolution,True,False
Person search,2026-07-17T17:25:00+00:00,,,50.851714,-1.179604,Male,over 34,White - English/Welsh/Scottish/Northern Irish/British,White,Police and Criminal Evidence Act 1984 (section 1),,A no further action disposal,False,False
Person search,2026-07-17T18:00:00+00:00,,,50.785683,-1.067554,Male,10-17,White - English/Welsh/Scottish/Northern Irish/British,White,Misuse of Drugs Act 1971 (section 23),,Community resolution,True,False
Person search,2026-07-17T19:05:00+00:00,,,50.970723,-1.359891,Male,18-24,White - English/Welsh/Scottish/Northern Irish/British,White,Police and Criminal Evidence Act 1984 (section 1),,Arrest,False,False
Person search,2026-07-17T19:50:00+00:00,,,50.779466,-1.077049,Female,25-34,White - English/Welsh/Scottish/Northern Irish/British,White,Misuse of Drugs Act 1971 (section 23),,Arrest,True,False
Person search,2026-07-17T19:50:00+00:00,,,51.150454,-0.973853,Male,18-24,White - English/Welsh/Scottish/Northern Irish/British,White,Misuse of Drugs Act 1971 (section 23),,A no further action disposal,False,False
Person search,2026-07-17T19:51:00+00:00,,,51.150454,-0.973853,Male,25-34,White - English/Welsh/Scottish/Northern Irish/British,White,Misuse of Drugs Act 1971 (section 23),,A no further action disposal,False,False
Person search,2026-07-17T19:53:00+00:00,,,50.783178,-1.063476,Male,over 34,White - English/Welsh/Scottish/Northern Irish/British,White,Misuse of Drugs Act 1971 (section 23),,Arrest,False,False
Person search,2026-07-17T20:20:00+00:00,,,,,Male,18-24,White - Irish,White,Police and Criminal Evidence Act 1984 (section 1),,Community resolution,True,False
Person search,2026-07-17T20:27:00+00:00,,,,,Other,over 34,White - Irish,White,Police and Criminal Evidence Act 1984 (section 1),,Community resolution,False,False
Person search,2026-07-17T21:00:00+00:00,,,51.132435,-1.490514,Other,18-24,White - Irish,White,Police and Criminal Evidence Act 1984 (section 1),,Community resolution,True,False
Person search,2026-07-17T21:00:00+00:00,,,51.132435,-1.490514,Male,25-34,White - Irish,White,Police and Criminal Evidence Act 1984 (section 1),,Community resolution,True,False
Person search,2026-07-17T21:30:00+00:00,,,50.786646,-1.070982,Male,18-24,Black/African/Caribbean/Black British - African,Black,Misuse of Drugs Act 1971 (section 23),,Arrest,True,True
Person search,2026-07-17T21:30:00+00:00,,,50.796716,-1.091314,Male,25-34,Other ethnic group - Any other ethnic group,Other,Misuse of Drugs Act 1971 (section 23),,A no further action disposal,False,False
Person search,2026-07-17T21:30:00+00:00,,,50.908475,-1.398322,Male,over 34,Black/African/Caribbean/Black British - Any other Black/African/Caribbean background,Black,Misuse of Drugs Act 1971 (section 23),,A no further action disposal,False,False
Person search,2026-07-17T21:30:00+00:00,,,50.786646,-1.070982,Male,18-24,Black/African/Caribbean/Black British - Any other Black/African/Caribbean background,Black,Misuse of Drugs Act 1971 (section 23),,Arrest,True,True
Person search,2026-07-17T21:39:00+00:00,,,50.796050,-1.094733,Male,18-24,Other ethnic group - Not stated,Other,Misuse of Drugs Act 1971 (section 23),,A no further action disposal,False,False
Person search,2026-07-17T22:05:00+00:00,,,,,Male,over 34,White - English/Welsh/Scottish/Northern Irish/British,White,Misuse of Drugs Act 1971 (section 23),,Community resolution,True,False
Person search,2026-07-17T22:05:00+00:00,,,,,Female,25-34,White - English/Welsh/Scottish/Northern Irish/British,White,Misuse of Drugs Act 1971 (section 23),,A no further action disposal,False,False
Person search,2026-07-17T22:30:00+00:00,,,50.784905,-1.094281,Male,18-24,Other ethnic group - Not stated,Asian,Misuse of Drugs Act 1971 (section 23),,A no further action disposal,False,False
Person search,2026-07-17T22:30:00+00:00,,,50.784905,-1.094281,Male,18-24,Black/African/Caribbean/Black British - Caribbean,Black,Misuse of Drugs Act 1971 (section 23),,A no further action disposal,False,False
Person search,2026-07-17T22:47:00+00:00,,,51.149099,-0.974069,Male,18-24,White - English/Welsh/Scottish/Northern Irish/British,White,Misuse of Drugs Act 1971 (section 23),,A no further action disposal,False,False
Person search,2026-07-17T23:00:00+00:00,,,,,Male,over 34,Other ethnic group - Not stated,White,Misuse of Drugs Act 1971 (section 23),,Arrest,False,False
Person search,2026-07-17T23:40:00+00:00,,,50.938754,-1.379629,Male,over 34,White - English/Welsh/Scottish/Northern Irish/British,White,Misuse of Drugs Act 1971 (section 23),,Community resolution,True,False
Person search,2026-07-17T23:40:00+00:00,,,50.938754,-1.379629,Male,over 34,White - English/Welsh/Scottish/Northern Irish/British,White,Misuse of Drugs Act 1971 (section 23),,A no further action disposal,False,False
Person search,2026-07-17T23:40:00+00:00,,,50.938754,-1.379629,Male,over 34,White - English/Welsh/Scottish/Northern Irish/British,White,Misuse of Drugs Act 1971 (section 23),,Community resolution,True,False
Person search,2026-07-18T00:00:00+00:00,,,50.697379,-1.290670,Male,10-17,White - English/Welsh/Scottish/Northern Irish/British,White,Misuse of Drugs Act 1971 (section 23),,Community resolution,True,False
Person search,2026-07-18T00:00:00+00:00,,,50.935705,-1.476869,Male,18-24,White - English/Welsh/Scottish/Northern Irish/British,White,Misuse of Drugs Act 1971 (section 23),,A no further action disposal,False,False
Person search,2026-07-18T00:00:00+00:00,,,50.935705,-1.476869,Male,25-34,White - English/Welsh/Scottish/Northern Irish/British,White,Misuse of Drugs Act 1971 (section 23),,A no further action disposal,False,False
Person search,2026-07-18T00:10:00+00:00,,,50.938754,-1.379629,Male,25-34,White - English/Welsh/Scottish/Northern Irish/British,White,Misuse of Drugs Act 1971 (section 23),,A no further action disposal,False,False
Person search,2026-07-18T00:10:00+00:00,,,50.938754,-1.379629,Other,25-34,White - English/Welsh/Scottish/Northern Irish/British,White,Misuse of Drugs Act 1971 (section 23),,A no further action disposal,False,False
Person search,2026-07-18T00:22:00+00:00,,,,,Male,25-34,White - English/Welsh/Scottish/Northern Irish/British,White,Misuse of Drugs Act 1971 (section 23),,A no further action disposal,True,False
Person search,2026-07-18T00:35:00+00:00,,,51.206197,-1.476403,Male,over 34,Other ethnic group - Not stated,White,Misuse of Drugs Act 1971 (section 23),,A no further action disposal,False,False
Person search,2026-07-18T00:40:00+00:00,,,50.890231,-1.322991,Female,25-34,White - Any other White background,White,Misuse of Drugs Act 1971 (section 23),,Arrest,True,False
Person search,2026-07-18T00:40:00+00:00,,,50.804008,-1.149599,Male,25-34,Other ethnic group - Not stated,White,Misuse of Drugs Act 1971 (section 23),,Arrest,False,False
Person search,2026-07-18T00:45:00+00:00,,,,,Male,over 34,Black/African/Caribbean/Black British - African,White,Misuse of Drugs Act 1971 (section 23),,A no further action disposal,False,False
Person search,2026-07-18T02:00:00+00:00,,,50.796334,-1.093081,Male,18-24,Other ethnic group - Not stated,Black,Misuse of Drugs Act 1971 (section 23),,A no further action disposal,False,False
Person search,2026-07-18T09:33:00+00:00,,,51.206368,-1.480538,Male,10-17,Other ethnic group - Not stated,Black,Misuse of Drugs Act 1971 (section 23),,A no further action disposal,False,False
Person search,2026-07-18T10:30:00+00:00,,,50.899312,-1.400047,Female,18-24,Asian/Asian British - Indian,Asian,Misuse of Drugs Act 1971 (section 23),,Community resolution,True,False
Person search,2026-07-18T10:30:00+00:00,,,50.794873,-1.088995,Male,18-24,Other ethnic group - Not stated,Asian,Misuse of Drugs Act 1971 (section 23),,A no further action disposal,False,False
Person search,2026-07-18T10:40:00+00:00,,,51.232430,-1.146698,Male,25-34,White - English/Welsh/Scottish/Northern Irish/British,White,Police and Criminal Evidence Act 1984 (section 1),,A no further action disposal,False,False
Person search,2026-07-18T11:05:00+00:00,,,51.205951,-1.479626,Male,18-24,White - English/Welsh/Scottish/Northern Irish/British,White,Misuse of Drugs Act 1971 (section 23),,Community resolution,True,False
Person search,2026-07-18T12:16:00+00:00,,,50.803889,-1.078233,Male,18-24,White - English/Welsh/Scottish/Northern Irish/British,White,Misuse of Drugs Act 1971 (section 23),,Arrest,True,True
Person search,2026-07-18T12:17:00+00:00,,,50.905733,-1.407260,Female,over 34,White - English/Welsh/Scottish/Northern Irish/British,White,Misuse of Drugs Act 1971 (section 23),,A no further action disposal,False,False
Person search,2026-07-18T12:30:00+00:00,,,50.907748,-1.414588,Male,over 34,Other ethnic group - Not stated,White,Misuse of Drugs Act 1971 (section 23),,Community resolution,True,False
Person search,2026-07-18T12:55:00+00:00,,,50.804088,-1.084104,Male,25-34,White - English/Welsh/Scottish/Northern Irish/British,White,Misuse of Drugs Act 1971 (section 23),,A no further action disposal,False,False
Person search,2026-07-18T12:55:00+00:00,,,50.804088,-1.084104,Male,25-34,Other ethnic group - Not stated,White,Misuse of Drugs Act 1971 (section 23),,A no further action disposal,False,False
Person search,2026-07-18T13:40:00+00:00,,,50.856047,-0.989248,Female,10-17,White - English/Welsh/Scottish/Northern Irish/British,White,Misuse of Drugs Act 1971 (section 23),,Arrest,False,False
Person search,2026-07-18T15:10:00+00:00,,,50.854635,-1.103672,Male,10-17,White - English/Welsh/Scottish/Northern Irish/British,White,Police and Criminal Evidence Act 1984 (section 1),,A no further action disposal,True,False
Person search,2026-07-18T15:20:00+00:00,,,50.854635,-1.103672,Male,10-17,White - English/Welsh/Scottish/Northern Irish/British,White,Misuse of Drugs Act 1971 (section 23),,Community resolution,True,False
Person search,2026-07-18T19:30:00+00:00,,,,,Male,18-24,Asian/Asian British - Indian,Asian,Misuse of Drugs Act 1971 (section 23),,A no further action disposal,False,False
Person search,2026-07-18T19:40:00+00:00,,,50.886668,-1.374250,Male,25-34,Asian/Asian British - Indian,Asian,Misuse of Drugs Act 1971 (section 23),,A no further action disposal,False,False
Person search,2026-07-18T19:40:00+00:00,,,51.146109,-0.977666,Male,18-24,Asian/Asian British - Indian,Asian,Misuse of Drugs Act 1971 (section 23),,A no further action disposal,False,False
Person search,2026-07-18T19:45:00+00:00,,,50.801206,-1.077846,Male,over 34,White - Any other White background,White,Misuse of Drugs Act 1971 (section 23),,Community resolution,True,False
Person search,2026-07-18T20:35:00+00:00,,,51.242507,-0.740710,Male,18-24,Asian/Asian British - Pakistani,Asian,Police and Criminal Evidence Act 1984 (section 1),,A no further action disposal,False,False
Person search,2026-07-18T22:05:00+00:00,,,50.796716,-1.091314,Male,18-24,Mixed/Multiple ethnic groups - White and Asian,Asian,Misuse of Drugs Act 1971 (section 23),,Community resolution,True,False
Person search,2026-07-18T22:25:00+00:00,,,,,Male,25-34,Black/African/Caribbean/Black British - African,Black,Misuse of Drugs Act 1971 (section 23),,A no further action disposal,False,False
Person search,2026-07-18T22:40:00+00:00,,,50.826041,-1.168494,Male,18-24,Other ethnic group - Not stated,White,Misuse of Drugs Act 1971 (section 23),,A no further action disposal,False,False
Person search,2026-07-18T22:45:00+00:00,,,50.917041,-1.395736,Male,25-34,Black/African/Caribbean/Black British - African,Black,Police and Criminal Evidence Act 1984 (section 1),,A no further action disposal,False,False
Person search,2026-07-18T22:45:00+00:00,,,50.917041,-1.395736,Male,18-24,Black/African/Caribbean/Black British - African,Black,Police and Criminal Evidence Act 1984 (section 1),,A no further action disposal,False,False
Person search,2026-07-18T22:45:00+00:00,,,,,Male,18-24,Other ethnic group - Any other ethnic group,Black,Police and Criminal Evidence Act 1984 (section 1),,A no further action disposal,False,False
Person search,2026-07-18T22:47:00+00:00,,,50.913915,-1.401808,Female,25-34,White - English/Welsh/Scottish/Northern Irish/British,White,Police and Criminal Evidence Act 1984 (section 1),,Arrest,True,False
Person search,2026-07-18T22:53:00+00:00,,,50.917041,-1.395736,Male,25-34,Black/African/Caribbean/Black British - African,Black,Police and Criminal Evidence Act 1984 (section 1),,Arrest,False,False
Person search,2026-07-18T23:05:00+00:00,,,50.696860,-1.291060,Male,10-17,White - English/Welsh/Scottish/Northern Irish/British,White,Misuse of Drugs Act 1971 (section 23),,Community resolution,True,False
Person search,2026-07-18T23:10:00+00:00,,,50.696860,-1.291060,Male,10-17,White - English/Welsh/Scottish/Northern Irish/British,White,Misuse of Drugs Act 1971 (section 23),,A no further action disposal,False,False
Person search,2026-07-18T23:24:00+00:00,,,51.357410,-1.122305,Male,18-24,Other ethnic group - Not stated,Black,Police and Criminal Evidence Act 1984 (section 1),,Community resolution,False,False
Person search,2026-07-19T00:00:00+00:00,,,51.110136,-1.051999,Male,18-24,White - English/Welsh/Scottish/Northern Irish/British,White,Misuse of Drugs Act 1971 (section 23),,A no further action disposal,False,False
Person search,2026-07-19T00:10:00+00:00,,,,,Male,18-24,Black/African/Caribbean/Black British - African,Black,Misuse of Drugs Act 1971 (section 23),,Community resolution,True,False
Person search,2026-07-19T00:10:00+00:00,,,51.109055,-1.049550,Male,18-24,Black/African/Caribbean/Black British - Caribbean,Black,Misuse of Drugs Act 1971 (section 23),,A no further action disposal,True,False
Person search,2026-07-19T00:18:00+00:00,,,51.109055,-1.049550,Male,18-24,Black/African/Caribbean/Black British - Any other Black/African/Caribbean background,Black,Misuse of Drugs Act 1971 (section 23),,Summons / charged by post,True,False
Person search,2026-07-19T00:20:00+00:00,,,51.115185,-0.840839,Male,18-24,White - English/Welsh/Scottish/Northern Irish/British,White,Misuse of Drugs Act 1971 (section 23),,A no further action disposal,True,False
Person search,2026-07-19T00:20:00+00:00,,,51.115185,-0.840839,Female,18-24,White - English/Welsh/Scottish/Northern Irish/British,White,Misuse of Drugs Act 1971 (section 23),,Community resolution,True,False
Person search,2026-07-19T00:37:00+00:00,,,50.796334,-1.093081,Male,18-24,White - English/Welsh/Scottish/Northern Irish/British,White,Misuse of Drugs Act 1971 (section 23),,Community resolution,True,False
Person search,2026-07-19T00:55:00+00:00,,,,,Male,over 34,White - English/Welsh/Scottish/Northern Irish/British,White,Misuse of Drugs Act 1971 (section 23),,Community resolution,True,False
Person search,2026-07-19T00:58:00+00:00,,,,,Male,25-34,White - English/Welsh/Scottish/Northern Irish/British,White,Misuse of Drugs Act 1971 (section 23),,Community resolution,True,False
Person search,2026-07-19T01:00:00+00:00,,,51.240376,-1.108833,Male,25-34,Asian/Asian British - Any other Asian background,Asian,Misuse of Drugs Act 1971 (section 23),,Community resolution,True,False
Person search,2026-07-19T01:10:00+00:00,,,51.062267,-1.311082,Male,25-34,White - English/Welsh/Scottish/Northern Irish/British,White,Misuse of Drugs Act 1971 (section 23),,A no further action disposal,False,False
Person search,2026-07-19T01:15:00+00:00,,,51.062267,-1.311082,Male,25-34,White - English/Welsh/Scottish/Northern Irish/British,White,Misuse of Drugs Act 1971 (section 23),,Community resolution,True,False
Person search,2026-07-19T01:35:00+00:00,,,50.782987,-1.089353,Male,10-17,White - English/Welsh/Scottish/Northern Irish/British,White,Police and Criminal Evidence Act 1984 (section 1),,A no further action disposal,False,False
Person search,2026-07-19T01:40:00+00:00,,,50.785824,-1.089866,Male,10-17,Mixed/Multiple ethnic groups - White and Black African,Other,Police and Criminal Evidence Act 1984 (section 1),,A no further action disposal,False,False
Person search,2026-07-19T01:40:00+00:00,,,50.785824,-1.089866,Male,10-17,Mixed/Multiple ethnic groups - White and Black African,Black,Police and Criminal Evidence Act 1984 (section 1),,A no further action disposal,False,False
Person search,2026-07-19T02:21:00+00:00,,,50.826041,-1.168494,Male,18-24,White - English/Welsh/Scottish/Northern Irish/British,White,Misuse of Drugs Act 1971 (section 23),,Arrest,False,False
Person search,2026-07-19T02:34:00+00:00,,,,,Male,18-24,White - English/Welsh/Scottish/Northern Irish/British,White,Misuse of Drugs Act 1971 (section 23),,A no further action disposal,False,False
Person search,2026-07-19T02:35:00+00:00,,,51.004211,-0.934680,Male,18-24,White - English/Welsh/Scottish/Northern Irish/British,White,Misuse of Drugs Act 1971 (section 23),,A no further action disposal,False,False
Person search,2026-07-19T03:41:00+00:00,,,50.873573,-1.277340,Male,10-17,White - English/Welsh/Scottish/Northern Irish/British,White,Misuse of Drugs Act 1971 (section 23),,A no further action disposal,False,False
Person search,2026-07-19T11:30:00+00:00,,,51.266254,-1.085296,Female,25-34,White - English/Welsh/Scottish/Northern Irish/British,White,Police and Criminal Evidence Act 1984 (section 1),,,False,False
Person search,2026-07-19T11:30:00+00:00,,,50.790648,-1.088112,Male,over 34,White - Irish,White,Misuse of Drugs Act 1971 (section 23),,Community resolution,True,False
Person search,2026-07-19T12:24:00+00:00,,,50.902993,-1.402545,Male,10-17,White - English/Welsh/Scottish/Northern Irish/British,White,Misuse of Drugs Act 1971 (section 23),,A no further action disposal,False,False
Person search,2026-07-19T12:50:00+00:00,,,50.806968,-1.076469,Male,25-34,White - Any other White background,White,Misuse of Drugs Act 1971 (section 23),,A no further action disposal,False,False
Person search,2026-07-19T12:50:00+00:00,,,50.793382,-1.089237,Male,10-17,Other ethnic group - Not stated,White,Misuse of Drugs Act 1971 (section 23),,Arrest,False,False
Person search,2026-07-19T13:00:00+00:00,,,50.790542,-1.095307,Male,18-24,Other ethnic group - Not stated,Black,Police and Criminal Evidence Act 1984 (section 1),,A no further action disposal,False,False
Person search,2026-07-19T13:30:00+00:00,,,50.856047,-0.989248,Male,10-17,White - English/Welsh/Scottish/Northern Irish/British,White,Misuse of Drugs Act 1971 (section 23),,Arrest,False,False
Person search,2026-07-19T14:15:00+00:00,,,50.805283,-1.074814,Male,25-34,White - Any other White background,White,Misuse of Drugs Act 1971 (section 23),,A no further action disposal,False,False
Person search,2026-07-19T15:21:00+00:00,,,50.791058,-1.103937,Male,over 34,White - English/Welsh/Scottish/Northern Irish/British,White,Police and Criminal Evidence Act 1984 (section 1),,Community resolution,True,False
Person search,2026-07-19T17:20:00+00:00,,,50.941103,-1.378402,Male,over 34,White - English/Welsh/Scottish/Northern Irish/British,White,Misuse of Drugs Act 1971 (section 23),,Arrest,False,False
Person search,2026-07-19T19:45:00+00:00,,,50.912910,-1.011488,Male,18-24,White - English/Welsh/Scottish/Northern Irish/British,White,Misuse of Drugs Act 1971 (section 23),,A no further action disposal,False,False
Person search,2026-07-19T20:25:00+00:00,,,50.865835,-0.974173,Male,18-24,White - English/Welsh/Scottish/Northern Irish/British,White,Misuse of Drugs Act 1971 (section 23),,A no further action disposal,False,False
Person search,2026-07-19T20:30:00+00:00,,,50.869141,-0.971727,Male,25-34,White - English/Welsh/Scottish/Northern Irish/British,White,Misuse of Drugs Act 1971 (section 23),,A no further action disposal,True,False
Person search,2026-07-19T20:37:00+00:00,,,50.865835,-0.974173,Male,25-34,White - English/Welsh/Scottish/Northern Irish/British,White,Misuse of Drugs Act 1971 (section 23),,Community resolution,True,False
Person search,2026-07-19T21:12:00+00:00,,,,,Male,over 34,White - English/Welsh/Scottish/Northern Irish/British,White,Police and Criminal Evidence Act 1984 (section 1),,A no further action disposal,True,False
Person search,2026-07-19T22:45:00+00:00,,,50.792163,-1.153077,Female,10-17,White - English/Welsh/Scottish/Northern Irish/British,White,Misuse of Drugs Act 1971 (section 23),,A no further action disposal,False,False
Person search,2026-07-19T23:30:00+00:00,,,50.907902,-1.409409,Female,18-24,Other ethnic group - Not stated,White,Police and Criminal Evidence Act 1984 (section 1),,A no further action disposal,False,False
Person search,2026-07-20T00:00:00+00:00,,,50.924793,-1.437409,Male,25-34,White - English/Welsh/Scottish/Northern Irish/British,White,Police and Criminal Evidence Act 1984 (section 1),,Arrest,False,False
Person search,2026-07-20T00:30:00+00:00,,,50.914635,-1.421514,Male,18-24,Asian/Asian British - Any other Asian background,Asian,Misuse of Drugs Act 1971 (section 23),,Community resolution,True,False
Person search,2026-07-20T00:50:00+00:00,,,,,Male,25-34,Mixed/Multiple ethnic groups - Any other Mixed/Multiple ethnic background,Asian,Misuse of Drugs Act 1971 (section 23),,A no further action disposal,False,False
Person search,2026-07-20T01:54:00+00:00,,,50.830285,-1.068342,Male,18-24,Asian/Asian British - Indian,Asian,Misuse of Drugs Act 1971 (section 23),,A no further action disposal,False,False
Person search,2026-07-20T02:00:00+00:00,,,50.830285,-1.068342,Male,25-34,Asian/Asian British - Pakistani,Asian,Misuse of Drugs Act 1971 (section 23),,Arrest,True,False
Person search,2026-07-20T02:12:00+00:00,,,50.977748,-1.386958,Male,10-17,White - English/Welsh/Scottish/Northern Irish/British,White,Police and Criminal Evidence Act 1984 (section 1),,Arrest,False,False
Person search,2026-07-20T05:45:00+00:00,,,51.274654,-0.750713,Male,over 34,White - Any other White background,White,Misuse of Drugs Act 1971 (section 23),,A no further action disposal,False,False
Person search,2026-07-20T08:00:00+00:00,,,50.863373,-1.240128,Male,over 34,White - English/Welsh/Scottish/Northern Irish/British,White,Misuse of Drugs Act 1971 (section 23),,A no further action disposal,True,False
Person search,2026-07-20T08:22:00+00:00,,,51.262937,-1.086987,Male,over 34,White - English/Welsh/Scottish/Northern Irish/British,White,Police and Criminal Evidence Act 1984 (section 1),,Community resolution,True,False
Person search,2026-07-20T10:15:00+00:00,,,50.779551,-1.078924,Male,18-24,White - English/Welsh/Scottish/Northern Irish/British,White,Misuse of Drugs Act 1971 (section 23),,A no further action disposal,False,False
Person search,2026-07-20T10:17:00+00:00,,,50.911254,-1.405440,Male,over 34,Other ethnic group - Not stated,White,Misuse of Drugs Act 1971 (section 23),,A no further action disposal,False,False
Person search,2026-07-20T10:40:00+00:00,,,50.900030,-1.398175,Male,18-24,Other ethnic group - Not stated,Black,Misuse of Drugs Act 1971 (section 23),,Arrest,False,False
Person search,2026-07-20T11:00:00+00:00,,,50.802204,-1.147659,Male,over 34,White - English/Welsh/Scottish/Northern Irish/British,White,Misuse of Drugs Act 1971 (section 23),,A no further action disposal,False,False
Person search,2026-07-20T11:00:00+00:00,,,50.802204,-1.147659,Male,25-34,White - English/Welsh/Scottish/Northern Irish/British,White,Misuse of Drugs Act 1971 (section 23),,A no further action disposal,False,False
Person search,2026-07-20T11:00:00+00:00,,,50.802204,-1.147659,Female,25-34,White - English/Welsh/Scottish/Northern Irish/British,White,Misuse of Drugs Act 1971 (section 23),,A no further action disposal,False,False
Person search,2026-07-20T11:12:00+00:00,,,50.802204,-1.147659,Male,18-24,White - English/Welsh/Scottish/Northern Irish/British,White,Misuse of Drugs Act 1971 (section 23),,Community resolution,True,False
Person search,2026-07-20T11:30:00+00:00,,,50.857500,-0.989785,Male,25-34,White - English/Welsh/Scottish/Northern Irish/British,White,Police and Criminal Evidence Act 1984 (section 1),,Arrest,True,False
Person search,2026-07-20T14:30:00+00:00,,,50.907748,-1.414588,Male,10-17,Asian/Asian British - Any other Asian background,Asian,Misuse of Drugs Act 1971 (section 23),,A no further action disposal,False,False
Person search,2026-07-20T14:35:00+00:00,,,50.803156,-1.086819,Male,18-24,Other ethnic group - Any other ethnic group,White,Misuse of Drugs Act 1971 (section 23),,A no further action disposal,False,False
Person search,2026-07-20T14:35:00+00:00,,,50.803156,-1.086819,Male,over 34,White - English/Welsh/Scottish/Northern Irish/British,White,Misuse of Drugs Act 1971 (section 23),,A no further action disposal,False,False
Person search,2026-07-20T15:20:00+00:00,,,50.695221,-1.304040,Male,over 34,White - English/Welsh/Scottish/Northern Irish/British,White,Misuse of Drugs Act 1971 (section 23),,A no further action disposal,False,False
Person search,2026-07-20T15:40:00+00:00,,,50.758651,-1.536490,Female,over 34,White - English/Welsh/Scottish/Northern Irish/British,White,Misuse of Drugs Act 1971 (section 23),,Community resolution,True,False
Person search,2026-07-20T16:35:00+00:00,,,50.680498,-1.515123,Male,over 34,White - English/Welsh/Scottish/Northern Irish/British,White,Misuse of Drugs Act 1971 (section 23),,Summons / charged by post,False,False
Person search,2026-07-20T17:00:00+00:00,,,50.655836,-1.149999,Female,18-24,White - English/Welsh/Scottish/Northern Irish/British,White,Police and Criminal Evidence Act 1984 (section 1),,Arrest,False,False
Person search,2026-07-20T17:04:00+00:00,,,50.808207,-1.151964,Male,18-24,Black/African/Caribbean/Black British - African,Black,Police and Criminal Evidence Act 1984 (section 1),,Arrest,False,False
Person search,2026-07-20T17:30:00+00:00,,,,,Male,25-34,White - English/Welsh/Scottish/Northern Irish/British,White,Police and Criminal Evidence Act 1984 (section 1),,Arrest,True,False
Person search,2026-07-20T17:40:00+00:00,,,50.787135,-1.083882,Male,25-34,White - English/Welsh/Scottish/Northern Irish/British,White,Misuse of Drugs Act 1971 (section 23),,Arrest,False,False
Person search,2026-07-20T17:45:00+00:00,,,50.783741,-1.085693,Male,over 34,White - English/Welsh/Scottish/Northern Irish/British,White,Misuse of Drugs Act 1971 (section 23),,Arrest,True,False
Person search,2026-07-20T18:15:00+00:00,,,,,Male,18-24,White - English/Welsh/Scottish/Northern Irish/British,White,Police and Criminal Evidence Act 1984 (section 1),,A no further action disposal,False,False
Person search,2026-07-20T19:01:00+00:00,,,51.008569,-0.932357,Male,over 34,White - English/Welsh/Scottish/Northern Irish/British,White,Police and Criminal Evidence Act 1984 (section 1),,A no further action disposal,False,False
Person search,2026-07-20T21:10:00+00:00,,,50.798411,-1.130800,Male,over 34,White - English/Welsh/Scottish/Northern Irish/British,White,Misuse of Drugs Act 1971 (section 23),,Community resolution,True,False
Person search,2026-07-20T22:15:00+00:00,,,50.779551,-1.078924,Male,18-24,White - English/Welsh/Scottish/Northern Irish/British,White,Misuse of Drugs Act 1971 (section 23),,A no further action disposal,False,False
Person search,2026-07-20T22:15:00+00:00,,,50.779551,-1.078924,Male,18-24,White - English/Welsh/Scottish/Northern Irish/British,White,Misuse of Drugs Act 1971 (section 23),,Community resolution,True,False
Person search,2026-07-20T22:40:00+00:00,,,50.913915,-1.401808,Male,18-24,Other ethnic group - Any other ethnic group,Other,Misuse of Drugs Act 1971 (section 23),,Arrest,True,False
Person search,2026-07-20T22:40:00+00:00,,,50.913915,-1.401808,Male,18-24,Other ethnic group - Any other ethnic group,White,Misuse of Drugs Act 1971 (section 23),,Arrest,True,False
Person search,2026-07-20T23:10:00+00:00,,,50.697379,-1.290670,Male,10-17,White - English/Welsh/Scottish/Northern Irish/British,White,Misuse of Drugs Act 1971 (section 23),,A no further action disposal,False,False
Person search,2026-07-20T23:10:00+00:00,,,,,Male,over 34,White - English/Welsh/Scottish/Northern Irish/British,White,Misuse of Drugs Act 1971 (section 23),,A no further action disposal,False,False
Person search,2026-07-21T00:10:00+00:00,,,51.271055,-0.836033,Male,25-34,White - English/Welsh/Scottish/Northern Irish/British,White,Misuse of Drugs Act 1971 (section 23),,Community resolution,True,False
Person search,2026-07-21T00:26:00+00:00,,,51.271055,-0.836033,Male,18-24,Mixed/Multiple ethnic groups - Any other Mixed/Multiple ethnic background,White,Misuse of Drugs Act 1971 (section 23),,Community resolution,True,False
Person search,2026-07-21T02:00:00+00:00,,,51.291256,-0.754293,Male,18-24,White - Any other White background,White,Misuse of Drugs Act 1971 (section 23),,A no further action disposal,False,False
Person search,2026-07-21T04:10:00+00:00,,,,,Male,over 34,White - English/Welsh/Scottish/Northern Irish/British,White,Misuse of Drugs Act 1971 (section 23),,Arrest,False,False
Person search,2026-07-21T09:00:00+00:00,,,,,Male,25-34,White - English/Welsh/Scottish/Northern Irish/British,White,Misuse of Drugs Act 1971 (section 23),,Arrest,True,False
Person search,2026-07-21T10:16:00+00:00,,,50.866337,-1.260684,Male,over 34,White - English/Welsh/Scottish/Northern Irish/British,White,Police and Criminal Evidence Act 1984 (section 1),,Arrest,True,False
Person search,2026-07-21T10:30:00+00:00,,,51.221857,-1.479404,Male,18-24,White - English/Welsh/Scottish/Northern Irish/British,White,Misuse of Drugs Act 1971 (section 23),,Community resolution,True,False
Person search,2026-07-21T10:30:00+00:00,,,51.221857,-1.479404,Female,10-17,White - English/Welsh/Scottish/Northern Irish/British,White,Misuse of Drugs Act 1971 (section 23),,Community resolution,True,False
Person search,2026-07-21T11:15:00+00:00,,,,,Female,over 34,White - English/Welsh/Scottish/Northern Irish/British,White,Misuse of Drugs Act 1971 (section 23),,A no further action disposal,False,False
Person search,2026-07-21T12:05:00+00:00,,,,,Male,over 34,White - Any other White background,White,Misuse of Drugs Act 1971 (section 23),,A no further action disposal,False,False
Person search,2026-07-21T13:50:00+00:00,,,50.698035,-1.294374,Male,over 34,Other ethnic group - Not stated,White,Police and Criminal Evidence Act 1984 (section 1),,A no further action disposal,False,False
Person search,2026-07-21T13:58:00+00:00,,,50.927135,-1.791749,Female,25-34,White - English/Welsh/Scottish/Northern Irish/British,White,Police and Criminal Evidence Act 1984 (section 1),,Community resolution,True,False
Person search,2026-07-21T14:15:00+00:00,,,50.809569,-1.082407,Male,25-34,White - English/Welsh/Scottish/Northern Irish/British,White,Misuse of Drugs Act 1971 (section 23),,Community resolution,True,False
Person search,2026-07-21T14:25:00+00:00,,,50.808310,-1.084632,Female,over 34,White - English/Welsh/Scottish/Northern Irish/British,White,Misuse of Drugs Act 1971 (section 23),,Community resolution,True,False
Person search,2026-07-21T14:28:00+00:00,,,51.109758,-0.855888,Male,18-24,White - English/Welsh/Scottish/Northern Irish/British,White,Misuse of Drugs Act 1971 (section 23),,A no further action disposal,False,False
Person search,2026-07-21T14:29:00+00:00,,,,,Male,over 34,White - English/Welsh/Scottish/Northern Irish/British,White,Misuse of Drugs Act 1971 (section 23),,Arrest,True,False
Person search,2026-07-21T14:39:00+00:00,,,50.906696,-1.396837,Male,10-17,Black/African/Caribbean/Black British - Any other Black/African/Caribbean background,Black,Misuse of Drugs Act 1971 (section 23),,A no further action disposal,False,False
Person search,2026-07-21T17:15:00+00:00,,,50.881498,-1.025387,Male,25-34,Other ethnic group - Not stated,White,Misuse of Drugs Act 1971 (section 23),,Arrest,True,False
Person search,2026-07-21T17:17:00+00:00,,,50.881498,-1.025387,Male,18-24,White - English/Welsh/Scottish/Northern Irish/British,White,Misuse of Drugs Act 1971 (section 23),,A no further action disposal,False,False
Person search,2026-07-21T17:21:00+00:00,,,51.110964,-0.861501,Male,10-17,White - English/Welsh/Scottish/Northern Irish/British,White,Police and Criminal Evidence Act 1984 (section 1),,A no further action disposal,False,False
Person search,2026-07-21T18:00:00+00:00,,,50.796777,-1.102665,Male,10-17,White - English/Welsh/Scottish/Northern Irish/British,White,Police and Criminal Evidence Act 1984 (section 1),,A no further action disposal,False,False
Person search,2026-07-21T18:30:00+00:00,,,,,Male,25-34,White - English/Welsh/Scottish/Northern Irish/British,White,Misuse of Drugs Act 1971 (section 23),,Arrest,True,False
Person search,2026-07-21T18:30:00+00:00,,,51.303259,-0.762661,Male,18-24,White - English/Welsh/Scottish/Northern Irish/British,White,Police and Criminal Evidence Act 1984 (section 1),,Arrest,True,False
Person search,2026-07-21T18:40:00+00:00,,,50.919522,-1.487862,Male,10-17,Mixed/Multiple ethnic groups - White and Black Caribbean,Black,Misuse of Drugs Act 1971 (section 23),,,False,False
Person search,2026-07-21T19:30:00+00:00,,,51.257642,-1.093781,Male,over 34,Other ethnic group - Any other ethnic group,White,Police and Criminal Evidence Act 1984 (section 1),,A no further action disposal,False,False
Person search,2026-07-21T19:40:00+00:00,,,51.257242,-1.097845,Female,over 34,White - English/Welsh/Scottish/Northern Irish/British,White,Police and Criminal Evidence Act 1984 (section 1),,A no further action disposal,False,False
Person search,2026-07-21T19:50:00+00:00,,,,,Male,25-34,Other ethnic group - Not stated,Black,Misuse of Drugs Act 1971 (section 23),,Community resolution,True,False
Person search,2026-07-21T20:05:00+00:00,,,50.853442,-1.181219,Other,25-34,Asian/Asian British - Any other Asian background,Asian,Misuse of Drugs Act 1971 (section 23),,A no further action disposal,False,False
Person search,2026-07-21T20:05:00+00:00,,,50.907995,-1.406478,Male,over 34,White - English/Welsh/Scottish/Northern Irish/British,White,Police and Criminal Evidence Act 1984 (section 1),,Arrest,True,False
Person search,2026-07-21T21:48:00+00:00,,,51.118501,-0.830919,Female,over 34,White - English/Welsh/Scottish/Northern Irish/British,White,Police and Criminal Evidence Act 1984 (section 1),,A no further action disposal,False,False
Person search,2026-07-21T22:39:00+00:00,,,51.001564,-0.938233,Female,10-17,Other ethnic group - Not stated,Other,Misuse of Drugs Act 1971 (section 23),,Community resolution,True,False
Person search,2026-07-21T22:39:00+00:00,,,51.001564,-0.938233,Female,10-17,White - English/Welsh/Scottish/Northern Irish/British,White,Misuse of Drugs Act 1971 (section 23),,Community resolution,True,False
Person search,2026-07-21T22:39:00+00:00,,,51.001564,-0.938233,Female,10-17,Other ethnic group - Not stated,Other,Misuse of Drugs Act 1971 (section 23),,Community resolution,True,False
Person search,2026-07-21T23:24:00+00:00,,,50.817550,-1.158112,Female,18-24,Other ethnic group - Not stated,White,Misuse of Drugs Act 1971 (section 23),,A no further action disposal,False,False
Person search,2026-07-21T23:25:00+00:00,,,50.817550,-1.158112,Female,18-24,Other ethnic group - Not stated,White,Misuse of Drugs Act 1971 (section 23),,A no further action disposal,False,False
Person search,2026-07-21T23:30:00+00:00,,,51.254883,-1.113955,Male,over 34,White - English/Welsh/Scottish/Northern Irish/British,White,Misuse of Drugs Act 1971 (section 23),,A no further action disposal,False,False
Person search,2026-07-21T23:30:00+00:00,,,,,Male,10-17,White - English/Welsh/Scottish/Northern Irish/British,White,Misuse of Drugs Act 1971 (section 23),,A no further action disposal,False,False
Person search,2026-07-21T23:35:00+00:00,,,,,Male,18-24,White - English/Welsh/Scottish/Northern Irish/British,White,Misuse of Drugs Act 1971 (section 23),,A no further action disposal,False,False
Person search,2026-07-22T00:17:00+00:00,,,,,Male,18-24,Other ethnic group - Any other ethnic group,Black,Misuse of Drugs Act 1971 (section 23),,A no further action disposal,False,False
Person search,2026-07-22T01:00:00+00:00,,,51.218197,-1.469465,Male,25-34,White - English/Welsh/Scottish/Northern Irish/British,White,Police and Criminal Evidence Act 1984 (section 1),,A no further action disposal,False,False
Person search,2026-07-22T01:14:00+00:00,,,50.855020,-0.940370,Male,25-34,White - English/Welsh/Scottish/Northern Irish/British,White,Police and Criminal Evidence Act 1984 (section 1),,Arrest,True,False
Person search,2026-07-22T01:14:00+00:00,,,50.855020,-0.940370,Male,25-34,White - English/Welsh/Scottish/Northern Irish/British,White,Police and Criminal Evidence Act 1984 (section 1),,Arrest,True,False
Person search,2026-07-22T01:27:00+00:00,,,50.727068,-1.177572,Male,over 34,White - English/Welsh/Scottish/Northern Irish/British,White,Misuse of Drugs Act 1971 (section 23),,A no further action disposal,False,False
Person search,2026-07-22T01:27:00+00:00,,,,,Female,over 34,White - English/Welsh/Scottish/Northern Irish/British,White,Misuse of Drugs Act 1971 (section 23),,Arrest,False,False
Person search,2026-07-22T02:00:00+00:00,,,50.918970,-1.396764,Male,over 34,White - English/Welsh/Scottish/Northern Irish/British,White,Misuse of Drugs Act 1971 (section 23),,A no further action disposal,False,False
Person search,2026-07-22T02:04:00+00:00,,,50.919736,-1.397110,Male,over 34,White - English/Welsh/Scottish/Northern Irish/British,White,Misuse of Drugs Act 1971 (section 23),,A no further action disposal,False,False
Person search,2026-07-22T02:30:00+00:00,,,50.927522,-1.442015,Female,18-24,White - Any other White background,White,Misuse of Drugs Act 1971 (section 23),,A no further action disposal,False,False
Person search,2026-07-22T02:40:00+00:00,,,50.927522,-1.442015,Male,18-24,White - Any other White background,White,Misuse of Drugs Act 1971 (section 23),,A no further action disposal,False,False
Person search,2026-07-22T02:46:00+00:00,,,50.910700,-1.515069,Female,10-17,White - English/Welsh/Scottish/Northern Irish/British,White,Police and Criminal Evidence Act 1984 (section 1),,A no further action disposal,False,False
Person search,2026-07-22T07:30:00+00:00,,,50.807797,-1.062019,Male,18-24,White - English/Welsh/Scottish/Northern Irish/British,White,Police and Criminal Evidence Act 1984 (section 1),,A no further action disposal,False,False
Person search,2026-07-22T08:34:00+00:00,,,50.914078,-1.400141,Male,over 34,White - English/Welsh/Scottish/Northern Irish/British,White,Misuse of Drugs Act 1971 (section 23),,A no further action disposal,False,False
Person search,2026-07-22T09:25:00+00:00,,,,,Male,25-34,White - English/Welsh/Scottish/Northern Irish/British,White,Misuse of Drugs Act 1971 (section 23),,A no further action disposal,False,False
Person search,2026-07-22T09:30:00+00:00,,,,,Male,over 34,White - English/Welsh/Scottish/Northern Irish/British,White,Misuse of Drugs Act 1971 (section 23),,A no further action disposal,True,False
Person search,2026-07-22T09:30:00+00:00,,,,,Female,over 34,White - English/Welsh/Scottish/Northern Irish/British,White,Misuse of Drugs Act 1971 (section 23),,A no further action disposal,False,False
Person search,2026-07-22T09:30:00+00:00,,,,,Male,25-34,White - English/Welsh/Scottish/Northern Irish/British,White,Misuse of Drugs Act 1971 (section 23),,A no further action disposal,False,False
Person search,2026-07-22T10:30:00+00:00,,,50.908219,-1.397443,Male,10-17,Other ethnic group - Not stated,White,Misuse of Drugs Act 1971 (section 23),,A no further action disposal,False,False
Person search,2026-07-22T10:35:00+00:00,,,50.986643,-1.373734,Male,over 34,White - English/Welsh/Scottish/Northern Irish/British,White,Misuse of Drugs Act 1971 (section 23),,,True,False
Person search,2026-07-22T10:35:00+00:00,,,50.791775,-1.087296,Male,18-24,Other ethnic group - Not stated,White,Misuse of Drugs Act 1971 (section 23),,Arrest,True,False
Person search,2026-07-22T10:35:00+00:00,,,50.791775,-1.087296,Male,18-24,Other ethnic group - Not stated,Black,Misuse of Drugs Act 1971 (section 23),,Arrest,True,False
Person search,2026-07-22T10:40:00+00:00,,,,,Male,25-34,White - English/Welsh/Scottish/Northern Irish/British,Black,Misuse of Drugs Act 1971 (section 23),,Community resolution,True,False
Person search,2026-07-22T10:50:00+00:00,,,50.912843,-1.404951,Male,25-34,Other ethnic group - Not stated,White,Misuse of Drugs Act 1971 (section 23),,A no further action disposal,False,False
Person search,2026-07-22T12:03:00+00:00,,,50.879601,-1.029691,Male,over 34,White - English/Welsh/Scottish/Northern Irish/British,White,Misuse of Drugs Act 1971 (section 23),,Arrest,False,False
Person search,2026-07-22T12:40:00+00:00,,,,,Female,18-24,Other ethnic group - Not stated,Black,Police and Criminal Evidence Act 1984 (section 1),,A no further action disposal,False,False
Person search,2026-07-22T13:50:00+00:00,,,50.803875,-1.137652,Male,10-17,White - English/Welsh/Scottish/Northern Irish/British,White,Misuse of Drugs Act 1971 (section 23),,A no further action disposal,True,False
Person search,2026-07-22T14:28:00+00:00,,,50.809395,-1.076294,Other,25-34,Asian/Asian British - Any other Asian background,Asian,Misuse of Drugs Act 1971 (section 23),,A no further action disposal,False,False
Person search,2026-07-22T14:30:00+00:00,,,50.815379,-1.171437,Male,10-17,White - English/Welsh/Scottish/Northern Irish/British,White,Misuse of Drugs Act 1971 (section 23),,A no further action disposal,True,False
Person search,2026-07-22T16:10:00+00:00,,,50.800709,-1.087874,Male,over 34,White - English/Welsh/Scottish/Northern Irish/British,White,Misuse of Drugs Act 1971 (section 23),,Arrest,True,False
Person search,2026-07-22T16:15:00+00:00,,,50.853753,-0.984016,Male,10-17,White - English/Welsh/Scottish/Northern Irish/British,White,Police and Criminal Evidence Act 1984 (section 1),,Community resolution,True,False
Person search,2026-07-22T17:26:00+00:00,,,,,Male,25-34,White - Any other White background,White,Police and Criminal Evidence Act 1984 (section 1),,Arrest,False,False
Person search,2026-07-22T17:30:00+00:00,,,51.201024,-1.498346,Male,18-24,Mixed/Multiple ethnic groups - Any other Mixed/Multiple ethnic background,White,Misuse of Drugs Act 1971 (section 23),,Arrest,True,False
Person search,2026-07-22T17:30:00+00:00,,,51.201024,-1.498346,Male,18-24,White - Any other White background,White,Misuse of Drugs Act 1971 (section 23),,Arrest,True,False
Person search,2026-07-22T19:10:00+00:00,,,50.819081,-1.090120,Male,18-24,White - English/Welsh/Scottish/Northern Irish/British,White,Misuse of Drugs Act 1971 (section 23),,A no further action disposal,False,False
Person search,2026-07-22T19:19:00+00:00,,,50.815901,-1.082525,Male,18-24,White - English/Welsh/Scottish/Northern Irish/British,White,Misuse of Drugs Act 1971 (section 23),,A no further action disposal,False,False
Person search,2026-07-22T19:25:00+00:00,,,50.819081,-1.090120,Male,18-24,White - English/Welsh/Scottish/Northern Irish/British,White,Misuse of Drugs Act 1971 (section 23),,Community resolution,True,False
Person search,2026-07-22T20:09:00+00:00,,,50.876833,-1.579636,Male,over 34,White - English/Welsh/Scottish/Northern Irish/British,White,Misuse of Drugs Act 1971 (section 23),,Community resolution,True,False
Person search,2026-07-22T20:50:00+00:00,,,,,Female,25-34,White - English/Welsh/Scottish/Northern Irish/British,White,Police and Criminal Evidence Act 1984 (section 1),,A no further action disposal,False,False
Person search,2026-07-22T21:00:00+00:00,,,50.803889,-1.078233,Male,25-34,White - English/Welsh/Scottish/Northern Irish/British,White,Misuse of Drugs Act 1971 (section 23),,Arrest,False,False
Person search,2026-07-22T21:45:00+00:00,,,,,Male,18-24,White - English/Welsh/Scottish/Northern Irish/British,White,Misuse of Drugs Act 1971 (section 23),,Community resolution,True,False
Person search,2026-07-22T22:30:00+00:00,,,50.937170,-1.407202,Male,25-34,White - English/Welsh/Scottish/Northern Irish/British,White,Misuse of Drugs Act 1971 (section 23),,Community resolution,True,False
Person search,2026-07-22T23:05:00+00:00,,,51.180979,-1.473298,Male,18-24,White - English/Welsh/Scottish/Northern Irish/British,White,Police and Criminal Evidence Act 1984 (section 1),,A no further action disposal,False,False
Person search,2026-07-22T23:05:00+00:00,,,51.180979,-1.473298,Male,over 34,White - English/Welsh/Scottish/Northern Irish/British,White,Police and Criminal Evidence Act 1984 (section 1),,A no further action disposal,False,False
Person search,2026-07-22T23:39:00+00:00,,,51.040552,-1.390780,Female,10-17,White - English/Welsh/Scottish/Northern Irish/British,White,Misuse of Drugs Act 1971 (section 23),,Community resolution,True,False
Person search,2026-07-23T00:00:00+00:00,,,50.844759,-1.182976,Male,18-24,Mixed/Multiple ethnic groups - Any other Mixed/Multiple ethnic background,White,Misuse of Drugs Act 1971 (section 23),,Arrest,True,False
Person search,2026-07-23T00:00:00+00:00,,,50.844759,-1.182976,Male,18-24,Other ethnic group - Not stated,White,Misuse of Drugs Act 1971 (section 23),,Arrest,True,False
Person search,2026-07-23T01:00:00+00:00,,,51.260618,-1.067396,Male,25-34,Black/African/Caribbean/Black British - Caribbean,Black,Misuse of Drugs Act 1971 (section 23),,Community resolution,True,False
Person search,2026-07-23T01:27:00+00:00,,,,,Male,25-34,White - Any other White background,White,Police and Criminal Evidence Act 1984 (section 1),,A no further action disposal,False,False
Person search,2026-07-23T01:41:00+00:00,,,51.005933,-1.484417,Male,over 34,White - English/Welsh/Scottish/Northern Irish/British,White,Misuse of Drugs Act 1971 (section 23),,A no further action disposal,True,False
Person search,2026-07-23T02:00:00+00:00,,,,,Male,10-17,White - English/Welsh/Scottish/Northern Irish/British,White,Police and Criminal Evidence Act 1984 (section 1),,A no further action disposal,False,False
Person search,2026-07-23T03:30:00+00:00,,,50.873463,-1.245762,Male,18-24,White - Any other White background,White,Misuse of Drugs Act 1971 (section 23),,Arrest,True,False
Person search,2026-07-23T08:30:00+00:00,,,51.152745,-0.967052,Male,25-34,Other ethnic group - Any other ethnic group,White,Misuse of Drugs Act 1971 (section 23),,A no further action disposal,False,False
Person search,2026-07-23T08:45:00+00:00,,,51.283204,-1.074997,Female,over 34,Asian/Asian British - Any other Asian background,Asian,Misuse of Drugs Act 1971 (section 23),,A no further action disposal,False,False
Person search,2026-07-23T09:00:00+00:00,,,50.809848,-1.058685,Male,over 34,Black/African/Caribbean/Black British - Caribbean,Black,Misuse of Drugs Act 1971 (section 23),,Community resolution,True,False
Person search,2026-07-23T10:11:00+00:00,,,50.800980,-1.092333,Male,over 34,White - English/Welsh/Scottish/Northern Irish/British,White,Misuse of Drugs Act 1971 (section 23),,A no further action disposal,False,False
Person search,2026-07-23T10:24:00+00:00,,,50.905506,-1.403281,Female,25-34,White - English/Welsh/Scottish/Northern Irish/British,White,Misuse of Drugs Act 1971 (section 23),,Community resolution,True,False
Person search,2026-07-23T10:25:00+00:00,,,,,Male,over 34,Asian/Asian British - Indian,Asian,Misuse of Drugs Act 1971 (section 23),,A no further action disposal,False,False
Person search,2026-07-23T10:30:00+00:00,,,,,Male,over 34,White - English/Welsh/Scottish/Northern Irish/British,White,Misuse of Drugs Act 1971 (section 23),,A no further action disposal,False,False
Person search,2026-07-23T10:38:00+00:00,,,50.905506,-1.403281,Male,25-34,White - English/Welsh/Scottish/Northern Irish/British,White,Misuse of Drugs Act 1971 (section 23),,A no further action disposal,False,False
Person search,2026-07-23T10:54:00+00:00,,,50.788980,-1.091053,Male,18-24,White - Any other White background,Black,Misuse of Drugs Act 1971 (section 23),,Summons / charged by post,True,False
Person search,2026-07-23T11:00:00+00:00,,,50.912181,-1.407292,Male,over 34,White - English/Welsh/Scottish/Northern Irish/British,White,Misuse of Drugs Act 1971 (section 23),,A no further action disposal,False,False
Person search,2026-07-23T11:10:00+00:00,,,,,Male,over 34,Other ethnic group - Any other ethnic group,Other,Misuse of Drugs Act 1971 (section 23),,Arrest,False,True
Person search,2026-07-23T11:14:00+00:00,,,50.912181,-1.407292,Male,over 34,White - English/Welsh/Scottish/Northern Irish/British,White,Misuse of Drugs Act 1971 (section 23),,A no further action disposal,False,False
Person search,2026-07-23T11:35:00+00:00,,,51.260342,-1.124828,Male,over 34,White - Any other White background,White,Misuse of Drugs Act 1971 (section 23),,A no further action disposal,False,False
Person search,2026-07-23T12:10:00+00:00,,,50.851417,-1.183598,Male,25-34,Other ethnic group - Not stated,White,Misuse of Drugs Act 1971 (section 23),,Summons / charged by post,True,False
Person search,2026-07-23T12:17:00+00:00,,,,,Male,18-24,Black/African/Caribbean/Black British - African,Black,Misuse of Drugs Act 1971 (section 23),,Community resolution,False,False
Person search,2026-07-23T12:30:00+00:00,,,,,Female,over 34,White - English/Welsh/Scottish/Northern Irish/British,White,Misuse of Drugs Act 1971 (section 23),,A no further action disposal,True,False
Person search,2026-07-23T12:30:00+00:00,,,,,Male,over 34,White - English/Welsh/Scottish/Northern Irish/British,White,Misuse of Drugs Act 1971 (section 23),,A no further action disposal,False,False
Person search,2026-07-23T14:30:00+00:00,,,50.878866,-1.031028,Male,over 34,White - English/Welsh/Scottish/Northern Irish/British,White,Police and Criminal Evidence Act 1984 (section 1),,Summons / charged by post,True,False
Person search,2026-07-23T16:12:00+00:00,,,50.913734,-1.406774,Male,18-24,Other ethnic group - Any other ethnic group,White,Misuse of Drugs Act 1971 (section 23),,Arrest,True,True
Person search,2026-07-23T16:20:00+00:00,,,50.913082,-1.405844,Male,18-24,Asian/Asian British - Any other Asian background,Asian,Misuse of Drugs Act 1971 (section 23),,Arrest,False,True
Person search,2026-07-23T16:21:00+00:00,,,50.941464,-1.371764,Male,18-24,White - English/Welsh/Scottish/Northern Irish/British,White,Misuse of Drugs Act 1971 (section 23),,A no further action disposal,False,False
Person search,2026-07-23T16:28:00+00:00,,,50.941464,-1.371764,Male,over 34,White - English/Welsh/Scottish/Northern Irish/British,White,Misuse of Drugs Act 1971 (section 23),,Community resolution,True,False
Person search,2026-07-23T16:36:00+00:00,,,,,Male,18-24,White - English/Welsh/Scottish/Northern Irish/British,White,Police and Criminal Evidence Act 1984 (section 1),,Community resolution,False,False
Person search,2026-07-23T16:40:00+00:00,,,50.911254,-1.405440,Male,18-24,Asian/Asian British - Any other Asian background,Other,Misuse of Drugs Act 1971 (section 23),,Arrest,False,False
Person search,2026-07-23T16:41:00+00:00,,,50.846338,-1.095430,Male,18-24,Other ethnic group - Not stated,Black,Police and Criminal Evidence Act 1984 (section 1),,A no further action disposal,False,False
Person search,2026-07-23T17:00:00+00:00,,,50.757480,-1.655518,Male,over 34,White - English/Welsh/Scottish/Northern Irish/British,White,Police and Criminal Evidence Act 1984 (section 1),,Arrest,True,False
Person search,2026-07-23T17:30:00+00:00,,,50.757480,-1.655518,Female,25-34,Other ethnic group - Not stated,White,Police and Criminal Evidence Act 1984 (section 1),,A no further action disposal,True,False
Person search,2026-07-23T17:46:00+00:00,,,50.809916,-1.078455,Male,over 34,White - English/Welsh/Scottish/Northern Irish/British,White,Misuse of Drugs Act 1971 (section 23),,Arrest,False,False
Person search,2026-07-23T17:51:00+00:00,,,51.062339,-1.312418,Female,10-17,Other ethnic group - Not stated,White,Police and Criminal Evidence Act 1984 (section 1),,A no further action disposal,False,False
Person search,2026-07-23T17:53:00+00:00,,,50.901316,-1.403420,Male,10-17,White - English/Welsh/Scottish/Northern Irish/British,White,Police and Criminal Evidence Act 1984 (section 1),,A no further action disposal,True,False
Person search,2026-07-23T18:00:00+00:00,,,50.732737,-1.159589,Female,over 34,White - Irish,White,Misuse of Drugs Act 1971 (section 23),,Community resolution,True,False
Person search,2026-07-23T18:00:00+00:00,,,,,Male,over 34,White - English/Welsh/Scottish/Northern Irish/British,White,Misuse of Drugs Act 1971 (section 23),,A no further action disposal,False,False
Person search,2026-07-23T18:43:00+00:00,,,,,Male,10-17,White - English/Welsh/Scottish/Northern Irish/British,White,Misuse of Drugs Act 1971 (section 23),,A no further action disposal,True,False
Person search,2026-07-23T19:37:00+00:00,,,,,Male,25-34,White - English/Welsh/Scottish/Northern Irish/British,White,Misuse of Drugs Act 1971 (section 23),,Arrest,True,False
Person search,2026-07-23T20:00:00+00:00,,,50.808635,-1.077955,Male,18-24,Mixed/Multiple ethnic groups - White and Black African,Other,Misuse of Drugs Act 1971 (section 23),,A no further action disposal,False,False
Person search,2026-07-23T20:15:00+00:00,,,50.913734,-1.406774,Male,18-24,Other ethnic group - Not stated,Black,Misuse of Drugs Act 1971 (section 23),,Arrest,True,True
Person search,2026-07-23T20:30:00+00:00,,,50.913734,-1.406774,Male,10-17,Other ethnic group - Not stated,Black,Misuse of Drugs Act 1971 (section 23),,Arrest,True,True
Person search,2026-07-23T22:06:00+00:00,,,,,Female,over 34,White - English/Welsh/Scottish/Northern Irish/British,White,Misuse of Drugs Act 1971 (section 23),,Community resolution,True,False
Person search,2026-07-23T22:50:00+00:00,,,50.789413,-1.093471,Male,18-24,Black/African/Caribbean/Black British - African,Black,Misuse of Drugs Act 1971 (section 23),,A no further action disposal,False,False
Person search,2026-07-23T22:54:00+00:00,,,50.805298,-1.140308,Female,25-34,White - English/Welsh/Scottish/Northern Irish/British,White,Misuse of Drugs Act 1971 (section 23),,A no further action disposal,False,False
Person search,2026-07-23T23:02:00+00:00,,,50.805298,-1.140308,Female,18-24,White - English/Welsh/Scottish/Northern Irish/British,White,Misuse of Drugs Act 1971 (section 23),,Community resolution,True,False
Person search,2026-07-23T23:30:00+00:00,,,50.786334,-1.074677,Male,over 34,White - Any other White background,White,Misuse of Drugs Act 1971 (section 23),,Arrest,False,True
Person search,2026-07-24T03:45:00+00:00,,,,,Female,25-34,Asian/Asian British - Any other Asian background,Asian,Police and Criminal Evidence Act 1984 (section 1),,A no further action disposal,True,False
Person search,2026-07-24T04:15:00+00:00,,,51.153540,-1.337920,Male,over 34,Other ethnic group - Not stated,White,Misuse of Drugs Act 1971 (section 23),,Arrest,False,False
Person search,2026-07-24T09:20:00+00:00,,,50.919047,-1.402980,Female,18-24,Mixed/Multiple ethnic groups - White and Black Caribbean,White,Misuse of Drugs Act 1971 (section 23),,A no further action disposal,True,False
Person search,2026-07-24T09:22:00+00:00,,,51.150454,-0.973853,Other,25-34,Black/African/Caribbean/Black British - Any other Black/African/Caribbean background,Black,Misuse of Drugs Act 1971 (section 23),,Community resolution,True,False
Person search,2026-07-24T09:50:00+00:00,,,,,Male,over 34,Black/African/Caribbean/Black British - Caribbean,White,Police and Criminal Evidence Act 1984 (section 1),,A no further action disposal,True,False
Person search,2026-07-24T11:05:00+00:00,,,50.697445,-1.288106,Female,over 34,White - English/Welsh/Scottish/Northern Irish/British,White,Police and Criminal Evidence Act 1984 (section 1),,A no further action disposal,False,False
Person search,2026-07-24T13:00:00+00:00,,,50.851714,-1.179604,Male,over 34,White - English/Welsh/Scottish/Northern Irish/British,White,Misuse of Drugs Act 1971 (section 23),,Community resolution,True,False
Person search,2026-07-24T13:00:00+00:00,,,50.851714,-1.179604,Female,over 34,White - English/Welsh/Scottish/Northern Irish/British,White,Misuse of Drugs Act 1971 (section 23),,A no further action disposal,False,False
Person search,2026-07-24T15:00:00+00:00,,,50.915476,-1.406297,Male,18-24,Asian/Asian British - Any other Asian background,Asian,Misuse of Drugs Act 1971 (section 23),,A no further action disposal,False,False
Person search,2026-07-24T15:00:00+00:00,,,50.915476,-1.406297,Male,18-24,Mixed/Multiple ethnic groups - Any other Mixed/Multiple ethnic background,Asian,Misuse of Drugs Act 1971 (section 23),,A no further action disposal,False,False
Person search,2026-07-24T15:51:00+00:00,,,50.910485,-1.417000,Male,over 34,White - English/Welsh/Scottish/Northern Irish/British,White,Misuse of Drugs Act 1971 (section 23),,A no further action disposal,False,False
Person search,2026-07-24T15:53:00+00:00,,,,,Male,18-24,White - English/Welsh/Scottish/Northern Irish/British,White,Misuse of Drugs Act 1971 (section 23),,Arrest,True,True
Person search,2026-07-24T16:15:00+00:00,,,50.782987,-1.089353,Male,18-24,White - English/Welsh/Scottish/Northern Irish/British,White,Misuse of Drugs Act 1971 (section 23),,A no further action disposal,False,False
Person search,2026-07-24T17:25:00+00:00,,,51.207122,-1.482075,Male,10-17,White - English/Welsh/Scottish/Northern Irish/British,White,Misuse of Drugs Act 1971 (section 23),,Community resolution,True,False
Person search,2026-07-24T18:01:00+00:00,,,,,Male,over 34,White - English/Welsh/Scottish/Northern Irish/British,White,Police and Criminal Evidence Act 1984 (section 1),,A no further action disposal,False,False
Person search,2026-07-24T18:30:00+00:00,,,50.908475,-1.398322,Male,18-24,Black/African/Caribbean/Black British - African,Black,Misuse of Drugs Act 1971 (section 23),,A no further action disposal,False,False
Person search,2026-07-24T18:37:00+00:00,,,50.792235,-1.108455,Male,25-34,Other ethnic group - Arab,Other,Misuse of Drugs Act 1971 (section 23),,Community resolution,True,False
Person search,2026-07-24T18:57:00+00:00,,,50.795369,-1.125621,Female,18-24,Other ethnic group - Not stated,Black,Misuse of Drugs Act 1971 (section 23),,A no further action disposal,False,False
Person search,2026-07-24T18:57:00+00:00,,,50.795369,-1.125621,Male,18-24,White - English/Welsh/Scottish/Northern Irish/British,White,Misuse of Drugs Act 1971 (section 23),,Summons / charged by post,True,False
Person search,2026-07-24T19:15:00+00:00,,,51.292916,-0.765879,Male,10-17,White - English/Welsh/Scottish/Northern Irish/British,White,Misuse of Drugs Act 1971 (section 23),,A no further action disposal,True,False
Person search,2026-07-24T19:30:00+00:00,,,51.292690,-0.763160,Male,10-17,White - English/Welsh/Scottish/Northern Irish/British,White,Police and Criminal Evidence Act 1984 (section 1),,A no further action disposal,False,False
Person search,2026-07-24T19:45:00+00:00,,,50.631993,-1.178581,Male,over 34,Other ethnic group - Not stated,White,Police and Criminal Evidence Act 1984 (section 1),,A no further action disposal,True,False
Person search,2026-07-24T20:10:00+00:00,,,50.914078,-1.400141,Male,over 34,Black/African/Caribbean/Black British - Any other Black/African/Caribbean background,White,Misuse of Drugs Act 1971 (section 23),,A no further action disposal,False,False
Person search,2026-07-24T21:00:00+00:00,,,51.292503,-0.821737,Male,10-17,White - English/Welsh/Scottish/Northern Irish/British,White,Police and Criminal Evidence Act 1984 (section 1),,A no further action disposal,False,False
Person search,2026-07-24T21:03:00+00:00,,,50.874398,-1.264138,Female,10-17,White - English/Welsh/Scottish/Northern Irish/British,White,Misuse of Drugs Act 1971 (section 23),,A no further action disposal,False,False
Person search,2026-07-24T21:03:00+00:00,,,50.874398,-1.264138,Female,10-17,White - English/Welsh/Scottish/Northern Irish/British,White,Misuse of Drugs Act 1971 (section 23),,Community resolution,True,False
Person search,2026-07-24T21:15:00+00:00,,,50.853352,-1.191563,Male,10-17,White - English/Welsh/Scottish/Northern Irish/British,White,Misuse of Drugs Act 1971 (section 23),,A no further action disposal,False,False
Person search,2026-07-24T21:20:00+00:00,,,,,Male,10-17,White - English/Welsh/Scottish/Northern Irish/British,White,Misuse of Drugs Act 1971 (section 23),,A no further action disposal,False,False
Person search,2026-07-24T21:30:00+00:00,,,50.908475,-1.398322,Male,18-24,Black/African/Caribbean/Black British - African,Black,Misuse of Drugs Act 1971 (section 23),,Community resolution,False,False
Person search,2026-07-24T21:30:00+00:00,,,,,Female,10-17,White - English/Welsh/Scottish/Northern Irish/British,White,Misuse of Drugs Act 1971 (section 23),,A no further action disposal,False,False
Person search,2026-07-24T21:33:00+00:00,,,50.902450,-1.405225,Male,25-34,Other ethnic group - Not stated,White,Police and Criminal Evidence Act 1984 (section 1),,Arrest,True,False
Person search,2026-07-24T21:35:00+00:00,,,,,Male,10-17,White - English/Welsh/Scottish/Northern Irish/British,White,Misuse of Drugs Act 1971 (section 23),,A no further action disposal,False,False
Person search,2026-07-24T21:40:00+00:00,,,,,Male,10-17,White - English/Welsh/Scottish/Northern Irish/British,White,Misuse of Drugs Act 1971 (section 23),,A no further action disposal,False,False
Person search,2026-07-24T21:49:00+00:00,,,,,Male,18-24,White - English/Welsh/Scottish/Northern Irish/British,White,Misuse of Drugs Act 1971 (section 23),,A no further action disposal,False,False
Person search,2026-07-24T21:50:00+00:00,,,50.933381,-1.385620,Male,over 34,White - English/Welsh/Scottish/Northern Irish/British,White,Misuse of Drugs Act 1971 (section 23),,A no further action disposal,False,False
Person search,2026-07-24T21:50:00+00:00,,,,,Female,10-17,White - English/Welsh/Scottish/Northern Irish/British,White,Misuse of Drugs Act 1971 (section 23),,A no further action disposal,False,False
Person search,2026-07-24T22:00:00+00:00,,,50.908794,-1.397422,Male,25-34,Black/African/Caribbean/Black British - African,Black,Misuse of Drugs Act 1971 (section 23),,Community resolution,True,False
Person search,2026-07-24T22:00:00+00:00,,,50.908475,-1.398322,Male,18-24,Other ethnic group - Not stated,Black,Misuse of Drugs Act 1971 (section 23),,Community resolution,False,False
Person search,2026-07-24T22:30:00+00:00,,,,,Male,18-24,Black/African/Caribbean/Black British - African,Black,Misuse of Drugs Act 1971 (section 23),,A no further action disposal,False,True
Person search,2026-07-24T22:39:00+00:00,,,51.279569,-1.082726,Male,18-24,White - Any other White background,White,Police and Criminal Evidence Act 1984 (section 1),,A no further action disposal,False,False
Person search,2026-07-24T22:40:00+00:00,,,50.786646,-1.070982,Male,18-24,Other ethnic group - Not stated,White,Misuse of Drugs Act 1971 (section 23),,A no further action disposal,False,False
Person search,2026-07-24T22:43:00+00:00,,,50.901854,-1.397895,Male,10-17,Black/African/Caribbean/Black British - Any other Black/African/Caribbean background,Black,Misuse of Drugs Act 1971 (section 23),,A no further action disposal,False,False
Person search,2026-07-24T22:50:00+00:00,,,51.060896,-1.307335,Male,25-34,Asian/Asian British - Pakistani,Asian,Misuse of Drugs Act 1971 (section 23),,A no further action disposal,False,False
Person search,2026-07-24T22:56:00+00:00,,,50.782987,-1.089353,Male,10-17,White - English/Welsh/Scottish/Northern Irish/British,White,Police and Criminal Evidence Act 1984 (section 1),,A no further action disposal,False,False
Person search,2026-07-24T22:56:00+00:00,,,50.782987,-1.089353,Male,10-17,White - English/Welsh/Scottish/Northern Irish/British,White,Police and Criminal Evidence Act 1984 (section 1),,A no further action disposal,False,False
Person search,2026-07-24T23:07:00+00:00,,,50.899288,-1.376669,Male,over 34,Black/African/Caribbean/Black British - Any other Black/African/Caribbean background,Black,Police and Criminal Evidence Act 1984 (section 1),,A no further action disposal,False,False
Person search,2026-07-24T23:30:00+00:00,,,50.789891,-1.074181,Male,18-24,White - Any other White background,White,Misuse of Drugs Act 1971 (section 23),,A no further action disposal,False,False
Person search,2026-07-24T23:30:00+00:00,,,,,Female,10-17,White - English/Welsh/Scottish/Northern Irish/British,White,Misuse of Drugs Act 1971 (section 23),,A no further action disposal,False,False
Person search,2026-07-24T23:30:00+00:00,,,,,Female,10-17,White - English/Welsh/Scottish/Northern Irish/British,White,Misuse of Drugs Act 1971 (section 23),,A no further action disposal,False,False
Person search,2026-07-24T23:30:00+00:00,,,,,Male,18-24,Other ethnic group - Not stated,White,Police and Criminal Evidence Act 1984 (section 1),,A no further action disposal,False,False
Person search,2026-07-25T00:00:00+00:00,,,,,Male,25-34,Asian/Asian British - Pakistani,Asian,Misuse of Drugs Act 1971 (section 23),,A no further action disposal,False,False
Person search,2026-07-25T00:39:00+00:00,,,50.808195,-1.152773,Male,25-34,White - Any other White background,White,Misuse of Drugs Act 1971 (section 23),,Arrest,True,False
Person search,2026-07-25T00:43:00+00:00,,,50.791969,-1.075360,Male,10-17,Other ethnic group - Not stated,Asian,Police and Criminal Evidence Act 1984 (section 1),,A no further action disposal,False,False
Person search,2026-07-25T01:30:00+00:00,,,50.902736,-1.403259,Male,over 34,Other ethnic group - Not stated,Asian,Police and Criminal Evidence Act 1984 (section 1),,A no further action disposal,False,False
Person search,2026-07-25T02:30:00+00:00,,,,,Male,over 34,Other ethnic group - Not stated,White,Misuse of Drugs Act 1971 (section 23),,A no further action disposal,False,False
Person search,2026-07-25T05:30:00+00:00,,,,,Male,over 34,White - English/Welsh/Scottish/Northern Irish/British,White,Misuse of Drugs Act 1971 (section 23),,Community resolution,False,False
Person search,2026-07-25T08:00:00+00:00,,,50.887765,-1.356123,Female,10-17,White - English/Welsh/Scottish/Northern Irish/British,White,Police and Criminal Evidence Act 1984 (section 1),,A no further action disposal,False,False
Person search,2026-07-25T09:15:00+00:00,,,50.795138,-1.087273,Male,over 34,White - English/Welsh/Scottish/Northern Irish/British,White,Misuse of Drugs Act 1971 (section 23),,A no further action disposal,False,False
Person search,2026-07-25T10:30:00+00:00,,,50.904981,-1.400884,Male,over 34,White - English/Welsh/Scottish/Northern Irish/British,White,Police and Criminal Evidence Act 1984 (section 1),,Arrest,True,False
Person search,2026-07-25T10:30:00+00:00,,,,,Male,25-34,White - English/Welsh/Scottish/Northern Irish/British,White,Police and Criminal Evidence Act 1984 (section 1),,A no further action disposal,False,False
Person search,2026-07-25T11:30:00+00:00,,,,,Male,10-17,White - English/Welsh/Scottish/Northern Irish/British,White,Misuse of Drugs Act 1971 (section 23),,A no further action disposal,False,False
Person search,2026-07-25T11:40:00+00:00,,,50.871593,-1.268446,Male,25-34,Other ethnic group - Not stated,Black,Misuse of Drugs Act 1971 (section 23),,A no further action disposal,False,False
Person search,2026-07-25T11:45:00+00:00,,,50.908696,-1.415258,Female,over 34,White - English/Welsh/Scottish/Northern Irish/British,White,Police and Criminal Evidence Act 1984 (section 1),,Arrest,True,False
Person search,2026-07-25T13:00:00+00:00,,,50.801041,-1.085498,Male,over 34,Other ethnic group - Not stated,White,Police and Criminal Evidence Act 1984 (section 1),,Summons / charged by post,False,False
Person search,2026-07-25T14:00:00+00:00,,,50.964731,-1.354277,Male,10-17,White - English/Welsh/Scottish/Northern Irish/British,White,Misuse of Drugs Act 1971 (section 23),,Arrest,True,False
Person search,2026-07-25T14:48:00+00:00,,,50.753625,-1.665866,Male,over 34,Other ethnic group - Not stated,White,Police and Criminal Evidence Act 1984 (section 1),,A no further action disposal,False,False
Person search,2026-07-25T15:07:00+00:00,,,50.754517,-1.660288,Male,over 34,White - English/Welsh/Scottish/Northern Irish/British,White,Misuse of Drugs Act 1971 (section 23),,Arrest,True,False
Person search,2026-07-25T16:00:00+00:00,,,50.914266,-1.398318,Male,25-34,Other ethnic group - Not stated,Black,Police and Criminal Evidence Act 1984 (section 1),,A no further action disposal,True,False
Person search,2026-07-25T16:00:00+00:00,,,50.931648,-1.386041,Female,over 34,White - English/Welsh/Scottish/Northern Irish/British,White,Misuse of Drugs Act 1971 (section 23),,A no further action disposal,False,False
Person search,2026-07-25T17:00:00+00:00,,,50.795808,-1.078746,Male,18-24,Other ethnic group - Not stated,Other,Misuse of Drugs Act 1971 (section 23),,A no further action disposal,False,False
Person search,2026-07-25T17:12:00+00:00,,,,,Male,over 34,White - English/Welsh/Scottish/Northern Irish/British,White,Misuse of Drugs Act 1971 (section 23),,A no further action disposal,False,False
Person search,2026-07-25T17:22:00+00:00,,,,,Female,over 34,White - English/Welsh/Scottish/Northern Irish/British,White,Misuse of Drugs Act 1971 (section 23),,A no further action disposal,False,False
Person search,2026-07-25T17:30:00+00:00,,,50.911463,-1.402280,Male,over 34,White - English/Welsh/Scottish/Northern Irish/British,White,Misuse of Drugs Act 1971 (section 23),,A no further action disposal,False,False
Person search,2026-07-25T17:45:00+00:00,,,50.914078,-1.400141,Male,18-24,Black/African/Caribbean/Black British - African,White,Misuse of Drugs Act 1971 (section 23),,A no further action disposal,False,False
Person search,2026-07-25T17:55:00+00:00,,,50.911463,-1.402280,Male,over 34,White - Any other White background,White,Misuse of Drugs Act 1971 (section 23),,Community resolution,True,False
Person search,2026-07-25T18:00:00+00:00,,,,,Male,over 34,White - Any other White background,White,Misuse of Drugs Act 1971 (section 23),,A no further action disposal,False,False
Person search,2026-07-25T18:00:00+00:00,,,50.929309,-1.384208,Male,over 34,Other ethnic group - Not stated,White,Police and Criminal Evidence Act 1984 (section 1),,A no further action disposal,False,False
Person search,2026-07-25T18:15:00+00:00,,,50.911463,-1.402280,Female,25-34,White - Any other White background,White,Misuse of Drugs Act 1971 (section 23),,A no further action disposal,True,False
Person search,2026-07-25T18:20:00+00:00,,,,,Male,25-34,White - English/Welsh/Scottish/Northern Irish/British,White,Misuse of Drugs Act 1971 (section 23),,Community resolution,True,False
Person search,2026-07-25T18:30:00+00:00,,,50.654939,-1.155278,Male,10-17,White - English/Welsh/Scottish/Northern Irish/British,White,Misuse of Drugs Act 1971 (section 23),,Arrest,False,False
Person search,2026-07-25T19:00:00+00:00,,,,,Male,10-17,White - English/Welsh/Scottish/Northern Irish/British,White,Misuse of Drugs Act 1971 (section 23),,A no further action disposal,False,False
Person search,2026-07-25T20:27:00+00:00,,,50.628210,-1.172666,Male,25-34,White - English/Welsh/Scottish/Northern Irish/British,White,Misuse of Drugs Act 1971 (section 23),,A no further action disposal,True,False
Person search,2026-07-25T21:04:00+00:00,,,50.968230,-1.351309,Male,over 34,White - English/Welsh/Scottish/Northern Irish/British,White,Misuse of Drugs Act 1971 (section 23),,Community resolution,False,False
Person search,2026-07-25T21:15:00+00:00,,,51.061647,-1.309664,Male,25-34,White - English/Welsh/Scottish/Northern Irish/British,White,Misuse of Drugs Act 1971 (section 23),,A no further action disposal,False,False
Person search,2026-07-25T21:20:00+00:00,,,,,Male,25-34,White - English/Welsh/Scottish/Northern Irish/British,White,Misuse of Drugs Act 1971 (section 23),,Community resolution,True,False
Person search,2026-07-25T21:30:00+00:00,,,,,Male,over 34,Other ethnic group - Not stated,White,Misuse of Drugs Act 1971 (section 23),,Arrest,False,False
Person search,2026-07-25T21:50:00+00:00,,,51.061647,-1.309664,Male,18-24,White - English/Welsh/Scottish/Northern Irish/British,White,Misuse of Drugs Act 1971 (section 23),,A no further action disposal,False,False
Person search,2026-07-25T21:54:00+00:00,,,,,Male,25-34,White - English/Welsh/Scottish/Northern Irish/British,White,Misuse of Drugs Act 1971 (section 23),,Community resolution,True,False
Person search,2026-07-25T22:02:00+00:00,,,51.062267,-1.311082,Male,over 34,White - English/Welsh/Scottish/Northern Irish/British,White,Misuse of Drugs Act 1971 (section 23),,Community resolution,True,False
Person search,2026-07-25T22:22:00+00:00,,,51.062267,-1.311082,Male,over 34,White - English/Welsh/Scottish/Northern Irish/British,White,Misuse of Drugs Act 1971 (section 23),,,True,False
Person search,2026-07-25T22:24:00+00:00,,,51.062267,-1.311082,Male,over 34,White - Any other White background,White,Misuse of Drugs Act 1971 (section 23),,Community resolution,True,False
Person search,2026-07-25T22:28:00+00:00,,,50.907145,-1.404810,Male,18-24,Mixed/Multiple ethnic groups - Any other Mixed/Multiple ethnic background,Black,Misuse of Drugs Act 1971 (section 23),,A no further action disposal,False,False
Person search,2026-07-25T22:41:00+00:00,,,50.637347,-1.171374,Male,25-34,White - English/Welsh/Scottish/Northern Irish/British,White,Misuse of Drugs Act 1971 (section 23),,Community resolution,True,False
Person search,2026-07-25T23:00:00+00:00,,,50.911104,-1.407647,Male,18-24,Mixed/Multiple ethnic groups - Any other Mixed/Multiple ethnic background,Asian,Misuse of Drugs Act 1971 (section 23),,A no further action disposal,False,False
Person search,2026-07-25T23:00:00+00:00,,,50.910653,-1.407397,Male,18-24,Mixed/Multiple ethnic groups - Any other Mixed/Multiple ethnic background,Black,Misuse of Drugs Act 1971 (section 23),,A no further action disposal,False,False
Person search,2026-07-25T23:29:00+00:00,,,,,Male,25-34,Black/African/Caribbean/Black British - African,Black,Misuse of Drugs Act 1971 (section 23),,A no further action disposal,False,False
Person search,2026-07-25T23:30:00+00:00,,,51.084641,-1.184184,Male,25-34,White - Any other White background,White,Misuse of Drugs Act 1971 (section 23),,Community resolution,True,False
Person search,2026-07-25T23:30:00+00:00,,,50.911463,-1.402280,Male,18-24,Mixed/Multiple ethnic groups - White and Black African,Black,Misuse of Drugs Act 1971 (section 23),,A no further action disposal,False,False
Person search,2026-07-25T23:30:00+00:00,,,50.911463,-1.402280,Male,18-24,Black/African/Caribbean/Black British - Caribbean,Black,Misuse of Drugs Act 1971 (section 23),,A no further action disposal,False,False
Person search,2026-07-26T00:06:00+00:00,,,51.207382,-1.478035,Female,18-24,White - English/Welsh/Scottish/Northern Irish/British,White,Misuse of Drugs Act 1971 (section 23),,Community resolution,True,False
Person search,2026-07-26T00:25:00+00:00,,,,,Female,18-24,White - English/Welsh/Scottish/Northern Irish/British,White,Misuse of Drugs Act 1971 (section 23),,A no further action disposal,False,False
Person search,2026-07-26T00:30:00+00:00,,,50.763301,-1.304874,Male,25-34,White - English/Welsh/Scottish/Northern Irish/British,White,Police and Criminal Evidence Act 1984 (section 1),,Arrest,False,False
Person search,2026-07-26T01:05:00+00:00,,,51.062267,-1.311082,Male,over 34,White - English/Welsh/Scottish/Northern Irish/British,White,Misuse of Drugs Act 1971 (section 23),,Community resolution,True,False
Person search,2026-07-26T01:05:00+00:00,,,51.062267,-1.311082,Male,18-24,White - English/Welsh/Scottish/Northern Irish/British,White,Misuse of Drugs Act 1971 (section 23),,Community resolution,True,False
Person search,2026-07-26T03:51:00+00:00,,,,,Male,18-24,White - English/Welsh/Scottish/Northern Irish/British,White,Misuse of Drugs Act 1971 (section 23),,A no further action disposal,True,False
Person search,2026-07-26T04:55:00+00:00,,,,,Male,18-24,Other ethnic group - Any other ethnic group,Black,Police and Criminal Evidence Act 1984 (section 1),,Community resolution,False,False
Person search,2026-07-26T05:22:00+00:00,,,50.898328,-1.535446,Female,10-17,White - English/Welsh/Scottish/Northern Irish/British,White,Police and Criminal Evidence Act 1984 (section 1),,A no further action disposal,False,False
Person search,2026-07-26T06:50:00+00:00,,,50.912728,-1.443614,Male,over 34,White - English/Welsh/Scottish/Northern Irish/British,White,Police and Criminal Evidence Act 1984 (section 1),,Summons / charged by post,False,False
Person search,2026-07-26T08:15:00+00:00,,,50.789891,-1.074181,Male,18-24,White - English/Welsh/Scottish/Northern Irish/British,White,Misuse of Drugs Act 1971 (section 23),,Arrest,True,False
Person search,2026-07-26T08:49:00+00:00,,,,,Male,10-17,White - English/Welsh/Scottish/Northern Irish/British,White,Misuse of Drugs Act 1971 (section 23),,A no further action disposal,False,False
Person search,2026-07-26T08:55:00+00:00,,,50.864643,-1.180710,Male,25-34,White - English/Welsh/Scottish/Northern Irish/British,White,Misuse of Drugs Act 1971 (section 23),,Arrest,False,False
Person search,2026-07-26T11:20:00+00:00,,,51.278340,-1.080772,Other,over 34,Other ethnic group - Any other ethnic group,White,Police and Criminal Evidence Act 1984 (section 1),,A no further action disposal,False,False
Person search,2026-07-26T11:23:00+00:00,,,51.278340,-1.080772,Male,over 34,White - Any other White background,White,Police and Criminal Evidence Act 1984 (section 1),,A no further action disposal,False,False
Person search,2026-07-26T11:30:00+00:00,,,51.278340,-1.080772,Male,over 34,White - Any other White background,White,Police and Criminal Evidence Act 1984 (section 1),,A no further action disposal,False,False
Person search,2026-07-26T11:30:00+00:00,,,51.278340,-1.080772,Male,over 34,White - Any other White background,White,Police and Criminal Evidence Act 1984 (section 1),,A no further action disposal,False,False
Person search,2026-07-26T12:00:00+00:00,,,,,Male,10-17,White - English/Welsh/Scottish/Northern Irish/British,White,Misuse of Drugs Act 1971 (section 23),,Arrest,True,True
Person search,2026-07-26T13:25:00+00:00,,,50.792887,-1.130491,Male,10-17,White - English/Welsh/Scottish/Northern Irish/British,White,Police and Criminal Evidence Act 1984 (section 1),,Community resolution,True,False
Person search,2026-07-26T14:15:00+00:00,,,50.780624,-1.073669,Female,25-34,White - English/Welsh/Scottish/Northern Irish/British,White,Police and Criminal Evidence Act 1984 (section 1),,A no further action disposal,True,False
Person search,2026-07-26T14:30:00+00:00,,,,,Male,18-24,Asian/Asian British - Any other Asian background,Asian,Misuse of Drugs Act 1971 (section 23),,A no further action disposal,False,True
Person search,2026-07-26T15:54:00+00:00,,,,,Male,25-34,Other ethnic group - Not stated,Asian,Police and Criminal Evidence Act 1984 (section 1),,A no further action disposal,True,False
Person search,2026-07-26T16:00:00+00:00,,,,,Male,over 34,Asian/Asian British - Any other Asian background,Asian,Police and Criminal Evidence Act 1984 (section 1),,A no further action disposal,False,False
Person search,2026-07-26T16:00:00+00:00,,,,,Male,25-34,Asian/Asian British - Any other Asian background,Asian,Police and Criminal Evidence Act 1984 (section 1),,A no further action disposal,False,False
Person search,2026-07-26T16:00:00+00:00,,,,,Male,25-34,Asian/Asian British - Any other Asian background,Asian,Police and Criminal Evidence Act 1984 (section 1),,A no further action disposal,False,False
Person search,2026-07-26T16:00:00+00:00,,,50.858225,-1.211100,Male,25-34,Asian/Asian British - Indian,Asian,Misuse of Drugs Act 1971 (section 23),,Community resolution,True,False
Person search,2026-07-26T16:15:00+00:00,,,50.901943,-1.394182,Female,25-34,White - English/Welsh/Scottish/Northern Irish/British,White,Misuse of Drugs Act 1971 (section 23),,A no further action disposal,True,False
Person search,2026-07-26T16:20:00+00:00,,,,,Male,25-34,Black/African/Caribbean/Black British - Caribbean,Black,Misuse of Drugs Act 1971 (section 23),,A no further action disposal,False,False
Person search,2026-07-26T16:40:00+00:00,,,50.903768,-1.329906,Male,over 34,Other ethnic group - Not stated,White,Police and Criminal Evidence Act 1984 (section 1),,Arrest,False,False
Person search,2026-07-26T16:50:00+00:00,,,51.264410,-1.121134,Male,18-24,White - English/Welsh/Scottish/Northern Irish/British,White,Misuse of Drugs Act 1971 (section 23),,Community resolution,True,False
Person search,2026-07-26T16:53:00+00:00,,,51.264410,-1.121134,Male,18-24,White - English/Welsh/Scottish/Northern Irish/British,White,Misuse of Drugs Act 1971 (section 23),,Community resolution,True,False
Person search,2026-07-26T17:00:00+00:00,,,51.267555,-1.119014,Male,18-24,White - English/Welsh/Scottish/Northern Irish/British,White,Misuse of Drugs Act 1971 (section 23),,A no further action disposal,False,False
Person search,2026-07-26T17:20:00+00:00,,,51.264410,-1.121134,Male,18-24,White - English/Welsh/Scottish/Northern Irish/British,White,Misuse of Drugs Act 1971 (section 23),,A no further action disposal,False,False
Person search,2026-07-26T19:09:00+00:00,,,50.969829,-1.367423,Male,25-34,White - English/Welsh/Scottish/Northern Irish/British,White,Police and Criminal Evidence Act 1984 (section 1),,Arrest,True,False
Person search,2026-07-26T22:25:00+00:00,,,50.914078,-1.400141,Female,18-24,White - English/Welsh/Scottish/Northern Irish/British,White,Misuse of Drugs Act 1971 (section 23),,Community resolution,True,False
Person search,2026-07-26T22:34:00+00:00,,,50.908475,-1.398322,Male,over 34,White - English/Welsh/Scottish/Northern Irish/British,White,Misuse of Drugs Act 1971 (section 23),,A no further action disposal,False,False
Person search,2026-07-26T23:30:00+00:00,,,,,Male,18-24,White - Any other White background,White,Misuse of Drugs Act 1971 (section 23),,Community resolution,True,False
Person search,2026-07-27T00:00:00+00:00,,,50.827913,-1.047446,Other,10-17,Other ethnic group - Arab,Other,Misuse of Drugs Act 1971 (section 23),,A no further action disposal,False,False
Person search,2026-07-27T00:15:00+00:00,,,51.148654,-0.979740,Male,10-17,White - English/Welsh/Scottish/Northern Irish/British,White,Misuse of Drugs Act 1971 (section 23),,A no further action disposal,False,False
Person search,2026-07-27T00:30:00+00:00,,,50.779302,-1.080489,Female,25-34,Other ethnic group - Not stated,White,Police and Criminal Evidence Act 1984 (section 1),,A no further action disposal,False,False
Person search,2026-07-27T00:40:00+00:00,,,50.817047,-0.980068,Male,over 34,Mixed/Multiple ethnic groups - Any other Mixed/Multiple ethnic background,Black,Police and Criminal Evidence Act 1984 (section 1),,Arrest,False,False
Person search,2026-07-27T01:00:00+00:00,,,50.847669,-1.065169,Female,over 34,Other ethnic group - Not stated,White,Misuse of Drugs Act 1971 (section 23),,A no further action disposal,False,False
Person search,2026-07-27T01:20:00+00:00,,,50.837676,-1.056975,Male,over 34,White - English/Welsh/Scottish/Northern Irish/British,White,Police and Criminal Evidence Act 1984 (section 1),,A no further action disposal,False,False
Person search,2026-07-27T01:26:00+00:00,,,51.264584,-0.849999,Other,10-17,White - English/Welsh/Scottish/Northern Irish/British,White,Misuse of Drugs Act 1971 (section 23),,A no further action disposal,False,False
Person search,2026-07-27T01:50:00+00:00,,,,,Female,18-24,Other ethnic group - Not stated,White,Misuse of Drugs Act 1971 (section 23),,A no further action disposal,False,False
Person search,2026-07-27T01:50:00+00:00,,,50.814224,-1.080797,Male,10-17,White - Any other White background,White,Misuse of Drugs Act 1971 (section 23),,A no further action disposal,False,False
Person search,2026-07-27T02:25:00+00:00,,,50.813667,-1.063917,Male,10-17,White - English/Welsh/Scottish/Northern Irish/British,White,Police and Criminal Evidence Act 1984 (section 1),,Arrest,False,False
Person search,2026-07-27T09:20:00+00:00,,,50.793260,-1.084074,Male,25-34,White - English/Welsh/Scottish/Northern Irish/British,White,Misuse of Drugs Act 1971 (section 23),,A no further action disposal,False,False
Person search,2026-07-27T09:36:00+00:00,,,,,Male,over 34,White - English/Welsh/Scottish/Northern Irish/British,White,Misuse of Drugs Act 1971 (section 23),,A no further action disposal,False,False
Person search,2026-07-27T09:45:00+00:00,,,50.798848,-1.055117,Male,25-34,Other ethnic group - Any other ethnic group,White,Police and Criminal Evidence Act 1984 (section 1),,A no further action disposal,False,False
Person search,2026-07-27T09:50:00+00:00,,,50.907145,-1.404810,Male,over 34,White - English/Welsh/Scottish/Northern Irish/British,White,Misuse of Drugs Act 1971 (section 23),,A no further action disposal,False,False
Person search,2026-07-27T09:50:00+00:00,,,50.907145,-1.404810,Male,over 34,White - English/Welsh/Scottish/Northern Irish/British,White,Misuse of Drugs Act 1971 (section 23),,A no further action disposal,False,False
Person search,2026-07-27T10:57:00+00:00,,,,,Other,18-24,Other ethnic group - Any other ethnic group,Other,Misuse of Drugs Act 1971 (section 23),,A no further action disposal,True,False
Person search,2026-07-27T10:57:00+00:00,,,,,Male,18-24,White - Any other White background,White,Misuse of Drugs Act 1971 (section 23),,Arrest,True,False
Person search,2026-07-27T11:20:00+00:00,,,,,Male,18-24,Black/African/Caribbean/Black British - Any other Black/African/Caribbean background,Black,Misuse of Drugs Act 1971 (section 23),,Arrest,True,True
Person search,2026-07-27T14:30:00+00:00,,,50.851893,-1.182226,Male,over 34,White - English/Welsh/Scottish/Northern Irish/British,White,Misuse of Drugs Act 1971 (section 23),,A no further action disposal,False,False
Person search,2026-07-27T14:30:00+00:00,,,50.694393,-1.286684,Male,over 34,White - English/Welsh/Scottish/Northern Irish/British,White,Police and Criminal Evidence Act 1984 (section 1),,A no further action disposal,True,False
Person search,2026-07-27T14:30:00+00:00,,,50.851893,-1.182226,Male,25-34,White - English/Welsh/Scottish/Northern Irish/British,White,Misuse of Drugs Act 1971 (section 23),,A no further action disposal,True,False
Person search,2026-07-27T14:30:00+00:00,,,50.851893,-1.182226,Other,18-24,White - English/Welsh/Scottish/Northern Irish/British,White,Misuse of Drugs Act 1971 (section 23),,A no further action disposal,False,False
Person search,2026-07-27T15:35:00+00:00,,,50.919737,-1.465610,Male,18-24,White - English/Welsh/Scottish/Northern Irish/British,White,Police and Criminal Evidence Act 1984 (section 1),,Arrest,False,False
Person search,2026-07-27T15:40:00+00:00,,,50.873378,-1.015692,Female,18-24,White - English/Welsh/Scottish/Northern Irish/British,White,Misuse of Drugs Act 1971 (section 23),,A no further action disposal,False,False
Person search,2026-07-27T15:50:00+00:00,,,50.878866,-1.031028,Female,over 34,White - English/Welsh/Scottish/Northern Irish/British,White,Police and Criminal Evidence Act 1984 (section 1),,Summons / charged by post,True,False
Person search,2026-07-27T16:30:00+00:00,,,50.698655,-1.296442,Male,over 34,Other ethnic group - Not stated,White,Misuse of Drugs Act 1971 (section 23),,Arrest,False,False
Person search,2026-07-27T18:10:00+00:00,,,51.202246,-1.479596,Male,18-24,White - Any other White background,Asian,Misuse of Drugs Act 1971 (section 23),,Arrest,True,False
Person search,2026-07-27T18:50:00+00:00,,,50.967950,-1.352723,Male,10-17,Mixed/Multiple ethnic groups - White and Black Caribbean,Black,Police and Criminal Evidence Act 1984 (section 1),,A no further action disposal,False,False
Person search,2026-07-27T18:50:00+00:00,,,50.967950,-1.352723,Male,10-17,White - English/Welsh/Scottish/Northern Irish/British,White,Police and Criminal Evidence Act 1984 (section 1),,A no further action disposal,False,False
Person search,2026-07-27T19:00:00+00:00,,,50.974755,-1.375389,Male,10-17,White - English/Welsh/Scottish/Northern Irish/British,White,Police and Criminal Evidence Act 1984 (section 1),,Community resolution,True,False
Person search,2026-07-27T19:00:00+00:00,,,50.974755,-1.375389,Male,10-17,White - English/Welsh/Scottish/Northern Irish/British,White,Police and Criminal Evidence Act 1984 (section 1),,A no further action disposal,False,False
Person search,2026-07-27T19:29:00+00:00,,,,,Male,over 34,Mixed/Multiple ethnic groups - Any other Mixed/Multiple ethnic background,White,Misuse of Drugs Act 1971 (section 23),,A no further action disposal,False,False
Person search,2026-07-27T19:30:00+00:00,,,50.805018,-1.054184,Male,over 34,Black/African/Caribbean/Black British - African,Black,Misuse of Drugs Act 1971 (section 23),,A no further action disposal,False,False
Person search,2026-07-27T20:50:00+00:00,,,50.806647,-1.064369,Male,over 34,Black/African/Caribbean/Black British - African,Black,Misuse of Drugs Act 1971 (section 23),,A no further action disposal,False,False
Person search,2026-07-27T21:11:00+00:00,,,50.913915,-1.401808,Male,over 34,White - English/Welsh/Scottish/Northern Irish/British,White,Misuse of Drugs Act 1971 (section 23),,Community resolution,True,False
Person search,2026-07-27T21:35:00+00:00,,,50.915075,-1.393059,Male,over 34,Black/African/Caribbean/Black British - Caribbean,Black,Police and Criminal Evidence Act 1984 (section 1),,A no further action disposal,False,False
Person search,2026-07-27T21:38:00+00:00,,,50.923920,-1.431572,Male,18-24,White - Any other White background,White,Misuse of Drugs Act 1971 (section 23),,A no further action disposal,False,False
Person search,2026-07-27T21:47:00+00:00,,,50.802769,-1.056259,Male,over 34,Other ethnic group - Not stated,Black,Misuse of Drugs Act 1971 (section 23),,A no further action disposal,False,False
Person search,2026-07-27T22:25:00+00:00,,,50.914078,-1.400141,Female,18-24,Other ethnic group - Not stated,White,Misuse of Drugs Act 1971 (section 23),,Community resolution,True,False
Person search,2026-07-27T22:45:00+00:00,,,50.917041,-1.395736,Female,over 34,White - English/Welsh/Scottish/Northern Irish/British,White,Misuse of Drugs Act 1971 (section 23),,A no further action disposal,False,False
Person search,2026-07-27T23:08:00+00:00,,,,,Male,over 34,White - Any other White background,White,Misuse of Drugs Act 1971 (section 23),,A no further action disposal,False,False
Person search,2026-07-27T23:15:00+00:00,,,50.791812,-1.107215,Male,18-24,White - English/Welsh/Scottish/Northern Irish/British,White,Misuse of Drugs Act 1971 (section 23),,A no further action disposal,False,False
Person search,2026-07-27T23:26:00+00:00,,,,,Male,25-34,Other ethnic group - Not stated,White,Misuse of Drugs Act 1971 (section 23),,A no further action disposal,False,False
Person search,2026-07-27T23:33:00+00:00,,,50.791812,-1.107215,Male,over 34,White - Any other White background,White,Misuse of Drugs Act 1971 (section 23),,A no further action disposal,False,False
Person search,2026-07-28T00:00:00+00:00,,,50.800255,-1.075920,Male,18-24,White - Any other White background,Other,Misuse of Drugs Act 1971 (section 23),,A no further action disposal,False,False
Person search,2026-07-28T00:00:00+00:00,,,50.800255,-1.075920,Male,18-24,White - Any other White background,White,Misuse of Drugs Act 1971 (section 23),,A no further action disposal,False,False
Person search,2026-07-28T00:15:00+00:00,,,50.800255,-1.075920,Male,18-24,White - Any other White background,White,Misuse of Drugs Act 1971 (section 23),,A no further action disposal,False,False
Person search,2026-07-28T00:40:00+00:00,,,50.919737,-1.431338,Male,18-24,White - English/Welsh/Scottish/Northern Irish/British,White,Police and Criminal Evidence Act 1984 (section 1),,A no further action disposal,False,False
Person search,2026-07-28T00:42:00+00:00,,,50.919170,-1.427604,Male,18-24,White - English/Welsh/Scottish/Northern Irish/British,White,Police and Criminal Evidence Act 1984 (section 1),,A no further action disposal,False,False
Person search,2026-07-28T00:44:00+00:00,,,51.120213,-1.343997,Male,over 34,White - Any other White background,White,Misuse of Drugs Act 1971 (section 23),,A no further action disposal,False,False
Person search,2026-07-28T00:45:00+00:00,,,50.800255,-1.075920,Male,25-34,White - Any other White background,White,Misuse of Drugs Act 1971 (section 23),,A no further action disposal,False,False
Person search,2026-07-28T01:00:00+00:00,,,50.913734,-1.406774,Male,over 34,Black/African/Caribbean/Black British - African,Black,Misuse of Drugs Act 1971 (section 23),,A no further action disposal,False,False
Person search,2026-07-28T01:00:00+00:00,,,,,Male,25-34,White - Any other White background,White,Misuse of Drugs Act 1971 (section 23),,A no further action disposal,False,False
Person search,2026-07-28T01:35:00+00:00,,,51.060398,-1.011195,Female,over 34,White - English/Welsh/Scottish/Northern Irish/British,White,Misuse of Drugs Act 1971 (section 23),,A no further action disposal,False,False
Person search,2026-07-28T01:35:00+00:00,,,51.060398,-1.011195,Male,over 34,White - English/Welsh/Scottish/Northern Irish/British,White,Misuse of Drugs Act 1971 (section 23),,A no further action disposal,True,False
Person search,2026-07-28T03:00:00+00:00,,,50.919723,-1.396003,Male,over 34,Asian/Asian British - Indian,Asian,Misuse of Drugs Act 1971 (section 23),,A no further action disposal,False,False
Person search,2026-07-28T03:25:00+00:00,,,,,Male,25-34,Other ethnic group - Not stated,White,Misuse of Drugs Act 1971 (section 23),,A no further action disposal,False,False
Person search,2026-07-28T10:11:00+00:00,,,50.791775,-1.087296,Male,over 34,White - English/Welsh/Scottish/Northern Irish/British,White,Misuse of Drugs Act 1971 (section 23),,A no further action disposal,False,False
Person search,2026-07-28T10:29:00+00:00,,,,,Male,over 34,White - English/Welsh/Scottish/Northern Irish/British,White,Misuse of Drugs Act 1971 (section 23),,A no further action disposal,False,False
Person search,2026-07-28T10:50:00+00:00,,,51.263564,-1.087488,Other,over 34,White - English/Welsh/Scottish/Northern Irish/British,White,Police and Criminal Evidence Act 1984 (section 1),,Community resolution,True,False
Person search,2026-07-28T10:50:00+00:00,,,50.922155,-1.407535,Male,18-24,Mixed/Multiple ethnic groups - White and Asian,White,Misuse of Drugs Act 1971 (section 23),,Community resolution,True,False
Person search,2026-07-28T10:58:00+00:00,,,50.810203,-1.079499,Male,10-17,Other ethnic group - Not stated,Asian,Police and Criminal Evidence Act 1984 (section 1),,A no further action disposal,False,False
Person search,2026-07-28T11:00:00+00:00,,,,,Male,over 34,White - English/Welsh/Scottish/Northern Irish/British,White,Police and Criminal Evidence Act 1984 (section 1),,Arrest,False,False
Person search,2026-07-28T12:35:00+00:00,,,50.854581,-1.178159,Male,25-34,White - English/Welsh/Scottish/Northern Irish/British,White,Misuse of Drugs Act 1971 (section 23),,A no further action disposal,False,False
Person search,2026-07-28T13:14:00+00:00,,,,,Male,over 34,White - English/Welsh/Scottish/Northern Irish/British,White,Police and Criminal Evidence Act 1984 (section 1),,Arrest,True,False
Person search,2026-07-28T14:25:00+00:00,,,51.004700,-0.936992,Male,over 34,Other ethnic group - Not stated,White,Police and Criminal Evidence Act 1984 (section 1),,Arrest,False,False
Person search,2026-07-28T14:30:00+00:00,,,50.796302,-1.078623,Male,18-24,White - English/Welsh/Scottish/Northern Irish/British,White,Misuse of Drugs Act 1971 (section 23),,A no further action disposal,True,True
Person search,2026-07-28T14:40:00+00:00,,,,,Male,over 34,Other ethnic group - Not stated,White,Misuse of Drugs Act 1971 (section 23),,A no further action disposal,False,False
Person search,2026-07-28T14:45:00+00:00,,,,,Male,over 34,White - English/Welsh/Scottish/Northern Irish/British,White,Misuse of Drugs Act 1971 (section 23),,Community resolution,True,False
Person search,2026-07-28T15:00:00+00:00,,,50.797092,-1.077345,Male,over 34,Black/African/Caribbean/Black British - Any other Black/African/Caribbean background,Black,Misuse of Drugs Act 1971 (section 23),,A no further action disposal,False,False
Person search,2026-07-28T15:00:00+00:00,,,50.796302,-1.078623,Male,18-24,Mixed/Multiple ethnic groups - White and Black African,Asian,Misuse of Drugs Act 1971 (section 23),,Community resolution,True,True
Person search,2026-07-28T15:15:00+00:00,,,51.250163,-0.763742,Male,25-34,Black/African/Caribbean/Black British - Caribbean,Black,Misuse of Drugs Act 1971 (section 23),,A no further action disposal,False,False
Person search,2026-07-28T15:30:00+00:00,,,50.938754,-1.379629,Female,over 34,Other ethnic group - Not stated,White,Misuse of Drugs Act 1971 (section 23),,A no further action disposal,False,False
Person search,2026-07-28T15:30:00+00:00,,,50.938754,-1.379629,Male,over 34,Other ethnic group - Not stated,White,Misuse of Drugs Act 1971 (section 23),,A no further action disposal,False,False
Person search,2026-07-28T16:25:00+00:00,,,50.904775,-1.408097,Male,18-24,White - English/Welsh/Scottish/Northern Irish/British,White,Police and Criminal Evidence Act 1984 (section 1),,A no further action disposal,False,False
Person search,2026-07-28T16:52:00+00:00,,,50.701272,-1.299419,Male,over 34,White - English/Welsh/Scottish/Northern Irish/British,White,Misuse of Drugs Act 1971 (section 23),,A no further action disposal,False,False
Person search,2026-07-28T17:05:00+00:00,,,50.799372,-1.091660,Male,18-24,White - English/Welsh/Scottish/Northern Irish/British,White,Police and Criminal Evidence Act 1984 (section 1),,A no further action disposal,False,False
Person search,2026-07-28T18:22:00+00:00,,,51.155933,-0.971086,Male,10-17,White - English/Welsh/Scottish/Northern Irish/British,White,Misuse of Drugs Act 1971 (section 23),,A no further action disposal,False,False
Person search,2026-07-28T18:22:00+00:00,,,51.155933,-0.971086,Male,18-24,White - English/Welsh/Scottish/Northern Irish/British,White,Misuse of Drugs Act 1971 (section 23),,A no further action disposal,False,False
Person search,2026-07-28T19:30:00+00:00,,,51.064433,-1.317043,Male,25-34,White - English/Welsh/Scottish/Northern Irish/British,White,Police and Criminal Evidence Act 1984 (section 1),,A no further action disposal,False,False
Person search,2026-07-28T19:46:00+00:00,,,50.964473,-1.364776,Male,10-17,White - English/Welsh/Scottish/Northern Irish/British,White,Misuse of Drugs Act 1971 (section 23),,Community resolution,True,False
Person search,2026-07-28T20:44:00+00:00,,,,,Male,over 34,White - English/Welsh/Scottish/Northern Irish/British,White,Police and Criminal Evidence Act 1984 (section 1),,Arrest,True,False
Person search,2026-07-28T23:42:00+00:00,,,,,Male,10-17,White - English/Welsh/Scottish/Northern Irish/British,White,Police and Criminal Evidence Act 1984 (section 1),,Arrest,True,False
Person search,2026-07-28T23:45:00+00:00,,,50.902572,-1.399351,Male,10-17,White - English/Welsh/Scottish/Northern Irish/British,White,Police and Criminal Evidence Act 1984 (section 1),,Arrest,True,False
Person search,2026-07-28T23:55:00+00:00,,,50.920947,-1.351184,Male,10-17,White - English/Welsh/Scottish/Northern Irish/British,White,Police and Criminal Evidence Act 1984 (section 1),,A no further action disposal,False,False
Person search,2026-07-29T00:00:00+00:00,,,51.065666,-1.318724,Male,over 34,White - Any other White background,White,Misuse of Drugs Act 1971 (section 23),,A no further action disposal,False,False
Person search,2026-07-29T01:30:00+00:00,,,,,Male,over 34,Other ethnic group - Any other ethnic group,White,Misuse of Drugs Act 1971 (section 23),,A no further action disposal,False,False
Person search,2026-07-29T02:00:00+00:00,,,50.841825,-1.067473,Male,18-24,White - English/Welsh/Scottish/Northern Irish/British,White,Police and Criminal Evidence Act 1984 (section 1),,A no further action disposal,True,False
Person search,2026-07-29T02:50:00+00:00,,,50.855612,-1.050945,Male,18-24,Other ethnic group - Not stated,Asian,Misuse of Drugs Act 1971 (section 23),,Arrest,True,False
Person search,2026-07-29T03:25:00+00:00,,,50.909558,-1.323394,Male,18-24,Mixed/Multiple ethnic groups - White and Black Caribbean,Black,Misuse of Drugs Act 1971 (section 23),,A no further action disposal,False,False
Person search,2026-07-29T09:30:00+00:00,,,50.906474,-1.331360,Male,over 34,White - English/Welsh/Scottish/Northern Irish/British,White,Misuse of Drugs Act 1971 (section 23),,A no further action disposal,False,False
Person search,2026-07-29T10:00:00+00:00,,,50.698035,-1.294374,Male,over 34,Other ethnic group - Not stated,White,Misuse of Drugs Act 1971 (section 23),,A no further action disposal,False,False
Person search,2026-07-29T10:20:00+00:00,,,50.859212,-1.210728,Male,over 34,White - English/Welsh/Scottish/Northern Irish/British,White,Police and Criminal Evidence Act 1984 (section 1),,Arrest,False,False
Person search,2026-07-29T10:43:00+00:00,,,50.795264,-1.107078,Male,25-34,White - English/Welsh/Scottish/Northern Irish/British,White,Police and Criminal Evidence Act 1984 (section 1),,Summons / charged by post,True,False
Person search,2026-07-29T11:07:00+00:00,,,,,Female,over 34,White - English/Welsh/Scottish/Northern Irish/British,White,Misuse of Drugs Act 1971 (section 23),,A no further action disposal,False,False
Person search,2026-07-29T11:56:00+00:00,,,50.795753,-1.084253,Male,10-17,White - English/Welsh/Scottish/Northern Irish/British,White,Misuse of Drugs Act 1971 (section 23),,Community resolution,True,False
Person search,2026-07-29T13:00:00+00:00,,,50.755042,-1.655238,Male,10-17,White - English/Welsh/Scottish/Northern Irish/British,White,Police and Criminal Evidence Act 1984 (section 1),,A no further action disposal,False,False
Person search,2026-07-29T13:15:00+00:00,,,50.753383,-1.653790,Male,10-17,Other ethnic group - Not stated,White,Police and Criminal Evidence Act 1984 (section 1),,A no further action disposal,False,False
Person search,2026-07-29T13:44:00+00:00,,,50.878866,-1.031028,Male,18-24,White - English/Welsh/Scottish/Northern Irish/British,White,Police and Criminal Evidence Act 1984 (section 1),,A no further action disposal,False,False
Person search,2026-07-29T14:00:00+00:00,,,,,Male,18-24,Mixed/Multiple ethnic groups - White and Black Caribbean,White,Misuse of Drugs Act 1971 (section 23),,Arrest,True,False
Person search,2026-07-29T14:45:00+00:00,,,51.124662,-0.805740,Male,18-24,White - English/Welsh/Scottish/Northern Irish/British,White,Misuse of Drugs Act 1971 (section 23),,A no further action disposal,True,False
Person search,2026-07-29T14:48:00+00:00,,,51.123261,-0.806028,Male,18-24,White - English/Welsh/Scottish/Northern Irish/British,White,Misuse of Drugs Act 1971 (section 23),,A no further action disposal,False,False
Person search,2026-07-29T15:04:00+00:00,,,50.846290,-1.797273,Male,10-17,Other ethnic group - Not stated,Black,Police and Criminal Evidence Act 1984 (section 1),,Community resolution,False,False
Person search,2026-07-29T20:26:00+00:00,,,50.871593,-1.268446,Male,18-24,White - English/Welsh/Scottish/Northern Irish/British,White,Police and Criminal Evidence Act 1984 (section 1),,A no further action disposal,True,False
Person search,2026-07-29T21:45:00+00:00,,,50.791168,-1.090244,Male,25-34,Black/African/Caribbean/Black British - African,Black,Misuse of Drugs Act 1971 (section 23),,A no further action disposal,False,False
Person search,2026-07-29T22:00:00+00:00,,,50.812501,-1.175136,Female,10-17,White - English/Welsh/Scottish/Northern Irish/British,White,Misuse of Drugs Act 1971 (section 23),,Community resolution,True,False
Person search,2026-07-29T22:03:00+00:00,,,,,Female,18-24,Other ethnic group - Not stated,White,Misuse of Drugs Act 1971 (section 23),,A no further action disposal,False,False
Person search,2026-07-29T22:03:00+00:00,,,,,Male,18-24,Other ethnic group - Not stated,Black,Misuse of Drugs Act 1971 (section 23),,A no further action disposal,False,False
Person search,2026-07-29T22:45:00+00:00,,,,,Male,25-34,Other ethnic group - Not stated,White,Misuse of Drugs Act 1971 (section 23),,A no further action disposal,True,False
Person search,2026-07-29T22:59:00+00:00,,,50.852580,-1.306333,Male,18-24,White - English/Welsh/Scottish/Northern Irish/British,White,Misuse of Drugs Act 1971 (section 23),,A no further action disposal,False,False
Person search,2026-07-29T23:37:00+00:00,,,50.836439,-1.211580,Male,18-24,Mixed/Multiple ethnic groups - White and Black African,Black,Misuse of Drugs Act 1971 (section 23),,A no further action disposal,False,False
Person search,2026-07-29T23:42:00+00:00,,,50.836439,-1.211580,Male,18-24,White - English/Welsh/Scottish/Northern Irish/British,White,Misuse of Drugs Act 1971 (section 23),,A no further action disposal,True,False
Person search,2026-07-29T23:46:00+00:00,,,50.913915,-1.401808,Male,18-24,Other ethnic group - Not stated,White,Police and Criminal Evidence Act 1984 (section 1),,Arrest,True,False
Person search,2026-07-29T23:55:00+00:00,,,50.849646,-1.114464,Male,25-34,Asian/Asian British - Indian,Asian,Police and Criminal Evidence Act 1984 (section 1),,Arrest,True,False
Person search,2026-07-30T00:00:00+00:00,,,,,Male,10-17,White - English/Welsh/Scottish/Northern Irish/British,White,Misuse of Drugs Act 1971 (section 23),,A no further action disposal,False,False
Person search,2026-07-30T00:12:00+00:00,,,50.836439,-1.211580,Female,10-17,White - English/Welsh/Scottish/Northern Irish/British,White,Misuse of Drugs Act 1971 (section 23),,Community resolution,True,False
Person search,2026-07-30T00:40:00+00:00,,,50.917966,-1.355195,Male,10-17,Other ethnic group - Not stated,White,Police and Criminal Evidence Act 1984 (section 1),,A no further action disposal,False,False
Person search,2026-07-30T01:00:00+00:00,,,,,Female,18-24,White - English/Welsh/Scottish/Northern Irish/British,White,Misuse of Drugs Act 1971 (section 23),,A no further action disposal,False,False
Person search,2026-07-30T01:00:00+00:00,,,,,Female,18-24,White - English/Welsh/Scottish/Northern Irish/British,White,Misuse of Drugs Act 1971 (section 23),,A no further action disposal,False,False
Person search,2026-07-30T01:00:00+00:00,,,,,Male,18-24,Other ethnic group - Not stated,White,Misuse of Drugs Act 1971 (section 23),,A no further action disposal,False,False
Person search,2026-07-30T01:10:00+00:00,,,50.799115,-1.045917,Male,over 34,White - English/Welsh/Scottish/Northern Irish/British,White,Police and Criminal Evidence Act 1984 (section 1),,Arrest,True,False
Person search,2026-07-30T03:10:00+00:00,,,50.933295,-1.421596,Male,18-24,Asian/Asian British - Any other Asian background,Other,Misuse of Drugs Act 1971 (section 23),,A no further action disposal,False,False
Person search,2026-07-30T03:10:00+00:00,,,50.933295,-1.421596,Male,18-24,Asian/Asian British - Any other Asian background,Asian,Misuse of Drugs Act 1971 (section 23),,A no further action disposal,False,False
Person search,2026-07-30T03:20:00+00:00,,,50.933295,-1.421596,Male,18-24,Asian/Asian British - Indian,Asian,Misuse of Drugs Act 1971 (section 23),,A no further action disposal,False,False
Person search,2026-07-30T03:30:00+00:00,,,50.936152,-1.412125,Male,18-24,Asian/Asian British - Pakistani,Asian,Misuse of Drugs Act 1971 (section 23),,A no further action disposal,False,False
Person search,2026-07-30T03:55:00+00:00,,,50.782261,-1.060175,Male,over 34,White - English/Welsh/Scottish/Northern Irish/British,White,Police and Criminal Evidence Act 1984 (section 1),,A no further action disposal,False,False
Person search,2026-07-30T07:00:00+00:00,,,50.852912,-1.194199,Male,over 34,White - English/Welsh/Scottish/Northern Irish/British,White,Misuse of Drugs Act 1971 (section 23),,A no further action disposal,True,False
Person search,2026-07-30T09:40:00+00:00,,,50.906696,-1.396837,Male,over 34,Black/African/Caribbean/Black British - Any other Black/African/Caribbean background,Black,Misuse of Drugs Act 1971 (section 23),,A no further action disposal,False,False
Person search,2026-07-30T10:00:00+00:00,,,,,Male,18-24,Other ethnic group - Not stated,Other,Misuse of Drugs Act 1971 (section 23),,A no further action disposal,False,False
Person search,2026-07-30T10:00:00+00:00,,,50.905830,-1.396407,Male,10-17,Other ethnic group - Not stated,White,Misuse of Drugs Act 1971 (section 23),,A no further action disposal,False,True
Person search,2026-07-30T10:00:00+00:00,,,50.905830,-1.396407,Male,25-34,Black/African/Caribbean/Black British - Any other Black/African/Caribbean background,Black,Misuse of Drugs Act 1971 (section 23),,A no further action disposal,True,True
Person search,2026-07-30T10:10:00+00:00,,,51.238876,-1.264443,Male,10-17,White - English/Welsh/Scottish/Northern Irish/British,White,Misuse of Drugs Act 1971 (section 23),,Arrest,False,False
Person search,2026-07-30T10:39:00+00:00,,,50.784800,-1.077459,Male,25-34,White - English/Welsh/Scottish/Northern Irish/British,White,Police and Criminal Evidence Act 1984 (section 1),,A no further action disposal,False,False
Person search,2026-07-30T11:01:00+00:00,,,50.919723,-1.396003,Male,25-34,Other ethnic group - Not stated,Asian,Misuse of Drugs Act 1971 (section 23),,Arrest,True,False
Person search,2026-07-30T12:10:00+00:00,,,,,Male,10-17,Mixed/Multiple ethnic groups - White and Asian,Asian,Police and Criminal Evidence Act 1984 (section 1),,A no further action disposal,False,False
Person search,2026-07-30T12:40:00+00:00,,,,,Male,10-17,Other ethnic group - Not stated,Other,Police and Criminal Evidence Act 1984 (section 1),,A no further action disposal,False,False
Person search,2026-07-30T12:45:00+00:00,,,,,Male,25-34,Black/African/Caribbean/Black British - Caribbean,Black,Misuse of Drugs Act 1971 (section 23),,Arrest,False,False
Person search,2026-07-30T14:00:00+00:00,,,51.243778,-0.769687,Male,over 34,White - English/Welsh/Scottish/Northern Irish/British,White,Misuse of Drugs Act 1971 (section 23),,A no further action disposal,False,False
Person search,2026-07-30T14:02:00+00:00,,,50.896415,-1.352809,Male,18-24,White - English/Welsh/Scottish/Northern Irish/British,White,Police and Criminal Evidence Act 1984 (section 1),,A no further action disposal,False,False
Person search,2026-07-30T14:25:00+00:00,,,50.913176,-1.355673,Male,over 34,White - Any other White background,White,Misuse of Drugs Act 1971 (section 23),,A no further action disposal,False,False
Person search,2026-07-30T14:25:00+00:00,,,,,Male,18-24,Other ethnic group - Not stated,White,Misuse of Drugs Act 1971 (section 23),,Community resolution,True,False
Person search,2026-07-30T14:40:00+00:00,,,,,Male,18-24,Black/African/Caribbean/Black British - African,Black,Misuse of Drugs Act 1971 (section 23),,Arrest,False,False
Person search,2026-07-30T15:00:00+00:00,,,50.897722,-1.381553,Male,18-24,White - English/Welsh/Scottish/Northern Irish/British,White,Misuse of Drugs Act 1971 (section 23),,A no further action disposal,False,False
Person search,2026-07-30T15:00:00+00:00,,,50.897722,-1.381553,Male,18-24,White - English/Welsh/Scottish/Northern Irish/British,White,Misuse of Drugs Act 1971 (section 23),,A no further action disposal,False,False
Person search,2026-07-30T16:20:00+00:00,,,,,Male,10-17,White - English/Welsh/Scottish/Northern Irish/British,White,Police and Criminal Evidence Act 1984 (section 1),,A no further action disposal,False,False
Person search,2026-07-30T16:30:00+00:00,,,50.792252,-1.089684,Male,10-17,White - English/Welsh/Scottish/Northern Irish/British,White,Police and Criminal Evidence Act 1984 (section 1),,A no further action disposal,False,False
Person search,2026-07-30T17:00:00+00:00,,,50.917353,-1.384963,Male,18-24,White - English/Welsh/Scottish/Northern Irish/British,White,Police and Criminal Evidence Act 1984 (section 1),,A no further action disposal,False,False
Person search,2026-07-30T17:00:00+00:00,,,50.917353,-1.384963,Male,18-24,White - English/Welsh/Scottish/Northern Irish/British,White,Police and Criminal Evidence Act 1984 (section 1),,A no further action disposal,False,False
Person search,2026-07-30T17:02:00+00:00,,,50.937487,-1.379774,Male,25-34,Asian/Asian British - Indian,Asian,Police and Criminal Evidence Act 1984 (section 1),,Arrest,True,False
Person search,2026-07-30T18:04:00+00:00,,,51.229799,-1.143496,Male,18-24,White - English/Welsh/Scottish/Northern Irish/British,White,Misuse of Drugs Act 1971 (section 23),,Arrest,True,False
Person search,2026-07-30T18:11:00+00:00,,,50.803295,-1.081565,Male,over 34,White - English/Welsh/Scottish/Northern Irish/British,White,Misuse of Drugs Act 1971 (section 23),,Arrest,False,False
Person search,2026-07-30T18:17:00+00:00,,,,,Male,over 34,White - English/Welsh/Scottish/Northern Irish/British,White,Misuse of Drugs Act 1971 (section 23),,A no further action disposal,False,False
Person search,2026-07-30T18:20:00+00:00,,,50.968230,-1.351309,Male,10-17,White - English/Welsh/Scottish/Northern Irish/British,White,Police and Criminal Evidence Act 1984 (section 1),,A no further action disposal,True,False
Person search,2026-07-30T18:20:00+00:00,,,50.968230,-1.351309,Male,10-17,White - English/Welsh/Scottish/Northern Irish/British,White,Police and Criminal Evidence Act 1984 (section 1),,A no further action disposal,False,False
Person search,2026-07-30T18:20:00+00:00,,,50.968230,-1.351309,Male,10-17,White - English/Welsh/Scottish/Northern Irish/British,White,Police and Criminal Evidence Act 1984 (section 1),,A no further action disposal,False,False
Person search,2026-07-30T18:35:00+00:00,,,50.757480,-1.655518,Male,25-34,Other ethnic group - Not stated,White,Police and Criminal Evidence Act 1984 (section 1),,Arrest,False,False
Person search,2026-07-30T18:35:00+00:00,,,50.757480,-1.655518,Male,25-34,White - English/Welsh/Scottish/Northern Irish/British,White,Police and Criminal Evidence Act 1984 (section 1),,Arrest,False,False
Person search,2026-07-30T19:14:00+00:00,,,50.920404,-1.467978,Male,25-34,White - English/Welsh/Scottish/Northern Irish/British,White,Police and Criminal Evidence Act 1984 (section 1),,Arrest,False,False
Person search,2026-07-30T19:20:00+00:00,,,50.876851,-1.285463,Male,25-34,White - Any other White background,White,Misuse of Drugs Act 1971 (section 23),,A no further action disposal,True,False
Person search,2026-07-30T19:40:00+00:00,,,50.851816,-1.172497,Male,18-24,White - English/Welsh/Scottish/Northern Irish/British,White,Misuse of Drugs Act 1971 (section 23),,Community resolution,True,False
Person search,2026-07-30T21:25:00+00:00,,,51.264079,-1.084353,Male,over 34,White - English/Welsh/Scottish/Northern Irish/British,White,Police and Criminal Evidence Act 1984 (section 1),,A no further action disposal,False,False
Person search,2026-07-30T21:30:00+00:00,,,50.928648,-1.404980,Male,25-34,Asian/Asian British - Any other Asian background,Asian,Misuse of Drugs Act 1971 (section 23),,A no further action disposal,False,False
Person search,2026-07-30T21:30:00+00:00,,,50.928648,-1.404980,Male,25-34,Asian/Asian British - Any other Asian background,Asian,Misuse of Drugs Act 1971 (section 23),,A no further action disposal,True,False
Person search,2026-07-30T21:32:00+00:00,,,51.262374,-1.088285,Male,over 34,White - English/Welsh/Scottish/Northern Irish/British,White,Police and Criminal Evidence Act 1984 (section 1),,A no further action disposal,False,False
Person search,2026-07-30T21:45:00+00:00,,,50.905562,-1.398416,Male,over 34,White - English/Welsh/Scottish/Northern Irish/British,White,Misuse of Drugs Act 1971 (section 23),,A no further action disposal,False,False
Person search,2026-07-30T21:50:00+00:00,,,50.908219,-1.397443,Female,25-34,White - English/Welsh/Scottish/Northern Irish/British,White,Misuse of Drugs Act 1971 (section 23),,Community resolution,True,False
Person search,2026-07-30T22:02:00+00:00,,,50.919047,-1.402980,Male,18-24,White - English/Welsh/Scottish/Northern Irish/British,White,Misuse of Drugs Act 1971 (section 23),,Community resolution,True,False
Person search,2026-07-30T22:02:00+00:00,,,50.919723,-1.396003,Female,18-24,White - English/Welsh/Scottish/Northern Irish/British,White,Misuse of Drugs Act 1971 (section 23),,A no further action disposal,False,False
Person search,2026-07-30T22:25:00+00:00,,,51.262782,-1.125254,Female,18-24,White - English/Welsh/Scottish/Northern Irish/British,White,Misuse of Drugs Act 1971 (section 23),,Community resolution,True,False
Person search,2026-07-31T00:00:00+00:00,,,50.914227,-1.330068,Female,over 34,White - English/Welsh/Scottish/Northern Irish/British,White,Police and Criminal Evidence Act 1984 (section 1),,,True,False
Person search,2026-07-31T01:00:00+00:00,,,51.263262,-1.086734,Male,over 34,Other ethnic group - Not stated,Other,Misuse of Drugs Act 1971 (section 23),,Community resolution,True,False
Person search,2026-07-31T01:00:00+00:00,,,51.263262,-1.086734,Male,over 34,Other ethnic group - Not stated,Black,Misuse of Drugs Act 1971 (section 23),,Community resolution,True,False
Person search,2026-07-31T01:45:00+00:00,,,,,Other,10-17,White - English/Welsh/Scottish/Northern Irish/British,White,Police and Criminal Evidence Act 1984 (section 1),,A no further action disposal,False,False
Person search,2026-07-31T02:30:00+00:00,,,51.274487,-0.756997,Male,10-17,White - English/Welsh/Scottish/Northern Irish/British,White,Misuse of Drugs Act 1971 (section 23),,A no further action disposal,False,False
Person search,2026-07-31T02:35:00+00:00,,,,,Male,18-24,Black/African/Caribbean/Black British - African,Black,Misuse of Drugs Act 1971 (section 23),,A no further action disposal,False,False
Person search,2026-07-31T02:35:00+00:00,,,51.275058,-0.755734,Male,18-24,White - English/Welsh/Scottish/Northern Irish/British,White,Misuse of Drugs Act 1971 (section 23),,A no further action disposal,False,False
Person search,2026-07-31T02:43:00+00:00,,,,,Male,10-17,Black/African/Caribbean/Black British - Caribbean,Other,Misuse of Drugs Act 1971 (section 23),,A no further action disposal,False,False
Person search,2026-07-31T03:50:00+00:00,,,,,Male,10-17,Other ethnic group - Not stated,Other,Police and Criminal Evidence Act 1984 (section 1),,Arrest,True,False
Person search,2026-07-31T03:50:00+00:00,,,,,Male,10-17,Other ethnic group - Not stated,Asian,Police and Criminal Evidence Act 1984 (section 1),,Arrest,True,False
Person search,2026-07-31T03:52:00+00:00,,,,,Male,18-24,Other ethnic group - Not stated,Asian,Police and Criminal Evidence Act 1984 (section 1),,Arrest,False,False
Person search,2026-07-31T03:55:00+00:00,,,50.847861,-1.071159,Male,18-24,White - English/Welsh/Scottish/Northern Irish/British,Asian,Police and Criminal Evidence Act 1984 (section 1),,Arrest,False,False
Person search,2026-07-31T04:00:00+00:00,,,50.847861,-1.071159,Male,10-17,Asian/Asian British - Any other Asian background,Asian,Police and Criminal Evidence Act 1984 (section 1),,Arrest,True,False
Person search,2026-07-31T10:20:00+00:00,,,50.859097,-1.050434,Female,over 34,White - English/Welsh/Scottish/Northern Irish/British,White,Misuse of Drugs Act 1971 (section 23),,A no further action disposal,False,False
Person search,2026-07-31T10:23:00+00:00,,,50.878904,-1.033500,Male,over 34,White - English/Welsh/Scottish/Northern Irish/British,White,Misuse of Drugs Act 1971 (section 23),,A no further action disposal,False,False
Person search,2026-07-31T14:00:00+00:00,,,51.064462,-1.315816,Female,10-17,White - English/Welsh/Scottish/Northern Irish/British,White,Police and Criminal Evidence Act 1984 (section 1),,A no further action disposal,False,False
Person search,2026-07-31T14:55:00+00:00,,,,,Male,18-24,Other ethnic group - Not stated,White,Misuse of Drugs Act 1971 (section 23),,Arrest,True,False
Person search,2026-07-31T14:55:00+00:00,,,,,Male,18-24,White - English/Welsh/Scottish/Northern Irish/British,White,Misuse of Drugs Act 1971 (section 23),,Arrest,True,False
Person search,2026-07-31T15:00:00+00:00,,,,,Female,over 34,White - English/Welsh/Scottish/Northern Irish/British,White,Misuse of Drugs Act 1971 (section 23),,Arrest,True,False
Person search,2026-07-31T15:00:00+00:00,,,,,Male,25-34,White - English/Welsh/Scottish/Northern Irish/British,White,Misuse of Drugs Act 1971 (section 23),,Community resolution,True,True
Person search,2026-07-31T15:00:00+00:00,,,,,Male,over 34,White - Any other White background,White,Misuse of Drugs Act 1971 (section 23),,A no further action disposal,False,False
Person search,2026-07-31T15:00:00+00:00,,,,,Male,over 34,White - English/Welsh/Scottish/Northern Irish/British,White,Misuse of Drugs Act 1971 (section 23),,Arrest,True,False
Person search,2026-07-31T15:14:00+00:00,,,50.901943,-1.394182,Female,25-34,Other ethnic group - Not stated,Black,Misuse of Drugs Act 1971 (section 23),,A no further action disposal,False,False
Person search,2026-07-31T15:30:00+00:00,,,50.906696,-1.396837,Male,18-24,Other ethnic group - Not stated,White,Misuse of Drugs Act 1971 (section 23),,A no further action disposal,False,False
Person search,2026-07-31T15:52:00+00:00,,,,,Male,10-17,White - English/Welsh/Scottish/Northern Irish/British,White,Police and Criminal Evidence Act 1984 (section 1),,A no further action disposal,False,False
Person search,2026-07-31T16:10:00+00:00,,,,,Male,18-24,White - English/Welsh/Scottish/Northern Irish/British,White,Misuse of Drugs Act 1971 (section 23),,Community resolution,True,False
Person search,2026-07-31T16:38:00+00:00,,,50.846589,-1.067250,Male,10-17,White - English/Welsh/Scottish/Northern Irish/British,White,Police and Criminal Evidence Act 1984 (section 1),,A no further action disposal,False,False
Person search,2026-07-31T16:38:00+00:00,,,50.846589,-1.067250,Male,10-17,White - English/Welsh/Scottish/Northern Irish/British,White,Police and Criminal Evidence Act 1984 (section 1),,A no further action disposal,False,False
Person search,2026-07-31T17:16:00+00:00,,,50.757480,-1.655518,Male,over 34,Other ethnic group - Not stated,White,Police and Criminal Evidence Act 1984 (section 1),,A no further action disposal,False,False
Person search,2026-07-31T17:22:00+00:00,,,50.796803,-1.122643,Female,25-34,White - English/Welsh/Scottish/Northern Irish/British,White,Misuse of Drugs Act 1971 (section 23),,A no further action disposal,False,False
Person search,2026-07-31T17:34:00+00:00,,,51.301670,-1.044345,Other,10-17,White - English/Welsh/Scottish/Northern Irish/British,White,Misuse of Drugs Act 1971 (section 23),,Community resolution,True,False
Person search,2026-07-31T17:58:00+00:00,,,50.811238,-1.063852,Male,over 34,White - English/Welsh/Scottish/Northern Irish/British,White,Police and Criminal Evidence Act 1984 (section 1),,A no further action disposal,False,False
Person search,2026-07-31T18:00:00+00:00,,,50.905830,-1.396407,Female,over 34,Other ethnic group - Not stated,White,Misuse of Drugs Act 1971 (section 23),,Arrest,True,True
Person search,2026-07-31T18:20:00+00:00,,,50.902997,-1.375738,Male,over 34,Other ethnic group - Not stated,White,Police and Criminal Evidence Act 1984 (section 1),,A no further action disposal,False,False
Person search,2026-07-31T18:20:00+00:00,,,50.902997,-1.375738,Female,over 34,White - English/Welsh/Scottish/Northern Irish/British,White,Police and Criminal Evidence Act 1984 (section 1),,Summons / charged by post,True,False
Person search,2026-07-31T18:45:00+00:00,,,50.905845,-1.394032,Male,10-17,Other ethnic group - Not stated,White,Misuse of Drugs Act 1971 (section 23),,A no further action disposal,False,False
Person search,2026-07-31T19:40:00+00:00,,,50.833737,-1.066015,Male,18-24,White - English/Welsh/Scottish/Northern Irish/British,White,Misuse of Drugs Act 1971 (section 23),,Community resolution,True,False
Person search,2026-07-31T19:40:00+00:00,,,50.833737,-1.066015,Male,18-24,White - English/Welsh/Scottish/Northern Irish/British,White,Misuse of Drugs Act 1971 (section 23),,Community resolution,True,False
Person search,2026-07-31T20:34:00+00:00,,,50.731612,-1.156521,Male,18-24,White - English/Welsh/Scottish/Northern Irish/British,White,Misuse of Drugs Act 1971 (section 23),,A no further action disposal,False,False
Person search,2026-07-31T21:15:00+00:00,,,,,Male,over 34,Other ethnic group - Not stated,Black,Misuse of Drugs Act 1971 (section 23),,,False,False
Person search,2026-07-31T21:18:00+00:00,,,50.852446,-1.171377,Male,25-34,Mixed/Multiple ethnic groups - Any other Mixed/Multiple ethnic background,Black,Misuse of Drugs Act 1971 (section 23),,A no further action disposal,False,False
Person search,2026-07-31T21:18:00+00:00,,,50.852446,-1.171377,Male,over 34,Other ethnic group - Any other ethnic group,Black,Misuse of Drugs Act 1971 (section 23),,A no further action disposal,False,False
Person search,2026-07-31T21:30:00+00:00,,,50.796852,-1.089183,Male,18-24,Black/African/Caribbean/Black British - Any other Black/African/Caribbean background,Black,Misuse of Drugs Act 1971 (section 23),,A no further action disposal,False,False
Person search,2026-07-31T21:30:00+00:00,,,50.796852,-1.089183,Male,18-24,Black/African/Caribbean/Black British - Any other Black/African/Caribbean background,Other,Misuse of Drugs Act 1971 (section 23),,A no further action disposal,False,False
Person search,2026-07-31T21:45:00+00:00,,,,,Male,over 34,Other ethnic group - Not stated,White,Police and Criminal Evidence Act 1984 (section 1),,Arrest,False,False
Person search,2026-07-31T21:50:00+00:00,,,,,Male,25-34,Other ethnic group - Any other ethnic group,White,Misuse of Drugs Act 1971 (section 23),,Arrest,True,False
Person search,2026-07-31T22:00:00+00:00,,,51.265365,-1.082106,Male,18-24,Mixed/Multiple ethnic groups - White and Black Caribbean,White,Misuse of Drugs Act 1971 (section 23),,A no further action disposal,False,False
Person search,2026-07-31T22:05:00+00:00,,,51.265365,-1.082106,Male,18-24,White - English/Welsh/Scottish/Northern Irish/British,White,Misuse of Drugs Act 1971 (section 23),,A no further action disposal,False,False
Person search,2026-07-31T22:06:00+00:00,,,51.264832,-1.087477,Other,18-24,White - English/Welsh/Scottish/Northern Irish/British,White,Misuse of Drugs Act 1971 (section 23),,A no further action disposal,False,False
Person search,2026-07-31T22:10:00+00:00,,,51.265900,-1.074613,Other,10-17,White - English/Welsh/Scottish/Northern Irish/British,White,Misuse of Drugs Act 1971 (section 23),,A no further action disposal,False,False
Person search,2026-07-31T22:10:00+00:00,,,50.794781,-1.131236,Male,25-34,Asian/Asian British - Indian,Asian,Police and Criminal Evidence Act 1984 (section 1),,A no further action disposal,False,False
Person search,2026-07-31T22:15:00+00:00,,,50.794781,-1.131236,Male,over 34,Other ethnic group - Any other ethnic group,Asian,Police and Criminal Evidence Act 1984 (section 1),,Arrest,False,False
Person search,2026-07-31T22:30:00+00:00,,,50.794781,-1.131236,Male,25-34,Asian/Asian British - Indian,Asian,Police and Criminal Evidence Act 1984 (section 1),,A no further action disposal,False,False
Person search,2026-07-31T22:39:00+00:00,,,50.900879,-1.402330,Male,10-17,Asian/Asian British - Bangladeshi,Asian,Misuse of Drugs Act 1971 (section 23),,Community resolution,False,False
Person search,2026-07-31T22:44:00+00:00,,,,,Male,10-17,Asian/Asian British - Indian,Asian,Misuse of Drugs Act 1971 (section 23),,A no further action disposal,False,False
Person search,2026-07-31T22:55:00+00:00,,,50.913915,-1.401808,Male,18-24,White - English/Welsh/Scottish/Northern Irish/British,White,Misuse of Drugs Act 1971 (section 23),,A no further action disposal,False,False
